{"smiles": "C[N+]1(C)[C@H]2CC[C@@H]1CC(OC(=O)[C@@H](CO)c1ccccc1)C2", "sfscore": [0.5875256061553955, 0.4108274579048157], "chem_result": [{"smiles": "C[N+]1(C)[C@H]2CC[C@@H]1CC(OC(=O)[C@@H](CO)c1ccccc1)C2", "bw_confidence": 0.253272003774173, "confidence": 0.3814863731140897, "rclass": "1 1.1 1.1.7", "children": [{"smiles": "CI"}, {"smiles": "CN1[C@H]2CC[C@@H]1CC(OC(=O)[C@@H](CO)c1ccccc1)C2"}]}, {"smiles": "C[N+]1(C)[C@H]2CC[C@@H]1CC(OC(=O)[C@@H](CO)c1ccccc1)C2", "bw_confidence": 0.04182830823478004, "confidence": 0.21131039778969135, "rclass": "7 7.9 7.9.1", "children": [{"smiles": "C[N+]1(C)[C@H]2CC[C@@H]1CC(OC(=O)[C@@H](C=O)c1ccccc1)C2"}, {"smiles": "[Cl-]"}]}, {"smiles": "C[N+]1(C)[C@H]2CC[C@@H]1CC(OC(=O)[C@@H](CO)c1ccccc1)C2", "bw_confidence": 0.032628293319155593, "confidence": 0.22335213431334944, "rclass": "6 6.3 6.3.1", "children": [{"smiles": "C[N+]1(C)[C@H]2CC[C@@H]1CC(OC(=O)[C@@H](COCc1ccccc1)c1ccccc1)C2"}, {"smiles": "[Br-]"}]}, {"smiles": "C[N+]1(C)[C@H]2CC[C@@H]1CC(OC(=O)[C@@H](CO)c1ccccc1)C2", "bw_confidence": 0.03246058636084, "confidence": 0.09868906623049054, "rclass": "0 0 0", "children": [{"smiles": "C[N+]1(C)[C@H]2CC[C@@H]1CC(O)C2"}, {"smiles": "O=C1OC[C@@H](c2ccccc2)C(=O)O1"}]}, {"smiles": "C[N+]1(C)[C@H]2CC[C@@H]1CC(OC(=O)[C@@H](CO)c1ccccc1)C2", "bw_confidence": 0.030918786098528977, "confidence": 0.5184664488582295, "rclass": "0 0 0", "children": [{"smiles": "C[N+]1(C)[C@H]2CC[C@@H]1CC(OC(=O)Cc1ccccc1)C2"}, {"smiles": "[Cl-]"}]}, {"smiles": "C[N+]1(C)[C@H]2CC[C@@H]1CC(OC(=O)[C@@H](CO)c1ccccc1)C2", "bw_confidence": 0.025842619083136543, "confidence": 0.128623512415577, "rclass": "0 0 0", "children": [{"smiles": "C[N+]1(C)[C@H]2CC[C@@H]1CC(O)C2"}, {"smiles": "[Cl-]"}]}, {"smiles": "C[N+]1(C)[C@H]2CC[C@@H]1CC(OC(=O)[C@@H](CO)c1ccccc1)C2", "bw_confidence": 0.022611225637662397, "confidence": 0.021610094693084673, "rclass": "11 11.5 11.5", "children": [{"smiles": "C[N+]1(C)[C@H]2CC[C@@H]1CC(OC(=O)[C@@H](CO)c1ccccc1)C2"}, {"smiles": "[Cl-]"}]}, {"smiles": "C[N+]1(C)[C@H]2CC[C@@H]1CC(OC(=O)[C@@H](CO)c1ccccc1)C2", "bw_confidence": 0.009644035901350791, "confidence": 0.39258738559463235, "rclass": "9 9.7 9.7.326", "children": [{"smiles": "CC(C)(C)OC[C@H](C(=O)OC1C[C@@H]2CC[C@H](C1)[N+]2(C)C)c1ccccc1"}, {"smiles": "O=C(O)C(F)(F)F"}]}, {"smiles": "C[N+]1(C)[C@H]2CC[C@@H]1CC(OC(=O)[C@@H](CO)c1ccccc1)C2", "bw_confidence": 0.005197139543444936, "confidence": 0.45646299859206746, "rclass": "11 11.9 11.9", "children": [{"smiles": "C[N+]1(C)[C@H]2CC[C@@H]1CC(OC(=O)[C@@H](CO)c1ccccc1)C2~[Cl-]"}, {"smiles": "O"}]}], "chem_bw_confidence_list": [0.253272003774173, 0.04182830823478004, 0.032628293319155593, 0.03246058636084, 0.030918786098528977, 0.025842619083136543, 0.022611225637662397, 0.009644035901350791, 0.005197139543444936], "enzy_template_score_list": [0.5592540502548218, 0.29958704113960266, 0.07811766117811203, 0.01680840738117695, 0.010378574952483177, 0.005296981427818537, 0.0025153185706585646, 0.00167358317412436, 0.0009617327013984323, 0.0006922133616171777, 0.0012705542612820864, 0.00021973546245135367, 0.0002588188217487186, 0.0008582352893427014, 0.00027628426323644817], "enzy_result": [{"smiles": "C[C@H](C(=O)OC1C[C@@H]2CC[C@H](C1)[N+]2(C)C)c1ccccc1", "smiles_split": ["C[C@H](C(=O)OC1C[C@@H]2CC[C@H](C1)[N+]2(C)C)c1ccccc1"], "mapped_smiles": "[CH3:1][N+:2]1([CH3:3])[C@H:4]2[CH2:5][CH2:6][C@@H:7]1[CH2:8][CH:9]([O:10][C:11](=[O:12])[C@@H:13]([CH3:14])[c:16]1[cH:17][cH:18][cH:19][cH:20][cH:21]1)[CH2:22]2", "reacting_atoms": [13, 14], "template_id": "f79f472bf2519c1c739003d134aa74dc", "template_set": ["bkms"], "num_examples": 69, "necessary_reagent": "[O]", "template_score": 0.5592540502548218, "rms_molwt": -288.19580549208996, "num_rings": -3, "plausibility": 1, "tforms": ["f79f472bf2519c1c739003d134aa74dc"], "rank": 1, "score": -426.40402707765503}, {"smiles": "C[N+]1(C)[C@H]2CC[C@@H]1CC(OC(=O)[C@@H](C=O)c1ccccc1)C2", "smiles_split": ["C[N+]1(C)[C@H]2CC[C@@H]1CC(OC(=O)[C@@H](C=O)c1ccccc1)C2"], "mapped_smiles": "[CH3:1][N+:2]1([CH3:3])[C@H:4]2[CH2:5][CH2:6][C@@H:7]1[CH2:8][CH:9]([O:10][C:11](=[O:12])[C@@H:13]([CH:14]=[O:15])[c:16]1[cH:17][cH:18][cH:19][cH:20][cH:21]1)[CH2:22]2", "reacting_atoms": [13, 14, 15], "template_id": "e85dde51e44b75a7c242f65b07224737", "template_set": ["bkms", "bkms"], "num_examples": 43, "necessary_reagent": "", "template_score": 0.29958704113960266, "rms_molwt": -302.17507004809, "num_rings": -3, "plausibility": 1, "tforms": ["6eadab037a94c818adad180ed61df4c0", "e85dde51e44b75a7c242f65b07224737"], "rank": 2, "score": -839.0826668470373}, {"smiles": "C[N+]1(C)[C@H]2CC[C@@H]1CC(OC(=O)[C@@H](C(=O)O)c1ccccc1)C2", "smiles_split": ["C[N+]1(C)[C@H]2CC[C@@H]1CC(OC(=O)[C@@H](C(=O)O)c1ccccc1)C2"], "mapped_smiles": "[CH3:1][N+:2]1([CH3:3])[C@H:4]2[CH2:5][CH2:6][C@@H:7]1[CH2:8][CH:9]([O:10][C:11](=[O:12])[C@@H:13]([C:14](=[O:15])[OH:900])[c:16]1[cH:17][cH:18][cH:19][cH:20][cH:21]1)[CH2:22]2", "reacting_atoms": [14, 13, 15], "template_id": "c532f087b62fe34877e580229f363c00", "template_set": ["bkms", "bkms"], "num_examples": 13, "necessary_reagent": "", "template_score": 0.07811766117811203, "rms_molwt": -318.16998466809, "num_rings": -3, "plausibility": 1, "tforms": ["c532f087b62fe34877e580229f363c00", "7ccd723a36d8f9f3d190494f6836c55a"], "rank": 3, "score": -3400.1049963181244}, {"smiles": "CC(=O)OC[C@H](C(=O)OC1C[C@@H]2CC[C@H](C1)[N+]2(C)C)c1ccccc1", "smiles_split": ["CC(=O)OC[C@H](C(=O)OC1C[C@@H]2CC[C@H](C1)[N+]2(C)C)c1ccccc1"], "mapped_smiles": "[CH3:1][N+:2]1([CH3:3])[C@H:4]2[CH2:5][CH2:6][C@@H:7]1[CH2:8][CH:9]([O:10][C:11](=[O:12])[C@@H:13]([CH2:14][O:15][C:901]([CH3:900])=[O:902])[c:16]1[cH:17][cH:18][cH:19][cH:20][cH:21]1)[CH2:22]2", "reacting_atoms": [15], "template_id": "c4c17358d77559e0452152e0cbfcc087", "template_set": ["bkms"], "num_examples": 34, "necessary_reagent": "", "template_score": 0.01680840738117695, "rms_molwt": -346.20128479609, "num_rings": -3, "plausibility": 1, "tforms": ["c4c17358d77559e0452152e0cbfcc087"], "rank": 4, "score": -17550.74072814052}, {"smiles": "C[N+]1(C)[C@H]2CC[C@@H]1CC(OC(=O)[C@@H](COP(=O)(O)O)c1ccccc1)C2", "smiles_split": ["C[N+]1(C)[C@H]2CC[C@@H]1CC(OC(=O)[C@@H](COP(=O)(O)O)c1ccccc1)C2"], "mapped_smiles": "[CH3:1][N+:2]1([CH3:3])[C@H:4]2[CH2:5][CH2:6][C@@H:7]1[CH2:8][CH:9]([O:10][C:11](=[O:12])[C@@H:13]([CH2:14][O:15][P:901]([OH:900])([OH:902])=[O:903])[c:16]1[cH:17][cH:18][cH:19][cH:20][cH:21]1)[CH2:22]2", "reacting_atoms": [15], "template_id": "65bf7618263ef0544bfb3455ab5e0cbc", "template_set": ["bkms"], "num_examples": 167, "necessary_reagent": "", "template_score": 0.010378574952483177, "rms_molwt": -384.15705063409, "num_rings": -3, "plausibility": 1, "tforms": ["65bf7618263ef0544bfb3455ab5e0cbc"], "rank": 5, "score": -29883.583837549737}, {"smiles": "C[N+]1(C)[C@H]2CC[C@@H]1CC(OC(=O)[C@@H](O)Cc1ccccc1)C2", "smiles_split": ["C[N+]1(C)[C@H]2CC[C@@H]1CC(OC(=O)[C@@H](O)Cc1ccccc1)C2"], "mapped_smiles": "[CH3:1][N+:2]1([CH3:3])[C@H:4]2[CH2:5][CH2:6][C@@H:7]1[CH2:8][CH:9]([O:10][C:11](=[O:12])[C@H:13]([CH2:14][c:16]1[cH:17][cH:18][cH:19][cH:20][cH:21]1)[OH:15])[CH2:22]2", "reacting_atoms": [13, 15, 14, 16], "template_id": "82090ff7a523561cdb0652a4b8a3d5df", "template_set": ["bkms"], "num_examples": 1, "necessary_reagent": "", "template_score": 0.005296981427818537, "rms_molwt": -304.19072011209, "num_rings": -3, "plausibility": 1, "tforms": ["82090ff7a523561cdb0652a4b8a3d5df"], "rank": 6, "score": -47456.89537668558}, {"smiles": "C[N+]1(C)[C@H]2CC[C@@H]1CC(OC(=O)[C@@H](CCl)c1ccccc1)C2", "smiles_split": ["C[N+]1(C)[C@H]2CC[C@@H]1CC(OC(=O)[C@@H](CCl)c1ccccc1)C2"], "mapped_smiles": "[CH3:1][N+:2]1([CH3:3])[C@H:4]2[CH2:5][CH2:6][C@@H:7]1[CH2:8][CH:9]([O:10][C:11](=[O:12])[C@@H:13]([CH2:14][Cl:900])[c:16]1[cH:17][cH:18][cH:19][cH:20][cH:21]1)[CH2:22]2", "reacting_atoms": [14, 13], "template_id": "475e734a439d4f5dadf532d07572bc34", "template_set": ["bkms"], "num_examples": 2, "necessary_reagent": "[O]", "template_score": 0.0025153185706585646, "rms_molwt": -322.15683314009004, "num_rings": -3, "plausibility": 1, "tforms": ["475e734a439d4f5dadf532d07572bc34"], "rank": 7, "score": -100336.51258979605}, {"smiles": "C[N+]1(C)[C@H]2CC[C@@H]1CC(OC(=O)[C@H](c1ccccc1)[C@H](O)C(=O)O)C2", "smiles_split": ["C[N+]1(C)[C@H]2CC[C@@H]1CC(OC(=O)[C@H](c1ccccc1)[C@H](O)C(=O)O)C2"], "mapped_smiles": "[CH3:1][N+:2]1([CH3:3])[C@H:4]2[CH2:5][CH2:6][C@@H:7]1[CH2:8][CH:9]([O:10][C:11](=[O:12])[C@@H:13]([C@H:14]([OH:15])[C:901]([OH:900])=[O:902])[c:16]1[cH:17][cH:18][cH:19][cH:20][cH:21]1)[CH2:22]2", "reacting_atoms": [14, 13], "template_id": "e8907277808d774a6ac966caf0c1d8fd", "template_set": ["bkms"], "num_examples": 3, "necessary_reagent": "", "template_score": 0.00167358317412436, "rms_molwt": -348.18054935208994, "num_rings": -3, "plausibility": 1, "tforms": ["e8907277808d774a6ac966caf0c1d8fd"], "rank": 8, "score": -184633.78741942282}, {"smiles": "C[N+]1(C)[C@H]2CC[C@@H]1CC(OC(=O)[C@@H](CO[PH](=O)(=O)O)c1ccccc1)C2", "smiles_split": ["C[N+]1(C)[C@H]2CC[C@@H]1CC(OC(=O)[C@@H](CO[PH](=O)(=O)O)c1ccccc1)C2"], "mapped_smiles": "[CH3:1][N+:2]1([CH3:3])[C@H:4]2[CH2:5][CH2:6][C@@H:7]1[CH2:8][CH:9]([O:10][C:11](=[O:12])[C@@H:13]([CH2:14][O:15][PH:901]([OH:900])(=[O:902])=[O:903])[c:16]1[cH:17][cH:18][cH:19][cH:20][cH:21]1)[CH2:22]2", "reacting_atoms": [15], "template_id": "bebbad82fd17f0aa0d74f457ded61bb9", "template_set": ["bkms"], "num_examples": 8, "necessary_reagent": "", "template_score": 0.0009617327013984323, "rms_molwt": -384.15705063409, "num_rings": -3, "plausibility": 1, "tforms": ["bebbad82fd17f0aa0d74f457ded61bb9"], "rank": 9, "score": -322489.829300641}, {"smiles": "C[N+]1(C)[C@H]2CC[C@@H]1CC(OC(=O)[C@@H](COC(N)=O)c1ccccc1)C2", "smiles_split": ["C[N+]1(C)[C@H]2CC[C@@H]1CC(OC(=O)[C@@H](COC(N)=O)c1ccccc1)C2"], "mapped_smiles": "[CH3:1][N+:2]1([CH3:3])[C@H:4]2[CH2:5][CH2:6][C@@H:7]1[CH2:8][CH:9]([O:10][C:11](=[O:12])[C@@H:13]([CH2:14][O:15][C:901]([NH2:900])=[O:902])[c:16]1[cH:17][cH:18][cH:19][cH:20][cH:21]1)[CH2:22]2", "reacting_atoms": [15], "template_id": "b917de9ac52514e89518ce3882d88b33", "template_set": ["bkms"], "num_examples": 2, "necessary_reagent": "", "template_score": 0.0006922133616171777, "rms_molwt": -347.19653376409, "num_rings": -3, "plausibility": 1, "tforms": ["b917de9ac52514e89518ce3882d88b33"], "rank": 10, "score": -426169.1789808979}, {"smiles": "C[N+]1(C)[C@H]2CC[C@@H]1CC(OC(=O)[C@@H](CO[C@@H]1O[C@H](CO)[C@@H](O)[C@H](O)[C@H]1O)c1ccccc1)C2", "smiles_split": ["C[N+]1(C)[C@H]2CC[C@@H]1CC(OC(=O)[C@@H](CO[C@@H]1O[C@H](CO)[C@@H](O)[C@H](O)[C@H]1O)c1ccccc1)C2"], "mapped_smiles": "[CH3:1][N+:2]1([CH3:3])[C@H:4]2[CH2:5][CH2:6][C@@H:7]1[CH2:8][CH:9]([O:10][C:11](=[O:12])[C@@H:13]([CH2:14][O:15][C@@H:904]1[O:903][C@H:902]([CH2:901][OH:900])[C@@H:909]([OH:910])[C@H:907]([OH:908])[C@H:905]1[OH:906])[c:16]1[cH:17][cH:18][cH:19][cH:20][cH:21]1)[CH2:22]2", "reacting_atoms": [15], "template_id": "b6e0cd700179bb80791b33730d6bcae3", "template_set": ["bkms"], "num_examples": 42, "necessary_reagent": "", "template_score": 0.0012705542612820864, "rms_molwt": -466.2435435320899, "num_rings": -4, "plausibility": 1, "tforms": ["b6e0cd700179bb80791b33730d6bcae3"], "rank": 11, "score": -444873.4714362022}, {"smiles": "C[N+]1(C)[C@H]2CC[C@@H]1CC(OC(O)[C@@H](CO)c1ccccc1)C2", "smiles_split": ["C[N+]1(C)[C@H]2CC[C@@H]1CC(OC(O)[C@@H](CO)c1ccccc1)C2"], "mapped_smiles": "[CH3:1][N+:2]1([CH3:3])[C@H:4]2[CH2:5][CH2:6][C@@H:7]1[CH2:8][CH:9]([O:10][CH:11]([OH:12])[C@@H:13]([CH2:14][OH:15])[c:16]1[cH:17][cH:18][cH:19][cH:20][cH:21]1)[CH2:22]2", "reacting_atoms": [11, 12], "template_id": "5c19ad9117c39b8de47b69bf60cd49ce", "template_set": ["bkms"], "num_examples": 20, "necessary_reagent": "", "template_score": 0.00021973546245135367, "rms_molwt": -306.20637017609, "num_rings": -3, "plausibility": 1, "tforms": ["5c19ad9117c39b8de47b69bf60cd49ce"], "rank": 12, "score": -1144004.2068215662}, {"smiles": "C[N+]1(C)[C@H]2CC[C@@H]1CC(OC(=O)[C@@H](COS(=O)(=O)O)c1ccccc1)C2", "smiles_split": ["C[N+]1(C)[C@H]2CC[C@@H]1CC(OC(=O)[C@@H](COS(=O)(=O)O)c1ccccc1)C2"], "mapped_smiles": "[CH3:1][N+:2]1([CH3:3])[C@H:4]2[CH2:5][CH2:6][C@@H:7]1[CH2:8][CH:9]([O:10][C:11](=[O:12])[C@@H:13]([CH2:14][O:15][S:901]([OH:900])(=[O:902])=[O:903])[c:16]1[cH:17][cH:18][cH:19][cH:20][cH:21]1)[CH2:22]2", "reacting_atoms": [15], "template_id": "bbfc6fa9ad5814e0fe812bc0c523ea3c", "template_set": ["bkms"], "num_examples": 15, "necessary_reagent": "", "template_score": 0.0002588188217487186, "rms_molwt": -384.14753497208994, "num_rings": -3, "plausibility": 1, "tforms": ["bbfc6fa9ad5814e0fe812bc0c523ea3c"], "rank": 13, "score": -1198324.8073354631}, {"smiles": "CC(C)(COP(=O)(O)OP(=O)(O)OC[C@H]1O[C@@H](n2cnc3c(N)ncnc32)[C@H](O)[C@@H]1OP(=O)(O)O)[C@@H](O)C(=O)NCCC(=O)NCCSC(=O)[C@@H](CO)c1ccccc1.C[N+]1(C)[C@H]2CC[C@@H]1CC(O)C2", "smiles_split": ["CC(C)(COP(=O)(O)OP(=O)(O)OC[C@H]1O[C@@H](n2cnc3c(N)ncnc32)[C@H](O)[C@@H]1OP(=O)(O)O)[C@@H](O)C(=O)NCCC(=O)NCCSC(=O)[C@@H](CO)c1ccccc1", "C[N+]1(C)[C@H]2CC[C@@H]1CC(O)C2"], "mapped_smiles": "[C:11](=[O:12])([C@@H:13]([CH2:14][OH:15])[c:16]1[cH:17][cH:18][cH:19][cH:20][cH:21]1)[S:947][CH2:946][CH2:945][NH:944][C:942]([CH2:941][CH2:940][NH:939][C:937]([C@@H:935]([C:901]([CH3:900])([CH3:902])[CH2:903][O:904][P:905]([OH:906])(=[O:907])[O:908][P:909]([OH:910])(=[O:911])[O:912][CH2:913][C@H:914]1[O:915][C@@H:916]([n:917]2[cH:918][n:919][c:920]3[c:921]([NH2:922])[n:923][cH:924][n:925][c:926]23)[C@H:927]([OH:928])[C@@H:929]1[O:930][P:931]([OH:932])([OH:933])=[O:934])[OH:936])=[O:938])=[O:943].[CH3:1][N+:2]1([CH3:3])[C@H:4]2[CH2:5][CH2:6][C@@H:7]1[CH2:8][CH:9]([OH:10])[CH2:22]2", "reacting_atoms": [11, 10], "template_id": "4f507fe3c79f4d542f14417d7122ff5c", "template_set": ["bkms", "bkms"], "num_examples": 32, "necessary_reagent": "", "template_score": 0.0008582352893427014, "rms_molwt": -656.4719995084739, "num_rings": -6, "plausibility": 1, "tforms": ["4f507fe3c79f4d542f14417d7122ff5c", "85da8ee0911ae52619539f901e4dd607"], "rank": 14, "score": -1278811.6465874696}, {"smiles": "C[N+]1(C)[C@H]2CC[C@@H]1CC(OC(=O)[C@@H](COP(=O)(O)OP(=O)(O)O)c1ccccc1)C2", "smiles_split": ["C[N+]1(C)[C@H]2CC[C@@H]1CC(OC(=O)[C@@H](COP(=O)(O)OP(=O)(O)O)c1ccccc1)C2"], "mapped_smiles": "[CH3:1][N+:2]1([CH3:3])[C@H:4]2[CH2:5][CH2:6][C@@H:7]1[CH2:8][CH:9]([O:10][C:11](=[O:12])[C@@H:13]([CH2:14][O:15][P:905]([O:904][P:901]([OH:900])([OH:902])=[O:903])([OH:906])=[O:907])[c:16]1[cH:17][cH:18][cH:19][cH:20][cH:21]1)[CH2:22]2", "reacting_atoms": [15], "template_id": "4533f70e906e83f5f904b2229b486cf1", "template_set": ["bkms"], "num_examples": 6, "necessary_reagent": "", "template_score": 0.00027628426323644817, "rms_molwt": -464.1233811560899, "num_rings": -3, "plausibility": 1, "tforms": ["4533f70e906e83f5f904b2229b486cf1"], "rank": 15, "score": -1352351.849961641}]}