{"smiles": "COc1ccc(-c2oc3cc(O)ccc3c(=O)c2O)cc1O", "sfscore": [0.4389261305332184, 0.6023398637771606], "chem_result": [{"smiles": "COc1ccc(-c2oc3cc(O)ccc3c(=O)c2O)cc1O", "bw_confidence": 0.0815031429932415, "confidence": 0.36092299542827494, "rclass": "6 6.3 6.3.7", "children": [{"smiles": "BrB(Br)Br"}, {"smiles": "COc1ccc2c(=O)c(OC)c(-c3ccc(OC)c(OC)c3)oc2c1"}, {"smiles": "ClCCl"}]}, {"smiles": "COc1ccc(-c2oc3cc(O)ccc3c(=O)c2O)cc1O", "bw_confidence": 0.03267367753889821, "confidence": 0.9429025610951215, "rclass": "9 9.7 9.7.173", "children": [{"smiles": "COc1ccc(-c2oc3cc(N)ccc3c(=O)c2O)cc1O"}, {"smiles": "O"}, {"smiles": "O=N[O-]~[Na+]"}, {"smiles": "O=S(=O)(O)O"}]}, {"smiles": "COc1ccc(-c2oc3cc(O)ccc3c(=O)c2O)cc1O", "bw_confidence": 0.024903952383212847, "confidence": 0.9492693196736618, "rclass": "0 0 0", "children": [{"smiles": "COc1ccc(/C=C/C(=O)c2ccc(O)cc2O)cc1O"}, {"smiles": "OO"}, {"smiles": "[OH-]~[Na+]"}]}, {"smiles": "COc1ccc(-c2oc3cc(O)ccc3c(=O)c2O)cc1O", "bw_confidence": 0.01717296742724279, "confidence": 0.22795999544069293, "rclass": "1 1.7 1.7.4", "children": [{"smiles": "CI"}, {"smiles": "CN(C)C=O"}, {"smiles": "O=C([O-])[O-]~[K+]~[K+]"}, {"smiles": "O=c1c(O)c(-c2ccc(O)c(O)c2)oc2cc(O)ccc12"}]}, {"smiles": "COc1ccc(-c2oc3cc(O)ccc3c(=O)c2O)cc1O", "bw_confidence": 0.013168791751101402, "confidence": 0.9477294982253085, "rclass": "3 3.1 3.1.5", "children": [{"smiles": "COc1ccc(B2OC(C)(C)C(C)(C)O2)cc1O"}, {"smiles": "O=c1c(O)c(Br)oc2cc(O)ccc12"}]}, {"smiles": "COc1ccc(-c2oc3cc(O)ccc3c(=O)c2O)cc1O", "bw_confidence": 0.010864569723514723, "confidence": 0.8507940180471216, "rclass": "7 7.4 7.4.1", "children": [{"smiles": "COc1ccc(-c2oc3cc(OC(=O)C(C)(C)C)ccc3c(=O)c2O)cc1O"}, {"smiles": "Cl"}]}, {"smiles": "COc1ccc(-c2oc3cc(O)ccc3c(=O)c2O)cc1O", "bw_confidence": 0.0055810474180141905, "confidence": 0.19947302147445112, "rclass": "8 8.8 8.8.11", "children": [{"smiles": "COc1ccc(-c2cc(=O)c3ccc(O)cc3o2)cc1O"}, {"smiles": "OO"}]}, {"smiles": "COc1ccc(-c2oc3cc(O)ccc3c(=O)c2O)cc1O", "bw_confidence": 0.005497999127277515, "confidence": 0.1690327973648135, "rclass": "0 0 0", "children": [{"smiles": "COc1ccc(C(=O)C(O)c2ccc(O)cc2O)cc1O"}, {"smiles": "O=S(=O)(O)O"}]}, {"smiles": "COc1ccc(-c2oc3cc(O)ccc3c(=O)c2O)cc1O", "bw_confidence": 0.003450906239252759, "confidence": 0.12301256682290407, "rclass": "0 0 0", "children": [{"smiles": "COc1ccc(C=O)cc1O"}, {"smiles": "O=c1c(O)c(-c2ccc(O)c(O)c2)oc2cc(O)ccc12"}]}, {"smiles": "COc1ccc(-c2oc3cc(O)ccc3c(=O)c2O)cc1O", "bw_confidence": 0.0018638332770235075, "confidence": 0.9445971941153055, "rclass": "11 11.9 11.9", "children": [{"smiles": "COc1ccc(-c2oc3cc(O)ccc3c(=O)c2O)cc1O~Cl"}, {"smiles": "O"}, {"smiles": "O=C([O-])O~[Na+]"}]}], "chem_bw_confidence_list": [0.0815031429932415, 0.03267367753889821, 0.024903952383212847, 0.01717296742724279, 0.013168791751101402, 0.010864569723514723, 0.0055810474180141905, 0.005497999127277515, 0.003450906239252759, 0.0018638332770235075], "enzy_template_score_list": [0.5124232172966003, 0.23063747584819794, 0.23063747584819794, 0.23063747584819794, 0.15183405578136444, 0.15183405578136444, 0.15183405578136444, 0.02324993908405304, 0.02324993908405304, 0.02324993908405304, 0.007008959073573351, 0.014818678610026836, 0.014818678610026836, 0.014818678610026836, 0.005173704121261835], "enzy_result": [{"smiles": "O=c1c(O)c(-c2ccc(O)c(O)c2)oc2cc(O)ccc12", "smiles_split": ["O=c1c(O)c(-c2ccc(O)c(O)c2)oc2cc(O)ccc12"], "mapped_smiles": "[OH:2][c:3]1[cH:4][cH:5][c:6](-[c:7]2[o:8][c:9]3[cH:10][c:11]([OH:12])[cH:13][cH:14][c:15]3[c:16](=[O:17])[c:18]2[OH:19])[cH:20][c:21]1[OH:22]", "reacting_atoms": [2], "template_id": "e0e2b378d623262efad3f5cff831b758", "template_set": ["bkms"], "num_examples": 223, "necessary_reagent": "[C]", "template_score": 0.5124232172966003, "rms_molwt": -286.04773804, "num_rings": -3, "plausibility": 1, "tforms": ["e0e2b378d623262efad3f5cff831b758"], "rank": 1, "score": -1.9788330539540668}, {"smiles": "COc1ccc(-c2cc(=O)c3ccc(O)cc3o2)cc1O", "smiles_split": ["COc1ccc(-c2cc(=O)c3ccc(O)cc3o2)cc1O"], "mapped_smiles": "[CH3:1][O:2][c:3]1[cH:4][cH:5][c:6](-[c:7]2[o:8][c:9]3[cH:10][c:11]([OH:12])[cH:13][cH:14][c:15]3[c:16](=[O:17])[cH:18]2)[cH:20][c:21]1[OH:22]", "reacting_atoms": [18], "template_id": "3c2c4cfbcb3bcb992a014c1db6900c8d", "template_set": ["bkms", "bkms"], "num_examples": 212, "necessary_reagent": "[O]", "template_score": 0.23063747584819794, "rms_molwt": -284.068473484, "num_rings": -3, "plausibility": 1, "tforms": ["3c2c4cfbcb3bcb992a014c1db6900c8d", "5ff4a9044c7b15ab25bd4ef552837344"], "rank": 2, "score": -838.8410360312956}, {"smiles": "COc1ccc(-c2oc3ccccc3c(=O)c2O)cc1O", "smiles_split": ["COc1ccc(-c2oc3ccccc3c(=O)c2O)cc1O"], "mapped_smiles": "[CH3:1][O:2][c:3]1[cH:4][cH:5][c:6](-[c:7]2[o:8][c:9]3[cH:10][cH:11][cH:13][cH:14][c:15]3[c:16](=[O:17])[c:18]2[OH:19])[cH:20][c:21]1[OH:22]", "reacting_atoms": [11], "template_id": "3c2c4cfbcb3bcb992a014c1db6900c8d", "template_set": ["bkms", "bkms"], "num_examples": 211, "necessary_reagent": "[O]", "template_score": 0.23063747584819794, "rms_molwt": -284.068473484, "num_rings": -3, "plausibility": 1, "tforms": ["707a7ee9f88daa3e9e86cf844cd1e066", "3c2c4cfbcb3bcb992a014c1db6900c8d"], "rank": 3, "score": -838.8410360312956}, {"smiles": "COc1ccc(-c2oc3cc(O)ccc3c(=O)c2O)cc1", "smiles_split": ["COc1ccc(-c2oc3cc(O)ccc3c(=O)c2O)cc1"], "mapped_smiles": "[CH3:1][O:2][c:3]1[cH:4][cH:5][c:6](-[c:7]2[o:8][c:9]3[cH:10][c:11]([OH:12])[cH:13][cH:14][c:15]3[c:16](=[O:17])[c:18]2[OH:19])[cH:20][cH:21]1", "reacting_atoms": [21], "template_id": "3c2c4cfbcb3bcb992a014c1db6900c8d", "template_set": ["bkms"], "num_examples": 207, "necessary_reagent": "[O]", "template_score": 0.23063747584819794, "rms_molwt": -284.06847348400004, "num_rings": -3, "plausibility": 1, "tforms": ["3c2c4cfbcb3bcb992a014c1db6900c8d"], "rank": 4, "score": -838.8410360312956}, {"smiles": "COc1ccc(-c2oc3cc(O)ccc3c(=O)c2O)cc1O[C@@H]1O[C@H](CO)[C@@H](O)[C@H](O)[C@H]1O", "smiles_split": ["COc1ccc(-c2oc3cc(O)ccc3c(=O)c2O)cc1O[C@@H]1O[C@H](CO)[C@@H](O)[C@H](O)[C@H]1O"], "mapped_smiles": "[CH3:1][O:2][c:3]1[cH:4][cH:5][c:6](-[c:7]2[o:8][c:9]3[cH:10][c:11]([OH:12])[cH:13][cH:14][c:15]3[c:16](=[O:17])[c:18]2[OH:19])[cH:20][c:21]1[O:22][C@@H:904]1[O:903][C@H:902]([CH2:901][OH:900])[C@@H:909]([OH:910])[C@H:907]([OH:908])[C@H:905]1[OH:906]", "reacting_atoms": [22], "template_id": "f0188a61a7d798559e3dd775fb7ce3ce", "template_set": ["bkms"], "num_examples": 38, "necessary_reagent": "", "template_score": 0.15183405578136444, "rms_molwt": -462.1162115239999, "num_rings": -4, "plausibility": 1, "tforms": ["f0188a61a7d798559e3dd775fb7ce3ce"], "rank": 5, "score": -2923.178669265871}, {"smiles": "COc1ccc(-c2oc3cc(O)ccc3c(=O)c2O[C@@H]2O[C@H](CO)[C@@H](O)[C@H](O)[C@H]2O)cc1O", "smiles_split": ["COc1ccc(-c2oc3cc(O)ccc3c(=O)c2O[C@@H]2O[C@H](CO)[C@@H](O)[C@H](O)[C@H]2O)cc1O"], "mapped_smiles": "[CH3:1][O:2][c:3]1[cH:4][cH:5][c:6](-[c:7]2[o:8][c:9]3[cH:10][c:11]([OH:12])[cH:13][cH:14][c:15]3[c:16](=[O:17])[c:18]2[O:19][C@@H:904]2[O:903][C@H:902]([CH2:901][OH:900])[C@@H:909]([OH:910])[C@H:907]([OH:908])[C@H:905]2[OH:906])[cH:20][c:21]1[OH:22]", "reacting_atoms": [19], "template_id": "f0188a61a7d798559e3dd775fb7ce3ce", "template_set": ["bkms", "bkms"], "num_examples": 40, "necessary_reagent": "", "template_score": 0.15183405578136444, "rms_molwt": -462.1162115239999, "num_rings": -4, "plausibility": 1, "tforms": ["f0188a61a7d798559e3dd775fb7ce3ce", "fbda15865162d0f8d66c459ed4acdecf"], "rank": 6, "score": -2923.178669265871}, {"smiles": "COc1ccc(-c2oc3cc(O[C@@H]4O[C@H](CO)[C@@H](O)[C@H](O)[C@H]4O)ccc3c(=O)c2O)cc1O", "smiles_split": ["COc1ccc(-c2oc3cc(O[C@@H]4O[C@H](CO)[C@@H](O)[C@H](O)[C@H]4O)ccc3c(=O)c2O)cc1O"], "mapped_smiles": "[CH3:1][O:2][c:3]1[cH:4][cH:5][c:6](-[c:7]2[o:8][c:9]3[cH:10][c:11]([O:12][C@@H:904]4[O:903][C@H:902]([CH2:901][OH:900])[C@@H:909]([OH:910])[C@H:907]([OH:908])[C@H:905]4[OH:906])[cH:13][cH:14][c:15]3[c:16](=[O:17])[c:18]2[OH:19])[cH:20][c:21]1[OH:22]", "reacting_atoms": [12], "template_id": "f0188a61a7d798559e3dd775fb7ce3ce", "template_set": ["bkms"], "num_examples": 38, "necessary_reagent": "", "template_score": 0.15183405578136444, "rms_molwt": -462.1162115239999, "num_rings": -4, "plausibility": 1, "tforms": ["f0188a61a7d798559e3dd775fb7ce3ce"], "rank": 7, "score": -2923.178669265871}, {"smiles": "COc1ccc(-c2oc3cc(O)ccc3c(=O)c2O)cc1OC", "smiles_split": ["COc1ccc(-c2oc3cc(O)ccc3c(=O)c2O)cc1OC"], "mapped_smiles": "[CH3:1][O:2][c:3]1[cH:4][cH:5][c:6](-[c:7]2[o:8][c:9]3[cH:10][c:11]([OH:12])[cH:13][cH:14][c:15]3[c:16](=[O:17])[c:18]2[OH:19])[cH:20][c:21]1[O:22][CH3:900]", "reacting_atoms": [22], "template_id": "c11dbf440d2e73a73293e1875c2ee134", "template_set": ["bkms"], "num_examples": 59, "necessary_reagent": "", "template_score": 0.02324993908405304, "rms_molwt": -314.079038168, "num_rings": -3, "plausibility": 1, "tforms": ["c11dbf440d2e73a73293e1875c2ee134"], "rank": 8, "score": -9488.551745225803}, {"smiles": "COc1ccc2c(=O)c(O)c(-c3ccc(OC)c(O)c3)oc2c1", "smiles_split": ["COc1ccc2c(=O)c(O)c(-c3ccc(OC)c(O)c3)oc2c1"], "mapped_smiles": "[CH3:1][O:2][c:3]1[cH:4][cH:5][c:6](-[c:7]2[o:8][c:9]3[cH:10][c:11]([O:12][CH3:900])[cH:13][cH:14][c:15]3[c:16](=[O:17])[c:18]2[OH:19])[cH:20][c:21]1[OH:22]", "reacting_atoms": [12], "template_id": "c11dbf440d2e73a73293e1875c2ee134", "template_set": ["bkms"], "num_examples": 59, "necessary_reagent": "", "template_score": 0.02324993908405304, "rms_molwt": -314.079038168, "num_rings": -3, "plausibility": 1, "tforms": ["c11dbf440d2e73a73293e1875c2ee134"], "rank": 9, "score": -9488.551745225803}, {"smiles": "COc1ccc(-c2oc3cc(O)ccc3c(=O)c2OC)cc1O", "smiles_split": ["COc1ccc(-c2oc3cc(O)ccc3c(=O)c2OC)cc1O"], "mapped_smiles": "[CH3:1][O:2][c:3]1[cH:4][cH:5][c:6](-[c:7]2[o:8][c:9]3[cH:10][c:11]([OH:12])[cH:13][cH:14][c:15]3[c:16](=[O:17])[c:18]2[O:19][CH3:900])[cH:20][c:21]1[OH:22]", "reacting_atoms": [19], "template_id": "c11dbf440d2e73a73293e1875c2ee134", "template_set": ["bkms"], "num_examples": 59, "necessary_reagent": "", "template_score": 0.02324993908405304, "rms_molwt": -314.079038168, "num_rings": -3, "plausibility": 1, "tforms": ["c11dbf440d2e73a73293e1875c2ee134"], "rank": 10, "score": -9488.551745225803}, {"smiles": "COc1ccc(C2Oc3cc(O)ccc3C(O)C2=O)cc1O", "smiles_split": ["COc1ccc(C2Oc3cc(O)ccc3C(O)C2=O)cc1O"], "mapped_smiles": "[CH3:1][O:2][c:3]1[cH:4][cH:5][c:6]([CH:7]2[O:8][c:9]3[cH:10][c:11]([OH:12])[cH:13][cH:14][c:15]3[CH:16]([OH:17])[C:18]2=[O:19])[cH:20][c:21]1[OH:22]", "reacting_atoms": [19, 18, 7, 6, 8, 16, 17], "template_id": "d1271541fc9b23a60899b61ee7db7e02", "template_set": ["bkms"], "num_examples": 2, "necessary_reagent": "", "template_score": 0.007008959073573351, "rms_molwt": -302.079038168, "num_rings": -3, "plausibility": 1, "tforms": ["d1271541fc9b23a60899b61ee7db7e02"], "rank": 11, "score": -31040.07756872416}, {"smiles": "COc1ccc(-c2oc3cc(O)ccc3c(=O)c2O)cc1O[C@@H]1O[C@H](C(=O)O)[C@@H](O)[C@H](O)[C@H]1O", "smiles_split": ["COc1ccc(-c2oc3cc(O)ccc3c(=O)c2O)cc1O[C@@H]1O[C@H](C(=O)O)[C@@H](O)[C@H](O)[C@H]1O"], "mapped_smiles": "[CH3:1][O:2][c:3]1[cH:4][cH:5][c:6](-[c:7]2[o:8][c:9]3[cH:10][c:11]([OH:12])[cH:13][cH:14][c:15]3[c:16](=[O:17])[c:18]2[OH:19])[cH:20][c:21]1[O:22][C@@H:905]1[O:904][C@H:903]([C:901]([OH:900])=[O:902])[C@@H:910]([OH:911])[C@H:908]([OH:909])[C@H:906]1[OH:907]", "reacting_atoms": [22], "template_id": "5933a7935584c42ccf47b5c419dc32e8", "template_set": ["bkms"], "num_examples": 7, "necessary_reagent": "", "template_score": 0.014818678610026836, "rms_molwt": -476.09547607999986, "num_rings": -4, "plausibility": 1, "tforms": ["5933a7935584c42ccf47b5c419dc32e8"], "rank": 12, "score": -31122.9954737067}, {"smiles": "COc1ccc(-c2oc3cc(O[C@@H]4O[C@H](C(=O)O)[C@@H](O)[C@H](O)[C@H]4O)ccc3c(=O)c2O)cc1O", "smiles_split": ["COc1ccc(-c2oc3cc(O[C@@H]4O[C@H](C(=O)O)[C@@H](O)[C@H](O)[C@H]4O)ccc3c(=O)c2O)cc1O"], "mapped_smiles": "[CH3:1][O:2][c:3]1[cH:4][cH:5][c:6](-[c:7]2[o:8][c:9]3[cH:10][c:11]([O:12][C@@H:905]4[O:904][C@H:903]([C:901]([OH:900])=[O:902])[C@@H:910]([OH:911])[C@H:908]([OH:909])[C@H:906]4[OH:907])[cH:13][cH:14][c:15]3[c:16](=[O:17])[c:18]2[OH:19])[cH:20][c:21]1[OH:22]", "reacting_atoms": [12], "template_id": "5933a7935584c42ccf47b5c419dc32e8", "template_set": ["bkms"], "num_examples": 7, "necessary_reagent": "", "template_score": 0.014818678610026836, "rms_molwt": -476.09547607999986, "num_rings": -4, "plausibility": 1, "tforms": ["5933a7935584c42ccf47b5c419dc32e8"], "rank": 13, "score": -31122.9954737067}, {"smiles": "COc1ccc(-c2oc3cc(O)ccc3c(=O)c2O[C@@H]2O[C@H](C(=O)O)[C@@H](O)[C@H](O)[C@H]2O)cc1O", "smiles_split": ["COc1ccc(-c2oc3cc(O)ccc3c(=O)c2O[C@@H]2O[C@H](C(=O)O)[C@@H](O)[C@H](O)[C@H]2O)cc1O"], "mapped_smiles": "[CH3:1][O:2][c:3]1[cH:4][cH:5][c:6](-[c:7]2[o:8][c:9]3[cH:10][c:11]([OH:12])[cH:13][cH:14][c:15]3[c:16](=[O:17])[c:18]2[O:19][C@@H:905]2[O:904][C@H:903]([C:901]([OH:900])=[O:902])[C@@H:910]([OH:911])[C@H:908]([OH:909])[C@H:906]2[OH:907])[cH:20][c:21]1[OH:22]", "reacting_atoms": [19], "template_id": "5933a7935584c42ccf47b5c419dc32e8", "template_set": ["bkms"], "num_examples": 7, "necessary_reagent": "", "template_score": 0.014818678610026836, "rms_molwt": -476.09547607999986, "num_rings": -4, "plausibility": 1, "tforms": ["5933a7935584c42ccf47b5c419dc32e8"], "rank": 14, "score": -31122.9954737067}, {"smiles": "COc1ccc([C@H]2Oc3cc(O)ccc3C(=O)[C@@H]2O)cc1O", "smiles_split": ["COc1ccc([C@H]2Oc3cc(O)ccc3C(=O)[C@@H]2O)cc1O"], "mapped_smiles": "[CH3:1][O:2][c:3]1[cH:4][cH:5][c:6]([C@H:7]2[O:8][c:9]3[cH:10][c:11]([OH:12])[cH:13][cH:14][c:15]3[C:16](=[O:17])[C@@H:18]2[OH:19])[cH:20][c:21]1[OH:22]", "reacting_atoms": [16, 8, 7, 6, 18], "template_id": "2482964d6d215847a71fc2018029044b", "template_set": ["bkms"], "num_examples": 4, "necessary_reagent": "", "template_score": 0.005173704121261835, "rms_molwt": -302.079038168, "num_rings": -3, "plausibility": 1, "tforms": ["2482964d6d215847a71fc2018029044b"], "rank": 15, "score": -43597.12655247812}]}