{"smiles": "CN1C(=O)N(c2cc(Cl)cc(Cl)c2)C(=O)/C1=C\\c1ccc(C#N)cc1", "sfscore": [0.6128161549568176, 0.3844877779483795], "chem_result": [{"smiles": "CN1C(=O)N(c2cc(Cl)cc(Cl)c2)C(=O)/C1=C\\c1ccc(C#N)cc1", "bw_confidence": 0.30555869419989407, "confidence": 0.5746281135107981, "rclass": "3 3.11 3.11.34", "children": [{"smiles": "CN1CC(=O)N(c2cc(Cl)cc(Cl)c2)C1=O"}, {"smiles": "N#Cc1ccc(C=O)cc1"}]}, {"smiles": "CN1C(=O)N(c2cc(Cl)cc(Cl)c2)C(=O)/C1=C\\c1ccc(C#N)cc1", "bw_confidence": 0.06167312427351382, "confidence": 0.674248115687993, "rclass": "9 9.7 9.7.25", "children": [{"smiles": "CN(C)C=O"}, {"smiles": "CN1C(=O)N(c2cc(Cl)cc(Cl)c2)C(=O)/C1=C\\c1ccc(Br)cc1"}, {"smiles": "[C-]#N~[C-]#N~[Zn+2]"}, {"smiles": "c1ccc([P](c2ccccc2)(c2ccccc2)[Pd]([P](c2ccccc2)(c2ccccc2)c2ccccc2)([P](c2ccccc2)(c2ccccc2)c2ccccc2)[P](c2ccccc2)(c2ccccc2)c2ccccc2)cc1"}]}, {"smiles": "CN1C(=O)N(c2cc(Cl)cc(Cl)c2)C(=O)/C1=C\\c1ccc(C#N)cc1", "bw_confidence": 0.03782168060329037, "confidence": 0.1662898518580946, "rclass": "11 11.1 11.1", "children": [{"smiles": "CN1C(=O)N(c2cc(Cl)cc(Cl)c2)C(=O)C1=Cc1ccc(C#N)cc1"}, {"smiles": "CO"}]}, {"smiles": "CN1C(=O)N(c2cc(Cl)cc(Cl)c2)C(=O)/C1=C\\c1ccc(C#N)cc1", "bw_confidence": 0.0312541574028903, "confidence": 0.5021265530572908, "rclass": "0 0 0", "children": [{"smiles": "CC(=O)O"}, {"smiles": "CC(=O)[O-]~[Na+]"}, {"smiles": "CNC(=O)Nc1cc(Cl)cc(Cl)c1"}, {"smiles": "N#Cc1ccc(C=O)cc1"}]}, {"smiles": "CN1C(=O)N(c2cc(Cl)cc(Cl)c2)C(=O)/C1=C\\c1ccc(C#N)cc1", "bw_confidence": 0.02289488218222303, "confidence": 0.5822177382977958, "rclass": "6 6.5 6.5.13", "children": [{"smiles": "CN1C(=O)N(c2cc(Cl)cc(Cl)c2)C(=O)/C1=C\\c1ccc(C#N)cc1[Si](C)(C)C"}, {"smiles": "CO"}, {"smiles": "[NH4+]~[F-]"}]}, {"smiles": "CN1C(=O)N(c2cc(Cl)cc(Cl)c2)C(=O)/C1=C\\c1ccc(C#N)cc1", "bw_confidence": 0.012764251427844625, "confidence": 0.9527051005748444, "rclass": "11 11.5 11.5", "children": [{"smiles": "CN1C(=O)N(c2cc(Cl)cc(Cl)c2)C(=O)C1=Cc1ccc(C#N)cc1"}, {"smiles": "CO"}, {"smiles": "[BH4-]~[Na+]"}]}, {"smiles": "CN1C(=O)N(c2cc(Cl)cc(Cl)c2)C(=O)/C1=C\\c1ccc(C#N)cc1", "bw_confidence": 0.007861592636916735, "confidence": 0.5344927420346838, "rclass": "2 2.3 2.3.1", "children": [{"smiles": "CN1C(=O)NC(=O)/C1=C\\c1ccc(C#N)cc1"}, {"smiles": "O=C=Nc1cc(Cl)cc(Cl)c1"}]}, {"smiles": "CN1C(=O)N(c2cc(Cl)cc(Cl)c2)C(=O)/C1=C\\c1ccc(C#N)cc1", "bw_confidence": 0.003350874200413341, "confidence": 0.36787834480690546, "rclass": "0 0 0", "children": [{"smiles": "CNC(=O)Nc1cc(Cl)cc(Cl)c1"}, {"smiles": "COC(=O)/C(=C/c1ccc(C#N)cc1)N(C)C(=O)OC(C)(C)C"}]}], "chem_bw_confidence_list": [0.30555869419989407, 0.06167312427351382, 0.03782168060329037, 0.0312541574028903, 0.02289488218222303, 0.012764251427844625, 0.007861592636916735, 0.003350874200413341], "enzy_template_score_list": [0.2086275964975357, 0.2086275964975357, 0.2086275964975357, 0.2086275964975357, 0.13990987837314606, 0.11147377640008926, 0.09694869071245193, 0.09694869071245193, 0.09694869071245193, 0.09694869071245193, 0.04043867066502571, 0.04459007829427719, 0.037515539675951004, 0.01488680299371481, 0.01488680299371481], "enzy_result": [{"smiles": "CN1C(=O)N(c2cc(Cl)cc(Cl)c2O)C(=O)/C1=C\\c1ccc(C#N)cc1", "smiles_split": ["CN1C(=O)N(c2cc(Cl)cc(Cl)c2O)C(=O)/C1=C\\c1ccc(C#N)cc1"], "mapped_smiles": "[CH3:1][N:2]1[C:3](=[O:4])[N:5]([c:6]2[cH:7][c:8]([Cl:9])[cH:10][c:11]([Cl:12])[c:13]2[OH:900])[C:14](=[O:15])/[C:16]1=[CH:17]\\[c:18]1[cH:19][cH:20][c:21]([C:22]#[N:23])[cH:24][cH:25]1", "reacting_atoms": [13], "template_id": "f53e9cbdf728108a37f743b6e04eb4f2", "template_set": ["bkms"], "num_examples": 56, "necessary_reagent": "", "template_score": 0.2086275964975357, "rms_molwt": -387.0177465720001, "num_rings": -3, "plausibility": 1, "tforms": ["f53e9cbdf728108a37f743b6e04eb4f2"], "rank": 1, "score": -1324.5100803219375}, {"smiles": "CN1C(=O)N(c2cc(Cl)cc(Cl)c2)C(=O)/C1=C\\c1ccc(C#N)c(O)c1", "smiles_split": ["CN1C(=O)N(c2cc(Cl)cc(Cl)c2)C(=O)/C1=C\\c1ccc(C#N)c(O)c1"], "mapped_smiles": "[CH3:1][N:2]1[C:3](=[O:4])[N:5]([c:6]2[cH:7][c:8]([Cl:9])[cH:10][c:11]([Cl:12])[cH:13]2)[C:14](=[O:15])/[C:16]1=[CH:17]\\[c:18]1[cH:19][cH:20][c:21]([C:22]#[N:23])[c:24]([OH:900])[cH:25]1", "reacting_atoms": [24], "template_id": "f53e9cbdf728108a37f743b6e04eb4f2", "template_set": ["bkms"], "num_examples": 56, "necessary_reagent": "", "template_score": 0.2086275964975357, "rms_molwt": -387.017746572, "num_rings": -3, "plausibility": 1, "tforms": ["f53e9cbdf728108a37f743b6e04eb4f2"], "rank": 2, "score": -1324.5100803219375}, {"smiles": "CN1C(=O)N(c2cc(Cl)c(O)c(Cl)c2)C(=O)/C1=C\\c1ccc(C#N)cc1", "smiles_split": ["CN1C(=O)N(c2cc(Cl)c(O)c(Cl)c2)C(=O)/C1=C\\c1ccc(C#N)cc1"], "mapped_smiles": "[CH3:1][N:2]1[C:3](=[O:4])[N:5]([c:6]2[cH:7][c:8]([Cl:9])[c:10]([OH:900])[c:11]([Cl:12])[cH:13]2)[C:14](=[O:15])/[C:16]1=[CH:17]\\[c:18]1[cH:19][cH:20][c:21]([C:22]#[N:23])[cH:24][cH:25]1", "reacting_atoms": [10], "template_id": "f53e9cbdf728108a37f743b6e04eb4f2", "template_set": ["bkms"], "num_examples": 56, "necessary_reagent": "", "template_score": 0.2086275964975357, "rms_molwt": -387.0177465720001, "num_rings": -3, "plausibility": 1, "tforms": ["f53e9cbdf728108a37f743b6e04eb4f2"], "rank": 3, "score": -1324.5100803219375}, {"smiles": "CN1C(=O)N(c2cc(Cl)cc(Cl)c2)C(=O)/C1=C\\c1ccc(C#N)cc1O", "smiles_split": ["CN1C(=O)N(c2cc(Cl)cc(Cl)c2)C(=O)/C1=C\\c1ccc(C#N)cc1O"], "mapped_smiles": "[CH3:1][N:2]1[C:3](=[O:4])[N:5]([c:6]2[cH:7][c:8]([Cl:9])[cH:10][c:11]([Cl:12])[cH:13]2)[C:14](=[O:15])/[C:16]1=[CH:17]\\[c:18]1[cH:19][cH:20][c:21]([C:22]#[N:23])[cH:24][c:25]1[OH:900]", "reacting_atoms": [25], "template_id": "f53e9cbdf728108a37f743b6e04eb4f2", "template_set": ["bkms"], "num_examples": 56, "necessary_reagent": "", "template_score": 0.2086275964975357, "rms_molwt": -387.017746572, "num_rings": -3, "plausibility": 1, "tforms": ["f53e9cbdf728108a37f743b6e04eb4f2"], "rank": 4, "score": -1324.5100803219375}, {"smiles": "N#Cc1ccc(/C=C2\\C(=O)N(c3cc(Cl)cc(Cl)c3)C(=O)N2CO)cc1", "smiles_split": ["N#Cc1ccc(/C=C2\\C(=O)N(c3cc(Cl)cc(Cl)c3)C(=O)N2CO)cc1"], "mapped_smiles": "[CH2:1]([N:2]1[C:3](=[O:4])[N:5]([c:6]2[cH:7][c:8]([Cl:9])[cH:10][c:11]([Cl:12])[cH:13]2)[C:14](=[O:15])/[C:16]1=[CH:17]\\[c:18]1[cH:19][cH:20][c:21]([C:22]#[N:23])[cH:24][cH:25]1)[OH:900]", "reacting_atoms": [1], "template_id": "64d3af4b563c525b37b23491e0d61087", "template_set": ["bkms"], "num_examples": 1, "necessary_reagent": "", "template_score": 0.13990987837314606, "rms_molwt": -387.01774657199996, "num_rings": -3, "plausibility": 1, "tforms": ["64d3af4b563c525b37b23491e0d61087"], "rank": 5, "score": -1975.0524967032043}, {"smiles": "CN1C(=O)N(c2cc(Cl)cc(Cl)c2)C(=O)/C1=C\\c1ccc(C(=N)S(=O)O)cc1", "smiles_split": ["CN1C(=O)N(c2cc(Cl)cc(Cl)c2)C(=O)/C1=C\\c1ccc(C(=N)S(=O)O)cc1"], "mapped_smiles": "[CH3:1][N:2]1[C:3](=[O:4])[N:5]([c:6]2[cH:7][c:8]([Cl:9])[cH:10][c:11]([Cl:12])[cH:13]2)[C:14](=[O:15])/[C:16]1=[CH:17]\\[c:18]1[cH:19][cH:20][c:21]([C:22](=[NH:23])[S:901]([OH:900])=[O:902])[cH:24][cH:25]1", "reacting_atoms": [22, 23], "template_id": "176cc5ddd23f16942163af29a37576c9", "template_set": ["bkms"], "num_examples": 1, "necessary_reagent": "", "template_score": 0.11147377640008926, "rms_molwt": -437.00038225599997, "num_rings": -3, "plausibility": 1, "tforms": ["176cc5ddd23f16942163af29a37576c9"], "rank": 6, "score": -2758.5365514403343}, {"smiles": "CN1C(=O)N(c2cc(Cl)cc(Cl)c2)C(=O)/C1=C\\c1ccc(C#N)c(Cl)c1", "smiles_split": ["CN1C(=O)N(c2cc(Cl)cc(Cl)c2)C(=O)/C1=C\\c1ccc(C#N)c(Cl)c1"], "mapped_smiles": "[CH3:1][N:2]1[C:3](=[O:4])[N:5]([c:6]2[cH:7][c:8]([Cl:9])[cH:10][c:11]([Cl:12])[cH:13]2)[C:14](=[O:15])/[C:16]1=[CH:17]\\[c:18]1[cH:19][cH:20][c:21]([C:22]#[N:23])[c:24]([Cl:900])[cH:25]1", "reacting_atoms": [24], "template_id": "13444016d1e7c68bbdf8f2aa3af2798d", "template_set": ["bkms"], "num_examples": 9, "necessary_reagent": "", "template_score": 0.09694869071245193, "rms_molwt": -404.9838596, "num_rings": -3, "plausibility": 1, "tforms": ["13444016d1e7c68bbdf8f2aa3af2798d"], "rank": 7, "score": -2850.2639134540937}, {"smiles": "CN1C(=O)N(c2cc(Cl)cc(Cl)c2Cl)C(=O)/C1=C\\c1ccc(C#N)cc1", "smiles_split": ["CN1C(=O)N(c2cc(Cl)cc(Cl)c2Cl)C(=O)/C1=C\\c1ccc(C#N)cc1"], "mapped_smiles": "[CH3:1][N:2]1[C:3](=[O:4])[N:5]([c:6]2[cH:7][c:8]([Cl:9])[cH:10][c:11]([Cl:12])[c:13]2[Cl:900])[C:14](=[O:15])/[C:16]1=[CH:17]\\[c:18]1[cH:19][cH:20][c:21]([C:22]#[N:23])[cH:24][cH:25]1", "reacting_atoms": [13], "template_id": "13444016d1e7c68bbdf8f2aa3af2798d", "template_set": ["bkms"], "num_examples": 9, "necessary_reagent": "", "template_score": 0.09694869071245193, "rms_molwt": -404.9838596, "num_rings": -3, "plausibility": 1, "tforms": ["13444016d1e7c68bbdf8f2aa3af2798d"], "rank": 8, "score": -2850.2639134540937}, {"smiles": "CN1C(=O)N(c2cc(Cl)c(Cl)c(Cl)c2)C(=O)/C1=C\\c1ccc(C#N)cc1", "smiles_split": ["CN1C(=O)N(c2cc(Cl)c(Cl)c(Cl)c2)C(=O)/C1=C\\c1ccc(C#N)cc1"], "mapped_smiles": "[CH3:1][N:2]1[C:3](=[O:4])[N:5]([c:6]2[cH:7][c:8]([Cl:9])[c:10]([Cl:900])[c:11]([Cl:12])[cH:13]2)[C:14](=[O:15])/[C:16]1=[CH:17]\\[c:18]1[cH:19][cH:20][c:21]([C:22]#[N:23])[cH:24][cH:25]1", "reacting_atoms": [10], "template_id": "13444016d1e7c68bbdf8f2aa3af2798d", "template_set": ["bkms"], "num_examples": 9, "necessary_reagent": "", "template_score": 0.09694869071245193, "rms_molwt": -404.9838596, "num_rings": -3, "plausibility": 1, "tforms": ["13444016d1e7c68bbdf8f2aa3af2798d"], "rank": 9, "score": -2850.2639134540937}, {"smiles": "CN1C(=O)N(c2cc(Cl)cc(Cl)c2)C(=O)/C1=C\\c1ccc(C#N)cc1Cl", "smiles_split": ["CN1C(=O)N(c2cc(Cl)cc(Cl)c2)C(=O)/C1=C\\c1ccc(C#N)cc1Cl"], "mapped_smiles": "[CH3:1][N:2]1[C:3](=[O:4])[N:5]([c:6]2[cH:7][c:8]([Cl:9])[cH:10][c:11]([Cl:12])[cH:13]2)[C:14](=[O:15])/[C:16]1=[CH:17]\\[c:18]1[cH:19][cH:20][c:21]([C:22]#[N:23])[cH:24][c:25]1[Cl:900]", "reacting_atoms": [25], "template_id": "13444016d1e7c68bbdf8f2aa3af2798d", "template_set": ["bkms"], "num_examples": 9, "necessary_reagent": "", "template_score": 0.09694869071245193, "rms_molwt": -404.9838596, "num_rings": -3, "plausibility": 1, "tforms": ["13444016d1e7c68bbdf8f2aa3af2798d"], "rank": 10, "score": -2850.2639134540937}, {"smiles": "CN1C(=O)N(c2cccc(Cl)c2)C(=O)/C1=C\\c1ccc(C#N)cc1", "smiles_split": ["CN1C(=O)N(c2cccc(Cl)c2)C(=O)/C1=C\\c1ccc(C#N)cc1"], "mapped_smiles": "[CH3:1][N:2]1[C:3](=[O:4])[N:5]([c:6]2[cH:7][c:8]([Cl:9])[cH:10][cH:11][cH:13]2)[C:14](=[O:15])/[C:16]1=[CH:17]\\[c:18]1[cH:19][cH:20][c:21]([C:22]#[N:23])[cH:24][cH:25]1", "reacting_atoms": [11], "template_id": "23052e1ade7c53ea09cfec88d8cf66d2", "template_set": ["bkms"], "num_examples": 20, "necessary_reagent": "[Cl]", "template_score": 0.04043867066502571, "rms_molwt": -337.061804304, "num_rings": -3, "plausibility": 1, "tforms": ["23052e1ade7c53ea09cfec88d8cf66d2"], "rank": 11, "score": -6116.208844832135}, {"smiles": "CN1C(=O)N(c2cc(Cl)cc(Cl)c2)C(=O)/C1=C\\c1ccc(C(N)=O)cc1", "smiles_split": ["CN1C(=O)N(c2cc(Cl)cc(Cl)c2)C(=O)/C1=C\\c1ccc(C(N)=O)cc1"], "mapped_smiles": "[CH3:1][N:2]1[C:3](=[O:4])[N:5]([c:6]2[cH:7][c:8]([Cl:9])[cH:10][c:11]([Cl:12])[cH:13]2)[C:14](=[O:15])/[C:16]1=[CH:17]\\[c:18]1[cH:19][cH:20][c:21]([C:22]([NH2:23])=[O:900])[cH:24][cH:25]1", "reacting_atoms": [22, 23], "template_id": "b53878718acd9338e858e5c26fa8fd62", "template_set": ["bkms"], "num_examples": 1, "necessary_reagent": "", "template_score": 0.04459007829427719, "rms_molwt": -389.033396636, "num_rings": -3, "plausibility": 1, "tforms": ["b53878718acd9338e858e5c26fa8fd62"], "rank": 12, "score": -6197.104045672613}, {"smiles": "CN1C(=O)N(c2cc(Cl)cc(Cl)c2)C(=O)C1Cc1ccc(C#N)cc1", "smiles_split": ["CN1C(=O)N(c2cc(Cl)cc(Cl)c2)C(=O)C1Cc1ccc(C#N)cc1"], "mapped_smiles": "[CH3:1][N:2]1[C:3](=[O:4])[N:5]([c:6]2[cH:7][c:8]([Cl:9])[cH:10][c:11]([Cl:12])[cH:13]2)[C:14](=[O:15])[CH:16]1[CH2:17][c:18]1[cH:19][cH:20][c:21]([C:22]#[N:23])[cH:24][cH:25]1", "reacting_atoms": [16, 17], "template_id": "30df515a05acde4cb92b6538c2abeb39", "template_set": ["bkms"], "num_examples": 2, "necessary_reagent": "", "template_score": 0.037515539675951004, "rms_molwt": -373.03848201600005, "num_rings": -3, "plausibility": 1, "tforms": ["30df515a05acde4cb92b6538c2abeb39"], "rank": 13, "score": -6961.9241024786925}, {"smiles": "CN1C(=O)N(c2cc(Cl)c(C(=O)O)c(Cl)c2)C(=O)/C1=C\\c1ccc(C#N)cc1", "smiles_split": ["CN1C(=O)N(c2cc(Cl)c(C(=O)O)c(Cl)c2)C(=O)/C1=C\\c1ccc(C#N)cc1"], "mapped_smiles": "[CH3:1][N:2]1[C:3](=[O:4])[N:5]([c:6]2[cH:7][c:8]([Cl:9])[c:10]([C:901]([OH:900])=[O:902])[c:11]([Cl:12])[cH:13]2)[C:14](=[O:15])/[C:16]1=[CH:17]\\[c:18]1[cH:19][cH:20][c:21]([C:22]#[N:23])[cH:24][cH:25]1", "reacting_atoms": [10], "template_id": "7b224edf0386a32c82063499cfe171fd", "template_set": ["bkms"], "num_examples": 23, "necessary_reagent": "", "template_score": 0.01488680299371481, "rms_molwt": -415.01266119200005, "num_rings": -3, "plausibility": 1, "tforms": ["7b224edf0386a32c82063499cfe171fd"], "rank": 14, "score": -20656.18029986433}, {"smiles": "CN1C(=O)N(c2cc(Cl)cc(Cl)c2)C(=O)/C1=C\\c1ccc(C#N)c(C(=O)O)c1", "smiles_split": ["CN1C(=O)N(c2cc(Cl)cc(Cl)c2)C(=O)/C1=C\\c1ccc(C#N)c(C(=O)O)c1"], "mapped_smiles": "[CH3:1][N:2]1[C:3](=[O:4])[N:5]([c:6]2[cH:7][c:8]([Cl:9])[cH:10][c:11]([Cl:12])[cH:13]2)[C:14](=[O:15])/[C:16]1=[CH:17]\\[c:18]1[cH:19][cH:20][c:21]([C:22]#[N:23])[c:24]([C:901]([OH:900])=[O:902])[cH:25]1", "reacting_atoms": [24], "template_id": "7b224edf0386a32c82063499cfe171fd", "template_set": ["bkms"], "num_examples": 23, "necessary_reagent": "", "template_score": 0.01488680299371481, "rms_molwt": -415.012661192, "num_rings": -3, "plausibility": 1, "tforms": ["7b224edf0386a32c82063499cfe171fd"], "rank": 15, "score": -20656.18029986433}]}