{"smiles": "COc1cccc2c1C(=O)c1c(O)c3c(c(O)c1C2=O)C[C@@](O)(C(=O)CO)C[C@@H]3O[C@H]1C[C@H](N)[C@H](O[C@H]2CCCCO2)[C@H](C)O1", "sfscore": [0.48702239990234375, 0.5391146540641785], "chem_result": [{"smiles": "COc1cccc2c1C(=O)c1c(O)c3c(c(O)c1C2=O)C[C@@](O)(C(=O)CO)C[C@@H]3O[C@H]1C[C@H](N)[C@H](O[C@H]2CCCCO2)[C@H](C)O1", "bw_confidence": 0.07698755672385874, "confidence": 0.23102011551595583, "rclass": "4 4.2 4.2.21", "children": [{"smiles": "COc1cccc2c1C(=O)c1c(O)c3c(c(O)c1C2=O)C[C@@](O)(C(=O)CO)C[C@@H]3O"}, {"smiles": "C[C@H](O)[C@@H](O[C@H]1CCCCO1)[C@@H](N)CC=O"}]}, {"smiles": "COc1cccc2c1C(=O)c1c(O)c3c(c(O)c1C2=O)C[C@@](O)(C(=O)CO)C[C@@H]3O[C@H]1C[C@H](N)[C@H](O[C@H]2CCCCO2)[C@H](C)O1", "bw_confidence": 0.06486952645401281, "confidence": 0.9662951444711674, "rclass": "6 6.1 6.1.3", "children": [{"smiles": "COc1cccc2c1C(=O)c1c(O)c3c(c(O)c1C2=O)C[C@@](O)(C(=O)CO)C[C@@H]3O[C@H]1C[C@H](NC(=O)OCc2ccccc2)[C@H](O[C@H]2CCCCO2)[C@H](C)O1"}, {"smiles": "[H][H]"}, {"smiles": "[Pd]"}]}, {"smiles": "COc1cccc2c1C(=O)c1c(O)c3c(c(O)c1C2=O)C[C@@](O)(C(=O)CO)C[C@@H]3O[C@H]1C[C@H](N)[C@H](O[C@H]2CCCCO2)[C@H](C)O1", "bw_confidence": 0.05409725023228711, "confidence": 0.9592227378313971, "rclass": "9 9.7 9.7.13", "children": [{"smiles": "CO"}, {"smiles": "COc1cccc2c1C(=O)c1c(O)c3c(c(O)c1C2=O)C[C@@](O)(C(=O)CO)C[C@@H]3O[C@H]1C[C@H](N=[N+]=[N-])[C@H](O[C@H]2CCCCO2)[C@H](C)O1"}, {"smiles": "[Pd]"}]}, {"smiles": "COc1cccc2c1C(=O)c1c(O)c3c(c(O)c1C2=O)C[C@@](O)(C(=O)CO)C[C@@H]3O[C@H]1C[C@H](N)[C@H](O[C@H]2CCCCO2)[C@H](C)O1", "bw_confidence": 0.04624317777880579, "confidence": 0.9443800009872065, "rclass": "7 7.1 7.1.1", "children": [{"smiles": "CO"}, {"smiles": "COc1cccc2c1C(=O)c1c(O)c3c(c(O)c1C2=O)C[C@@](O)(C(=O)CO)C[C@@H]3O[C@H]1C[C@H]([N+](=O)[O-])[C@H](O[C@H]2CCCCO2)[C@H](C)O1"}, {"smiles": "[H][H]"}, {"smiles": "[Pd]"}]}, {"smiles": "COc1cccc2c1C(=O)c1c(O)c3c(c(O)c1C2=O)C[C@@](O)(C(=O)CO)C[C@@H]3O[C@H]1C[C@H](N)[C@H](O[C@H]2CCCCO2)[C@H](C)O1", "bw_confidence": 0.0380166686050499, "confidence": 0.4408403509919676, "rclass": "11 11.9 11.9", "children": [{"smiles": "COc1cccc2c1C(=O)c1c(O)c3c(c(O)c1C2=O)C[C@@](O)(C(=O)CO)C[C@@H]3O[C@H]1C[C@H](N)[C@H](O[C@H]2CCCCO2)[C@H](C)O1~Cl"}, {"smiles": "O"}]}, {"smiles": "COc1cccc2c1C(=O)c1c(O)c3c(c(O)c1C2=O)C[C@@](O)(C(=O)CO)C[C@@H]3O[C@H]1C[C@H](N)[C@H](O[C@H]2CCCCO2)[C@H](C)O1", "bw_confidence": 0.010209711410029777, "confidence": 0.11605893019488554, "rclass": "0 0 0", "children": [{"smiles": "COc1cccc2c1C(=O)c1c(O)c3c(c(O)c1C2=O)C[C@@](O)(C(=O)CO)C[C@@H]3O[C@H]1C[C@H]([NH3+])[C@H](O[C@H]2CCCCO2)[C@H](C)O1"}, {"smiles": "[Cl-]"}]}, {"smiles": "COc1cccc2c1C(=O)c1c(O)c3c(c(O)c1C2=O)C[C@@](O)(C(=O)CO)C[C@@H]3O[C@H]1C[C@H](N)[C@H](O[C@H]2CCCCO2)[C@H](C)O1", "bw_confidence": 0.007649758446406194, "confidence": 0.17068601942252823, "rclass": "1 1.7 1.7.4", "children": [{"smiles": "COc1cccc2c1C(=O)c1c(O)c3c(c(O)c1C2=O)C[C@@](O)(C(=O)CO)C[C@@H]3O[C@H]1C[C@H](N)[C@H](O[C@H]2CCCCO2)[C@H](C)O1"}, {"smiles": "ClCCl"}]}, {"smiles": "COc1cccc2c1C(=O)c1c(O)c3c(c(O)c1C2=O)C[C@@](O)(C(=O)CO)C[C@@H]3O[C@H]1C[C@H](N)[C@H](O[C@H]2CCCCO2)[C@H](C)O1", "bw_confidence": 0.006998916740994941, "confidence": 0.8474236574686003, "rclass": "11 11.5 11.5", "children": [{"smiles": "CC(=O)O"}, {"smiles": "COc1cccc2c1C(=O)c1c(O)c3c(c(O)c1C2=O)C[C@@](O)(C(=O)CO)C[C@@H]3O[C@H]1C[C@H](N)[C@H](O[C@H]2CCCCO2)[C@H](C)O1"}]}, {"smiles": "COc1cccc2c1C(=O)c1c(O)c3c(c(O)c1C2=O)C[C@@](O)(C(=O)CO)C[C@@H]3O[C@H]1C[C@H](N)[C@H](O[C@H]2CCCCO2)[C@H](C)O1", "bw_confidence": 0.003078809801061689, "confidence": 0.3473120184524573, "rclass": "2 2.6 2.6.4", "children": [{"smiles": "COc1cccc2c1C(=O)c1c(O)c3c(c(O)c1C2=O)C[C@@](O)(C(C)=O)C[C@@H]3O[C@H]1C[C@H](N)[C@H](O[C@H]2CCCCO2)[C@H](C)O1"}, {"smiles": "ClCCl"}, {"smiles": "O=C(OO)c1cccc(Cl)c1"}]}, {"smiles": "COc1cccc2c1C(=O)c1c(O)c3c(c(O)c1C2=O)C[C@@](O)(C(=O)CO)C[C@@H]3O[C@H]1C[C@H](N)[C@H](O[C@H]2CCCCO2)[C@H](C)O1", "bw_confidence": 0.0014812263066334727, "confidence": 0.27388543627213546, "rclass": "0 0 0", "children": [{"smiles": "COc1cccc2c1C(=O)c1c(O)c3c(c(O)c1C2=O)C[C@@](O)(C(=O)CO)C[C@@H]3O[C@H]1C[C@H](N)[C@H](O[C@H]2CCCCO2)[C@H](C)O1"}, {"smiles": "ClCCl"}, {"smiles": "Cl[Ti](Cl)(Cl)Cl"}]}], "chem_bw_confidence_list": [0.07698755672385874, 0.06486952645401281, 0.05409725023228711, 0.04624317777880579, 0.0380166686050499, 0.010209711410029777, 0.007649758446406194, 0.006998916740994941, 0.003078809801061689, 0.0014812263066334727], "enzy_template_score_list": [0.5462303757667542, 0.1708395928144455, 0.12372392416000366, 0.026303885504603386, 0.028394665569067, 0.028394665569067, 0.028394665569067, 0.028394665569067, 0.0036511023063212633, 0.005757585167884827, 0.003502421546727419, 0.0023402534425258636, 0.0023402534425258636, 0.0023402534425258636, 0.0023402534425258636], "enzy_result": [{"smiles": "COc1cccc2c1C(=O)c1c(O)c3c(c(O)c1C2=O)C[C@@](O)(C(C)=O)C[C@@H]3O[C@H]1C[C@H](N)[C@H](O[C@H]2CCCCO2)[C@H](C)O1", "smiles_split": ["COc1cccc2c1C(=O)c1c(O)c3c(c(O)c1C2=O)C[C@@](O)(C(C)=O)C[C@@H]3O[C@H]1C[C@H](N)[C@H](O[C@H]2CCCCO2)[C@H](C)O1"], "mapped_smiles": "[CH3:1][O:2][c:3]1[cH:4][cH:5][cH:6][c:7]2[c:8]1[C:9](=[O:10])[c:11]1[c:12]([OH:13])[c:14]3[c:15]([c:16]([OH:17])[c:18]1[C:19]2=[O:20])[CH2:21][C@@:22]([OH:23])([C:24](=[O:25])[CH3:26])[CH2:28][C@@H:29]3[O:30][C@H:31]1[CH2:32][C@H:33]([NH2:34])[C@H:35]([O:36][C@H:37]2[CH2:38][CH2:39][CH2:40][CH2:41][O:42]2)[C@H:43]([CH3:44])[O:45]1", "reacting_atoms": [26], "template_id": "0ee1ccac03d1dd28e90c730ebbf930fa", "template_set": ["bkms", "bkms"], "num_examples": 77, "necessary_reagent": "[O]", "template_score": 0.5462303757667542, "rms_molwt": -611.236661004, "num_rings": -6, "plausibility": 1, "tforms": ["f79f472bf2519c1c739003d134aa74dc", "0ee1ccac03d1dd28e90c730ebbf930fa"], "rank": 1, "score": -1426.0650583614683}, {"smiles": "COc1cccc2c1C(=O)c1c(O)c3c(c(O)c1C2=O)C[C@@](O)(C(O)CO)C[C@@H]3O[C@H]1C[C@H](N)[C@H](O[C@H]2CCCCO2)[C@H](C)O1", "smiles_split": ["COc1cccc2c1C(=O)c1c(O)c3c(c(O)c1C2=O)C[C@@](O)(C(O)CO)C[C@@H]3O[C@H]1C[C@H](N)[C@H](O[C@H]2CCCCO2)[C@H](C)O1"], "mapped_smiles": "COc1cccc2c1C(=O)c1c(O)c3c(c(O)c1C2=O)C[C@@](O)(C(O)CO)C[C@@H]3O[C@H]1C[C@H](N)[C@H](O[C@H]2CCCCO2)[C@H](C)O1", "reacting_atoms": [-1], "template_id": "357126d096b9d2e32d257375a420472a", "template_set": ["bkms", "bkms", "bkms", "bkms", "bkms", "bkms", "bkms"], "num_examples": 237, "necessary_reagent": "", "template_score": 0.1708395928144455, "rms_molwt": -629.2472256879998, "num_rings": -6, "plausibility": 1, "tforms": ["54df3cceb3c7f7501afe8b1bbf4536b5", "357126d096b9d2e32d257375a420472a", "ae2b4433467f6c332e28eefbfb960239", "35e47acfcf35668ae7c84053bd47bef0", "c4b399cfd6eb731833c5f03b5be817cf", "c3df4b32a4526a4773e382bf5570b10d", "0c7dcd7f9823e2af4e741ccca881c752"], "rank": 2, "score": -4670.887060622534}, {"smiles": "C[C@@H]1O[C@@H](O[C@H]2C[C@](O)(C(=O)CO)Cc3c(O)c4c(c(O)c32)C(=O)c2c(O)cccc2C4=O)C[C@H](N)[C@@H]1O[C@H]1CCCCO1", "smiles_split": ["C[C@@H]1O[C@@H](O[C@H]2C[C@](O)(C(=O)CO)Cc3c(O)c4c(c(O)c32)C(=O)c2c(O)cccc2C4=O)C[C@H](N)[C@@H]1O[C@H]1CCCCO1"], "mapped_smiles": "[OH:2][c:3]1[cH:4][cH:5][cH:6][c:7]2[c:8]1[C:9](=[O:10])[c:11]1[c:12]([OH:13])[c:14]3[c:15]([c:16]([OH:17])[c:18]1[C:19]2=[O:20])[CH2:21][C@@:22]([OH:23])([C:24](=[O:25])[CH2:26][OH:27])[CH2:28][C@@H:29]3[O:30][C@H:31]1[CH2:32][C@H:33]([NH2:34])[C@H:35]([O:36][C@H:37]2[CH2:38][CH2:39][CH2:40][CH2:41][O:42]2)[C@H:43]([CH3:44])[O:45]1", "reacting_atoms": [2], "template_id": "e0e2b378d623262efad3f5cff831b758", "template_set": ["bkms"], "num_examples": 223, "necessary_reagent": "[C]", "template_score": 0.12372392416000366, "rms_molwt": -613.21592556, "num_rings": -6, "plausibility": 1, "tforms": ["e0e2b378d623262efad3f5cff831b758"], "rank": 3, "score": -6295.953333077663}, {"smiles": "COc1cccc2c1C(=O)c1c(O)c3c(c(O)c1C2=O)C[C@@](O)([C@@H](O)C=O)C[C@@H]3O[C@H]1C[C@H](N)[C@H](O[C@H]2CCCCO2)[C@H](C)O1", "smiles_split": ["COc1cccc2c1C(=O)c1c(O)c3c(c(O)c1C2=O)C[C@@](O)([C@@H](O)C=O)C[C@@H]3O[C@H]1C[C@H](N)[C@H](O[C@H]2CCCCO2)[C@H](C)O1"], "mapped_smiles": "[CH3:1][O:2][c:3]1[cH:4][cH:5][cH:6][c:7]2[c:8]1[C:9](=[O:10])[c:11]1[c:12]([OH:13])[c:14]3[c:15]([c:16]([OH:17])[c:18]1[C:19]2=[O:20])[CH2:21][C@@:22]([OH:23])([C@@H:24]([OH:25])[CH:26]=[O:27])[CH2:28][C@@H:29]3[O:30][C@H:31]1[CH2:32][C@H:33]([NH2:34])[C@H:35]([O:36][C@H:37]2[CH2:38][CH2:39][CH2:40][CH2:41][O:42]2)[C@H:43]([CH3:44])[O:45]1", "reacting_atoms": [24, 25, 26, 27], "template_id": "bfc06a8828b8421dcc123dbb06645c8c", "template_set": ["bkms"], "num_examples": 5, "necessary_reagent": "", "template_score": 0.026303885504603386, "rms_molwt": -627.2315756239999, "num_rings": -6, "plausibility": 1, "tforms": ["bfc06a8828b8421dcc123dbb06645c8c"], "rank": 4, "score": -31477.19158730805}, {"smiles": "COc1cccc2c1C(=O)c1c(O)c3c(c(O)c1C2=O)C[C@@](O)(C(=O)CO)C[C@@H]3O[C@H]1C[C@H](N)[C@H](O)[C@H](C)O1.Cc1cn([C@H]2C[C@H](O)[C@@H](COP(=O)(O)OP(=O)(O)O[C@@H]3CCCCO3)O2)c(=O)[nH]c1=O", "smiles_split": ["COc1cccc2c1C(=O)c1c(O)c3c(c(O)c1C2=O)C[C@@](O)(C(=O)CO)C[C@@H]3O[C@H]1C[C@H](N)[C@H](O)[C@H](C)O1", "Cc1cn([C@H]2C[C@H](O)[C@@H](COP(=O)(O)OP(=O)(O)O[C@@H]3CCCCO3)O2)c(=O)[nH]c1=O"], "mapped_smiles": "[C@@H:37]1([O:918][P:915]([O:914][P:911]([O:910][CH2:909][C@@H:908]2[C@@H:906]([OH:907])[CH2:905][C@H:904]([n:903]3[cH:902][c:901]([CH3:900])[c:923](=[O:924])[nH:922][c:920]3=[O:921])[O:919]2)([OH:912])=[O:913])([OH:916])=[O:917])[CH2:38][CH2:39][CH2:40][CH2:41][O:42]1.[CH3:1][O:2][c:3]1[cH:4][cH:5][cH:6][c:7]2[c:8]1[C:9](=[O:10])[c:11]1[c:12]([OH:13])[c:14]3[c:15]([c:16]([OH:17])[c:18]1[C:19]2=[O:20])[CH2:21][C@@:22]([OH:23])([C:24](=[O:25])[CH2:26][OH:27])[CH2:28][C@@H:29]3[O:30][C@H:31]1[CH2:32][C@H:33]([NH2:34])[C@H:35]([OH:36])[C@H:43]([CH3:44])[O:45]1", "reacting_atoms": [37, 35, 36], "template_id": "8ad03d31335090682862c87ec0f71f0d", "template_set": ["bkms"], "num_examples": 25, "necessary_reagent": "", "template_score": 0.028394665569067, "rms_molwt": -515.4184036683996, "num_rings": -8, "plausibility": 1, "tforms": ["8ad03d31335090682862c87ec0f71f0d"], "rank": 5, "score": -36305.722803814315}, {"smiles": "COc1cccc2c1C(=O)c1c(O)c3c(c(O)c1C2=O)C[C@@](O)(C(=O)CO)C[C@@H]3O.Cc1cn([C@H]2C[C@H](O)[C@@H](COP(=O)(O)OP(=O)(O)O[C@@H]3C[C@H](N)[C@H](O[C@H]4CCCCO4)[C@H](C)O3)O2)c(=O)[nH]c1=O", "smiles_split": ["COc1cccc2c1C(=O)c1c(O)c3c(c(O)c1C2=O)C[C@@](O)(C(=O)CO)C[C@@H]3O", "Cc1cn([C@H]2C[C@H](O)[C@@H](COP(=O)(O)OP(=O)(O)O[C@@H]3C[C@H](N)[C@H](O[C@H]4CCCCO4)[C@H](C)O3)O2)c(=O)[nH]c1=O"], "mapped_smiles": "[C@@H:31]1([O:918][P:915]([O:914][P:911]([O:910][CH2:909][C@@H:908]2[C@@H:906]([OH:907])[CH2:905][C@H:904]([n:903]3[cH:902][c:901]([CH3:900])[c:923](=[O:924])[nH:922][c:920]3=[O:921])[O:919]2)([OH:912])=[O:913])([OH:916])=[O:917])[CH2:32][C@H:33]([NH2:34])[C@H:35]([O:36][C@H:37]2[CH2:38][CH2:39][CH2:40][CH2:41][O:42]2)[C@H:43]([CH3:44])[O:45]1.[CH3:1][O:2][c:3]1[cH:4][cH:5][cH:6][c:7]2[c:8]1[C:9](=[O:10])[c:11]1[c:12]([OH:13])[c:14]3[c:15]([c:16]([OH:17])[c:18]1[C:19]2=[O:20])[CH2:21][C@@:22]([OH:23])([C:24](=[O:25])[CH2:26][OH:27])[CH2:28][C@@H:29]3[OH:30]", "reacting_atoms": [31, 29, 30], "template_id": "8ad03d31335090682862c87ec0f71f0d", "template_set": ["bkms"], "num_examples": 25, "necessary_reagent": "", "template_score": 0.028394665569067, "rms_molwt": -524.3547732862993, "num_rings": -8, "plausibility": 1, "tforms": ["8ad03d31335090682862c87ec0f71f0d"], "rank": 6, "score": -37601.80774689867}, {"smiles": "COc1cccc2c1C(=O)c1c(O)c3c(c(O)c1C2=O)C[C@@](O)(C(=O)CO)C[C@@H]3O[C@H](C[C@H](N)[C@H](O[C@H]1CCCCO1)[C@H](C)O)OP(=O)(O)OP(=O)(O)OC[C@H]1O[C@@H](n2cc(C)c(=O)[nH]c2=O)C[C@@H]1O", "smiles_split": ["COc1cccc2c1C(=O)c1c(O)c3c(c(O)c1C2=O)C[C@@](O)(C(=O)CO)C[C@@H]3O[C@H](C[C@H](N)[C@H](O[C@H]1CCCCO1)[C@H](C)O)OP(=O)(O)OP(=O)(O)OC[C@H]1O[C@@H](n2cc(C)c(=O)[nH]c2=O)C[C@@H]1O"], "mapped_smiles": "[CH3:1][O:2][c:3]1[cH:4][cH:5][cH:6][c:7]2[c:8]1[C:9](=[O:10])[c:11]1[c:12]([OH:13])[c:14]3[c:15]([c:16]([OH:17])[c:18]1[C:19]2=[O:20])[CH2:21][C@@:22]([OH:23])([C:24](=[O:25])[CH2:26][OH:27])[CH2:28][C@@H:29]3[O:30][C@H:31]([CH2:32][C@H:33]([NH2:34])[C@H:35]([O:36][C@H:37]1[CH2:38][CH2:39][CH2:40][CH2:41][O:42]1)[C@H:43]([CH3:44])[OH:45])[O:918][P:915]([O:914][P:911]([O:910][CH2:909][C@@H:908]1[C@@H:906]([OH:907])[CH2:905][C@H:904]([n:903]2[cH:902][c:901]([CH3:900])[c:923](=[O:924])[nH:922][c:920]2=[O:921])[O:919]1)([OH:912])=[O:913])([OH:916])=[O:917]", "reacting_atoms": [31, 45], "template_id": "8ad03d31335090682862c87ec0f71f0d", "template_set": ["bkms"], "num_examples": 25, "necessary_reagent": "", "template_score": 0.028394665569067, "rms_molwt": -1029.2545082160002, "num_rings": -7, "plausibility": 1, "tforms": ["8ad03d31335090682862c87ec0f71f0d"], "rank": 7, "score": -51445.11220583097}, {"smiles": "COc1cccc2c1C(=O)c1c(O)c3c(c(O)c1C2=O)C[C@@](O)(C(=O)CO)C[C@@H]3O[C@H]1C[C@H](N)[C@H](O[C@H](CCCCO)OP(=O)(O)OP(=O)(O)OC[C@H]2O[C@@H](n3cc(C)c(=O)[nH]c3=O)C[C@@H]2O)[C@H](C)O1", "smiles_split": ["COc1cccc2c1C(=O)c1c(O)c3c(c(O)c1C2=O)C[C@@](O)(C(=O)CO)C[C@@H]3O[C@H]1C[C@H](N)[C@H](O[C@H](CCCCO)OP(=O)(O)OP(=O)(O)OC[C@H]2O[C@@H](n3cc(C)c(=O)[nH]c3=O)C[C@@H]2O)[C@H](C)O1"], "mapped_smiles": "[CH3:1][O:2][c:3]1[cH:4][cH:5][cH:6][c:7]2[c:8]1[C:9](=[O:10])[c:11]1[c:12]([OH:13])[c:14]3[c:15]([c:16]([OH:17])[c:18]1[C:19]2=[O:20])[CH2:21][C@@:22]([OH:23])([C:24](=[O:25])[CH2:26][OH:27])[CH2:28][C@@H:29]3[O:30][C@H:31]1[CH2:32][C@H:33]([NH2:34])[C@H:35]([O:36][C@H:37]([CH2:38][CH2:39][CH2:40][CH2:41][OH:42])[O:918][P:915]([O:914][P:911]([O:910][CH2:909][C@@H:908]2[C@@H:906]([OH:907])[CH2:905][C@H:904]([n:903]3[cH:902][c:901]([CH3:900])[c:923](=[O:924])[nH:922][c:920]3=[O:921])[O:919]2)([OH:912])=[O:913])([OH:916])=[O:917])[C@H:43]([CH3:44])[O:45]1", "reacting_atoms": [37, 42], "template_id": "8ad03d31335090682862c87ec0f71f0d", "template_set": ["bkms"], "num_examples": 25, "necessary_reagent": "", "template_score": 0.028394665569067, "rms_molwt": -1029.2545082160002, "num_rings": -7, "plausibility": 1, "tforms": ["8ad03d31335090682862c87ec0f71f0d"], "rank": 8, "score": -51445.11220583097}, {"smiles": "COc1cccc2c1C(=O)c1c(O)c3c(c(O)c1C2=O)C[C@@](O)([C@H](O)C=O)C[C@@H]3O[C@H]1C[C@H](N)[C@H](O[C@H]2CCCCO2)[C@H](C)O1", "smiles_split": ["COc1cccc2c1C(=O)c1c(O)c3c(c(O)c1C2=O)C[C@@](O)([C@H](O)C=O)C[C@@H]3O[C@H]1C[C@H](N)[C@H](O[C@H]2CCCCO2)[C@H](C)O1"], "mapped_smiles": "[CH3:1][O:2][c:3]1[cH:4][cH:5][cH:6][c:7]2[c:8]1[C:9](=[O:10])[c:11]1[c:12]([OH:13])[c:14]3[c:15]([c:16]([OH:17])[c:18]1[C:19]2=[O:20])[CH2:21][C@@:22]([OH:23])([C@H:24]([OH:25])[CH:26]=[O:27])[CH2:28][C@@H:29]3[O:30][C@H:31]1[CH2:32][C@H:33]([NH2:34])[C@H:35]([O:36][C@H:37]2[CH2:38][CH2:39][CH2:40][CH2:41][O:42]2)[C@H:43]([CH3:44])[O:45]1", "reacting_atoms": [24, 25, 26, 27], "template_id": "c121b28ab6683419730b46410b9794b8", "template_set": ["bkms"], "num_examples": 6, "necessary_reagent": "", "template_score": 0.0036511023063212633, "rms_molwt": -627.2315756239999, "num_rings": -6, "plausibility": 1, "tforms": ["c121b28ab6683419730b46410b9794b8"], "rank": 9, "score": -226773.27942455138}, {"smiles": "COc1cccc2c1C(=O)c1c(O)c3c(c(O)c1C2=O)C[C@@](O)([C@@H](O)[C@H](O)O[C@H]1[C@H](CO)O[C@H](O)[C@@H](O)[C@@H]1O)C[C@@H]3O[C@H]1C[C@H](N)[C@H](O[C@H]2CCCCO2)[C@H](C)O1", "smiles_split": ["COc1cccc2c1C(=O)c1c(O)c3c(c(O)c1C2=O)C[C@@](O)([C@@H](O)[C@H](O)O[C@H]1[C@H](CO)O[C@H](O)[C@@H](O)[C@@H]1O)C[C@@H]3O[C@H]1C[C@H](N)[C@H](O[C@H]2CCCCO2)[C@H](C)O1"], "mapped_smiles": "[CH3:1][O:2][c:3]1[cH:4][cH:5][cH:6][c:7]2[c:8]1[C:9](=[O:10])[c:11]1[c:12]([OH:13])[c:14]3[c:15]([c:16]([OH:17])[c:18]1[C:19]2=[O:20])[CH2:21][C@@:22]([OH:23])([C@@H:24]([OH:25])[C@H:26]([OH:27])[O:911][C@H:910]1[C@H:902]([CH2:901][OH:900])[O:903][C@H:904]([OH:905])[C@@H:906]([OH:907])[C@@H:908]1[OH:909])[CH2:28][C@@H:29]3[O:30][C@H:31]1[CH2:32][C@H:33]([NH2:34])[C@H:35]([O:36][C@H:37]2[CH2:38][CH2:39][CH2:40][CH2:41][O:42]2)[C@H:43]([CH3:44])[O:45]1", "reacting_atoms": [26, 24, 25], "template_id": "d21e5e5aad90cabc2adf65c948ba1448", "template_set": ["bkms"], "num_examples": 1, "necessary_reagent": "", "template_score": 0.005757585167884827, "rms_molwt": -807.2949637279999, "num_rings": -7, "plausibility": 1, "tforms": ["d21e5e5aad90cabc2adf65c948ba1448"], "rank": 10, "score": -241937.756961689}, {"smiles": "COc1cccc2c1C(=O)c1c(O)c3c(c(O)c1C2=O)C[C@@](O)([C@H](O)[C@H](O)C(=O)O)C[C@@H]3O[C@H]1C[C@H](N)[C@H](O[C@H]2CCCCO2)[C@H](C)O1", "smiles_split": ["COc1cccc2c1C(=O)c1c(O)c3c(c(O)c1C2=O)C[C@@](O)([C@H](O)[C@H](O)C(=O)O)C[C@@H]3O[C@H]1C[C@H](N)[C@H](O[C@H]2CCCCO2)[C@H](C)O1"], "mapped_smiles": "[CH3:1][O:2][c:3]1[cH:4][cH:5][cH:6][c:7]2[c:8]1[C:9](=[O:10])[c:11]1[c:12]([OH:13])[c:14]3[c:15]([c:16]([OH:17])[c:18]1[C:19]2=[O:20])[CH2:21][C@@:22]([OH:23])([C@H:24]([OH:25])[C@H:26]([OH:27])[C:901]([OH:900])=[O:902])[CH2:28][C@@H:29]3[O:30][C@H:31]1[CH2:32][C@H:33]([NH2:34])[C@H:35]([O:36][C@H:37]2[CH2:38][CH2:39][CH2:40][CH2:41][O:42]2)[C@H:43]([CH3:44])[O:45]1", "reacting_atoms": [26, 24, 25], "template_id": "04040af0d23f81fac35722c2033b5ea2", "template_set": ["bkms"], "num_examples": 2, "necessary_reagent": "", "template_score": 0.003502421546727419, "rms_molwt": -673.2370549279999, "num_rings": -6, "plausibility": 1, "tforms": ["04040af0d23f81fac35722c2033b5ea2"], "rank": 11, "score": -263629.48816463014}, {"smiles": "COc1cccc2c1C(=O)c1c(O)c3c(c(O)c1C2=O)C[C@@](O)(C(=O)CO)C[C@@H]3O[C@H]1C[C@H](N)[C@H](O[C@H]2CCC(O)CO2)[C@H](C)O1", "smiles_split": ["COc1cccc2c1C(=O)c1c(O)c3c(c(O)c1C2=O)C[C@@](O)(C(=O)CO)C[C@@H]3O[C@H]1C[C@H](N)[C@H](O[C@H]2CCC(O)CO2)[C@H](C)O1"], "mapped_smiles": "COc1cccc2c1C(=O)c1c(O)c3c(c(O)c1C2=O)C[C@@](O)(C(=O)CO)C[C@@H]3O[C@H]1C[C@H](N)[C@H](O[C@H]2CCC(O)CO2)[C@H](C)O1", "reacting_atoms": [-1], "template_id": "81213fb75e46892b9fa5f6321771952e", "template_set": ["bkms", "bkms", "bkms"], "num_examples": 30, "necessary_reagent": "", "template_score": 0.0023402534425258636, "rms_molwt": -643.2264902439999, "num_rings": -6, "plausibility": 1, "tforms": ["30e9d56bde10fbb0c5513016c230904e", "81213fb75e46892b9fa5f6321771952e", "19859b775fcd1996c7213b40cc4bafbb"], "rank": 12, "score": -349623.8626011784}, {"smiles": "COc1cccc2c1C(=O)c1c(O)c3c(c(O)c1C2=O)C[C@@](O)(C(=O)CO)C[C@@H]3O[C@H]1C[C@H](N)[C@H](O[C@@H]2OCCCC2O)[C@H](C)O1", "smiles_split": ["COc1cccc2c1C(=O)c1c(O)c3c(c(O)c1C2=O)C[C@@](O)(C(=O)CO)C[C@@H]3O[C@H]1C[C@H](N)[C@H](O[C@@H]2OCCCC2O)[C@H](C)O1"], "mapped_smiles": "COc1cccc2c1C(=O)c1c(O)c3c(c(O)c1C2=O)C[C@@](O)(C(=O)CO)C[C@@H]3O[C@H]1C[C@H](N)[C@H](O[C@@H]2OCCCC2O)[C@H](C)O1", "reacting_atoms": [-1], "template_id": "81213fb75e46892b9fa5f6321771952e", "template_set": ["bkms", "bkms", "bkms"], "num_examples": 30, "necessary_reagent": "", "template_score": 0.0023402534425258636, "rms_molwt": -643.2264902439999, "num_rings": -6, "plausibility": 1, "tforms": ["30e9d56bde10fbb0c5513016c230904e", "81213fb75e46892b9fa5f6321771952e", "19859b775fcd1996c7213b40cc4bafbb"], "rank": 13, "score": -349623.8626011784}, {"smiles": "COc1cccc2c1C(=O)c1c(O)c3c(c(O)c1C2=O)C[C@@](O)(C(=O)CO)C[C@@H]3O[C@H]1C[C@H](N)[C@H](O[C@H]2CC(O)CCO2)[C@H](C)O1", "smiles_split": ["COc1cccc2c1C(=O)c1c(O)c3c(c(O)c1C2=O)C[C@@](O)(C(=O)CO)C[C@@H]3O[C@H]1C[C@H](N)[C@H](O[C@H]2CC(O)CCO2)[C@H](C)O1"], "mapped_smiles": "COc1cccc2c1C(=O)c1c(O)c3c(c(O)c1C2=O)C[C@@](O)(C(=O)CO)C[C@@H]3O[C@H]1C[C@H](N)[C@H](O[C@H]2CC(O)CCO2)[C@H](C)O1", "reacting_atoms": [-1], "template_id": "81213fb75e46892b9fa5f6321771952e", "template_set": ["bkms", "bkms", "bkms"], "num_examples": 30, "necessary_reagent": "", "template_score": 0.0023402534425258636, "rms_molwt": -643.2264902439999, "num_rings": -6, "plausibility": 1, "tforms": ["30e9d56bde10fbb0c5513016c230904e", "81213fb75e46892b9fa5f6321771952e", "19859b775fcd1996c7213b40cc4bafbb"], "rank": 14, "score": -349623.8626011784}, {"smiles": "COc1cccc2c1C(=O)c1c(O)c3c(c(O)c1C2=O)C[C@@](O)(C(=O)CO)C(O)[C@@H]3O[C@H]1C[C@H](N)[C@H](O[C@H]2CCCCO2)[C@H](C)O1", "smiles_split": ["COc1cccc2c1C(=O)c1c(O)c3c(c(O)c1C2=O)C[C@@](O)(C(=O)CO)C(O)[C@@H]3O[C@H]1C[C@H](N)[C@H](O[C@H]2CCCCO2)[C@H](C)O1"], "mapped_smiles": "COc1cccc2c1C(=O)c1c(O)c3c(c(O)c1C2=O)C[C@@](O)(C(=O)CO)C(O)[C@@H]3O[C@H]1C[C@H](N)[C@H](O[C@H]2CCCCO2)[C@H](C)O1", "reacting_atoms": [-1], "template_id": "81213fb75e46892b9fa5f6321771952e", "template_set": ["bkms", "bkms", "bkms", "bkms"], "num_examples": 33, "necessary_reagent": "", "template_score": 0.0023402534425258636, "rms_molwt": -643.2264902439999, "num_rings": -6, "plausibility": 1, "tforms": ["30e9d56bde10fbb0c5513016c230904e", "81213fb75e46892b9fa5f6321771952e", "19859b775fcd1996c7213b40cc4bafbb", "405b9ab1423e8a0d2398ce2ba57257f5"], "rank": 15, "score": -349623.8626011784}]}