{"smiles": "CCCCCCCCCC/C=C\\CC[C@H](O)[C@H]1CC[C@H]([C@@H](O)CCCCCC(=O)CCCC[C@@H]2C[C@@H](CC(C)=O)C(=O)O2)O1", "sfscore": [0.4933305084705353, 0.5270072221755981], "chem_result": [{"smiles": "CCCCCCCCCC/C=C\\CC[C@H](O)[C@H]1CC[C@H]([C@@H](O)CCCCCC(=O)CCCC[C@@H]2C[C@@H](CC(C)=O)C(=O)O2)O1", "bw_confidence": 0.06689614585627988, "confidence": 0.715293440342865, "rclass": "7 7.4 7.4.1", "children": [{"smiles": "CCCCCCCCCC/C=C\\CC[C@H](OC(=O)c1ccc([N+](=O)[O-])cc1)[C@H]1CC[C@H]([C@@H](O)CCCCCC(=O)CCCC[C@@H]2C[C@@H](CC(C)=O)C(=O)O2)O1"}, {"smiles": "CO"}, {"smiles": "O=C([O-])[O-]~[K+]~[K+]"}]}, {"smiles": "CCCCCCCCCC/C=C\\CC[C@H](O)[C@H]1CC[C@H]([C@@H](O)CCCCCC(=O)CCCC[C@@H]2C[C@@H](CC(C)=O)C(=O)O2)O1", "bw_confidence": 0.037646052129684776, "confidence": 0.35957109488974914, "rclass": "8 8.1 8.1.10", "children": [{"smiles": "CCCCCCCCCC/C=C\\CC[C@H](O)[C@H]1CC[C@H]([C@@H](O)CCCCCC(O)CCCC[C@@H]2C[C@@H](CC(C)=O)C(=O)O2)O1"}, {"smiles": "ClCCl"}, {"smiles": "O=[Cr](=O)([O-])Cl~c1cc[nH+]cc1"}]}, {"smiles": "CCCCCCCCCC/C=C\\CC[C@H](O)[C@H]1CC[C@H]([C@@H](O)CCCCCC(=O)CCCC[C@@H]2C[C@@H](CC(C)=O)C(=O)O2)O1", "bw_confidence": 0.027377326616158708, "confidence": 0.671631961387277, "rclass": "6 6.3 6.3.2", "children": [{"smiles": "C1CCOC1"}, {"smiles": "CCCCCCCCCC/C=C\\CC[C@H](O[Si](C)(C)C(C)(C)C)[C@H]1CC[C@H]([C@H](CCCCCC(=O)CCCC[C@@H]2C[C@@H](CC(C)=O)C(=O)O2)O[Si](C)(C)C(C)(C)C)O1"}, {"smiles": "CCCC[N+](CCCC)(CCCC)CCCC~[F-]"}]}, {"smiles": "CCCCCCCCCC/C=C\\CC[C@H](O)[C@H]1CC[C@H]([C@@H](O)CCCCCC(=O)CCCC[C@@H]2C[C@@H](CC(C)=O)C(=O)O2)O1", "bw_confidence": 0.02066461825934439, "confidence": 0.46426964794963865, "rclass": "9 9.7 9.7.326", "children": [{"smiles": "CCCCCCCCCC/C=C\\CC[C@H](OC=O)[C@H]1CC[C@H]([C@@H](O)CCCCCC(=O)CCCC[C@@H]2C[C@@H](CC(C)=O)C(=O)O2)O1"}, {"smiles": "CO"}, {"smiles": "[OH-]~[Na+]"}]}, {"smiles": "CCCCCCCCCC/C=C\\CC[C@H](O)[C@H]1CC[C@H]([C@@H](O)CCCCCC(=O)CCCC[C@@H]2C[C@@H](CC(C)=O)C(=O)O2)O1", "bw_confidence": 0.010239744654827942, "confidence": 0.7315897700436655, "rclass": "0 0 0", "children": [{"smiles": "C1CCOC1"}, {"smiles": "CCCCCCCCCC/C=C\\CC[C@H](O[Si](c1ccccc1)(c1ccccc1)C(C)(C)C)[C@H]1CC[C@H]([C@@H](O)CCCCCC(=O)CCCC[C@@H]2C[C@@H](CC(C)=O)C(=O)O2)O1"}, {"smiles": "CCCC[N+](CCCC)(CCCC)CCCC~[F-]"}]}, {"smiles": "CCCCCCCCCC/C=C\\CC[C@H](O)[C@H]1CC[C@H]([C@@H](O)CCCCCC(=O)CCCC[C@@H]2C[C@@H](CC(C)=O)C(=O)O2)O1", "bw_confidence": 0.007534579472858042, "confidence": 0.3993817707728477, "rclass": "3 3.9 3.9.13", "children": [{"smiles": "C1CCOC1"}, {"smiles": "CCCCCCCCCC/C=C\\CC[C@H](O)[C@H]1CC[C@H]([C@@H](O)CCCCCC(=O)CCCC[C@@H]2C[C@@H](CC(=O)N(C)OC)C(=O)O2)O1"}, {"smiles": "C[Mg]Br"}]}, {"smiles": "CCCCCCCCCC/C=C\\CC[C@H](O)[C@H]1CC[C@H]([C@@H](O)CCCCCC(=O)CCCC[C@@H]2C[C@@H](CC(C)=O)C(=O)O2)O1", "bw_confidence": 0.005043862072206296, "confidence": 0.20296075256429308, "rclass": "11 11.5 11.5", "children": [{"smiles": "CCCCCCCCCC/C=C\\CC[C@H](O)[C@H]1CC[C@H]([C@@H](O)CCCCCC(=O)CCCC[C@@H]2C[C@@H](CC(C)=O)C(=O)O2)O1"}, {"smiles": "CCOC(C)=O"}]}, {"smiles": "CCCCCCCCCC/C=C\\CC[C@H](O)[C@H]1CC[C@H]([C@@H](O)CCCCCC(=O)CCCC[C@@H]2C[C@@H](CC(C)=O)C(=O)O2)O1", "bw_confidence": 0.004512628097854413, "confidence": 0.7325877226859114, "rclass": "6 6.3 6.3.2", "children": [{"smiles": "C1CCOC1"}, {"smiles": "CCCCCCCCCC/C=C\\CC[C@H](O[Si](C)(C)C(C)(C)C)[C@H]1CC[C@H]([C@@H](O)CCCCCC(=O)CCCC[C@@H]2C[C@@H](CC(C)=O)C(=O)O2)O1"}, {"smiles": "CCCC[N+](CCCC)(CCCC)CCCC~[F-]"}]}, {"smiles": "CCCCCCCCCC/C=C\\CC[C@H](O)[C@H]1CC[C@H]([C@@H](O)CCCCCC(=O)CCCC[C@@H]2C[C@@H](CC(C)=O)C(=O)O2)O1", "bw_confidence": 0.0002754757392747689, "confidence": 0.07586815561407406, "rclass": "0 0 0", "children": [{"smiles": "CCCCCCCCCC/C=C\\CC[C@H](O)[C@H](O)CC[C@@H](O)[C@@H](O)CCCCCC(=O)CCCC[C@@H](O)C[C@@H](CC(C)=O)C(=O)O"}, {"smiles": "CCOC(C)=O"}]}, {"smiles": "CCCCCCCCCC/C=C\\CC[C@H](O)[C@H]1CC[C@H]([C@@H](O)CCCCCC(=O)CCCC[C@@H]2C[C@@H](CC(C)=O)C(=O)O2)O1", "bw_confidence": 0.00017009370416866314, "confidence": 0.25239838792984903, "rclass": "11 11.9 11.9", "children": [{"smiles": "CCCCCCCCCC/C=C\\CC[C@H](O)[C@H]1CC[C@H]([C@@H](O)CCCCCC(=O)CCCC[C@@H]2C[C@@H](CC(C)=O)C(=O)O2)O1~CCCCCCCCC/C=C\\CC[C@H](O)[C@H]1CC[C@H]([C@H](CCCCCC(=O)CCCC[C@@H]2C[C@@H](CC(C)=O)C(=O)O2)O[Si](C)(C)C(C)(C)C)O1"}, {"smiles": "CCCC[N+](CCCC)(CCCC)CCCC~[F-]"}]}, {"smiles": "CCCCCCCCCC/C=C\\CC[C@H](O)[C@H]1CC[C@H]([C@@H](O)CCCCCC(=O)CCCC[C@@H]2C[C@@H](CC(C)=O)C(=O)O2)O1", "bw_confidence": 2.782317672164361e-05, "confidence": 0.3302516362248532, "rclass": "0 0 0", "children": [{"smiles": "CCCCCCCCCC/C=C\\CC[C@H](O)[C@H]1CC[C@H]([C@@H](O)CCCCCC(=O)CCCC[C@@H]2C[C@@H](CC(=O)O)C(=O)O2)O1"}, {"smiles": "CCCCCCCCCC/C=C\\CC[C@H](O)[C@H]1CC[C@H]([C@H](CCCCCC(=O)CCCC[C@@H]2C[C@@H](CC(=O)O)C(=O)O2)O[Si](C)(C)C(C)(C)C)O1"}]}], "chem_bw_confidence_list": [0.06689614585627988, 0.037646052129684776, 0.027377326616158708, 0.02066461825934439, 0.010239744654827942, 0.007534579472858042, 0.005043862072206296, 0.004512628097854413, 0.0002754757392747689, 0.00017009370416866314, 2.782317672164361e-05], "enzy_template_score_list": [0.034898269921541214, 0.034898269921541214, 0.034898269921541214, 0.034898269921541214, 0.034898269921541214, 0.034898269921541214, 0.034898269921541214, 0.034898269921541214, 0.034898269921541214, 0.034898269921541214, 0.034898269921541214, 0.034898269921541214, 0.034898269921541214, 0.034898269921541214, 0.034898269921541214], "enzy_result": [{"smiles": "CCCCCCCC=CC/C=C\\CC[C@H](O)[C@H]1CC[C@H]([C@@H](O)CCCCCC(=O)CCCC[C@@H]2C[C@@H](CC(C)=O)C(=O)O2)O1", "smiles_split": ["CCCCCCCC=CC/C=C\\CC[C@H](O)[C@H]1CC[C@H]([C@@H](O)CCCCCC(=O)CCCC[C@@H]2C[C@@H](CC(C)=O)C(=O)O2)O1"], "mapped_smiles": "CCCCCCCC=CC/C=C\\CC[C@H](O)[C@H]1CC[C@H]([C@@H](O)CCCCCC(=O)CCCC[C@@H]2C[C@@H](CC(C)=O)C(=O)O2)O1", "reacting_atoms": [-1], "template_id": "a6b14edb1da18d74714adbb4a8d12fca", "template_set": ["bkms", "bkms", "bkms"], "num_examples": 6, "necessary_reagent": "", "template_score": 0.034898269921541214, "rms_molwt": -618.449554324, "num_rings": -2, "plausibility": 1, "tforms": ["a6b14edb1da18d74714adbb4a8d12fca", "8b5c16661ec481a55be458db21412d79", "9ddf4c3521804c0c8b37800139d9e362"], "rank": 1, "score": -19695.782663425474}, {"smiles": "CCCCCCCCCCC=CC=C[C@H](O)[C@H]1CC[C@H]([C@@H](O)CCCCCC(=O)CCCC[C@@H]2C[C@@H](CC(C)=O)C(=O)O2)O1", "smiles_split": ["CCCCCCCCCCC=CC=C[C@H](O)[C@H]1CC[C@H]([C@@H](O)CCCCCC(=O)CCCC[C@@H]2C[C@@H](CC(C)=O)C(=O)O2)O1"], "mapped_smiles": "CCCCCCCCCCC=CC=C[C@H](O)[C@H]1CC[C@H]([C@@H](O)CCCCCC(=O)CCCC[C@@H]2C[C@@H](CC(C)=O)C(=O)O2)O1", "reacting_atoms": [-1], "template_id": "a6b14edb1da18d74714adbb4a8d12fca", "template_set": ["bkms"], "num_examples": 2, "necessary_reagent": "", "template_score": 0.034898269921541214, "rms_molwt": -618.449554324, "num_rings": -2, "plausibility": 1, "tforms": ["a6b14edb1da18d74714adbb4a8d12fca"], "rank": 2, "score": -19695.782663425474}, {"smiles": "CCCCCCCCCC/C=C\\CC[C@H](O)[C@H]1CC[C@H]([C@@H](O)CCCCCC(=O)CC/C=C/[C@@H]2C[C@@H](CC(C)=O)C(=O)O2)O1", "smiles_split": ["CCCCCCCCCC/C=C\\CC[C@H](O)[C@H]1CC[C@H]([C@@H](O)CCCCCC(=O)CC/C=C/[C@@H]2C[C@@H](CC(C)=O)C(=O)O2)O1"], "mapped_smiles": "[CH3:1][CH2:2][CH2:3][CH2:4][CH2:5][CH2:6][CH2:7][CH2:8][CH2:9][CH2:10]/[CH:11]=[CH:12]\\[CH2:13][CH2:14][C@H:15]([OH:16])[C@H:17]1[CH2:18][CH2:19][C@H:20]([C@@H:21]([OH:22])[CH2:23][CH2:24][CH2:25][CH2:26][CH2:27][C:28](=[O:29])[CH2:30][CH2:31]/[CH:32]=[CH:33]/[C@@H:34]2[CH2:35][C@@H:36]([CH2:37][C:38]([CH3:39])=[O:40])[C:41](=[O:42])[O:43]2)[O:44]1", "reacting_atoms": [33, 32], "template_id": "a6b14edb1da18d74714adbb4a8d12fca", "template_set": ["bkms"], "num_examples": 2, "necessary_reagent": "", "template_score": 0.034898269921541214, "rms_molwt": -618.449554324, "num_rings": -2, "plausibility": 1, "tforms": ["a6b14edb1da18d74714adbb4a8d12fca"], "rank": 3, "score": -19695.782663425474}, {"smiles": "CCCCC/C=C/CCC/C=C\\CC[C@H](O)[C@H]1CC[C@H]([C@@H](O)CCCCCC(=O)CCCC[C@@H]2C[C@@H](CC(C)=O)C(=O)O2)O1", "smiles_split": ["CCCCC/C=C/CCC/C=C\\CC[C@H](O)[C@H]1CC[C@H]([C@@H](O)CCCCCC(=O)CCCC[C@@H]2C[C@@H](CC(C)=O)C(=O)O2)O1"], "mapped_smiles": "[CH3:1][CH2:2][CH2:3][CH2:4][CH2:5]/[CH:6]=[CH:7]/[CH2:8][CH2:9][CH2:10]/[CH:11]=[CH:12]\\[CH2:13][CH2:14][C@H:15]([OH:16])[C@H:17]1[CH2:18][CH2:19][C@H:20]([C@@H:21]([OH:22])[CH2:23][CH2:24][CH2:25][CH2:26][CH2:27][C:28](=[O:29])[CH2:30][CH2:31][CH2:32][CH2:33][C@@H:34]2[CH2:35][C@@H:36]([CH2:37][C:38]([CH3:39])=[O:40])[C:41](=[O:42])[O:43]2)[O:44]1", "reacting_atoms": [7, 6], "template_id": "a6b14edb1da18d74714adbb4a8d12fca", "template_set": ["bkms"], "num_examples": 2, "necessary_reagent": "", "template_score": 0.034898269921541214, "rms_molwt": -618.449554324, "num_rings": -2, "plausibility": 1, "tforms": ["a6b14edb1da18d74714adbb4a8d12fca"], "rank": 4, "score": -19695.782663425474}, {"smiles": "CCC/C=C/CCCCC/C=C\\CC[C@H](O)[C@H]1CC[C@H]([C@@H](O)CCCCCC(=O)CCCC[C@@H]2C[C@@H](CC(C)=O)C(=O)O2)O1", "smiles_split": ["CCC/C=C/CCCCC/C=C\\CC[C@H](O)[C@H]1CC[C@H]([C@@H](O)CCCCCC(=O)CCCC[C@@H]2C[C@@H](CC(C)=O)C(=O)O2)O1"], "mapped_smiles": "[CH3:1][CH2:2][CH2:3]/[CH:4]=[CH:5]/[CH2:6][CH2:7][CH2:8][CH2:9][CH2:10]/[CH:11]=[CH:12]\\[CH2:13][CH2:14][C@H:15]([OH:16])[C@H:17]1[CH2:18][CH2:19][C@H:20]([C@@H:21]([OH:22])[CH2:23][CH2:24][CH2:25][CH2:26][CH2:27][C:28](=[O:29])[CH2:30][CH2:31][CH2:32][CH2:33][C@@H:34]2[CH2:35][C@@H:36]([CH2:37][C:38]([CH3:39])=[O:40])[C:41](=[O:42])[O:43]2)[O:44]1", "reacting_atoms": [5, 4], "template_id": "a6b14edb1da18d74714adbb4a8d12fca", "template_set": ["bkms"], "num_examples": 2, "necessary_reagent": "", "template_score": 0.034898269921541214, "rms_molwt": -618.449554324, "num_rings": -2, "plausibility": 1, "tforms": ["a6b14edb1da18d74714adbb4a8d12fca"], "rank": 5, "score": -19695.782663425474}, {"smiles": "CCCCCCCCCC/C=C\\CC[C@H](O)[C@H]1CC[C@H]([C@@H](O)CCCCCC(=O)C/C=C/C[C@@H]2C[C@@H](CC(C)=O)C(=O)O2)O1", "smiles_split": ["CCCCCCCCCC/C=C\\CC[C@H](O)[C@H]1CC[C@H]([C@@H](O)CCCCCC(=O)C/C=C/C[C@@H]2C[C@@H](CC(C)=O)C(=O)O2)O1"], "mapped_smiles": "[CH3:1][CH2:2][CH2:3][CH2:4][CH2:5][CH2:6][CH2:7][CH2:8][CH2:9][CH2:10]/[CH:11]=[CH:12]\\[CH2:13][CH2:14][C@H:15]([OH:16])[C@H:17]1[CH2:18][CH2:19][C@H:20]([C@@H:21]([OH:22])[CH2:23][CH2:24][CH2:25][CH2:26][CH2:27][C:28](=[O:29])[CH2:30]/[CH:31]=[CH:32]/[CH2:33][C@@H:34]2[CH2:35][C@@H:36]([CH2:37][C:38]([CH3:39])=[O:40])[C:41](=[O:42])[O:43]2)[O:44]1", "reacting_atoms": [32, 31], "template_id": "a6b14edb1da18d74714adbb4a8d12fca", "template_set": ["bkms"], "num_examples": 2, "necessary_reagent": "", "template_score": 0.034898269921541214, "rms_molwt": -618.449554324, "num_rings": -2, "plausibility": 1, "tforms": ["a6b14edb1da18d74714adbb4a8d12fca"], "rank": 6, "score": -19695.782663425474}, {"smiles": "CCCCCCCCCC/C=C\\CC[C@H](O)[C@H]1CC[C@H]([C@@H](O)/C=C/CCCC(=O)CCCC[C@@H]2C[C@@H](CC(C)=O)C(=O)O2)O1", "smiles_split": ["CCCCCCCCCC/C=C\\CC[C@H](O)[C@H]1CC[C@H]([C@@H](O)/C=C/CCCC(=O)CCCC[C@@H]2C[C@@H](CC(C)=O)C(=O)O2)O1"], "mapped_smiles": "[CH3:1][CH2:2][CH2:3][CH2:4][CH2:5][CH2:6][CH2:7][CH2:8][CH2:9][CH2:10]/[CH:11]=[CH:12]\\[CH2:13][CH2:14][C@H:15]([OH:16])[C@H:17]1[CH2:18][CH2:19][C@H:20]([C@@H:21]([OH:22])/[CH:23]=[CH:24]/[CH2:25][CH2:26][CH2:27][C:28](=[O:29])[CH2:30][CH2:31][CH2:32][CH2:33][C@@H:34]2[CH2:35][C@@H:36]([CH2:37][C:38]([CH3:39])=[O:40])[C:41](=[O:42])[O:43]2)[O:44]1", "reacting_atoms": [24, 23], "template_id": "a6b14edb1da18d74714adbb4a8d12fca", "template_set": ["bkms"], "num_examples": 2, "necessary_reagent": "", "template_score": 0.034898269921541214, "rms_molwt": -618.449554324, "num_rings": -2, "plausibility": 1, "tforms": ["a6b14edb1da18d74714adbb4a8d12fca"], "rank": 7, "score": -19695.782663425474}, {"smiles": "C/C=C/CCCCCCC/C=C\\CC[C@H](O)[C@H]1CC[C@H]([C@@H](O)CCCCCC(=O)CCCC[C@@H]2C[C@@H](CC(C)=O)C(=O)O2)O1", "smiles_split": ["C/C=C/CCCCCCC/C=C\\CC[C@H](O)[C@H]1CC[C@H]([C@@H](O)CCCCCC(=O)CCCC[C@@H]2C[C@@H](CC(C)=O)C(=O)O2)O1"], "mapped_smiles": "[CH3:1]/[CH:2]=[CH:3]/[CH2:4][CH2:5][CH2:6][CH2:7][CH2:8][CH2:9][CH2:10]/[CH:11]=[CH:12]\\[CH2:13][CH2:14][C@H:15]([OH:16])[C@H:17]1[CH2:18][CH2:19][C@H:20]([C@@H:21]([OH:22])[CH2:23][CH2:24][CH2:25][CH2:26][CH2:27][C:28](=[O:29])[CH2:30][CH2:31][CH2:32][CH2:33][C@@H:34]2[CH2:35][C@@H:36]([CH2:37][C:38]([CH3:39])=[O:40])[C:41](=[O:42])[O:43]2)[O:44]1", "reacting_atoms": [3, 2], "template_id": "a6b14edb1da18d74714adbb4a8d12fca", "template_set": ["bkms"], "num_examples": 2, "necessary_reagent": "", "template_score": 0.034898269921541214, "rms_molwt": -618.449554324, "num_rings": -2, "plausibility": 1, "tforms": ["a6b14edb1da18d74714adbb4a8d12fca"], "rank": 8, "score": -19695.782663425474}, {"smiles": "CCCCCCCC/C=C/C=C\\CC[C@H](O)[C@H]1CC[C@H]([C@@H](O)CCCCCC(=O)CCCC[C@@H]2C[C@@H](CC(C)=O)C(=O)O2)O1", "smiles_split": ["CCCCCCCC/C=C/C=C\\CC[C@H](O)[C@H]1CC[C@H]([C@@H](O)CCCCCC(=O)CCCC[C@@H]2C[C@@H](CC(C)=O)C(=O)O2)O1"], "mapped_smiles": "[CH3:1][CH2:2][CH2:3][CH2:4][CH2:5][CH2:6][CH2:7][CH2:8]/[CH:9]=[CH:10]/[CH:11]=[CH:12]\\[CH2:13][CH2:14][C@H:15]([OH:16])[C@H:17]1[CH2:18][CH2:19][C@H:20]([C@@H:21]([OH:22])[CH2:23][CH2:24][CH2:25][CH2:26][CH2:27][C:28](=[O:29])[CH2:30][CH2:31][CH2:32][CH2:33][C@@H:34]2[CH2:35][C@@H:36]([CH2:37][C:38]([CH3:39])=[O:40])[C:41](=[O:42])[O:43]2)[O:44]1", "reacting_atoms": [9, 10], "template_id": "a6b14edb1da18d74714adbb4a8d12fca", "template_set": ["bkms", "bkms"], "num_examples": 5, "necessary_reagent": "", "template_score": 0.034898269921541214, "rms_molwt": -618.449554324, "num_rings": -2, "plausibility": 1, "tforms": ["a6b14edb1da18d74714adbb4a8d12fca", "9ddf4c3521804c0c8b37800139d9e362"], "rank": 9, "score": -19695.782663425474}, {"smiles": "CCCCCCCCCC/C=C\\CC[C@H](O)[C@H]1CC[C@H]([C@@H](O)CCCCCC(=O)/C=C/CC[C@@H]2C[C@@H](CC(C)=O)C(=O)O2)O1", "smiles_split": ["CCCCCCCCCC/C=C\\CC[C@H](O)[C@H]1CC[C@H]([C@@H](O)CCCCCC(=O)/C=C/CC[C@@H]2C[C@@H](CC(C)=O)C(=O)O2)O1"], "mapped_smiles": "[CH3:1][CH2:2][CH2:3][CH2:4][CH2:5][CH2:6][CH2:7][CH2:8][CH2:9][CH2:10]/[CH:11]=[CH:12]\\[CH2:13][CH2:14][C@H:15]([OH:16])[C@H:17]1[CH2:18][CH2:19][C@H:20]([C@@H:21]([OH:22])[CH2:23][CH2:24][CH2:25][CH2:26][CH2:27][C:28](=[O:29])/[CH:30]=[CH:31]/[CH2:32][CH2:33][C@@H:34]2[CH2:35][C@@H:36]([CH2:37][C:38]([CH3:39])=[O:40])[C:41](=[O:42])[O:43]2)[O:44]1", "reacting_atoms": [31, 30], "template_id": "a6b14edb1da18d74714adbb4a8d12fca", "template_set": ["bkms", "bkms"], "num_examples": 26, "necessary_reagent": "", "template_score": 0.034898269921541214, "rms_molwt": -618.449554324, "num_rings": -2, "plausibility": 1, "tforms": ["a6b14edb1da18d74714adbb4a8d12fca", "6a329a59196f1e14316bb332fed40a15"], "rank": 10, "score": -19695.782663425474}, {"smiles": "CCCCCCCCCC/C=C\\CC[C@H](O)[C@H]1CC[C@H]([C@@H](O)CC/C=C/CC(=O)CCCC[C@@H]2C[C@@H](CC(C)=O)C(=O)O2)O1", "smiles_split": ["CCCCCCCCCC/C=C\\CC[C@H](O)[C@H]1CC[C@H]([C@@H](O)CC/C=C/CC(=O)CCCC[C@@H]2C[C@@H](CC(C)=O)C(=O)O2)O1"], "mapped_smiles": "[CH3:1][CH2:2][CH2:3][CH2:4][CH2:5][CH2:6][CH2:7][CH2:8][CH2:9][CH2:10]/[CH:11]=[CH:12]\\[CH2:13][CH2:14][C@H:15]([OH:16])[C@H:17]1[CH2:18][CH2:19][C@H:20]([C@@H:21]([OH:22])[CH2:23][CH2:24]/[CH:25]=[CH:26]/[CH2:27][C:28](=[O:29])[CH2:30][CH2:31][CH2:32][CH2:33][C@@H:34]2[CH2:35][C@@H:36]([CH2:37][C:38]([CH3:39])=[O:40])[C:41](=[O:42])[O:43]2)[O:44]1", "reacting_atoms": [26, 25], "template_id": "a6b14edb1da18d74714adbb4a8d12fca", "template_set": ["bkms"], "num_examples": 2, "necessary_reagent": "", "template_score": 0.034898269921541214, "rms_molwt": -618.449554324, "num_rings": -2, "plausibility": 1, "tforms": ["a6b14edb1da18d74714adbb4a8d12fca"], "rank": 11, "score": -19695.782663425474}, {"smiles": "CCCC/C=C/CCCC/C=C\\CC[C@H](O)[C@H]1CC[C@H]([C@@H](O)CCCCCC(=O)CCCC[C@@H]2C[C@@H](CC(C)=O)C(=O)O2)O1", "smiles_split": ["CCCC/C=C/CCCC/C=C\\CC[C@H](O)[C@H]1CC[C@H]([C@@H](O)CCCCCC(=O)CCCC[C@@H]2C[C@@H](CC(C)=O)C(=O)O2)O1"], "mapped_smiles": "[CH3:1][CH2:2][CH2:3][CH2:4]/[CH:5]=[CH:6]/[CH2:7][CH2:8][CH2:9][CH2:10]/[CH:11]=[CH:12]\\[CH2:13][CH2:14][C@H:15]([OH:16])[C@H:17]1[CH2:18][CH2:19][C@H:20]([C@@H:21]([OH:22])[CH2:23][CH2:24][CH2:25][CH2:26][CH2:27][C:28](=[O:29])[CH2:30][CH2:31][CH2:32][CH2:33][C@@H:34]2[CH2:35][C@@H:36]([CH2:37][C:38]([CH3:39])=[O:40])[C:41](=[O:42])[O:43]2)[O:44]1", "reacting_atoms": [6, 5], "template_id": "a6b14edb1da18d74714adbb4a8d12fca", "template_set": ["bkms"], "num_examples": 2, "necessary_reagent": "", "template_score": 0.034898269921541214, "rms_molwt": -618.449554324, "num_rings": -2, "plausibility": 1, "tforms": ["a6b14edb1da18d74714adbb4a8d12fca"], "rank": 12, "score": -19695.782663425474}, {"smiles": "CCCCCCCCCC/C=C\\CC[C@H](O)[C@H]1CC[C@H]([C@@H](O)C/C=C/CCC(=O)CCCC[C@@H]2C[C@@H](CC(C)=O)C(=O)O2)O1", "smiles_split": ["CCCCCCCCCC/C=C\\CC[C@H](O)[C@H]1CC[C@H]([C@@H](O)C/C=C/CCC(=O)CCCC[C@@H]2C[C@@H](CC(C)=O)C(=O)O2)O1"], "mapped_smiles": "[CH3:1][CH2:2][CH2:3][CH2:4][CH2:5][CH2:6][CH2:7][CH2:8][CH2:9][CH2:10]/[CH:11]=[CH:12]\\[CH2:13][CH2:14][C@H:15]([OH:16])[C@H:17]1[CH2:18][CH2:19][C@H:20]([C@@H:21]([OH:22])[CH2:23]/[CH:24]=[CH:25]/[CH2:26][CH2:27][C:28](=[O:29])[CH2:30][CH2:31][CH2:32][CH2:33][C@@H:34]2[CH2:35][C@@H:36]([CH2:37][C:38]([CH3:39])=[O:40])[C:41](=[O:42])[O:43]2)[O:44]1", "reacting_atoms": [25, 24], "template_id": "a6b14edb1da18d74714adbb4a8d12fca", "template_set": ["bkms"], "num_examples": 2, "necessary_reagent": "", "template_score": 0.034898269921541214, "rms_molwt": -618.449554324, "num_rings": -2, "plausibility": 1, "tforms": ["a6b14edb1da18d74714adbb4a8d12fca"], "rank": 13, "score": -19695.782663425474}, {"smiles": "CCCCCC/C=C/CC/C=C\\CC[C@H](O)[C@H]1CC[C@H]([C@@H](O)CCCCCC(=O)CCCC[C@@H]2C[C@@H](CC(C)=O)C(=O)O2)O1", "smiles_split": ["CCCCCC/C=C/CC/C=C\\CC[C@H](O)[C@H]1CC[C@H]([C@@H](O)CCCCCC(=O)CCCC[C@@H]2C[C@@H](CC(C)=O)C(=O)O2)O1"], "mapped_smiles": "[CH3:1][CH2:2][CH2:3][CH2:4][CH2:5][CH2:6]/[CH:7]=[CH:8]/[CH2:9][CH2:10]/[CH:11]=[CH:12]\\[CH2:13][CH2:14][C@H:15]([OH:16])[C@H:17]1[CH2:18][CH2:19][C@H:20]([C@@H:21]([OH:22])[CH2:23][CH2:24][CH2:25][CH2:26][CH2:27][C:28](=[O:29])[CH2:30][CH2:31][CH2:32][CH2:33][C@@H:34]2[CH2:35][C@@H:36]([CH2:37][C:38]([CH3:39])=[O:40])[C:41](=[O:42])[O:43]2)[O:44]1", "reacting_atoms": [8, 7], "template_id": "a6b14edb1da18d74714adbb4a8d12fca", "template_set": ["bkms"], "num_examples": 2, "necessary_reagent": "", "template_score": 0.034898269921541214, "rms_molwt": -618.449554324, "num_rings": -2, "plausibility": 1, "tforms": ["a6b14edb1da18d74714adbb4a8d12fca"], "rank": 14, "score": -19695.782663425474}, {"smiles": "CCCCCCCCCC/C=C\\CC[C@H](O)[C@H]1C=C[C@H]([C@@H](O)CCCCCC(=O)CCCC[C@@H]2C[C@@H](CC(C)=O)C(=O)O2)O1", "smiles_split": ["CCCCCCCCCC/C=C\\CC[C@H](O)[C@H]1C=C[C@H]([C@@H](O)CCCCCC(=O)CCCC[C@@H]2C[C@@H](CC(C)=O)C(=O)O2)O1"], "mapped_smiles": "[CH3:1][CH2:2][CH2:3][CH2:4][CH2:5][CH2:6][CH2:7][CH2:8][CH2:9][CH2:10]/[CH:11]=[CH:12]\\[CH2:13][CH2:14][C@H:15]([OH:16])[C@H:17]1[CH:18]=[CH:19][C@H:20]([C@@H:21]([OH:22])[CH2:23][CH2:24][CH2:25][CH2:26][CH2:27][C:28](=[O:29])[CH2:30][CH2:31][CH2:32][CH2:33][C@@H:34]2[CH2:35][C@@H:36]([CH2:37][C:38]([CH3:39])=[O:40])[C:41](=[O:42])[O:43]2)[O:44]1", "reacting_atoms": [19, 18], "template_id": "a6b14edb1da18d74714adbb4a8d12fca", "template_set": ["bkms", "bkms", "bkms"], "num_examples": 6, "necessary_reagent": "", "template_score": 0.034898269921541214, "rms_molwt": -618.449554324, "num_rings": -2, "plausibility": 1, "tforms": ["a6b14edb1da18d74714adbb4a8d12fca", "8b5c16661ec481a55be458db21412d79", "9ddf4c3521804c0c8b37800139d9e362"], "rank": 15, "score": -19695.782663425474}]}