{"smiles": "NC1CCCCC1", "sfscore": [0.5483291745185852, 0.45675355195999146], "chem_result": [{"smiles": "NC1CCCCC1", "bw_confidence": 0.0635830390715405, "confidence": 0.6091996371095293, "rclass": "6 6.1 6.1.1", "children": [{"smiles": "CC(C)(C)OC(=O)NC1CCCCC1"}, {"smiles": "ClCCl"}, {"smiles": "O=C(O)C(F)(F)F"}]}, {"smiles": "NC1CCCCC1", "bw_confidence": 0.04611492302846717, "confidence": 0.9382844667694024, "rclass": "1 1.2 1.2.5", "children": [{"smiles": "CC(=O)[O-]~[NH4+]"}, {"smiles": "CO"}, {"smiles": "O=C1CCCCC1"}, {"smiles": "[BH3-]C#N~[Na+]"}]}, {"smiles": "NC1CCCCC1", "bw_confidence": 0.04527365109047267, "confidence": 0.8208939007059116, "rclass": "11 11.9 11.9", "children": [{"smiles": "Cl~NC1CCCCC1"}, {"smiles": "O"}, {"smiles": "[OH-]~[Na+]"}]}, {"smiles": "NC1CCCCC1", "bw_confidence": 0.02438286086912173, "confidence": 0.42115774583510435, "rclass": "10 10.4 10.4.5", "children": [{"smiles": "C1CCCCC1"}, {"smiles": "N"}]}, {"smiles": "NC1CCCCC1", "bw_confidence": 0.021269548277046222, "confidence": 0.801264763066599, "rclass": "9 9.7 9.7.102", "children": [{"smiles": "C1CCOC1"}, {"smiles": "O"}, {"smiles": "[N-]=[N+]=NC1CCCCC1"}, {"smiles": "c1ccc(P(c2ccccc2)c2ccccc2)cc1"}]}, {"smiles": "NC1CCCCC1", "bw_confidence": 0.01785110974861612, "confidence": 0.9719889212821635, "rclass": "7 7.1 7.1.1", "children": [{"smiles": "CO"}, {"smiles": "O=[N+]([O-])C1CCCCC1"}, {"smiles": "[H][H]"}, {"smiles": "[Ni]"}]}, {"smiles": "NC1CCCCC1", "bw_confidence": 0.0129299074741808, "confidence": 0.013012286558034356, "rclass": "11 11.5 11.5", "children": [{"smiles": "N#CC1=C(C#N)C(=O)C(Cl)=C(Cl)C1=O"}, {"smiles": "NC1CCCCC1"}]}, {"smiles": "NC1CCCCC1", "bw_confidence": 0.006081402173121703, "confidence": 0.4567312054453982, "rclass": "0 0 0", "children": [{"smiles": "Nc1ccccc1"}, {"smiles": "[H][H]"}]}, {"smiles": "NC1CCCCC1", "bw_confidence": 0.0004488962451797609, "confidence": 0.17866276760034838, "rclass": "0 0 0", "children": [{"smiles": "Cc1ccccc1"}, {"smiles": "NCc1ccccc1"}, {"smiles": "[H][H]"}]}, {"smiles": "NC1CCCCC1", "bw_confidence": 5.9563422129423205e-05, "confidence": 0.9482705814649298, "rclass": "10 10.4 10.4.2", "children": [{"smiles": "C1CCOC1"}, {"smiles": "CC(C)(C)OC(=O)OC(=O)OC(C)(C)C"}, {"smiles": "C[Si](C)(C)[N-][Si](C)(C)C~[Na+]"}, {"smiles": "NC1CCCCC1"}]}], "chem_bw_confidence_list": [0.0635830390715405, 0.04611492302846717, 0.04527365109047267, 0.02438286086912173, 0.021269548277046222, 0.01785110974861612, 0.0129299074741808, 0.006081402173121703, 0.0004488962451797609, 5.9563422129423205e-05], "enzy_template_score_list": [0.13966698944568634, 0.1009172722697258, 0.22764527797698975, 0.0069806622341275215, 0.0036109306383877993, 0.005199524108320475, 0.016733549535274506, 0.011067099869251251, 0.005011953879147768, 0.01639270968735218, 0.005011953879147768, 0.016733549535274506, 0.0038403766229748726, 0.0038761042524129152, 0.005011953879147768], "enzy_result": [{"smiles": "O=S(=O)(O)NC1CCCCC1", "smiles_split": ["O=S(=O)(O)NC1CCCCC1"], "mapped_smiles": "[NH:1]([CH:2]1[CH2:3][CH2:4][CH2:5][CH2:6][CH2:7]1)[S:901]([OH:900])(=[O:902])=[O:903]", "reacting_atoms": [1], "template_id": "64b5467c36535a6d600803a1517586bd", "template_set": ["bkms"], "num_examples": 2, "necessary_reagent": "", "template_score": 0.13966698944568634, "rms_molwt": -179.061614276, "num_rings": -1, "plausibility": 1, "tforms": ["64b5467c36535a6d600803a1517586bd"], "rank": 1, "score": -0.007159887987625593}, {"smiles": "CNC1CCCCC1", "smiles_split": ["CNC1CCCCC1"], "mapped_smiles": "[NH:1]([CH:2]1[CH2:3][CH2:4][CH2:5][CH2:6][CH2:7]1)[CH3:900]", "reacting_atoms": [1], "template_id": "3da917dd3c393d47a13567247125cb57", "template_set": ["bkms"], "num_examples": 14, "necessary_reagent": "", "template_score": 0.1009172722697258, "rms_molwt": -113.12044947999999, "num_rings": -1, "plausibility": 1, "tforms": ["3da917dd3c393d47a13567247125cb57"], "rank": 2, "score": -0.00990910651377158}, {"smiles": "O=CNC1CCCCC1", "smiles_split": ["O=CNC1CCCCC1"], "mapped_smiles": "[NH:1]([CH:2]1[CH2:3][CH2:4][CH2:5][CH2:6][CH2:7]1)[CH:901]=[O:900]", "reacting_atoms": [1], "template_id": "d54b0a0696dcc8c23caf14780ed73884", "template_set": ["bkms"], "num_examples": 6, "necessary_reagent": "", "template_score": 0.22764527797698975, "rms_molwt": -127.099714036, "num_rings": -1, "plausibility": 1, "tforms": ["d54b0a0696dcc8c23caf14780ed73884"], "rank": 3, "score": -0.013178397666141085}, {"smiles": "NCCCNC1CCCCC1", "smiles_split": ["NCCCNC1CCCCC1"], "mapped_smiles": "[NH:1]([CH:2]1[CH2:3][CH2:4][CH2:5][CH2:6][CH2:7]1)[CH2:903][CH2:902][CH2:901][NH2:900]", "reacting_atoms": [1], "template_id": "dee6aabfb9e61bb34d476947bc350de6", "template_set": ["bkms"], "num_examples": 2, "necessary_reagent": "", "template_score": 0.0069806622341275215, "rms_molwt": -156.16264864, "num_rings": -1, "plausibility": 1, "tforms": ["dee6aabfb9e61bb34d476947bc350de6"], "rank": 4, "score": -0.14325288439127368}, {"smiles": "OCCNC1CCCCC1", "smiles_split": ["OCCNC1CCCCC1"], "mapped_smiles": "[NH:1]([CH:2]1[CH2:3][CH2:4][CH2:5][CH2:6][CH2:7]1)[CH2:902][CH2:901][OH:900]", "reacting_atoms": [1], "template_id": "7fe39da461a0a99f48fde2d65dbdf304", "template_set": ["bkms"], "num_examples": 1, "necessary_reagent": "", "template_score": 0.0036109306383877993, "rms_molwt": -143.131014164, "num_rings": -1, "plausibility": 1, "tforms": ["7fe39da461a0a99f48fde2d65dbdf304"], "rank": 5, "score": -0.2769369174165245}, {"smiles": "NC1CCC(=O)CC1", "smiles_split": ["NC1CCC(=O)CC1"], "mapped_smiles": "[NH2:1][CH:2]1[CH2:3][CH2:4][C:5](=[O:900])[CH2:6][CH2:7]1", "reacting_atoms": [5], "template_id": "66f9cfa6e228087f921484dff46f315e", "template_set": ["bkms"], "num_examples": 4, "necessary_reagent": "", "template_score": 0.005199524108320475, "rms_molwt": -113.084063972, "num_rings": -1, "plausibility": 1, "tforms": ["66f9cfa6e228087f921484dff46f315e"], "rank": 6, "score": -0.38465058692573895}, {"smiles": "NC1CCC(O)CC1", "smiles_split": ["NC1CCC(O)CC1"], "mapped_smiles": "[NH2:1][CH:2]1[CH2:3][CH2:4][C@H:5]([OH:900])[CH2:6][CH2:7]1", "reacting_atoms": [5], "template_id": "81213fb75e46892b9fa5f6321771952e", "template_set": ["bkms", "bkms", "bkms"], "num_examples": 30, "necessary_reagent": "", "template_score": 0.016733549535274506, "rms_molwt": -115.099714036, "num_rings": -1, "plausibility": 1, "tforms": ["30e9d56bde10fbb0c5513016c230904e", "81213fb75e46892b9fa5f6321771952e", "19859b775fcd1996c7213b40cc4bafbb"], "rank": 7, "score": -0.41832128833418897}, {"smiles": "NC(=O)NC1CCCCC1", "smiles_split": ["NC(=O)NC1CCCCC1"], "mapped_smiles": "[NH:1]([CH:2]1[CH2:3][CH2:4][CH2:5][CH2:6][CH2:7]1)[C:901]([NH2:900])=[O:902]", "reacting_atoms": [1], "template_id": "4c4aab061589e4012144faf880565288", "template_set": ["bkms"], "num_examples": 5, "necessary_reagent": "", "template_score": 0.011067099869251251, "rms_molwt": -142.110613068, "num_rings": -1, "plausibility": 1, "tforms": ["4c4aab061589e4012144faf880565288"], "rank": 8, "score": -0.542147452438769}, {"smiles": "CC1CCCCC1N", "smiles_split": ["CC1CCCCC1N"], "mapped_smiles": "CC1CCCCC1N", "reacting_atoms": [-1], "template_id": "52843e738eb9e21a9102f9303a376084", "template_set": ["bkms"], "num_examples": 2, "necessary_reagent": "", "template_score": 0.005011953879147768, "rms_molwt": -113.12044947999999, "num_rings": -1, "plausibility": 1, "tforms": ["52843e738eb9e21a9102f9303a376084"], "rank": 9, "score": -0.5985689558081327}, {"smiles": "O=C(O)CNC1CCCCC1", "smiles_split": ["O=C(O)CNC1CCCCC1"], "mapped_smiles": "[NH:1]([CH:2]1[CH2:3][CH2:4][CH2:5][CH2:6][CH2:7]1)[CH2:903][C:901]([OH:900])=[O:902]", "reacting_atoms": [1], "template_id": "aaaf3e48f0fa6bdf12f7ccde42db7c1a", "template_set": ["bkms"], "num_examples": 2, "necessary_reagent": "", "template_score": 0.01639270968735218, "rms_molwt": -157.11027872, "num_rings": -1, "plausibility": 1, "tforms": ["aaaf3e48f0fa6bdf12f7ccde42db7c1a"], "rank": 10, "score": -1.7080763665084266}, {"smiles": "CC1CCC(N)CC1", "smiles_split": ["CC1CCC(N)CC1"], "mapped_smiles": "[NH2:1][CH:2]1[CH2:3][CH2:4][C@@H:5]([CH3:900])[CH2:6][CH2:7]1", "reacting_atoms": [5], "template_id": "52843e738eb9e21a9102f9303a376084", "template_set": ["bkms"], "num_examples": 2, "necessary_reagent": "", "template_score": 0.005011953879147768, "rms_molwt": -113.12044947999999, "num_rings": -1, "plausibility": 1, "tforms": ["52843e738eb9e21a9102f9303a376084"], "rank": 11, "score": -1.7957068674243981}, {"smiles": "NC1CCCCC1O", "smiles_split": ["NC1CCCCC1O"], "mapped_smiles": "NC1CCCCC1O", "reacting_atoms": [-1], "template_id": "81213fb75e46892b9fa5f6321771952e", "template_set": ["bkms", "bkms", "bkms"], "num_examples": 30, "necessary_reagent": "", "template_score": 0.016733549535274506, "rms_molwt": -115.099714036, "num_rings": -1, "plausibility": 1, "tforms": ["30e9d56bde10fbb0c5513016c230904e", "81213fb75e46892b9fa5f6321771952e", "19859b775fcd1996c7213b40cc4bafbb"], "rank": 12, "score": -1.9123258895277209}, {"smiles": "O=C(O)CCNC1CCCCC1", "smiles_split": ["O=C(O)CCNC1CCCCC1"], "mapped_smiles": "[NH:1]([CH:2]1[CH2:3][CH2:4][CH2:5][CH2:6][CH2:7]1)[CH2:904][CH2:903][C:901]([OH:900])=[O:902]", "reacting_atoms": [1], "template_id": "fb574e642b061b24cc468031e030ead8", "template_set": ["bkms"], "num_examples": 1, "necessary_reagent": "", "template_score": 0.0038403766229748726, "rms_molwt": -171.125928784, "num_rings": -1, "plausibility": 1, "tforms": ["fb574e642b061b24cc468031e030ead8"], "rank": 13, "score": -2.603911277913596}, {"smiles": "NC1CCC(C(=O)O)CC1", "smiles_split": ["NC1CCC(C(=O)O)CC1"], "mapped_smiles": "[NH2:1][CH:2]1[CH2:3][CH2:4][C@@H:5]([C:901]([OH:900])=[O:902])[CH2:6][CH2:7]1", "reacting_atoms": [5], "template_id": "c2b2af9c4459040c46367dae280fa5ab", "template_set": ["bkms"], "num_examples": 1, "necessary_reagent": "", "template_score": 0.0038761042524129152, "rms_molwt": -143.094628656, "num_rings": -1, "plausibility": 1, "tforms": ["c2b2af9c4459040c46367dae280fa5ab"], "rank": 14, "score": -2.8379009654222753}, {"smiles": "CC1CCCC(N)C1", "smiles_split": ["CC1CCCC(N)C1"], "mapped_smiles": "CC1CCCC(N)C1", "reacting_atoms": [-1], "template_id": "52843e738eb9e21a9102f9303a376084", "template_set": ["bkms"], "num_examples": 2, "necessary_reagent": "", "template_score": 0.005011953879147768, "rms_molwt": -113.12044947999999, "num_rings": -1, "plausibility": 1, "tforms": ["52843e738eb9e21a9102f9303a376084"], "rank": 15, "score": -3.7909367201181743}]}