{"smiles": "CCCCC/C=C\\C/C=C\\C/C=C\\C/C=C\\CCCC(=O)OC[C@H](COC(=O)CCCCCCCCCCCCC/C=C\\CCCCCCCC)OCCCCCCCCCCCCCCCCCC", "sfscore": [0.45007145404815674, 0.5867759585380554], "chem_result": [{"smiles": "CCCCC/C=C\\C/C=C\\C/C=C\\C/C=C\\CCCC(=O)OC[C@H](COC(=O)CCCCCCCCCCCCC/C=C\\CCCCCCCC)OCCCCCCCCCCCCCCCCCC", "bw_confidence": 0.017042690409864347, "confidence": 0.02999374084183686, "rclass": "11 11.5 11.5", "children": [{"smiles": "CCCCC/C=C\\C/C=C\\C/C=C\\C/C=C\\CCCC(=O)OC[C@H](COC(=O)CCCCCCCCCCCCCC/C=C\\CCCCCCC)OCCCCCCCCCCCCCCCC"}, {"smiles": "ClCCl"}, {"smiles": "O=[Cr](=O)([O-])Cl~c1cc[nH+]cc1"}]}, {"smiles": "CCCCC/C=C\\C/C=C\\C/C=C\\C/C=C\\CCCC(=O)OC[C@H](COC(=O)CCCCCCCCCCCCC/C=C\\CCCCCCCC)OCCCCCCCCCCCCCCCCCC", "bw_confidence": 0.012988475956585088, "confidence": 0.5049665029796744, "rclass": "0 0 0", "children": [{"smiles": "C(=NC1CCCCC1)=NC1CCCCC1"}, {"smiles": "CCCCC/C=C\\C/C=C\\C/C=C\\CCCC(=O)O"}, {"smiles": "CN(C)c1ccncc1"}, {"smiles": "ClCCl"}]}, {"smiles": "CCCCC/C=C\\C/C=C\\C/C=C\\C/C=C\\CCCC(=O)OC[C@H](COC(=O)CCCCCCCCCCCCC/C=C\\CCCCCCCC)OCCCCCCCCCCCCCCCCCC", "bw_confidence": 0.005074034964055363, "confidence": 0.11851901743275332, "rclass": "2 2.6 2.6.2", "children": [{"smiles": "CCCCC/C=C\\C/C=C\\C/C=C\\C/C=C\\CCCC(=O)O"}, {"smiles": "CCCCCCC/C=C\\CCCCCCCCCCCCCCC(=O)OC[C@@H](CO)OCCCCCCCCCCCCCCCC"}]}, {"smiles": "CCCCC/C=C\\C/C=C\\C/C=C\\C/C=C\\CCCC(=O)OC[C@H](COC(=O)CCCCCCCCCCCCC/C=C\\CCCCCCCC)OCCCCCCCCCCCCCCCCCC", "bw_confidence": 0.0012897105332244072, "confidence": 0.10268329015010916, "rclass": "0 0 0", "children": [{"smiles": "C1CCOC1"}, {"smiles": "CCCCC/C=C\\C/C=C\\C/C=C\\C/C=C\\CCCC(=O)OC[C@H](COC(=O)CCCCCCCCCCCCC/C=C\\CCCCCCC)OCCCCCCCCCCCCCCCCC"}, {"smiles": "CCCC[N+](CCCC)(CCCC)CCCC~[F-]"}]}, {"smiles": "CCCCC/C=C\\C/C=C\\C/C=C\\C/C=C\\CCCC(=O)OC[C@H](COC(=O)CCCCCCCCCCCCC/C=C\\CCCCCCCC)OCCCCCCCCCCCCCCCCCC", "bw_confidence": 0.0006840432480378074, "confidence": 0.007782023291419121, "rclass": "0 0 0", "children": [{"smiles": "CCCCC/C=C\\C/C=C\\C/C=C\\C/C=C\\CCCC(=O)OC[C@H](COC(=O)CCCCCCCCCCCCCC/C=C\\CCCCCCC)OCCCCCCCCCCCCCCCCC"}, {"smiles": "CCN(CC)CC"}, {"smiles": "CCN=C=NCCCN(C)C~Cl"}, {"smiles": "CN(C)c1ccncc1"}, {"smiles": "ClCCl"}]}, {"smiles": "CCCCC/C=C\\C/C=C\\C/C=C\\C/C=C\\CCCC(=O)OC[C@H](COC(=O)CCCCCCCCCCCCC/C=C\\CCCCCCCC)OCCCCCCCCCCCCCCCCCC", "bw_confidence": 0.000643139293119077, "confidence": 0.015218752152424917, "rclass": "7 7.9 7.9.8", "children": [{"smiles": "CCCCC/C=C\\C/C=C\\C/C=C\\C/C=C\\CCCC(=O)OC[C@H](COC(=O)C#CCCCCCCCCCCCC/C=C\\CCCCCCC)OCCCCCCCCCCCCCCCCC"}, {"smiles": "[H][H]"}]}, {"smiles": "CCCCC/C=C\\C/C=C\\C/C=C\\C/C=C\\CCCC(=O)OC[C@H](COC(=O)CCCCCCCCCCCCC/C=C\\CCCCCCCC)OCCCCCCCCCCCCCCCCCC", "bw_confidence": 0.00022514336219342412, "confidence": 0.004872639154308635, "rclass": "11 11.7 11.7", "children": [{"smiles": "CCCCC/C=C\\C/C=C\\C/C=C\\C/C=C\\CCCC(=O)OC[C@H](COC(=O)CCCCCCCCCCCCC/C=C\\CCCCCCC)OCCCCCCCCCCCCCCCCC"}, {"smiles": "CCCCCCC/C=C\\CCCCCCCCCCCCCCC(=O)OC[C@@H](CO)OCCCCCCCCCCCCCCCC"}]}, {"smiles": "CCCCC/C=C\\C/C=C\\C/C=C\\C/C=C\\CCCC(=O)OC[C@H](COC(=O)CCCCCCCCCCCCC/C=C\\CCCCCCCC)OCCCCCCCCCCCCCCCCCC", "bw_confidence": 0.00013448502120516788, "confidence": 0.00509014039009731, "rclass": "11 11.7 11.7", "children": [{"smiles": "CCCCC/C=C\\C/C=C\\C/C=C\\C/C=C\\CCCC(=O)OC[C@H](COC(=O)CCCCCCCCCCCCC/C=C\\CCCCCCC)OCCCCCCCCCCCCCCCC"}, {"smiles": "CCCCCCC/C=C\\CCCCCCCCCCCCCC(=O)OC[C@@H](CO)OCCCCCCCCCCCCCCCCCC"}]}, {"smiles": "CCCCC/C=C\\C/C=C\\C/C=C\\C/C=C\\CCCC(=O)OC[C@H](COC(=O)CCCCCCCCCCCCC/C=C\\CCCCCCCC)OCCCCCCCCCCCCCCCCCC", "bw_confidence": 8.459922847523306e-05, "confidence": 0.002900013202333044, "rclass": "11 11.7 11.7", "children": [{"smiles": "CCCCC/C=C\\C/C=C\\C/C=C\\C/C=C\\CCCC(=O)OC[C@H](COC(=O)CCCCCCCCCCCCC/C=C\\CCCCCCC)OCCCCCCCCCCCCCCCCC"}, {"smiles": "CCCCCCCC/C=C\\CCCCCCCCCCCCCCC(=O)OC[C@@H](CO)OCCCCCCCCCCCCCCCCCC"}]}], "chem_bw_confidence_list": [0.017042690409864347, 0.012988475956585088, 0.005074034964055363, 0.0012897105332244072, 0.0006840432480378074, 0.000643139293119077, 0.00022514336219342412, 0.00013448502120516788, 8.459922847523306e-05], "enzy_template_score_list": [0.4157475531101227, 0.4157475531101227, 0.4157475531101227, 0.4157475531101227, 0.4157475531101227, 0.12475858628749847, 0.12475858628749847, 0.12475858628749847, 0.12475858628749847, 0.12475858628749847, 0.12475858628749847, 0.12475858628749847, 0.12475858628749847, 0.12475858628749847, 0.12475858628749847], "enzy_result": [{"smiles": "CCCCC/C=C\\C/C=C\\C/C=C\\CCCCCCC(=O)OC[C@H](COC(=O)CCCCCCCCCCCCC/C=C\\CCCCCCCC)OCCCCCCCCCCCCCCCCCC", "smiles_split": ["CCCCC/C=C\\C/C=C\\C/C=C\\CCCCCCC(=O)OC[C@H](COC(=O)CCCCCCCCCCCCC/C=C\\CCCCCCCC)OCCCCCCCCCCCCCCCCCC"], "mapped_smiles": "[CH3:1][CH2:2][CH2:3][CH2:4][CH2:5]/[CH:6]=[CH:7]\\[CH2:8]/[CH:9]=[CH:10]\\[CH2:11]/[CH:12]=[CH:13]\\[CH2:14][CH2:15][CH2:16][CH2:17][CH2:18][CH2:19][C:20](=[O:21])[O:22][CH2:23][C@H:24]([CH2:25][O:26][C:27](=[O:28])[CH2:29][CH2:30][CH2:31][CH2:32][CH2:33][CH2:34][CH2:35][CH2:36][CH2:37][CH2:38][CH2:39][CH2:40][CH2:41]/[CH:42]=[CH:43]\\[CH2:44][CH2:45][CH2:46][CH2:47][CH2:48][CH2:49][CH2:50][CH3:51])[O:52][CH2:53][CH2:54][CH2:55][CH2:56][CH2:57][CH2:58][CH2:59][CH2:60][CH2:61][CH2:62][CH2:63][CH2:64][CH2:65][CH2:66][CH2:67][CH2:68][CH2:69][CH3:70]", "reacting_atoms": [16, 15], "template_id": "4b5c01ce1dd3e508649493e134ba9f1c", "template_set": ["bkms", "bkms", "bkms"], "num_examples": 64, "necessary_reagent": "", "template_score": 0.4157475531101227, "rms_molwt": -980.91357694, "num_rings": 0, "plausibility": 1, "tforms": ["71d96988ab3623c8d39bf0ee6519c85b", "4b5c01ce1dd3e508649493e134ba9f1c", "b8752864a144b4d488d51a312d4ebfdc"], "rank": 1, "score": -2822.203109483887}, {"smiles": "CCCCC/C=C\\C/C=C\\C/C=C\\C/C=C\\CCCC(=O)OC[C@H](COC(=O)CCCCCCCCCCCCCCCCCCCCCCC)OCCCCCCCCCCCCCCCCCC", "smiles_split": ["CCCCC/C=C\\C/C=C\\C/C=C\\C/C=C\\CCCC(=O)OC[C@H](COC(=O)CCCCCCCCCCCCCCCCCCCCCCC)OCCCCCCCCCCCCCCCCCC"], "mapped_smiles": "[CH3:1][CH2:2][CH2:3][CH2:4][CH2:5]/[CH:6]=[CH:7]\\[CH2:8]/[CH:9]=[CH:10]\\[CH2:11]/[CH:12]=[CH:13]\\[CH2:14]/[CH:15]=[CH:16]\\[CH2:17][CH2:18][CH2:19][C:20](=[O:21])[O:22][CH2:23][C@H:24]([CH2:25][O:26][C:27](=[O:28])[CH2:29][CH2:30][CH2:31][CH2:32][CH2:33][CH2:34][CH2:35][CH2:36][CH2:37][CH2:38][CH2:39][CH2:40][CH2:41][CH2:42][CH2:43][CH2:44][CH2:45][CH2:46][CH2:47][CH2:48][CH2:49][CH2:50][CH3:51])[O:52][CH2:53][CH2:54][CH2:55][CH2:56][CH2:57][CH2:58][CH2:59][CH2:60][CH2:61][CH2:62][CH2:63][CH2:64][CH2:65][CH2:66][CH2:67][CH2:68][CH2:69][CH3:70]", "reacting_atoms": [43, 42], "template_id": "4b5c01ce1dd3e508649493e134ba9f1c", "template_set": ["bkms"], "num_examples": 15, "necessary_reagent": "", "template_score": 0.4157475531101227, "rms_molwt": -980.91357694, "num_rings": 0, "plausibility": 1, "tforms": ["4b5c01ce1dd3e508649493e134ba9f1c"], "rank": 2, "score": -2822.203109483887}, {"smiles": "CCCCCCCC/C=C\\C/C=C\\C/C=C\\CCCC(=O)OC[C@H](COC(=O)CCCCCCCCCCCCC/C=C\\CCCCCCCC)OCCCCCCCCCCCCCCCCCC", "smiles_split": ["CCCCCCCC/C=C\\C/C=C\\C/C=C\\CCCC(=O)OC[C@H](COC(=O)CCCCCCCCCCCCC/C=C\\CCCCCCCC)OCCCCCCCCCCCCCCCCCC"], "mapped_smiles": "[CH3:1][CH2:2][CH2:3][CH2:4][CH2:5][CH2:6][CH2:7][CH2:8]/[CH:9]=[CH:10]\\[CH2:11]/[CH:12]=[CH:13]\\[CH2:14]/[CH:15]=[CH:16]\\[CH2:17][CH2:18][CH2:19][C:20](=[O:21])[O:22][CH2:23][C@H:24]([CH2:25][O:26][C:27](=[O:28])[CH2:29][CH2:30][CH2:31][CH2:32][CH2:33][CH2:34][CH2:35][CH2:36][CH2:37][CH2:38][CH2:39][CH2:40][CH2:41]/[CH:42]=[CH:43]\\[CH2:44][CH2:45][CH2:46][CH2:47][CH2:48][CH2:49][CH2:50][CH3:51])[O:52][CH2:53][CH2:54][CH2:55][CH2:56][CH2:57][CH2:58][CH2:59][CH2:60][CH2:61][CH2:62][CH2:63][CH2:64][CH2:65][CH2:66][CH2:67][CH2:68][CH2:69][CH3:70]", "reacting_atoms": [7, 6], "template_id": "4b5c01ce1dd3e508649493e134ba9f1c", "template_set": ["bkms", "bkms", "bkms"], "num_examples": 64, "necessary_reagent": "", "template_score": 0.4157475531101227, "rms_molwt": -980.91357694, "num_rings": 0, "plausibility": 1, "tforms": ["71d96988ab3623c8d39bf0ee6519c85b", "4b5c01ce1dd3e508649493e134ba9f1c", "b8752864a144b4d488d51a312d4ebfdc"], "rank": 3, "score": -2822.203109483887}, {"smiles": "CCCCC/C=C\\C/C=C\\CCCC/C=C\\CCCC(=O)OC[C@H](COC(=O)CCCCCCCCCCCCC/C=C\\CCCCCCCC)OCCCCCCCCCCCCCCCCCC", "smiles_split": ["CCCCC/C=C\\C/C=C\\CCCC/C=C\\CCCC(=O)OC[C@H](COC(=O)CCCCCCCCCCCCC/C=C\\CCCCCCCC)OCCCCCCCCCCCCCCCCCC"], "mapped_smiles": "[CH3:1][CH2:2][CH2:3][CH2:4][CH2:5]/[CH:6]=[CH:7]\\[CH2:8]/[CH:9]=[CH:10]\\[CH2:11][CH2:12][CH2:13][CH2:14]/[CH:15]=[CH:16]\\[CH2:17][CH2:18][CH2:19][C:20](=[O:21])[O:22][CH2:23][C@H:24]([CH2:25][O:26][C:27](=[O:28])[CH2:29][CH2:30][CH2:31][CH2:32][CH2:33][CH2:34][CH2:35][CH2:36][CH2:37][CH2:38][CH2:39][CH2:40][CH2:41]/[CH:42]=[CH:43]\\[CH2:44][CH2:45][CH2:46][CH2:47][CH2:48][CH2:49][CH2:50][CH3:51])[O:52][CH2:53][CH2:54][CH2:55][CH2:56][CH2:57][CH2:58][CH2:59][CH2:60][CH2:61][CH2:62][CH2:63][CH2:64][CH2:65][CH2:66][CH2:67][CH2:68][CH2:69][CH3:70]", "reacting_atoms": [13, 12], "template_id": "4b5c01ce1dd3e508649493e134ba9f1c", "template_set": ["bkms", "bkms", "bkms"], "num_examples": 64, "necessary_reagent": "", "template_score": 0.4157475531101227, "rms_molwt": -980.91357694, "num_rings": 0, "plausibility": 1, "tforms": ["71d96988ab3623c8d39bf0ee6519c85b", "4b5c01ce1dd3e508649493e134ba9f1c", "b8752864a144b4d488d51a312d4ebfdc"], "rank": 4, "score": -2822.203109483887}, {"smiles": "CCCCC/C=C\\CCCC/C=C\\C/C=C\\CCCC(=O)OC[C@H](COC(=O)CCCCCCCCCCCCC/C=C\\CCCCCCCC)OCCCCCCCCCCCCCCCCCC", "smiles_split": ["CCCCC/C=C\\CCCC/C=C\\C/C=C\\CCCC(=O)OC[C@H](COC(=O)CCCCCCCCCCCCC/C=C\\CCCCCCCC)OCCCCCCCCCCCCCCCCCC"], "mapped_smiles": "[CH3:1][CH2:2][CH2:3][CH2:4][CH2:5]/[CH:6]=[CH:7]\\[CH2:8][CH2:9][CH2:10][CH2:11]/[CH:12]=[CH:13]\\[CH2:14]/[CH:15]=[CH:16]\\[CH2:17][CH2:18][CH2:19][C:20](=[O:21])[O:22][CH2:23][C@H:24]([CH2:25][O:26][C:27](=[O:28])[CH2:29][CH2:30][CH2:31][CH2:32][CH2:33][CH2:34][CH2:35][CH2:36][CH2:37][CH2:38][CH2:39][CH2:40][CH2:41]/[CH:42]=[CH:43]\\[CH2:44][CH2:45][CH2:46][CH2:47][CH2:48][CH2:49][CH2:50][CH3:51])[O:52][CH2:53][CH2:54][CH2:55][CH2:56][CH2:57][CH2:58][CH2:59][CH2:60][CH2:61][CH2:62][CH2:63][CH2:64][CH2:65][CH2:66][CH2:67][CH2:68][CH2:69][CH3:70]", "reacting_atoms": [10, 9], "template_id": "4b5c01ce1dd3e508649493e134ba9f1c", "template_set": ["bkms", "bkms", "bkms"], "num_examples": 64, "necessary_reagent": "", "template_score": 0.4157475531101227, "rms_molwt": -980.91357694, "num_rings": 0, "plausibility": 1, "tforms": ["71d96988ab3623c8d39bf0ee6519c85b", "4b5c01ce1dd3e508649493e134ba9f1c", "b8752864a144b4d488d51a312d4ebfdc"], "rank": 5, "score": -2822.203109483887}, {"smiles": "CCCCC/C=C\\CC1C(=O)OC1C/C=C\\C/C=C\\CCCC(=O)OC[C@H](COC(=O)CCCCCCCCCCCCC/C=C\\CCCCCCCC)OCCCCCCCCCCCCCCCCCC", "smiles_split": ["CCCCC/C=C\\CC1C(=O)OC1C/C=C\\C/C=C\\CCCC(=O)OC[C@H](COC(=O)CCCCCCCCCCCCC/C=C\\CCCCCCCC)OCCCCCCCCCCCCCCCCCC"], "mapped_smiles": "[CH3:1][CH2:2][CH2:3][CH2:4][CH2:5]/[CH:6]=[CH:7]\\[CH2:8][CH:9]1[CH:10]([CH2:11]/[CH:12]=[CH:13]\\[CH2:14]/[CH:15]=[CH:16]\\[CH2:17][CH2:18][CH2:19][C:20](=[O:21])[O:22][CH2:23][C@H:24]([CH2:25][O:26][C:27](=[O:28])[CH2:29][CH2:30][CH2:31][CH2:32][CH2:33][CH2:34][CH2:35][CH2:36][CH2:37][CH2:38][CH2:39][CH2:40][CH2:41]/[CH:42]=[CH:43]\\[CH2:44][CH2:45][CH2:46][CH2:47][CH2:48][CH2:49][CH2:50][CH3:51])[O:52][CH2:53][CH2:54][CH2:55][CH2:56][CH2:57][CH2:58][CH2:59][CH2:60][CH2:61][CH2:62][CH2:63][CH2:64][CH2:65][CH2:66][CH2:67][CH2:68][CH2:69][CH3:70])[O:902][C:901]1=[O:900]", "reacting_atoms": [10, 9], "template_id": "95b167a4e5e2cf14a7f1b2c6fb174cb0", "template_set": ["bkms"], "num_examples": 4, "necessary_reagent": "", "template_score": 0.12475858628749847, "rms_molwt": -1022.887756116, "num_rings": -1, "plausibility": 1, "tforms": ["95b167a4e5e2cf14a7f1b2c6fb174cb0"], "rank": 6, "score": -10078.861778047902}, {"smiles": "CCCCC/C=C\\CC1OC(=O)C1C/C=C\\C/C=C\\CCCC(=O)OC[C@H](COC(=O)CCCCCCCCCCCCC/C=C\\CCCCCCCC)OCCCCCCCCCCCCCCCCCC", "smiles_split": ["CCCCC/C=C\\CC1OC(=O)C1C/C=C\\C/C=C\\CCCC(=O)OC[C@H](COC(=O)CCCCCCCCCCCCC/C=C\\CCCCCCCC)OCCCCCCCCCCCCCCCCCC"], "mapped_smiles": "[CH3:1][CH2:2][CH2:3][CH2:4][CH2:5]/[CH:6]=[CH:7]\\[CH2:8][CH:9]1[CH:10]([CH2:11]/[CH:12]=[CH:13]\\[CH2:14]/[CH:15]=[CH:16]\\[CH2:17][CH2:18][CH2:19][C:20](=[O:21])[O:22][CH2:23][C@H:24]([CH2:25][O:26][C:27](=[O:28])[CH2:29][CH2:30][CH2:31][CH2:32][CH2:33][CH2:34][CH2:35][CH2:36][CH2:37][CH2:38][CH2:39][CH2:40][CH2:41]/[CH:42]=[CH:43]\\[CH2:44][CH2:45][CH2:46][CH2:47][CH2:48][CH2:49][CH2:50][CH3:51])[O:52][CH2:53][CH2:54][CH2:55][CH2:56][CH2:57][CH2:58][CH2:59][CH2:60][CH2:61][CH2:62][CH2:63][CH2:64][CH2:65][CH2:66][CH2:67][CH2:68][CH2:69][CH3:70])[C:901](=[O:900])[O:902]1", "reacting_atoms": [9, 10], "template_id": "95b167a4e5e2cf14a7f1b2c6fb174cb0", "template_set": ["bkms"], "num_examples": 4, "necessary_reagent": "", "template_score": 0.12475858628749847, "rms_molwt": -1022.887756116, "num_rings": -1, "plausibility": 1, "tforms": ["95b167a4e5e2cf14a7f1b2c6fb174cb0"], "rank": 7, "score": -10078.861778047902}, {"smiles": "CCCCC/C=C\\C/C=C\\CC1C(=O)OC1C/C=C\\CCCC(=O)OC[C@H](COC(=O)CCCCCCCCCCCCC/C=C\\CCCCCCCC)OCCCCCCCCCCCCCCCCCC", "smiles_split": ["CCCCC/C=C\\C/C=C\\CC1C(=O)OC1C/C=C\\CCCC(=O)OC[C@H](COC(=O)CCCCCCCCCCCCC/C=C\\CCCCCCCC)OCCCCCCCCCCCCCCCCCC"], "mapped_smiles": "[CH3:1][CH2:2][CH2:3][CH2:4][CH2:5]/[CH:6]=[CH:7]\\[CH2:8]/[CH:9]=[CH:10]\\[CH2:11][CH:12]1[CH:13]([CH2:14]/[CH:15]=[CH:16]\\[CH2:17][CH2:18][CH2:19][C:20](=[O:21])[O:22][CH2:23][C@H:24]([CH2:25][O:26][C:27](=[O:28])[CH2:29][CH2:30][CH2:31][CH2:32][CH2:33][CH2:34][CH2:35][CH2:36][CH2:37][CH2:38][CH2:39][CH2:40][CH2:41]/[CH:42]=[CH:43]\\[CH2:44][CH2:45][CH2:46][CH2:47][CH2:48][CH2:49][CH2:50][CH3:51])[O:52][CH2:53][CH2:54][CH2:55][CH2:56][CH2:57][CH2:58][CH2:59][CH2:60][CH2:61][CH2:62][CH2:63][CH2:64][CH2:65][CH2:66][CH2:67][CH2:68][CH2:69][CH3:70])[O:902][C:901]1=[O:900]", "reacting_atoms": [13, 12], "template_id": "95b167a4e5e2cf14a7f1b2c6fb174cb0", "template_set": ["bkms"], "num_examples": 4, "necessary_reagent": "", "template_score": 0.12475858628749847, "rms_molwt": -1022.887756116, "num_rings": -1, "plausibility": 1, "tforms": ["95b167a4e5e2cf14a7f1b2c6fb174cb0"], "rank": 8, "score": -10078.861778047902}, {"smiles": "CCCCC/C=C\\C/C=C\\C/C=C\\CC1C(=O)OC1CCCC(=O)OC[C@H](COC(=O)CCCCCCCCCCCCC/C=C\\CCCCCCCC)OCCCCCCCCCCCCCCCCCC", "smiles_split": ["CCCCC/C=C\\C/C=C\\C/C=C\\CC1C(=O)OC1CCCC(=O)OC[C@H](COC(=O)CCCCCCCCCCCCC/C=C\\CCCCCCCC)OCCCCCCCCCCCCCCCCCC"], "mapped_smiles": "[CH3:1][CH2:2][CH2:3][CH2:4][CH2:5]/[CH:6]=[CH:7]\\[CH2:8]/[CH:9]=[CH:10]\\[CH2:11]/[CH:12]=[CH:13]\\[CH2:14][CH:15]1[CH:16]([CH2:17][CH2:18][CH2:19][C:20](=[O:21])[O:22][CH2:23][C@H:24]([CH2:25][O:26][C:27](=[O:28])[CH2:29][CH2:30][CH2:31][CH2:32][CH2:33][CH2:34][CH2:35][CH2:36][CH2:37][CH2:38][CH2:39][CH2:40][CH2:41]/[CH:42]=[CH:43]\\[CH2:44][CH2:45][CH2:46][CH2:47][CH2:48][CH2:49][CH2:50][CH3:51])[O:52][CH2:53][CH2:54][CH2:55][CH2:56][CH2:57][CH2:58][CH2:59][CH2:60][CH2:61][CH2:62][CH2:63][CH2:64][CH2:65][CH2:66][CH2:67][CH2:68][CH2:69][CH3:70])[O:902][C:901]1=[O:900]", "reacting_atoms": [16, 15], "template_id": "95b167a4e5e2cf14a7f1b2c6fb174cb0", "template_set": ["bkms"], "num_examples": 4, "necessary_reagent": "", "template_score": 0.12475858628749847, "rms_molwt": -1022.887756116, "num_rings": -1, "plausibility": 1, "tforms": ["95b167a4e5e2cf14a7f1b2c6fb174cb0"], "rank": 9, "score": -10078.861778047902}, {"smiles": "CCCCCCCC/C=C\\CCCCCCCCCCCCCC(=O)OC[C@@H](COC(=O)CCC/C=C\\C/C=C\\C/C=C\\CC1C(=O)OC1CCCCC)OCCCCCCCCCCCCCCCCCC", "smiles_split": ["CCCCCCCC/C=C\\CCCCCCCCCCCCCC(=O)OC[C@@H](COC(=O)CCC/C=C\\C/C=C\\C/C=C\\CC1C(=O)OC1CCCCC)OCCCCCCCCCCCCCCCCCC"], "mapped_smiles": "[CH3:1][CH2:2][CH2:3][CH2:4][CH2:5][CH:6]1[CH:7]([CH2:8]/[CH:9]=[CH:10]\\[CH2:11]/[CH:12]=[CH:13]\\[CH2:14]/[CH:15]=[CH:16]\\[CH2:17][CH2:18][CH2:19][C:20](=[O:21])[O:22][CH2:23][C@H:24]([CH2:25][O:26][C:27](=[O:28])[CH2:29][CH2:30][CH2:31][CH2:32][CH2:33][CH2:34][CH2:35][CH2:36][CH2:37][CH2:38][CH2:39][CH2:40][CH2:41]/[CH:42]=[CH:43]\\[CH2:44][CH2:45][CH2:46][CH2:47][CH2:48][CH2:49][CH2:50][CH3:51])[O:52][CH2:53][CH2:54][CH2:55][CH2:56][CH2:57][CH2:58][CH2:59][CH2:60][CH2:61][CH2:62][CH2:63][CH2:64][CH2:65][CH2:66][CH2:67][CH2:68][CH2:69][CH3:70])[C:901](=[O:900])[O:902]1", "reacting_atoms": [6, 7], "template_id": "95b167a4e5e2cf14a7f1b2c6fb174cb0", "template_set": ["bkms"], "num_examples": 4, "necessary_reagent": "", "template_score": 0.12475858628749847, "rms_molwt": -1022.887756116, "num_rings": -1, "plausibility": 1, "tforms": ["95b167a4e5e2cf14a7f1b2c6fb174cb0"], "rank": 10, "score": -10078.861778047902}, {"smiles": "CCCCCCCC/C=C\\CCCCCCCCCCCCCC(=O)OC[C@@H](COC(=O)CCC/C=C\\C/C=C\\C/C=C\\CC1OC(=O)C1CCCCC)OCCCCCCCCCCCCCCCCCC", "smiles_split": ["CCCCCCCC/C=C\\CCCCCCCCCCCCCC(=O)OC[C@@H](COC(=O)CCC/C=C\\C/C=C\\C/C=C\\CC1OC(=O)C1CCCCC)OCCCCCCCCCCCCCCCCCC"], "mapped_smiles": "[CH3:1][CH2:2][CH2:3][CH2:4][CH2:5][CH:6]1[CH:7]([CH2:8]/[CH:9]=[CH:10]\\[CH2:11]/[CH:12]=[CH:13]\\[CH2:14]/[CH:15]=[CH:16]\\[CH2:17][CH2:18][CH2:19][C:20](=[O:21])[O:22][CH2:23][C@H:24]([CH2:25][O:26][C:27](=[O:28])[CH2:29][CH2:30][CH2:31][CH2:32][CH2:33][CH2:34][CH2:35][CH2:36][CH2:37][CH2:38][CH2:39][CH2:40][CH2:41]/[CH:42]=[CH:43]\\[CH2:44][CH2:45][CH2:46][CH2:47][CH2:48][CH2:49][CH2:50][CH3:51])[O:52][CH2:53][CH2:54][CH2:55][CH2:56][CH2:57][CH2:58][CH2:59][CH2:60][CH2:61][CH2:62][CH2:63][CH2:64][CH2:65][CH2:66][CH2:67][CH2:68][CH2:69][CH3:70])[O:902][C:901]1=[O:900]", "reacting_atoms": [7, 6], "template_id": "95b167a4e5e2cf14a7f1b2c6fb174cb0", "template_set": ["bkms"], "num_examples": 4, "necessary_reagent": "", "template_score": 0.12475858628749847, "rms_molwt": -1022.887756116, "num_rings": -1, "plausibility": 1, "tforms": ["95b167a4e5e2cf14a7f1b2c6fb174cb0"], "rank": 11, "score": -10078.861778047902}, {"smiles": "CCCCC/C=C\\C/C=C\\C/C=C\\C/C=C\\CCCC(=O)OC[C@H](COC(=O)CCCCCCCCCCCCCC1OC(=O)C1CCCCCCCC)OCCCCCCCCCCCCCCCCCC", "smiles_split": ["CCCCC/C=C\\C/C=C\\C/C=C\\C/C=C\\CCCC(=O)OC[C@H](COC(=O)CCCCCCCCCCCCCC1OC(=O)C1CCCCCCCC)OCCCCCCCCCCCCCCCCCC"], "mapped_smiles": "[CH3:1][CH2:2][CH2:3][CH2:4][CH2:5]/[CH:6]=[CH:7]\\[CH2:8]/[CH:9]=[CH:10]\\[CH2:11]/[CH:12]=[CH:13]\\[CH2:14]/[CH:15]=[CH:16]\\[CH2:17][CH2:18][CH2:19][C:20](=[O:21])[O:22][CH2:23][C@H:24]([CH2:25][O:26][C:27](=[O:28])[CH2:29][CH2:30][CH2:31][CH2:32][CH2:33][CH2:34][CH2:35][CH2:36][CH2:37][CH2:38][CH2:39][CH2:40][CH2:41][CH:42]1[CH:43]([CH2:44][CH2:45][CH2:46][CH2:47][CH2:48][CH2:49][CH2:50][CH3:51])[C:901](=[O:900])[O:902]1)[O:52][CH2:53][CH2:54][CH2:55][CH2:56][CH2:57][CH2:58][CH2:59][CH2:60][CH2:61][CH2:62][CH2:63][CH2:64][CH2:65][CH2:66][CH2:67][CH2:68][CH2:69][CH3:70]", "reacting_atoms": [42, 43], "template_id": "95b167a4e5e2cf14a7f1b2c6fb174cb0", "template_set": ["bkms"], "num_examples": 4, "necessary_reagent": "", "template_score": 0.12475858628749847, "rms_molwt": -1022.887756116, "num_rings": -1, "plausibility": 1, "tforms": ["95b167a4e5e2cf14a7f1b2c6fb174cb0"], "rank": 12, "score": -10078.861778047902}, {"smiles": "CCCCC/C=C\\C/C=C\\CC1OC(=O)C1C/C=C\\CCCC(=O)OC[C@H](COC(=O)CCCCCCCCCCCCC/C=C\\CCCCCCCC)OCCCCCCCCCCCCCCCCCC", "smiles_split": ["CCCCC/C=C\\C/C=C\\CC1OC(=O)C1C/C=C\\CCCC(=O)OC[C@H](COC(=O)CCCCCCCCCCCCC/C=C\\CCCCCCCC)OCCCCCCCCCCCCCCCCCC"], "mapped_smiles": "[CH3:1][CH2:2][CH2:3][CH2:4][CH2:5]/[CH:6]=[CH:7]\\[CH2:8]/[CH:9]=[CH:10]\\[CH2:11][CH:12]1[CH:13]([CH2:14]/[CH:15]=[CH:16]\\[CH2:17][CH2:18][CH2:19][C:20](=[O:21])[O:22][CH2:23][C@H:24]([CH2:25][O:26][C:27](=[O:28])[CH2:29][CH2:30][CH2:31][CH2:32][CH2:33][CH2:34][CH2:35][CH2:36][CH2:37][CH2:38][CH2:39][CH2:40][CH2:41]/[CH:42]=[CH:43]\\[CH2:44][CH2:45][CH2:46][CH2:47][CH2:48][CH2:49][CH2:50][CH3:51])[O:52][CH2:53][CH2:54][CH2:55][CH2:56][CH2:57][CH2:58][CH2:59][CH2:60][CH2:61][CH2:62][CH2:63][CH2:64][CH2:65][CH2:66][CH2:67][CH2:68][CH2:69][CH3:70])[C:901](=[O:900])[O:902]1", "reacting_atoms": [12, 13], "template_id": "95b167a4e5e2cf14a7f1b2c6fb174cb0", "template_set": ["bkms"], "num_examples": 4, "necessary_reagent": "", "template_score": 0.12475858628749847, "rms_molwt": -1022.887756116, "num_rings": -1, "plausibility": 1, "tforms": ["95b167a4e5e2cf14a7f1b2c6fb174cb0"], "rank": 13, "score": -10078.861778047902}, {"smiles": "CCCCC/C=C\\C/C=C\\C/C=C\\C/C=C\\CCCC(=O)OC[C@H](COC(=O)CCCCCCCCCCCCCC1C(=O)OC1CCCCCCCC)OCCCCCCCCCCCCCCCCCC", "smiles_split": ["CCCCC/C=C\\C/C=C\\C/C=C\\C/C=C\\CCCC(=O)OC[C@H](COC(=O)CCCCCCCCCCCCCC1C(=O)OC1CCCCCCCC)OCCCCCCCCCCCCCCCCCC"], "mapped_smiles": "[CH3:1][CH2:2][CH2:3][CH2:4][CH2:5]/[CH:6]=[CH:7]\\[CH2:8]/[CH:9]=[CH:10]\\[CH2:11]/[CH:12]=[CH:13]\\[CH2:14]/[CH:15]=[CH:16]\\[CH2:17][CH2:18][CH2:19][C:20](=[O:21])[O:22][CH2:23][C@H:24]([CH2:25][O:26][C:27](=[O:28])[CH2:29][CH2:30][CH2:31][CH2:32][CH2:33][CH2:34][CH2:35][CH2:36][CH2:37][CH2:38][CH2:39][CH2:40][CH2:41][CH:42]1[CH:43]([CH2:44][CH2:45][CH2:46][CH2:47][CH2:48][CH2:49][CH2:50][CH3:51])[O:902][C:901]1=[O:900])[O:52][CH2:53][CH2:54][CH2:55][CH2:56][CH2:57][CH2:58][CH2:59][CH2:60][CH2:61][CH2:62][CH2:63][CH2:64][CH2:65][CH2:66][CH2:67][CH2:68][CH2:69][CH3:70]", "reacting_atoms": [43, 42], "template_id": "95b167a4e5e2cf14a7f1b2c6fb174cb0", "template_set": ["bkms"], "num_examples": 4, "necessary_reagent": "", "template_score": 0.12475858628749847, "rms_molwt": -1022.887756116, "num_rings": -1, "plausibility": 1, "tforms": ["95b167a4e5e2cf14a7f1b2c6fb174cb0"], "rank": 14, "score": -10078.861778047902}, {"smiles": "CCCCC/C=C\\C/C=C\\C/C=C\\CC1OC(=O)C1CCCC(=O)OC[C@H](COC(=O)CCCCCCCCCCCCC/C=C\\CCCCCCCC)OCCCCCCCCCCCCCCCCCC", "smiles_split": ["CCCCC/C=C\\C/C=C\\C/C=C\\CC1OC(=O)C1CCCC(=O)OC[C@H](COC(=O)CCCCCCCCCCCCC/C=C\\CCCCCCCC)OCCCCCCCCCCCCCCCCCC"], "mapped_smiles": "[CH3:1][CH2:2][CH2:3][CH2:4][CH2:5]/[CH:6]=[CH:7]\\[CH2:8]/[CH:9]=[CH:10]\\[CH2:11]/[CH:12]=[CH:13]\\[CH2:14][CH:15]1[CH:16]([CH2:17][CH2:18][CH2:19][C:20](=[O:21])[O:22][CH2:23][C@H:24]([CH2:25][O:26][C:27](=[O:28])[CH2:29][CH2:30][CH2:31][CH2:32][CH2:33][CH2:34][CH2:35][CH2:36][CH2:37][CH2:38][CH2:39][CH2:40][CH2:41]/[CH:42]=[CH:43]\\[CH2:44][CH2:45][CH2:46][CH2:47][CH2:48][CH2:49][CH2:50][CH3:51])[O:52][CH2:53][CH2:54][CH2:55][CH2:56][CH2:57][CH2:58][CH2:59][CH2:60][CH2:61][CH2:62][CH2:63][CH2:64][CH2:65][CH2:66][CH2:67][CH2:68][CH2:69][CH3:70])[C:901](=[O:900])[O:902]1", "reacting_atoms": [15, 16], "template_id": "95b167a4e5e2cf14a7f1b2c6fb174cb0", "template_set": ["bkms"], "num_examples": 4, "necessary_reagent": "", "template_score": 0.12475858628749847, "rms_molwt": -1022.887756116, "num_rings": -1, "plausibility": 1, "tforms": ["95b167a4e5e2cf14a7f1b2c6fb174cb0"], "rank": 15, "score": -10078.861778047902}]}