{"smiles": "CO[C@@H]1[C@@H](OC(=N)O)[C@H](O)[C@H](Oc2ccc3c(c2C)OC(=O)[C@H](NC(=O)c2ccc(O)c(CC=C(C)C)c2)C3=O)OC1(C)C", "sfscore": [0.41216614842414856, 0.6423705816268921], "chem_result": [{"smiles": "CO[C@@H]1[C@@H](OC(=N)O)[C@H](O)[C@H](Oc2ccc3c(c2C)OC(=O)[C@H](NC(=O)c2ccc(O)c(CC=C(C)C)c2)C3=O)OC1(C)C", "bw_confidence": 0.04691706288144884, "confidence": 0.22389707954773008, "rclass": "9 9.7 9.7.259", "children": [{"smiles": "CO[C@@H]1[C@@H](OC#N)[C@H](O)[C@H](Oc2ccc3c(c2C)OC(=O)[C@H](NC(=O)c2ccc(O)c(CC=C(C)C)c2)C3=O)OC1(C)C"}, {"smiles": "Cl"}]}, {"smiles": "CO[C@@H]1[C@@H](OC(=N)O)[C@H](O)[C@H](Oc2ccc3c(c2C)OC(=O)[C@H](NC(=O)c2ccc(O)c(CC=C(C)C)c2)C3=O)OC1(C)C", "bw_confidence": 0.04661576909782161, "confidence": 0.5967500509142878, "rclass": "0 0 0", "children": [{"smiles": "CO[C@@H]1[C@@H](O)[C@H](O)[C@H](Oc2ccc3c(c2C)OC(=O)[C@H](NC(=O)c2ccc(O)c(CC=C(C)C)c2)C3=O)OC1(C)C"}, {"smiles": "N#CO[Na]"}]}, {"smiles": "CO[C@@H]1[C@@H](OC(=N)O)[C@H](O)[C@H](Oc2ccc3c(c2C)OC(=O)[C@H](NC(=O)c2ccc(O)c(CC=C(C)C)c2)C3=O)OC1(C)C", "bw_confidence": 0.033407195923838603, "confidence": 0.4341160473705484, "rclass": "2 2.1 2.1.2", "children": [{"smiles": "CC(C)=CCc1cc(C(=O)O)ccc1O"}, {"smiles": "CO[C@@H]1[C@@H](OC(=N)O)[C@H](O)[C@H](Oc2ccc3c(c2C)OC(=O)[C@H](N)C3=O)OC1(C)C"}]}, {"smiles": "CO[C@@H]1[C@@H](OC(=N)O)[C@H](O)[C@H](Oc2ccc3c(c2C)OC(=O)[C@H](NC(=O)c2ccc(O)c(CC=C(C)C)c2)C3=O)OC1(C)C", "bw_confidence": 0.02875434456716573, "confidence": 0.3538137843631559, "rclass": "3 3.11 3.11.16", "children": [{"smiles": "CC(C)=CCBr"}, {"smiles": "CO[C@@H]1[C@@H](OC(=N)O)[C@H](O)[C@H](Oc2ccc3c(c2C)OC(=O)[C@H](NC(=O)c2ccc(O)c(I)c2)C3=O)OC1(C)C"}]}, {"smiles": "CO[C@@H]1[C@@H](OC(=N)O)[C@H](O)[C@H](Oc2ccc3c(c2C)OC(=O)[C@H](NC(=O)c2ccc(O)c(CC=C(C)C)c2)C3=O)OC1(C)C", "bw_confidence": 0.0155380707433595, "confidence": 0.53297497582626, "rclass": "6 6.3 6.3.6", "children": [{"smiles": "CO"}, {"smiles": "CO[C@@H]1[C@@H](OC(=N)O)[C@H](OC(C)=O)[C@H](Oc2ccc3c(c2C)OC(=O)[C@H](NC(=O)c2ccc(OC(C)=O)c(CC=C(C)C)c2)C3=O)OC1(C)C"}, {"smiles": "N"}]}, {"smiles": "CO[C@@H]1[C@@H](OC(=N)O)[C@H](O)[C@H](Oc2ccc3c(c2C)OC(=O)[C@H](NC(=O)c2ccc(O)c(CC=C(C)C)c2)C3=O)OC1(C)C", "bw_confidence": 0.014775968750939358, "confidence": 0.03914149137543412, "rclass": "0 0 0", "children": [{"smiles": "CO[C@@H]1[C@@H](OC(=N)O)[C@H](O)[C@H](Oc2ccc3c(c2C)OC(=O)[C@H](N)C3=O)OC1(C)C"}, {"smiles": "Cl"}]}, {"smiles": "CO[C@@H]1[C@@H](OC(=N)O)[C@H](O)[C@H](Oc2ccc3c(c2C)OC(=O)[C@H](NC(=O)c2ccc(O)c(CC=C(C)C)c2)C3=O)OC1(C)C", "bw_confidence": 0.011660323450005075, "confidence": 0.3112778628819674, "rclass": "11 11.2 11.2", "children": [{"smiles": "CO[C@@H]1[C@@H](OC(=N)O)[C@H](O)[C@H](Oc2ccc3c(c2C)OC(=O)[C@H](NC(=O)c2ccc(O)c(CC=C(C)C)c2)C3=O)OC1(C)C~Cl"}, {"smiles": "O"}]}, {"smiles": "CO[C@@H]1[C@@H](OC(=N)O)[C@H](O)[C@H](Oc2ccc3c(c2C)OC(=O)[C@H](NC(=O)c2ccc(O)c(CC=C(C)C)c2)C3=O)OC1(C)C", "bw_confidence": 0.0072528305315057075, "confidence": 0.6913100550227878, "rclass": "8 8.1 8.1.10", "children": [{"smiles": "CO[C@@H]1[C@@H](OC(=N)O)[C@H](O)[C@H](Oc2ccc3c(c2C)OC(=O)[C@H](NC(=O)c2ccc(O)c(CC=C(C)C)c2)[C@@H]3O)OC1(C)C"}, {"smiles": "ClCCl"}, {"smiles": "O=[Cr](=O)([O-])Cl~c1cc[nH+]cc1"}]}, {"smiles": "CO[C@@H]1[C@@H](OC(=N)O)[C@H](O)[C@H](Oc2ccc3c(c2C)OC(=O)[C@H](NC(=O)c2ccc(O)c(CC=C(C)C)c2)C3=O)OC1(C)C", "bw_confidence": 0.005186924586498571, "confidence": 0.6599519040281664, "rclass": "7 7.9 7.9.8", "children": [{"smiles": "CO[C@@H]1[C@@H](OC(=N)O)[C@H](O)[C@H](Oc2ccc3c(c2C)OC(=O)[C@H](NC(=O)c2ccc(O)c(C#CC(C)C)c2)C3=O)OC1(C)C"}, {"smiles": "[H][H]"}, {"smiles": "[Pd]"}]}, {"smiles": "CO[C@@H]1[C@@H](OC(=N)O)[C@H](O)[C@H](Oc2ccc3c(c2C)OC(=O)[C@H](NC(=O)c2ccc(O)c(CC=C(C)C)c2)C3=O)OC1(C)C", "bw_confidence": 0.0035702116278918455, "confidence": 0.4943116900288654, "rclass": "0 0 0", "children": [{"smiles": "CO[C@@H]1[C@@H](O)[C@H](O)[C@H](Oc2ccc3c(c2C)OC(=O)[C@H](NC(=O)c2ccc(O)c(CC=C(C)C)c2)C3=O)OC1(C)C"}, {"smiles": "N#C[O-]~[K+]"}]}, {"smiles": "CO[C@@H]1[C@@H](OC(=N)O)[C@H](O)[C@H](Oc2ccc3c(c2C)OC(=O)[C@H](NC(=O)c2ccc(O)c(CC=C(C)C)c2)C3=O)OC1(C)C", "bw_confidence": 0.002098598979324383, "confidence": 0.24166098549058468, "rclass": "0 0 0", "children": [{"smiles": "CC(C)=CCc1cc(C(=O)N[C@H]2C(=O)Oc3c(ccc(O)c3C)C2=O)ccc1O"}, {"smiles": "CO[C@@H]1[C@@H](OC(=N)N)[C@H](O)[C@H](Oc2ccc(C(=O)O)c(O)c2C)OC1(C)C"}]}, {"smiles": "CO[C@@H]1[C@@H](OC(=N)O)[C@H](O)[C@H](Oc2ccc3c(c2C)OC(=O)[C@H](NC(=O)c2ccc(O)c(CC=C(C)C)c2)C3=O)OC1(C)C", "bw_confidence": 0.0017655012057634348, "confidence": 0.08320012222569925, "rclass": "11 11.5 11.5", "children": [{"smiles": "CO[C@@H]1[C@@H](OC(=N)O)[C@H](O)[C@H](Oc2ccc3c(c2C)OC(=O)[C@H](NC(=O)c2ccc(O)c(CC=C(C)C)c2)C3=O)OC1(C)C"}, {"smiles": "ClCCl"}]}], "chem_bw_confidence_list": [0.04691706288144884, 0.04661576909782161, 0.033407195923838603, 0.02875434456716573, 0.0155380707433595, 0.014775968750939358, 0.011660323450005075, 0.0072528305315057075, 0.005186924586498571, 0.0035702116278918455, 0.002098598979324383, 0.0017655012057634348], "enzy_template_score_list": [0.19410116970539093, 0.1736030876636505, 0.09752446413040161, 0.08116215467453003, 0.04400910809636116, 0.04493115097284317, 0.009782985784113407, 0.007428598124533892, 0.005415910389274359, 0.005415910389274359, 0.005415910389274359, 0.005415910389274359, 0.005415910389274359, 0.0029475800693035126, 0.0029475800693035126], "enzy_result": [{"smiles": "CC(C)=CCc1cc(C(=O)N[C@H]2C(=O)Oc3c(ccc(O[C@@H]4OC(C)(C)[C@H](O)[C@@H](OC(=N)O)[C@@H]4O)c3C)C2=O)ccc1O", "smiles_split": ["CC(C)=CCc1cc(C(=O)N[C@H]2C(=O)Oc3c(ccc(O[C@@H]4OC(C)(C)[C@H](O)[C@@H](OC(=N)O)[C@@H]4O)c3C)C2=O)ccc1O"], "mapped_smiles": "[OH:2][C@@H:3]1[C@@H:4]([O:5][C:6](=[NH:7])[OH:8])[C@H:9]([OH:10])[C@H:11]([O:12][c:13]2[cH:14][cH:15][c:16]3[c:17]([c:18]2[CH3:19])[O:20][C:21](=[O:22])[C@H:23]([NH:24][C:25](=[O:26])[c:27]2[cH:28][cH:29][c:30]([OH:31])[c:32]([CH2:33][CH:34]=[C:35]([CH3:36])[CH3:37])[cH:38]2)[C:39]3=[O:40])[O:41][C:42]1([CH3:43])[CH3:44]", "reacting_atoms": [2], "template_id": "16b2a3e2e6b9d559d878b223e5a12dd1", "template_set": ["bkms"], "num_examples": 37, "necessary_reagent": "[C]", "template_score": 0.19410116970539093, "rms_molwt": -598.2162599079999, "num_rings": -4, "plausibility": 1, "tforms": ["16b2a3e2e6b9d559d878b223e5a12dd1"], "rank": 1, "score": -3356.098197515339}, {"smiles": "CO[C@@H]1[C@@H](OC(=N)O)[C@H](O)[C@H](Oc2ccc3c(c2C)OC(O)[C@H](NC(=O)c2ccc(O)c(CC=C(C)C)c2)C3=O)OC1(C)C", "smiles_split": ["CO[C@@H]1[C@@H](OC(=N)O)[C@H](O)[C@H](Oc2ccc3c(c2C)OC(O)[C@H](NC(=O)c2ccc(O)c(CC=C(C)C)c2)C3=O)OC1(C)C"], "mapped_smiles": "[CH3:1][O:2][C@@H:3]1[C@@H:4]([O:5][C:6](=[NH:7])[OH:8])[C@H:9]([OH:10])[C@H:11]([O:12][c:13]2[cH:14][cH:15][c:16]3[c:17]([c:18]2[CH3:19])[O:20][CH:21]([OH:22])[C@H:23]([NH:24][C:25](=[O:26])[c:27]2[cH:28][cH:29][c:30]([OH:31])[c:32]([CH2:33][CH:34]=[C:35]([CH3:36])[CH3:37])[cH:38]2)[C:39]3=[O:40])[O:41][C:42]1([CH3:43])[CH3:44]", "reacting_atoms": [21, 23, 22], "template_id": "5c19ad9117c39b8de47b69bf60cd49ce", "template_set": ["bkms"], "num_examples": 20, "necessary_reagent": "", "template_score": 0.1736030876636505, "rms_molwt": -614.247560036, "num_rings": -4, "plausibility": 1, "tforms": ["5c19ad9117c39b8de47b69bf60cd49ce"], "rank": 2, "score": -3860.5813111743973}, {"smiles": "CO[C@@H]1[C@@H](OC(=N)O)[C@H](O)[C@H](Oc2ccc3c(c2C)OC(=O)[C@H](NC(=O)c2ccc(O)cc2)C3=O)OC1(C)C", "smiles_split": ["CO[C@@H]1[C@@H](OC(=N)O)[C@H](O)[C@H](Oc2ccc3c(c2C)OC(=O)[C@H](NC(=O)c2ccc(O)cc2)C3=O)OC1(C)C"], "mapped_smiles": "[CH3:1][O:2][C@@H:3]1[C@@H:4]([O:5][C:6](=[NH:7])[OH:8])[C@H:9]([OH:10])[C@H:11]([O:12][c:13]2[cH:14][cH:15][c:16]3[c:17]([c:18]2[CH3:19])[O:20][C:21](=[O:22])[C@H:23]([NH:24][C:25](=[O:26])[c:27]2[cH:28][cH:29][c:30]([OH:31])[cH:32][cH:38]2)[C:39]3=[O:40])[O:41][C:42]1([CH3:43])[CH3:44]", "reacting_atoms": [32], "template_id": "2bb9e1cbd18dda99861e1bef2fa3aa3f", "template_set": ["bkms", "bkms"], "num_examples": 19, "necessary_reagent": "[C]~[C]~[C](~[C])~[C]", "template_score": 0.09752446413040161, "rms_molwt": -544.1693097159999, "num_rings": -4, "plausibility": 1, "tforms": ["cb1ecd60fb19571f43dff99d4fab3112", "2bb9e1cbd18dda99861e1bef2fa3aa3f"], "rank": 3, "score": -6137.87239854603}, {"smiles": "CO[C@@H]1[C@@H](OC(=N)O)[C@H](O)[C@H](Oc2ccc3c(c2C)O[C@@H](O)[C@H](NC(=O)c2ccc(O)c(CC=C(C)C)c2)C3=O)OC1(C)C", "smiles_split": ["CO[C@@H]1[C@@H](OC(=N)O)[C@H](O)[C@H](Oc2ccc3c(c2C)O[C@@H](O)[C@H](NC(=O)c2ccc(O)c(CC=C(C)C)c2)C3=O)OC1(C)C"], "mapped_smiles": "[CH3:1][O:2][C@@H:3]1[C@@H:4]([O:5][C:6](=[NH:7])[OH:8])[C@H:9]([OH:10])[C@H:11]([O:12][c:13]2[cH:14][cH:15][c:16]3[c:17]([c:18]2[CH3:19])[O:20][C@@H:21]([OH:22])[C@H:23]([NH:24][C:25](=[O:26])[c:27]2[cH:28][cH:29][c:30]([OH:31])[c:32]([CH2:33][CH:34]=[C:35]([CH3:36])[CH3:37])[cH:38]2)[C:39]3=[O:40])[O:41][C:42]1([CH3:43])[CH3:44]", "reacting_atoms": [21, 23, 22], "template_id": "2bae8bbeed265b14104c13619249e91e", "template_set": ["bkms"], "num_examples": 7, "necessary_reagent": "", "template_score": 0.08116215467453003, "rms_molwt": -614.247560036, "num_rings": -4, "plausibility": 1, "tforms": ["2bae8bbeed265b14104c13619249e91e"], "rank": 4, "score": -8528.714381380092}, {"smiles": "CO[C@@H]1[C@@H](OC(=N)O)[C@H](O)[C@H](Oc2ccc3c(c2C)O[C@H](O)[C@H](NC(=O)c2ccc(O)c(CC=C(C)C)c2)C3=O)OC1(C)C", "smiles_split": ["CO[C@@H]1[C@@H](OC(=N)O)[C@H](O)[C@H](Oc2ccc3c(c2C)O[C@H](O)[C@H](NC(=O)c2ccc(O)c(CC=C(C)C)c2)C3=O)OC1(C)C"], "mapped_smiles": "[CH3:1][O:2][C@@H:3]1[C@@H:4]([O:5][C:6](=[NH:7])[OH:8])[C@H:9]([OH:10])[C@H:11]([O:12][c:13]2[cH:14][cH:15][c:16]3[c:17]([c:18]2[CH3:19])[O:20][C@H:21]([OH:22])[C@H:23]([NH:24][C:25](=[O:26])[c:27]2[cH:28][cH:29][c:30]([OH:31])[c:32]([CH2:33][CH:34]=[C:35]([CH3:36])[CH3:37])[cH:38]2)[C:39]3=[O:40])[O:41][C:42]1([CH3:43])[CH3:44]", "reacting_atoms": [21, 23, 22], "template_id": "17c8b47189523d337014008abb157345", "template_set": ["bkms"], "num_examples": 1, "necessary_reagent": "", "template_score": 0.04400910809636116, "rms_molwt": -614.247560036, "num_rings": -4, "plausibility": 1, "tforms": ["17c8b47189523d337014008abb157345"], "rank": 5, "score": -15728.763106964538}, {"smiles": "CO[C@@H]1[C@@H](OC(=N)O)[C@H](O)[C@H](Oc2ccc3c(c2C)O[C@@H](n2ccc(=O)[nH]c2=O)[C@H](NC(=O)c2ccc(O)c(CC=C(C)C)c2)C3=O)OC1(C)C", "smiles_split": ["CO[C@@H]1[C@@H](OC(=N)O)[C@H](O)[C@H](Oc2ccc3c(c2C)O[C@@H](n2ccc(=O)[nH]c2=O)[C@H](NC(=O)c2ccc(O)c(CC=C(C)C)c2)C3=O)OC1(C)C"], "mapped_smiles": "[CH3:1][O:2][C@@H:3]1[C@@H:4]([O:5][C:6](=[NH:7])[OH:8])[C@H:9]([OH:10])[C@H:11]([O:12][c:13]2[cH:14][cH:15][c:16]3[c:17]([c:18]2[CH3:19])[O:20][C@@H:21]([n:905]2[c:903](=[O:904])[nH:902][c:901](=[O:900])[cH:907][cH:906]2)[C@H:23]([NH:24][C:25](=[O:26])[c:27]2[cH:28][cH:29][c:30]([OH:31])[c:32]([CH2:33][CH:34]=[C:35]([CH3:36])[CH3:37])[cH:38]2)[C:39]3=[O:40])[O:41][C:42]1([CH3:43])[CH3:44]", "reacting_atoms": [21, 23], "template_id": "88ea8e5bf1da9163bb379ce022a6080f", "template_set": ["bkms"], "num_examples": 1, "necessary_reagent": "[O]", "template_score": 0.04493115097284317, "rms_molwt": -708.26427272, "num_rings": -5, "plausibility": 1, "tforms": ["88ea8e5bf1da9163bb379ce022a6080f"], "rank": 6, "score": -18648.722640373053}, {"smiles": "CO[C@@H]1[C@@H](OC(=N)O)[C@H](O)[C@H](Oc2ccc3c(c2C)OC(=O)[C@H](NC(=O)c2cccc(CC=C(C)C)c2)C3=O)OC1(C)C", "smiles_split": ["CO[C@@H]1[C@@H](OC(=N)O)[C@H](O)[C@H](Oc2ccc3c(c2C)OC(=O)[C@H](NC(=O)c2cccc(CC=C(C)C)c2)C3=O)OC1(C)C"], "mapped_smiles": "[CH3:1][O:2][C@@H:3]1[C@@H:4]([O:5][C:6](=[NH:7])[OH:8])[C@H:9]([OH:10])[C@H:11]([O:12][c:13]2[cH:14][cH:15][c:16]3[c:17]([c:18]2[CH3:19])[O:20][C:21](=[O:22])[C@H:23]([NH:24][C:25](=[O:26])[c:27]2[cH:28][cH:29][cH:30][c:32]([CH2:33][CH:34]=[C:35]([CH3:36])[CH3:37])[cH:38]2)[C:39]3=[O:40])[O:41][C:42]1([CH3:43])[CH3:44]", "reacting_atoms": [30], "template_id": "3c2c4cfbcb3bcb992a014c1db6900c8d", "template_set": ["bkms"], "num_examples": 207, "necessary_reagent": "[O]", "template_score": 0.009782985784113407, "rms_molwt": -596.2369953519999, "num_rings": -4, "plausibility": 1, "tforms": ["3c2c4cfbcb3bcb992a014c1db6900c8d"], "rank": 7, "score": -66587.29759596776}, {"smiles": "CO[C@@H]1[C@@H](OC(=N)O)[C@H](O)[C@H](Oc2ccc3c(c2C)OC(=O)[C@H](NC(=O)c2ccc(O)c(C(=O)C=C(C)C)c2)C3=O)OC1(C)C", "smiles_split": ["CO[C@@H]1[C@@H](OC(=N)O)[C@H](O)[C@H](Oc2ccc3c(c2C)OC(=O)[C@H](NC(=O)c2ccc(O)c(C(=O)C=C(C)C)c2)C3=O)OC1(C)C"], "mapped_smiles": "[CH3:1][O:2][C@@H:3]1[C@@H:4]([O:5][C:6](=[NH:7])[OH:8])[C@H:9]([OH:10])[C@H:11]([O:12][c:13]2[cH:14][cH:15][c:16]3[c:17]([c:18]2[CH3:19])[O:20][C:21](=[O:22])[C@H:23]([NH:24][C:25](=[O:26])[c:27]2[cH:28][cH:29][c:30]([OH:31])[c:32]([C:33]([CH:34]=[C:35]([CH3:36])[CH3:37])=[O:900])[cH:38]2)[C:39]3=[O:40])[O:41][C:42]1([CH3:43])[CH3:44]", "reacting_atoms": [33], "template_id": "6d1bb1687ab83c49194e89bb0bc284a7", "template_set": ["bkms"], "num_examples": 1, "necessary_reagent": "", "template_score": 0.007428598124533892, "rms_molwt": -626.211174528, "num_rings": -4, "plausibility": 1, "tforms": ["6d1bb1687ab83c49194e89bb0bc284a7"], "rank": 8, "score": -92914.06198691904}, {"smiles": "CO[C@@H]1[C@@H](OC(=N)O)[C@H](O)[C@H](Oc2cc(O)c3c(c2C)OC(=O)[C@H](NC(=O)c2ccc(O)c(CC=C(C)C)c2)C3=O)OC1(C)C", "smiles_split": ["CO[C@@H]1[C@@H](OC(=N)O)[C@H](O)[C@H](Oc2cc(O)c3c(c2C)OC(=O)[C@H](NC(=O)c2ccc(O)c(CC=C(C)C)c2)C3=O)OC1(C)C"], "mapped_smiles": "[CH3:1][O:2][C@@H:3]1[C@@H:4]([O:5][C:6](=[NH:7])[OH:8])[C@H:9]([OH:10])[C@H:11]([O:12][c:13]2[cH:14][c:15]([OH:900])[c:16]3[c:17]([c:18]2[CH3:19])[O:20][C:21](=[O:22])[C@H:23]([NH:24][C:25](=[O:26])[c:27]2[cH:28][cH:29][c:30]([OH:31])[c:32]([CH2:33][CH:34]=[C:35]([CH3:36])[CH3:37])[cH:38]2)[C:39]3=[O:40])[O:41][C:42]1([CH3:43])[CH3:44]", "reacting_atoms": [15], "template_id": "f53e9cbdf728108a37f743b6e04eb4f2", "template_set": ["bkms", "bkms"], "num_examples": 60, "necessary_reagent": "", "template_score": 0.005415910389274359, "rms_molwt": -628.2268245920001, "num_rings": -4, "plausibility": 1, "tforms": ["f53e9cbdf728108a37f743b6e04eb4f2", "83d85e7a585f92eaccf25b635972a3d6"], "rank": 9, "score": -127443.25090491955}, {"smiles": "CO[C@@H]1[C@@H](OC(=N)O)[C@H](O)[C@H](Oc2ccc3c(c2C)OC(=O)[C@H](NC(=O)c2cc(CC=C(C)C)c(O)cc2O)C3=O)OC1(C)C", "smiles_split": ["CO[C@@H]1[C@@H](OC(=N)O)[C@H](O)[C@H](Oc2ccc3c(c2C)OC(=O)[C@H](NC(=O)c2cc(CC=C(C)C)c(O)cc2O)C3=O)OC1(C)C"], "mapped_smiles": "[CH3:1][O:2][C@@H:3]1[C@@H:4]([O:5][C:6](=[NH:7])[OH:8])[C@H:9]([OH:10])[C@H:11]([O:12][c:13]2[cH:14][cH:15][c:16]3[c:17]([c:18]2[CH3:19])[O:20][C:21](=[O:22])[C@H:23]([NH:24][C:25](=[O:26])[c:27]2[c:28]([OH:900])[cH:29][c:30]([OH:31])[c:32]([CH2:33][CH:34]=[C:35]([CH3:36])[CH3:37])[cH:38]2)[C:39]3=[O:40])[O:41][C:42]1([CH3:43])[CH3:44]", "reacting_atoms": [28], "template_id": "f53e9cbdf728108a37f743b6e04eb4f2", "template_set": ["bkms", "bkms"], "num_examples": 60, "necessary_reagent": "", "template_score": 0.005415910389274359, "rms_molwt": -628.226824592, "num_rings": -4, "plausibility": 1, "tforms": ["f53e9cbdf728108a37f743b6e04eb4f2", "83d85e7a585f92eaccf25b635972a3d6"], "rank": 10, "score": -127443.25090491955}, {"smiles": "CO[C@@H]1[C@@H](OC(=N)O)[C@H](O)[C@H](Oc2c(O)cc3c(c2C)OC(=O)[C@H](NC(=O)c2ccc(O)c(CC=C(C)C)c2)C3=O)OC1(C)C", "smiles_split": ["CO[C@@H]1[C@@H](OC(=N)O)[C@H](O)[C@H](Oc2c(O)cc3c(c2C)OC(=O)[C@H](NC(=O)c2ccc(O)c(CC=C(C)C)c2)C3=O)OC1(C)C"], "mapped_smiles": "[CH3:1][O:2][C@@H:3]1[C@@H:4]([O:5][C:6](=[NH:7])[OH:8])[C@H:9]([OH:10])[C@H:11]([O:12][c:13]2[c:14]([OH:900])[cH:15][c:16]3[c:17]([c:18]2[CH3:19])[O:20][C:21](=[O:22])[C@H:23]([NH:24][C:25](=[O:26])[c:27]2[cH:28][cH:29][c:30]([OH:31])[c:32]([CH2:33][CH:34]=[C:35]([CH3:36])[CH3:37])[cH:38]2)[C:39]3=[O:40])[O:41][C:42]1([CH3:43])[CH3:44]", "reacting_atoms": [14], "template_id": "f53e9cbdf728108a37f743b6e04eb4f2", "template_set": ["bkms"], "num_examples": 56, "necessary_reagent": "", "template_score": 0.005415910389274359, "rms_molwt": -628.2268245920001, "num_rings": -4, "plausibility": 1, "tforms": ["f53e9cbdf728108a37f743b6e04eb4f2"], "rank": 11, "score": -127443.25090491955}, {"smiles": "CO[C@@H]1[C@@H](OC(=N)O)[C@H](O)[C@H](Oc2ccc3c(c2C)OC(=O)[C@H](NC(=O)c2cc(O)c(O)c(CC=C(C)C)c2)C3=O)OC1(C)C", "smiles_split": ["CO[C@@H]1[C@@H](OC(=N)O)[C@H](O)[C@H](Oc2ccc3c(c2C)OC(=O)[C@H](NC(=O)c2cc(O)c(O)c(CC=C(C)C)c2)C3=O)OC1(C)C"], "mapped_smiles": "[CH3:1][O:2][C@@H:3]1[C@@H:4]([O:5][C:6](=[NH:7])[OH:8])[C@H:9]([OH:10])[C@H:11]([O:12][c:13]2[cH:14][cH:15][c:16]3[c:17]([c:18]2[CH3:19])[O:20][C:21](=[O:22])[C@H:23]([NH:24][C:25](=[O:26])[c:27]2[cH:28][c:29]([OH:900])[c:30]([OH:31])[c:32]([CH2:33][CH:34]=[C:35]([CH3:36])[CH3:37])[cH:38]2)[C:39]3=[O:40])[O:41][C:42]1([CH3:43])[CH3:44]", "reacting_atoms": [29], "template_id": "f53e9cbdf728108a37f743b6e04eb4f2", "template_set": ["bkms"], "num_examples": 56, "necessary_reagent": "", "template_score": 0.005415910389274359, "rms_molwt": -628.226824592, "num_rings": -4, "plausibility": 1, "tforms": ["f53e9cbdf728108a37f743b6e04eb4f2"], "rank": 12, "score": -127443.25090491955}, {"smiles": "CO[C@@H]1[C@@H](OC(=N)O)[C@H](O)[C@H](Oc2ccc3c(c2C)OC(=O)[C@H](NC(=O)c2ccc(O)c(CC=C(C)C)c2O)C3=O)OC1(C)C", "smiles_split": ["CO[C@@H]1[C@@H](OC(=N)O)[C@H](O)[C@H](Oc2ccc3c(c2C)OC(=O)[C@H](NC(=O)c2ccc(O)c(CC=C(C)C)c2O)C3=O)OC1(C)C"], "mapped_smiles": "[CH3:1][O:2][C@@H:3]1[C@@H:4]([O:5][C:6](=[NH:7])[OH:8])[C@H:9]([OH:10])[C@H:11]([O:12][c:13]2[cH:14][cH:15][c:16]3[c:17]([c:18]2[CH3:19])[O:20][C:21](=[O:22])[C@H:23]([NH:24][C:25](=[O:26])[c:27]2[cH:28][cH:29][c:30]([OH:31])[c:32]([CH2:33][CH:34]=[C:35]([CH3:36])[CH3:37])[c:38]2[OH:900])[C:39]3=[O:40])[O:41][C:42]1([CH3:43])[CH3:44]", "reacting_atoms": [38], "template_id": "f53e9cbdf728108a37f743b6e04eb4f2", "template_set": ["bkms", "bkms"], "num_examples": 60, "necessary_reagent": "", "template_score": 0.005415910389274359, "rms_molwt": -628.226824592, "num_rings": -4, "plausibility": 1, "tforms": ["f53e9cbdf728108a37f743b6e04eb4f2", "83d85e7a585f92eaccf25b635972a3d6"], "rank": 13, "score": -127443.25090491955}, {"smiles": "CO[C@@H]1[C@@H](OC(=N)O)[C@H](O)[C@H](Oc2ccc3c(c2C)OC(=O)[C@H](NC(=O)c2ccc(O)c(CC=C(C)C)c2C(=O)O)C3=O)OC1(C)C", "smiles_split": ["CO[C@@H]1[C@@H](OC(=N)O)[C@H](O)[C@H](Oc2ccc3c(c2C)OC(=O)[C@H](NC(=O)c2ccc(O)c(CC=C(C)C)c2C(=O)O)C3=O)OC1(C)C"], "mapped_smiles": "[CH3:1][O:2][C@@H:3]1[C@@H:4]([O:5][C:6](=[NH:7])[OH:8])[C@H:9]([OH:10])[C@H:11]([O:12][c:13]2[cH:14][cH:15][c:16]3[c:17]([c:18]2[CH3:19])[O:20][C:21](=[O:22])[C@H:23]([NH:24][C:25](=[O:26])[c:27]2[cH:28][cH:29][c:30]([OH:31])[c:32]([CH2:33][CH:34]=[C:35]([CH3:36])[CH3:37])[c:38]2[C:901]([OH:900])=[O:902])[C:39]3=[O:40])[O:41][C:42]1([CH3:43])[CH3:44]", "reacting_atoms": [38], "template_id": "074e4df33f5240db8d733a81269d5e11", "template_set": ["bkms", "bkms"], "num_examples": 24, "necessary_reagent": "", "template_score": 0.0029475800693035126, "rms_molwt": -656.221739212, "num_rings": -4, "plausibility": 1, "tforms": ["7b224edf0386a32c82063499cfe171fd", "074e4df33f5240db8d733a81269d5e11"], "rank": 14, "score": -247971.00942004815}, {"smiles": "CO[C@@H]1[C@@H](OC(=N)O)[C@H](O)[C@H](Oc2cc(C(=O)O)c3c(c2C)OC(=O)[C@H](NC(=O)c2ccc(O)c(CC=C(C)C)c2)C3=O)OC1(C)C", "smiles_split": ["CO[C@@H]1[C@@H](OC(=N)O)[C@H](O)[C@H](Oc2cc(C(=O)O)c3c(c2C)OC(=O)[C@H](NC(=O)c2ccc(O)c(CC=C(C)C)c2)C3=O)OC1(C)C"], "mapped_smiles": "[CH3:1][O:2][C@@H:3]1[C@@H:4]([O:5][C:6](=[NH:7])[OH:8])[C@H:9]([OH:10])[C@H:11]([O:12][c:13]2[cH:14][c:15]([C:901]([OH:900])=[O:902])[c:16]3[c:17]([c:18]2[CH3:19])[O:20][C:21](=[O:22])[C@H:23]([NH:24][C:25](=[O:26])[c:27]2[cH:28][cH:29][c:30]([OH:31])[c:32]([CH2:33][CH:34]=[C:35]([CH3:36])[CH3:37])[cH:38]2)[C:39]3=[O:40])[O:41][C:42]1([CH3:43])[CH3:44]", "reacting_atoms": [15], "template_id": "074e4df33f5240db8d733a81269d5e11", "template_set": ["bkms", "bkms"], "num_examples": 24, "necessary_reagent": "", "template_score": 0.0029475800693035126, "rms_molwt": -656.221739212, "num_rings": -4, "plausibility": 1, "tforms": ["7b224edf0386a32c82063499cfe171fd", "074e4df33f5240db8d733a81269d5e11"], "rank": 15, "score": -247971.00942004815}]}