{"smiles": "CCCCCCCCCCCCCCC[C@H](O)[C@H](O)CC/C=C\\CCC[C@@H](O)CCCCC[C@@H](O)CC1=C[C@@H](C)OC1=O", "sfscore": [0.43763652443885803, 0.6041849255561829], "chem_result": [{"smiles": "CCCCCCCCCCCCCCC[C@H](O)[C@H](O)CC/C=C\\CCC[C@@H](O)CCCCC[C@@H](O)CC1=C[C@@H](C)OC1=O", "bw_confidence": 0.013931544456746625, "confidence": 0.02268515353805482, "rclass": "10 10.4 10.4.11", "children": [{"smiles": "CC(C)(C)O"}, {"smiles": "CCCCCCCCCCCCCC/C=C\\CC/C=C\\CCC[C@@H](O)CCCCC[C@@H](O)CC1=C[C@@H](C)OC1=O"}, {"smiles": "C[N+]1([O-])CCOCC1"}, {"smiles": "O"}, {"smiles": "O=[Os](=O)(=O)=O"}]}, {"smiles": "CCCCCCCCCCCCCCC[C@H](O)[C@H](O)CC/C=C\\CCC[C@@H](O)CCCCC[C@@H](O)CC1=C[C@@H](C)OC1=O", "bw_confidence": 0.011902311618869219, "confidence": 0.649945317783777, "rclass": "7 7.4 7.4.1", "children": [{"smiles": "CCCCCCCCCCCCCCC[C@H](OC(=O)c1ccc([N+](=O)[O-])cc1)[C@H](O)CC/C=C\\CCC[C@@H](O)CCCCC[C@@H](O)CC1=C[C@@H](C)OC1=O"}, {"smiles": "CO"}, {"smiles": "O=C([O-])[O-]~[K+]~[K+]"}]}, {"smiles": "CCCCCCCCCCCCCCC[C@H](O)[C@H](O)CC/C=C\\CCC[C@@H](O)CCCCC[C@@H](O)CC1=C[C@@H](C)OC1=O", "bw_confidence": 0.00981585904049655, "confidence": 0.012634952474565782, "rclass": "3 3.9 3.9.12", "children": [{"smiles": "C=CCCC[C@@H](O)CCCCC[C@@H](O)CC1=C[C@@H](C)OC1=O"}, {"smiles": "C=CCC[C@@H](O)[C@@H](O)CCCCCCCCCCCCCCC"}]}, {"smiles": "CCCCCCCCCCCCCCC[C@H](O)[C@H](O)CC/C=C\\CCC[C@@H](O)CCCCC[C@@H](O)CC1=C[C@@H](C)OC1=O", "bw_confidence": 0.009189936576035519, "confidence": 0.6095973555747891, "rclass": "0 0 0", "children": [{"smiles": "C1CCOC1"}, {"smiles": "CCCCCCCCCCCCCCC[C@H](O[Si](c1ccccc1)(c1ccccc1)C(C)(C)C)[C@H](O)CC/C=C\\CCC[C@@H](O)CCCCC[C@@H](O)CC1=C[C@@H](C)OC1=O"}, {"smiles": "CCCC[N+](CCCC)(CCCC)CCCC~[F-]"}]}, {"smiles": "CCCCCCCCCCCCCCC[C@H](O)[C@H](O)CC/C=C\\CCC[C@@H](O)CCCCC[C@@H](O)CC1=C[C@@H](C)OC1=O", "bw_confidence": 0.007590466431608344, "confidence": 0.2081507261150785, "rclass": "11 11.5 11.5", "children": [{"smiles": "CCCCCCCCCCCCCCC[C@H](O)[C@H](O)CC/C=C\\CCC[C@@H](O)CCCCC[C@@H](O)CC1=C[C@@H](C)OC1=O"}, {"smiles": "CO"}]}, {"smiles": "CCCCCCCCCCCCCCC[C@H](O)[C@H](O)CC/C=C\\CCC[C@@H](O)CCCCC[C@@H](O)CC1=C[C@@H](C)OC1=O", "bw_confidence": 0.00427917625808292, "confidence": 0.18329277663941781, "rclass": "6 6.3 6.3.2", "children": [{"smiles": "C1CCOC1"}, {"smiles": "CCCCCCCCCCCCCCC[C@H](O[Si](C)(C)C(C)(C)C)[C@@H](CC/C=C\\CCC[C@H](CCCCC[C@@H](CC1=C[C@@H](C)OC1=O)O[Si](C)(C)C(C)(C)C)O[Si](C)(C)C(C)(C)C)O[Si](C)(C)C(C)(C)C"}, {"smiles": "CCCC[N+](CCCC)(CCCC)CCCC~[F-]"}]}, {"smiles": "CCCCCCCCCCCCCCC[C@H](O)[C@H](O)CC/C=C\\CCC[C@@H](O)CCCCC[C@@H](O)CC1=C[C@@H](C)OC1=O", "bw_confidence": 0.003493824461865194, "confidence": 0.2088284913203096, "rclass": "11 11.5 11.5", "children": [{"smiles": "C1CCOC1"}, {"smiles": "CCCCCCCCCCCCCCC[C@H](O)[C@H](O)CC/C=C\\CCC[C@@H](O)CCCCC[C@@H](O)CC1=C[C@@H](C)OC1=O"}]}, {"smiles": "CCCCCCCCCCCCCCC[C@H](O)[C@H](O)CC/C=C\\CCC[C@@H](O)CCCCC[C@@H](O)CC1=C[C@@H](C)OC1=O", "bw_confidence": 0.003206893326727541, "confidence": 0.38781577631598135, "rclass": "6 6.3 6.3.2", "children": [{"smiles": "C1CCOC1"}, {"smiles": "CCCCCCCCCCCCCCC[C@H](O[Si](C)(C)C(C)(C)C)[C@H](O)CC/C=C\\CCC[C@H](CCCCC[C@H](CC1=C[C@@H](C)OC1=O)O[Si](C)(C)C(C)(C)C)O[Si](C)(C)C(C)(C)C"}, {"smiles": "CCCC[N+](CCCC)(CCCC)CCCC~[F-]"}]}, {"smiles": "CCCCCCCCCCCCCCC[C@H](O)[C@H](O)CC/C=C\\CCC[C@@H](O)CCCCC[C@@H](O)CC1=C[C@@H](C)OC1=O", "bw_confidence": 0.0022704339682642406, "confidence": 0.07216368961228183, "rclass": "0 0 0", "children": [{"smiles": "CCCCCCCCCCCCCCC[C@@H]1O[C@@H]1CC/C=C\\CCC[C@@H](O)CCCCC[C@@H](O)CC1=C[C@@H](C)OC1=O"}, {"smiles": "CO"}, {"smiles": "C[O-]~[Na+]"}]}, {"smiles": "CCCCCCCCCCCCCCC[C@H](O)[C@H](O)CC/C=C\\CCC[C@@H](O)CCCCC[C@@H](O)CC1=C[C@@H](C)OC1=O", "bw_confidence": 0.0001798796843086373, "confidence": 0.12800005046316873, "rclass": "2 2.6 2.6.2", "children": [{"smiles": "CCCCCCCCCCCCCCC[C@H](O)[C@H](O)CC/C=C\\CCC[C@@H](O)CCCCC[C@@H](O)C/C(=C/[C@@H](C)O)C(=O)O"}, {"smiles": "CCOC(C)=O"}]}, {"smiles": "CCCCCCCCCCCCCCC[C@H](O)[C@H](O)CC/C=C\\CCC[C@@H](O)CCCCC[C@@H](O)CC1=C[C@@H](C)OC1=O", "bw_confidence": 2.4108616601585004e-05, "confidence": 0.04116727488670703, "rclass": "11 11.9 11.9", "children": [{"smiles": "CCCCCCCCCCCCCCC[C@H](O)[C@H](O)CC/C=C\\CCC[C@@H](O)CCCCC[C@@H](O)CC1=C[C@@H](C)OC1=O~CCCCCCCCCCCCCCCC[C@H](O)[C@H](O)CC/C=C\\CCC[C@@H](O)CCCCC[C@@H](O)CC1=C[C@@H](C)OC1=O"}, {"smiles": "CCCCCCCCCCCCCCC[C@H](O)[C@H](O)CC/C=C\\CCC[C@@H](O)CCCCC[C@H](O)CC1=C[C@@H](C)OC1=O"}]}], "chem_bw_confidence_list": [0.013931544456746625, 0.011902311618869219, 0.00981585904049655, 0.009189936576035519, 0.007590466431608344, 0.00427917625808292, 0.003493824461865194, 0.003206893326727541, 0.0022704339682642406, 0.0001798796843086373, 2.4108616601585004e-05], "enzy_template_score_list": [0.18084017932415009, 0.18084017932415009, 0.11597509682178497, 0.11597509682178497, 0.09652547538280487, 0.09652547538280487, 0.09652547538280487, 0.09652547538280487, 0.06897953152656555, 0.06897953152656555, 0.06897953152656555, 0.06897953152656555, 0.07431674003601074, 0.07431674003601074, 0.050617516040802], "enzy_result": [{"smiles": "CCCCCCCCCCCCCCC[C@H](O)[C@H](O)CC/C=C\\CCC[C@@H](O)CCCCC[C@@H](O)CC1=C[C@@H](CC=O)OC1=O", "smiles_split": ["CCCCCCCCCCCCCCC[C@H](O)[C@H](O)CC/C=C\\CCC[C@@H](O)CCCCC[C@@H](O)CC1=C[C@@H](CC=O)OC1=O"], "mapped_smiles": "[CH3:1][CH2:2][CH2:3][CH2:4][CH2:5][CH2:6][CH2:7][CH2:8][CH2:9][CH2:10][CH2:11][CH2:12][CH2:13][CH2:14][CH2:15][C@H:16]([OH:17])[C@H:18]([OH:19])[CH2:20][CH2:21]/[CH:22]=[CH:23]\\[CH2:24][CH2:25][CH2:26][C@@H:27]([OH:28])[CH2:29][CH2:30][CH2:31][CH2:32][CH2:33][C@@H:34]([OH:35])[CH2:36][C:37]1=[CH:38][C@@H:39]([CH2:40][CH:901]=[O:900])[O:41][C:42]1=[O:43]", "reacting_atoms": [40, 39], "template_id": "582aecb34a38ba103c302ec59cd0f7e4", "template_set": ["bkms"], "num_examples": 4, "necessary_reagent": "", "template_score": 0.18084017932415009, "rms_molwt": -636.496504516, "num_rings": -1, "plausibility": 1, "tforms": ["582aecb34a38ba103c302ec59cd0f7e4"], "rank": 1, "score": -3676.8305378673463}, {"smiles": "C[C@@H]1C=C(C[C@H](O)CCCCC[C@H](O)CCC/C=C\\CC[C@@H](O)[C@@H](O)CCCCCCCCCCCCCCCC=O)C(=O)O1", "smiles_split": ["C[C@@H]1C=C(C[C@H](O)CCCCC[C@H](O)CCC/C=C\\CC[C@@H](O)[C@@H](O)CCCCCCCCCCCCCCCC=O)C(=O)O1"], "mapped_smiles": "[CH2:1]([CH2:2][CH2:3][CH2:4][CH2:5][CH2:6][CH2:7][CH2:8][CH2:9][CH2:10][CH2:11][CH2:12][CH2:13][CH2:14][CH2:15][C@H:16]([OH:17])[C@H:18]([OH:19])[CH2:20][CH2:21]/[CH:22]=[CH:23]\\[CH2:24][CH2:25][CH2:26][C@@H:27]([OH:28])[CH2:29][CH2:30][CH2:31][CH2:32][CH2:33][C@@H:34]([OH:35])[CH2:36][C:37]1=[CH:38][C@@H:39]([CH3:40])[O:41][C:42]1=[O:43])[CH:901]=[O:900]", "reacting_atoms": [1], "template_id": "582aecb34a38ba103c302ec59cd0f7e4", "template_set": ["bkms"], "num_examples": 4, "necessary_reagent": "", "template_score": 0.18084017932415009, "rms_molwt": -636.496504516, "num_rings": -1, "plausibility": 1, "tforms": ["582aecb34a38ba103c302ec59cd0f7e4"], "rank": 2, "score": -3676.8305378673463}, {"smiles": "C[C@@H]1C=C(C[C@H](O)CCCCC[C@H](O)CCC/C=C\\CC[C@@H](O)[C@@H](O)CCCCCCCCCCCCCCCO)C(=O)O1", "smiles_split": ["C[C@@H]1C=C(C[C@H](O)CCCCC[C@H](O)CCC/C=C\\CC[C@@H](O)[C@@H](O)CCCCCCCCCCCCCCCO)C(=O)O1"], "mapped_smiles": "[CH2:1]([CH2:2][CH2:3][CH2:4][CH2:5][CH2:6][CH2:7][CH2:8][CH2:9][CH2:10][CH2:11][CH2:12][CH2:13][CH2:14][CH2:15][C@H:16]([OH:17])[C@H:18]([OH:19])[CH2:20][CH2:21]/[CH:22]=[CH:23]\\[CH2:24][CH2:25][CH2:26][C@@H:27]([OH:28])[CH2:29][CH2:30][CH2:31][CH2:32][CH2:33][C@@H:34]([OH:35])[CH2:36][C:37]1=[CH:38][C@@H:39]([CH3:40])[O:41][C:42]1=[O:43])[OH:900]", "reacting_atoms": [1], "template_id": "c4db9adeb4ad4c2bdb38e6a73be29f53", "template_set": ["bkms"], "num_examples": 14, "necessary_reagent": "", "template_score": 0.11597509682178497, "rms_molwt": -624.496504516, "num_rings": -1, "plausibility": 1, "tforms": ["c4db9adeb4ad4c2bdb38e6a73be29f53"], "rank": 3, "score": -5560.730886744204}, {"smiles": "CCCCCCCCCCCCCCC[C@H](O)[C@H](O)CC/C=C\\CCC[C@@H](O)CCCCC[C@@H](O)CC1=C[C@@H](CO)OC1=O", "smiles_split": ["CCCCCCCCCCCCCCC[C@H](O)[C@H](O)CC/C=C\\CCC[C@@H](O)CCCCC[C@@H](O)CC1=C[C@@H](CO)OC1=O"], "mapped_smiles": "[CH3:1][CH2:2][CH2:3][CH2:4][CH2:5][CH2:6][CH2:7][CH2:8][CH2:9][CH2:10][CH2:11][CH2:12][CH2:13][CH2:14][CH2:15][C@H:16]([OH:17])[C@H:18]([OH:19])[CH2:20][CH2:21]/[CH:22]=[CH:23]\\[CH2:24][CH2:25][CH2:26][C@@H:27]([OH:28])[CH2:29][CH2:30][CH2:31][CH2:32][CH2:33][C@@H:34]([OH:35])[CH2:36][C:37]1=[CH:38][C@@H:39]([CH2:40][OH:900])[O:41][C:42]1=[O:43]", "reacting_atoms": [40, 39], "template_id": "c4db9adeb4ad4c2bdb38e6a73be29f53", "template_set": ["bkms"], "num_examples": 14, "necessary_reagent": "", "template_score": 0.11597509682178497, "rms_molwt": -624.496504516, "num_rings": -1, "plausibility": 1, "tforms": ["c4db9adeb4ad4c2bdb38e6a73be29f53"], "rank": 4, "score": -5560.730886744204}, {"smiles": "CCCCCCCCCCCCCCC[C@H](O)[C@H](O)CC/C=C\\CCCCCCCCC[C@@H](O)CC1=C[C@@H](C)OC1=O", "smiles_split": ["CCCCCCCCCCCCCCC[C@H](O)[C@H](O)CC/C=C\\CCCCCCCCC[C@@H](O)CC1=C[C@@H](C)OC1=O"], "mapped_smiles": "[CH3:1][CH2:2][CH2:3][CH2:4][CH2:5][CH2:6][CH2:7][CH2:8][CH2:9][CH2:10][CH2:11][CH2:12][CH2:13][CH2:14][CH2:15][C@H:16]([OH:17])[C@H:18]([OH:19])[CH2:20][CH2:21]/[CH:22]=[CH:23]\\[CH2:24][CH2:25][CH2:26][CH2:27][CH2:29][CH2:30][CH2:31][CH2:32][CH2:33][C@@H:34]([OH:35])[CH2:36][C:37]1=[CH:38][C@@H:39]([CH3:40])[O:41][C:42]1=[O:43]", "reacting_atoms": [27], "template_id": "a034de99c75fe18016182f108d443d26", "template_set": ["bkms", "bkms"], "num_examples": 110, "necessary_reagent": "[O]", "template_score": 0.09652547538280487, "rms_molwt": -592.5066752759999, "num_rings": -1, "plausibility": 1, "tforms": ["9f387abf2274fc73429ecccd1b168e7b", "a034de99c75fe18016182f108d443d26"], "rank": 5, "score": -6097.48417419974}, {"smiles": "CCCCCCCCCCCCCCC[C@H](O)[C@H](O)CC/C=C\\CCC[C@@H](O)CCCCCCCC1=C[C@@H](C)OC1=O", "smiles_split": ["CCCCCCCCCCCCCCC[C@H](O)[C@H](O)CC/C=C\\CCC[C@@H](O)CCCCCCCC1=C[C@@H](C)OC1=O"], "mapped_smiles": "[CH3:1][CH2:2][CH2:3][CH2:4][CH2:5][CH2:6][CH2:7][CH2:8][CH2:9][CH2:10][CH2:11][CH2:12][CH2:13][CH2:14][CH2:15][C@H:16]([OH:17])[C@H:18]([OH:19])[CH2:20][CH2:21]/[CH:22]=[CH:23]\\[CH2:24][CH2:25][CH2:26][C@@H:27]([OH:28])[CH2:29][CH2:30][CH2:31][CH2:32][CH2:33][CH2:34][CH2:36][C:37]1=[CH:38][C@@H:39]([CH3:40])[O:41][C:42]1=[O:43]", "reacting_atoms": [34], "template_id": "a034de99c75fe18016182f108d443d26", "template_set": ["bkms", "bkms", "bkms", "bkms", "bkms", "bkms"], "num_examples": 122, "necessary_reagent": "[O]", "template_score": 0.09652547538280487, "rms_molwt": -592.5066752759999, "num_rings": -1, "plausibility": 1, "tforms": ["cdf161fbfa4379d23cfc2368cee04eb7", "e02e12739f79a157fa00ff4d0ff860fe", "ae2d4ec14cb4bb18a2f2fc71922f6611", "a034de99c75fe18016182f108d443d26", "9f387abf2274fc73429ecccd1b168e7b", "b6b8e225a973d906533f7abba21965b0"], "rank": 6, "score": -6097.48417419974}, {"smiles": "CCCCCCCCCCCCCCC[C@H](O)CCC/C=C\\CCC[C@@H](O)CCCCC[C@@H](O)CC1=C[C@@H](C)OC1=O", "smiles_split": ["CCCCCCCCCCCCCCC[C@H](O)CCC/C=C\\CCC[C@@H](O)CCCCC[C@@H](O)CC1=C[C@@H](C)OC1=O"], "mapped_smiles": "[CH3:1][CH2:2][CH2:3][CH2:4][CH2:5][CH2:6][CH2:7][CH2:8][CH2:9][CH2:10][CH2:11][CH2:12][CH2:13][CH2:14][CH2:15][C@H:16]([OH:17])[CH2:18][CH2:20][CH2:21]/[CH:22]=[CH:23]\\[CH2:24][CH2:25][CH2:26][C@@H:27]([OH:28])[CH2:29][CH2:30][CH2:31][CH2:32][CH2:33][C@@H:34]([OH:35])[CH2:36][C:37]1=[CH:38][C@@H:39]([CH3:40])[O:41][C:42]1=[O:43]", "reacting_atoms": [18], "template_id": "a034de99c75fe18016182f108d443d26", "template_set": ["bkms", "bkms", "bkms"], "num_examples": 112, "necessary_reagent": "[O]", "template_score": 0.09652547538280487, "rms_molwt": -592.5066752759999, "num_rings": -1, "plausibility": 1, "tforms": ["9f387abf2274fc73429ecccd1b168e7b", "a034de99c75fe18016182f108d443d26", "1e88af05e222f852e6c6826cd2d6b4d5"], "rank": 7, "score": -6097.48417419974}, {"smiles": "CCCCCCCCCCCCCCCC[C@H](O)CC/C=C\\CCC[C@@H](O)CCCCC[C@@H](O)CC1=C[C@@H](C)OC1=O", "smiles_split": ["CCCCCCCCCCCCCCCC[C@H](O)CC/C=C\\CCC[C@@H](O)CCCCC[C@@H](O)CC1=C[C@@H](C)OC1=O"], "mapped_smiles": "[CH3:1][CH2:2][CH2:3][CH2:4][CH2:5][CH2:6][CH2:7][CH2:8][CH2:9][CH2:10][CH2:11][CH2:12][CH2:13][CH2:14][CH2:15][CH2:16][C@H:18]([OH:19])[CH2:20][CH2:21]/[CH:22]=[CH:23]\\[CH2:24][CH2:25][CH2:26][C@@H:27]([OH:28])[CH2:29][CH2:30][CH2:31][CH2:32][CH2:33][C@@H:34]([OH:35])[CH2:36][C:37]1=[CH:38][C@@H:39]([CH3:40])[O:41][C:42]1=[O:43]", "reacting_atoms": [16], "template_id": "a034de99c75fe18016182f108d443d26", "template_set": ["bkms", "bkms", "bkms"], "num_examples": 112, "necessary_reagent": "[O]", "template_score": 0.09652547538280487, "rms_molwt": -592.5066752759999, "num_rings": -1, "plausibility": 1, "tforms": ["9f387abf2274fc73429ecccd1b168e7b", "a034de99c75fe18016182f108d443d26", "1e88af05e222f852e6c6826cd2d6b4d5"], "rank": 8, "score": -6097.48417419974}, {"smiles": "CCCCCCCCCCCCCCC[C@H](O)C(=O)CC/C=C\\CCC[C@@H](O)CCCCC[C@@H](O)CC1=C[C@@H](C)OC1=O", "smiles_split": ["CCCCCCCCCCCCCCC[C@H](O)C(=O)CC/C=C\\CCC[C@@H](O)CCCCC[C@@H](O)CC1=C[C@@H](C)OC1=O"], "mapped_smiles": "[CH3:1][CH2:2][CH2:3][CH2:4][CH2:5][CH2:6][CH2:7][CH2:8][CH2:9][CH2:10][CH2:11][CH2:12][CH2:13][CH2:14][CH2:15][C@H:16]([OH:17])[C:18](=[O:19])[CH2:20][CH2:21]/[CH:22]=[CH:23]\\[CH2:24][CH2:25][CH2:26][C@@H:27]([OH:28])[CH2:29][CH2:30][CH2:31][CH2:32][CH2:33][C@@H:34]([OH:35])[CH2:36][C:37]1=[CH:38][C@@H:39]([CH3:40])[O:41][C:42]1=[O:43]", "reacting_atoms": [18, 19], "template_id": "b590ea2ff6ab89045dfb94642c36bddd", "template_set": ["bkms", "bkms", "bkms", "bkms"], "num_examples": 90, "necessary_reagent": "", "template_score": 0.06897953152656555, "rms_molwt": -606.485939832, "num_rings": -1, "plausibility": 1, "tforms": ["b590ea2ff6ab89045dfb94642c36bddd", "60c9970b3a1fdbabacebd3bd8eba0f23", "d207e8971f46bf66249602d3b3e93b2c", "9d1cf9bfb3c450506eb1b20829d1d1cc"], "rank": 9, "score": -8801.452250275946}, {"smiles": "CCCCCCCCCCCCCCC[C@H](O)[C@H](O)CC/C=C\\CCC[C@@H](O)CCCCCC(=O)CC1=C[C@@H](C)OC1=O", "smiles_split": ["CCCCCCCCCCCCCCC[C@H](O)[C@H](O)CC/C=C\\CCC[C@@H](O)CCCCCC(=O)CC1=C[C@@H](C)OC1=O"], "mapped_smiles": "[CH3:1][CH2:2][CH2:3][CH2:4][CH2:5][CH2:6][CH2:7][CH2:8][CH2:9][CH2:10][CH2:11][CH2:12][CH2:13][CH2:14][CH2:15][C@H:16]([OH:17])[C@H:18]([OH:19])[CH2:20][CH2:21]/[CH:22]=[CH:23]\\[CH2:24][CH2:25][CH2:26][C@@H:27]([OH:28])[CH2:29][CH2:30][CH2:31][CH2:32][CH2:33][C:34](=[O:35])[CH2:36][C:37]1=[CH:38][C@@H:39]([CH3:40])[O:41][C:42]1=[O:43]", "reacting_atoms": [34, 35], "template_id": "b590ea2ff6ab89045dfb94642c36bddd", "template_set": ["bkms", "bkms", "bkms", "bkms", "bkms"], "num_examples": 72, "necessary_reagent": "", "template_score": 0.06897953152656555, "rms_molwt": -606.485939832, "num_rings": -1, "plausibility": 1, "tforms": ["b590ea2ff6ab89045dfb94642c36bddd", "b7ab234b9dc1f8143068f33320db96e6", "9d1cf9bfb3c450506eb1b20829d1d1cc", "167afb45420e6cd790b4b787ff561c2e", "4943598241aab3ca0b64124be71e3a9c"], "rank": 10, "score": -8801.452250275946}, {"smiles": "CCCCCCCCCCCCCCCC(=O)[C@H](O)CC/C=C\\CCC[C@@H](O)CCCCC[C@@H](O)CC1=C[C@@H](C)OC1=O", "smiles_split": ["CCCCCCCCCCCCCCCC(=O)[C@H](O)CC/C=C\\CCC[C@@H](O)CCCCC[C@@H](O)CC1=C[C@@H](C)OC1=O"], "mapped_smiles": "[CH3:1][CH2:2][CH2:3][CH2:4][CH2:5][CH2:6][CH2:7][CH2:8][CH2:9][CH2:10][CH2:11][CH2:12][CH2:13][CH2:14][CH2:15][C:16](=[O:17])[C@H:18]([OH:19])[CH2:20][CH2:21]/[CH:22]=[CH:23]\\[CH2:24][CH2:25][CH2:26][C@@H:27]([OH:28])[CH2:29][CH2:30][CH2:31][CH2:32][CH2:33][C@@H:34]([OH:35])[CH2:36][C:37]1=[CH:38][C@@H:39]([CH3:40])[O:41][C:42]1=[O:43]", "reacting_atoms": [16, 17], "template_id": "b590ea2ff6ab89045dfb94642c36bddd", "template_set": ["bkms", "bkms", "bkms", "bkms"], "num_examples": 90, "necessary_reagent": "", "template_score": 0.06897953152656555, "rms_molwt": -606.485939832, "num_rings": -1, "plausibility": 1, "tforms": ["b590ea2ff6ab89045dfb94642c36bddd", "60c9970b3a1fdbabacebd3bd8eba0f23", "d207e8971f46bf66249602d3b3e93b2c", "9d1cf9bfb3c450506eb1b20829d1d1cc"], "rank": 11, "score": -8801.452250275946}, {"smiles": "CCCCCCCCCCCCCCC[C@H](O)[C@H](O)CC/C=C\\CCCC(=O)CCCCC[C@@H](O)CC1=C[C@@H](C)OC1=O", "smiles_split": ["CCCCCCCCCCCCCCC[C@H](O)[C@H](O)CC/C=C\\CCCC(=O)CCCCC[C@@H](O)CC1=C[C@@H](C)OC1=O"], "mapped_smiles": "[CH3:1][CH2:2][CH2:3][CH2:4][CH2:5][CH2:6][CH2:7][CH2:8][CH2:9][CH2:10][CH2:11][CH2:12][CH2:13][CH2:14][CH2:15][C@H:16]([OH:17])[C@H:18]([OH:19])[CH2:20][CH2:21]/[CH:22]=[CH:23]\\[CH2:24][CH2:25][CH2:26][C:27](=[O:28])[CH2:29][CH2:30][CH2:31][CH2:32][CH2:33][C@@H:34]([OH:35])[CH2:36][C:37]1=[CH:38][C@@H:39]([CH3:40])[O:41][C:42]1=[O:43]", "reacting_atoms": [27, 28], "template_id": "b590ea2ff6ab89045dfb94642c36bddd", "template_set": ["bkms", "bkms"], "num_examples": 69, "necessary_reagent": "", "template_score": 0.06897953152656555, "rms_molwt": -606.485939832, "num_rings": -1, "plausibility": 1, "tforms": ["b590ea2ff6ab89045dfb94642c36bddd", "9d1cf9bfb3c450506eb1b20829d1d1cc"], "rank": 12, "score": -8801.452250275946}, {"smiles": "C[C@@H]1C=C(C[C@H](O)CCCCC[C@H](O)CCC/C=C\\CC[C@@H](O)[C@@H](O)CCCCCCCCCCCCCCCC(=O)O)C(=O)O1", "smiles_split": ["C[C@@H]1C=C(C[C@H](O)CCCCC[C@H](O)CCC/C=C\\CC[C@@H](O)[C@@H](O)CCCCCCCCCCCCCCCC(=O)O)C(=O)O1"], "mapped_smiles": "[CH2:1]([CH2:2][CH2:3][CH2:4][CH2:5][CH2:6][CH2:7][CH2:8][CH2:9][CH2:10][CH2:11][CH2:12][CH2:13][CH2:14][CH2:15][C@H:16]([OH:17])[C@H:18]([OH:19])[CH2:20][CH2:21]/[CH:22]=[CH:23]\\[CH2:24][CH2:25][CH2:26][C@@H:27]([OH:28])[CH2:29][CH2:30][CH2:31][CH2:32][CH2:33][C@@H:34]([OH:35])[CH2:36][C:37]1=[CH:38][C@@H:39]([CH3:40])[O:41][C:42]1=[O:43])[C:901]([OH:900])=[O:902]", "reacting_atoms": [1], "template_id": "af50b47a1af702078fb6154af175c8f2", "template_set": ["bkms"], "num_examples": 2, "necessary_reagent": "", "template_score": 0.07431674003601074, "rms_molwt": -652.491419136, "num_rings": -1, "plausibility": 1, "tforms": ["af50b47a1af702078fb6154af175c8f2"], "rank": 13, "score": -9219.385807329905}, {"smiles": "CCCCCCCCCCCCCCC[C@H](O)[C@H](O)CC/C=C\\CCC[C@@H](O)CCCCC[C@@H](O)CC1=C[C@@H](CC(=O)O)OC1=O", "smiles_split": ["CCCCCCCCCCCCCCC[C@H](O)[C@H](O)CC/C=C\\CCC[C@@H](O)CCCCC[C@@H](O)CC1=C[C@@H](CC(=O)O)OC1=O"], "mapped_smiles": "[CH3:1][CH2:2][CH2:3][CH2:4][CH2:5][CH2:6][CH2:7][CH2:8][CH2:9][CH2:10][CH2:11][CH2:12][CH2:13][CH2:14][CH2:15][C@H:16]([OH:17])[C@H:18]([OH:19])[CH2:20][CH2:21]/[CH:22]=[CH:23]\\[CH2:24][CH2:25][CH2:26][C@@H:27]([OH:28])[CH2:29][CH2:30][CH2:31][CH2:32][CH2:33][C@@H:34]([OH:35])[CH2:36][C:37]1=[CH:38][C@@H:39]([CH2:40][C:901]([OH:900])=[O:902])[O:41][C:42]1=[O:43]", "reacting_atoms": [40, 39], "template_id": "af50b47a1af702078fb6154af175c8f2", "template_set": ["bkms"], "num_examples": 2, "necessary_reagent": "", "template_score": 0.07431674003601074, "rms_molwt": -652.491419136, "num_rings": -1, "plausibility": 1, "tforms": ["af50b47a1af702078fb6154af175c8f2"], "rank": 14, "score": -9219.385807329905}, {"smiles": "CCCCCCCCCCCCCCC[C@H](O)[C@H](O)CC/C=C\\CCC[C@@H](O)CCCCC[C@@H](O)CC1=C[C@@H](CCC)OC1=O", "smiles_split": ["CCCCCCCCCCCCCCC[C@H](O)[C@H](O)CC/C=C\\CCC[C@@H](O)CCCCC[C@@H](O)CC1=C[C@@H](CCC)OC1=O"], "mapped_smiles": "[CH3:1][CH2:2][CH2:3][CH2:4][CH2:5][CH2:6][CH2:7][CH2:8][CH2:9][CH2:10][CH2:11][CH2:12][CH2:13][CH2:14][CH2:15][C@H:16]([OH:17])[C@H:18]([OH:19])[CH2:20][CH2:21]/[CH:22]=[CH:23]\\[CH2:24][CH2:25][CH2:26][C@@H:27]([OH:28])[CH2:29][CH2:30][CH2:31][CH2:32][CH2:33][C@@H:34]([OH:35])[CH2:36][C:37]1=[CH:38][C@@H:39]([CH2:40][CH2:901][CH3:900])[O:41][C:42]1=[O:43]", "reacting_atoms": [40, 39], "template_id": "756109d5239ebeffbd761d014396a63d", "template_set": ["bkms"], "num_examples": 2, "necessary_reagent": "", "template_score": 0.050617516040802, "rms_molwt": -636.5328900239999, "num_rings": -1, "plausibility": 1, "tforms": ["756109d5239ebeffbd761d014396a63d"], "rank": 15, "score": -13136.13835330168}]}