{"smiles": "CCCC[C@H](C(=O)c1ccc2c(c1)OCO2)N1CCCC1", "sfscore": [0.6034673452377319, 0.3942699730396271], "chem_result": [{"smiles": "CCCC[C@H](C(=O)c1ccc2c(c1)OCO2)N1CCCC1", "bw_confidence": 0.11263268682280578, "confidence": 0.9164558740135659, "rclass": "8 8.1 8.1.10", "children": [{"smiles": "CCCC[C@H](C(O)c1ccc2c(c1)OCO2)N1CCCC1"}, {"smiles": "ClCCl"}, {"smiles": "O=[Cr](=O)([O-])Cl~c1cc[nH+]cc1"}]}, {"smiles": "CCCC[C@H](C(=O)c1ccc2c(c1)OCO2)N1CCCC1", "bw_confidence": 0.08443317856455025, "confidence": 0.7797381516565519, "rclass": "1 1.6 1.6.2", "children": [{"smiles": "C1CCNC1"}, {"smiles": "CCCC[C@@H](Br)C(=O)c1ccc2c(c1)OCO2"}]}, {"smiles": "CCCC[C@H](C(=O)c1ccc2c(c1)OCO2)N1CCCC1", "bw_confidence": 0.07070681524450352, "confidence": 0.41552541542733706, "rclass": "4 4.1 4.1.22", "children": [{"smiles": "BrCCCCBr"}, {"smiles": "CCCC[C@@H](N)C(=O)c1ccc2c(c1)OCO2"}]}, {"smiles": "CCCC[C@H](C(=O)c1ccc2c(c1)OCO2)N1CCCC1", "bw_confidence": 0.04772586112410457, "confidence": 0.813091904840057, "rclass": "3 3.9 3.9.14", "children": [{"smiles": "Brc1ccc2c(c1)OCO2"}, {"smiles": "C1CCOC1"}, {"smiles": "CCCC[C@H](C(=O)N(C)OC)N1CCCC1"}, {"smiles": "[Li]CCCC"}]}, {"smiles": "CCCC[C@H](C(=O)c1ccc2c(c1)OCO2)N1CCCC1", "bw_confidence": 0.040857271862560954, "confidence": 0.6799361560337238, "rclass": "7 7.6 7.6.1", "children": [{"smiles": "C=CCC[C@H](C(=O)c1ccc2c(c1)OCO2)N1CCCC1"}, {"smiles": "CO"}, {"smiles": "[Pd]"}]}, {"smiles": "CCCC[C@H](C(=O)c1ccc2c(c1)OCO2)N1CCCC1", "bw_confidence": 0.04053403146148692, "confidence": 0.9061122267928565, "rclass": "1 1.6 1.6.2", "children": [{"smiles": "C1CCNC1"}, {"smiles": "CCCCC(Br)C(=O)c1ccc2c(c1)OCO2"}]}, {"smiles": "CCCC[C@H](C(=O)c1ccc2c(c1)OCO2)N1CCCC1", "bw_confidence": 0.029294235779238703, "confidence": 0.8757249556777702, "rclass": "11 11.9 11.9", "children": [{"smiles": "CCCCC(C(=O)c1ccc2c(c1)OCO2)N1CCCC1~Cl"}, {"smiles": "O"}, {"smiles": "[OH-]~[Na+]"}]}, {"smiles": "CCCC[C@H](C(=O)c1ccc2c(c1)OCO2)N1CCCC1", "bw_confidence": 0.014799562583635496, "confidence": 0.4510091065037312, "rclass": "6 6.1 6.1.1", "children": [{"smiles": "CCCC[C@H](C(=O)c1ccc2c(c1)OCO2)N(C(=O)OC(C)(C)C)C1CCCC1"}, {"smiles": "ClCCl"}, {"smiles": "O=C(O)C(F)(F)F"}]}, {"smiles": "CCCC[C@H](C(=O)c1ccc2c(c1)OCO2)N1CCCC1", "bw_confidence": 0.009609021234336934, "confidence": 0.2873650254793069, "rclass": "0 0 0", "children": [{"smiles": "C1CCNC1"}, {"smiles": "CCCCC=O"}, {"smiles": "O=Cc1ccc2c(c1)OCO2"}]}, {"smiles": "CCCC[C@H](C(=O)c1ccc2c(c1)OCO2)N1CCCC1", "bw_confidence": 0.0070518021904691485, "confidence": 0.08654653933038077, "rclass": "11 11.7 11.7", "children": [{"smiles": "CCCCCN1CCCC1"}, {"smiles": "CCCC[C@H](C(=O)c1ccc2c(c1)OCO2)N1CCCC1"}]}, {"smiles": "CCCC[C@H](C(=O)c1ccc2c(c1)OCO2)N1CCCC1", "bw_confidence": 0.0029262068907438855, "confidence": 0.516176385858304, "rclass": "9 9.7 9.7.139", "children": [{"smiles": "CCCC[C@H](C(=O)c1cc(Br)c2c(c1)OCO2)N1CCCC1"}, {"smiles": "CO"}, {"smiles": "[Pd]"}]}], "chem_bw_confidence_list": [0.11263268682280578, 0.08443317856455025, 0.07070681524450352, 0.04772586112410457, 0.040857271862560954, 0.04053403146148692, 0.029294235779238703, 0.014799562583635496, 0.009609021234336934, 0.0070518021904691485, 0.0029262068907438855], "enzy_template_score_list": [0.2376939356327057, 0.2376939356327057, 0.15715539455413818, 0.15715539455413818, 0.15715539455413818, 0.0552019402384758, 0.04025717079639435, 0.04025717079639435, 0.04025717079639435, 0.021367762237787247, 0.018329793587327003, 0.01777920126914978, 0.01777920126914978, 0.01777920126914978, 0.014992805197834969], "enzy_result": [{"smiles": "CCCC[C@H](C(=O)c1ccc(OC)c(O)c1)N1CCCC1", "smiles_split": ["CCCC[C@H](C(=O)c1ccc(OC)c(O)c1)N1CCCC1"], "mapped_smiles": "[CH3:1][CH2:2][CH2:3][CH2:4][C@H:5]([C:6](=[O:7])[c:8]1[cH:9][cH:10][c:11]([O:16][CH3:15])[c:12]([OH:14])[cH:13]1)[N:17]1[CH2:18][CH2:19][CH2:20][CH2:21]1", "reacting_atoms": [15, 14], "template_id": "520686003eb202bff4b157bc756db47f", "template_set": ["bkms"], "num_examples": 19, "necessary_reagent": "", "template_score": 0.2376939356327057, "rms_molwt": -291.18344366, "num_rings": -2, "plausibility": 1, "tforms": ["520686003eb202bff4b157bc756db47f"], "rank": 1, "score": -865.1820187512931}, {"smiles": "CCCC[C@H](C(=O)c1ccc(O)c(OC)c1)N1CCCC1", "smiles_split": ["CCCC[C@H](C(=O)c1ccc(O)c(OC)c1)N1CCCC1"], "mapped_smiles": "[CH3:1][CH2:2][CH2:3][CH2:4][C@H:5]([C:6](=[O:7])[c:8]1[cH:9][cH:10][c:11]([OH:16])[c:12]([O:14][CH3:15])[cH:13]1)[N:17]1[CH2:18][CH2:19][CH2:20][CH2:21]1", "reacting_atoms": [15, 16], "template_id": "520686003eb202bff4b157bc756db47f", "template_set": ["bkms"], "num_examples": 19, "necessary_reagent": "", "template_score": 0.2376939356327057, "rms_molwt": -291.18344366, "num_rings": -2, "plausibility": 1, "tforms": ["520686003eb202bff4b157bc756db47f"], "rank": 2, "score": -865.1820187512931}, {"smiles": "CCCC[C@H](C(=O)c1cc2c(cc1O)OCO2)N1CCCC1", "smiles_split": ["CCCC[C@H](C(=O)c1cc2c(cc1O)OCO2)N1CCCC1"], "mapped_smiles": "[CH3:1][CH2:2][CH2:3][CH2:4][C@H:5]([C:6](=[O:7])[c:8]1[c:9]([OH:900])[cH:10][c:11]2[c:12]([cH:13]1)[O:14][CH2:15][O:16]2)[N:17]1[CH2:18][CH2:19][CH2:20][CH2:21]1", "reacting_atoms": [9], "template_id": "f53e9cbdf728108a37f743b6e04eb4f2", "template_set": ["bkms", "bkms"], "num_examples": 60, "necessary_reagent": "", "template_score": 0.15715539455413818, "rms_molwt": -305.162708216, "num_rings": -3, "plausibility": 1, "tforms": ["f53e9cbdf728108a37f743b6e04eb4f2", "83d85e7a585f92eaccf25b635972a3d6"], "rank": 3, "score": -1497.7423721280268}, {"smiles": "CCCC[C@H](C(=O)c1cc(O)c2c(c1)OCO2)N1CCCC1", "smiles_split": ["CCCC[C@H](C(=O)c1cc(O)c2c(c1)OCO2)N1CCCC1"], "mapped_smiles": "[CH3:1][CH2:2][CH2:3][CH2:4][C@H:5]([C:6](=[O:7])[c:8]1[cH:9][c:10]([OH:900])[c:11]2[c:12]([cH:13]1)[O:14][CH2:15][O:16]2)[N:17]1[CH2:18][CH2:19][CH2:20][CH2:21]1", "reacting_atoms": [10], "template_id": "f53e9cbdf728108a37f743b6e04eb4f2", "template_set": ["bkms"], "num_examples": 56, "necessary_reagent": "", "template_score": 0.15715539455413818, "rms_molwt": -305.162708216, "num_rings": -3, "plausibility": 1, "tforms": ["f53e9cbdf728108a37f743b6e04eb4f2"], "rank": 4, "score": -1497.7423721280268}, {"smiles": "CCCC[C@H](C(=O)c1ccc2c(c1O)OCO2)N1CCCC1", "smiles_split": ["CCCC[C@H](C(=O)c1ccc2c(c1O)OCO2)N1CCCC1"], "mapped_smiles": "[CH3:1][CH2:2][CH2:3][CH2:4][C@H:5]([C:6](=[O:7])[c:8]1[cH:9][cH:10][c:11]2[c:12]([c:13]1[OH:900])[O:14][CH2:15][O:16]2)[N:17]1[CH2:18][CH2:19][CH2:20][CH2:21]1", "reacting_atoms": [13], "template_id": "f53e9cbdf728108a37f743b6e04eb4f2", "template_set": ["bkms", "bkms"], "num_examples": 60, "necessary_reagent": "", "template_score": 0.15715539455413818, "rms_molwt": -305.162708216, "num_rings": -3, "plausibility": 1, "tforms": ["f53e9cbdf728108a37f743b6e04eb4f2", "83d85e7a585f92eaccf25b635972a3d6"], "rank": 5, "score": -1497.7423721280268}, {"smiles": "CCCC[C@H]([C@@H](O)c1ccc2c(c1)OCO2)N1CCCC1", "smiles_split": ["CCCC[C@H]([C@@H](O)c1ccc2c(c1)OCO2)N1CCCC1"], "mapped_smiles": "[CH3:1][CH2:2][CH2:3][CH2:4][C@H:5]([C@@H:6]([OH:7])[c:8]1[cH:9][cH:10][c:11]2[c:12]([cH:13]1)[O:14][CH2:15][O:16]2)[N:17]1[CH2:18][CH2:19][CH2:20][CH2:21]1", "reacting_atoms": [5, 6, 7], "template_id": "0792b3487e9730edf9f10b3aa76d2d2b", "template_set": ["bkms"], "num_examples": 10, "necessary_reagent": "", "template_score": 0.0552019402384758, "rms_molwt": -291.18344366, "num_rings": -3, "plausibility": 1, "tforms": ["0792b3487e9730edf9f10b3aa76d2d2b"], "rank": 6, "score": -4120.655509669926}, {"smiles": "CCCC[C@H](C(=O)c1cc2c(c(C(=O)O)c1)OCO2)N1CCCC1", "smiles_split": ["CCCC[C@H](C(=O)c1cc2c(c(C(=O)O)c1)OCO2)N1CCCC1"], "mapped_smiles": "[CH3:1][CH2:2][CH2:3][CH2:4][C@H:5]([C:6](=[O:7])[c:8]1[cH:9][c:10]([C:901]([OH:900])=[O:902])[c:11]2[c:12]([cH:13]1)[O:14][CH2:15][O:16]2)[N:17]1[CH2:18][CH2:19][CH2:20][CH2:21]1", "reacting_atoms": [10], "template_id": "7b224edf0386a32c82063499cfe171fd", "template_set": ["bkms"], "num_examples": 23, "necessary_reagent": "", "template_score": 0.04025717079639435, "rms_molwt": -333.15762283600003, "num_rings": -3, "plausibility": 1, "tforms": ["7b224edf0386a32c82063499cfe171fd"], "rank": 7, "score": -6561.589154964758}, {"smiles": "CCCC[C@H](C(=O)c1ccc2c(c1C(=O)O)OCO2)N1CCCC1", "smiles_split": ["CCCC[C@H](C(=O)c1ccc2c(c1C(=O)O)OCO2)N1CCCC1"], "mapped_smiles": "[CH3:1][CH2:2][CH2:3][CH2:4][C@H:5]([C:6](=[O:7])[c:8]1[cH:9][cH:10][c:11]2[c:12]([c:13]1[C:901]([OH:900])=[O:902])[O:14][CH2:15][O:16]2)[N:17]1[CH2:18][CH2:19][CH2:20][CH2:21]1", "reacting_atoms": [13], "template_id": "7b224edf0386a32c82063499cfe171fd", "template_set": ["bkms", "bkms"], "num_examples": 24, "necessary_reagent": "", "template_score": 0.04025717079639435, "rms_molwt": -333.15762283600003, "num_rings": -3, "plausibility": 1, "tforms": ["7b224edf0386a32c82063499cfe171fd", "074e4df33f5240db8d733a81269d5e11"], "rank": 8, "score": -6561.589154964758}, {"smiles": "CCCC[C@H](C(=O)c1cc2c(cc1C(=O)O)OCO2)N1CCCC1", "smiles_split": ["CCCC[C@H](C(=O)c1cc2c(cc1C(=O)O)OCO2)N1CCCC1"], "mapped_smiles": "[CH3:1][CH2:2][CH2:3][CH2:4][C@H:5]([C:6](=[O:7])[c:8]1[c:9]([C:901]([OH:900])=[O:902])[cH:10][c:11]2[c:12]([cH:13]1)[O:14][CH2:15][O:16]2)[N:17]1[CH2:18][CH2:19][CH2:20][CH2:21]1", "reacting_atoms": [9], "template_id": "7b224edf0386a32c82063499cfe171fd", "template_set": ["bkms", "bkms"], "num_examples": 24, "necessary_reagent": "", "template_score": 0.04025717079639435, "rms_molwt": -333.15762283600003, "num_rings": -3, "plausibility": 1, "tforms": ["7b224edf0386a32c82063499cfe171fd", "074e4df33f5240db8d733a81269d5e11"], "rank": 9, "score": -6561.589154964758}, {"smiles": "CCCC[C@H]([C@H](O)c1ccc2c(c1)OCO2)N1CCCC1", "smiles_split": ["CCCC[C@H]([C@H](O)c1ccc2c(c1)OCO2)N1CCCC1"], "mapped_smiles": "[CH3:1][CH2:2][CH2:3][CH2:4][C@H:5]([C@H:6]([OH:7])[c:8]1[cH:9][cH:10][c:11]2[c:12]([cH:13]1)[O:14][CH2:15][O:16]2)[N:17]1[CH2:18][CH2:19][CH2:20][CH2:21]1", "reacting_atoms": [5, 6, 7], "template_id": "29a361aa1eddd9a3de34e4f81a7cd7b8", "template_set": ["bkms", "bkms"], "num_examples": 7, "necessary_reagent": "", "template_score": 0.021367762237787247, "rms_molwt": -291.18344366, "num_rings": -3, "plausibility": 1, "tforms": ["29a361aa1eddd9a3de34e4f81a7cd7b8", "093f81aab803676fc9c6c89e9a181a6f"], "rank": 10, "score": -10645.390783405726}, {"smiles": "CCCC[C@H](C(O)c1ccc2c(c1)OCO2)N1CCCC1", "smiles_split": ["CCCC[C@H](C(O)c1ccc2c(c1)OCO2)N1CCCC1"], "mapped_smiles": "[CH3:1][CH2:2][CH2:3][CH2:4][C@H:5]([CH:6]([OH:7])[c:8]1[cH:9][cH:10][c:11]2[c:12]([cH:13]1)[O:14][CH2:15][O:16]2)[N:17]1[CH2:18][CH2:19][CH2:20][CH2:21]1", "reacting_atoms": [5, 6, 7], "template_id": "3ecc9685515eef912f4a00329e4ca484", "template_set": ["bkms"], "num_examples": 6, "necessary_reagent": "", "template_score": 0.018329793587327003, "rms_molwt": -291.18344366, "num_rings": -3, "plausibility": 1, "tforms": ["3ecc9685515eef912f4a00329e4ca484"], "rank": 11, "score": -12082.415338341054}, {"smiles": "CCCC[C@H](C(=O)c1cc(Cl)c2c(c1)OCO2)N1CCCC1", "smiles_split": ["CCCC[C@H](C(=O)c1cc(Cl)c2c(c1)OCO2)N1CCCC1"], "mapped_smiles": "[CH3:1][CH2:2][CH2:3][CH2:4][C@H:5]([C:6](=[O:7])[c:8]1[cH:9][c:10]([Cl:900])[c:11]2[c:12]([cH:13]1)[O:14][CH2:15][O:16]2)[N:17]1[CH2:18][CH2:19][CH2:20][CH2:21]1", "reacting_atoms": [10], "template_id": "13444016d1e7c68bbdf8f2aa3af2798d", "template_set": ["bkms"], "num_examples": 9, "necessary_reagent": "", "template_score": 0.01777920126914978, "rms_molwt": -323.128821244, "num_rings": -3, "plausibility": 1, "tforms": ["13444016d1e7c68bbdf8f2aa3af2798d"], "rank": 12, "score": -13238.968942921862}, {"smiles": "CCCC[C@H](C(=O)c1cc2c(cc1Cl)OCO2)N1CCCC1", "smiles_split": ["CCCC[C@H](C(=O)c1cc2c(cc1Cl)OCO2)N1CCCC1"], "mapped_smiles": "[CH3:1][CH2:2][CH2:3][CH2:4][C@H:5]([C:6](=[O:7])[c:8]1[c:9]([Cl:900])[cH:10][c:11]2[c:12]([cH:13]1)[O:14][CH2:15][O:16]2)[N:17]1[CH2:18][CH2:19][CH2:20][CH2:21]1", "reacting_atoms": [9], "template_id": "13444016d1e7c68bbdf8f2aa3af2798d", "template_set": ["bkms"], "num_examples": 9, "necessary_reagent": "", "template_score": 0.01777920126914978, "rms_molwt": -323.128821244, "num_rings": -3, "plausibility": 1, "tforms": ["13444016d1e7c68bbdf8f2aa3af2798d"], "rank": 13, "score": -13238.968942921862}, {"smiles": "CCCC[C@H](C(=O)c1ccc2c(c1Cl)OCO2)N1CCCC1", "smiles_split": ["CCCC[C@H](C(=O)c1ccc2c(c1Cl)OCO2)N1CCCC1"], "mapped_smiles": "[CH3:1][CH2:2][CH2:3][CH2:4][C@H:5]([C:6](=[O:7])[c:8]1[cH:9][cH:10][c:11]2[c:12]([c:13]1[Cl:900])[O:14][CH2:15][O:16]2)[N:17]1[CH2:18][CH2:19][CH2:20][CH2:21]1", "reacting_atoms": [13], "template_id": "13444016d1e7c68bbdf8f2aa3af2798d", "template_set": ["bkms"], "num_examples": 9, "necessary_reagent": "", "template_score": 0.01777920126914978, "rms_molwt": -323.128821244, "num_rings": -3, "plausibility": 1, "tforms": ["13444016d1e7c68bbdf8f2aa3af2798d"], "rank": 14, "score": -13238.968942921862}, {"smiles": "CCCC[C@H](C(=O)c1cc2c(cc1Br)OCO2)N1CCCC1", "smiles_split": ["CCCC[C@H](C(=O)c1cc2c(cc1Br)OCO2)N1CCCC1"], "mapped_smiles": "[CH3:1][CH2:2][CH2:3][CH2:4][C@H:5]([C:6](=[O:7])[c:8]1[c:9]([Br:900])[cH:10][c:11]2[c:12]([cH:13]1)[O:14][CH2:15][O:16]2)[N:17]1[CH2:18][CH2:19][CH2:20][CH2:21]1", "reacting_atoms": [9], "template_id": "b7756ed925259d15888f2ce5f560c64d", "template_set": ["bkms"], "num_examples": 5, "necessary_reagent": "", "template_score": 0.014992805197834969, "rms_molwt": -367.07830566399997, "num_rings": -3, "plausibility": 1, "tforms": ["b7756ed925259d15888f2ce5f560c64d"], "rank": 15, "score": -15699.416508541084}]}