{"smiles": "O=C(N[C@H](CCl)C(=O)c1ccc(Cl)cc1)C(Cl)Cl", "sfscore": [0.5706614255905151, 0.4312184453010559], "chem_result": [{"smiles": "O=C(N[C@H](CCl)C(=O)c1ccc(Cl)cc1)C(Cl)Cl", "bw_confidence": 0.14662984748559973, "confidence": 0.2382237783938723, "rclass": "0 0 0", "children": [{"smiles": "CC(C)(C)OC(=O)N[C@H](CCl)C(=O)c1ccc(Cl)cc1"}, {"smiles": "ClCCl"}, {"smiles": "O=C(O)C(F)(F)F"}]}, {"smiles": "O=C(N[C@H](CCl)C(=O)c1ccc(Cl)cc1)C(Cl)Cl", "bw_confidence": 0.08150137471284138, "confidence": 0.15495163198686446, "rclass": "9 9.1 9.1.6", "children": [{"smiles": "O=C(N[C@H](CO)C(=O)c1ccc(Cl)cc1)C(Cl)Cl"}, {"smiles": "O=S(Cl)Cl"}]}, {"smiles": "O=C(N[C@H](CCl)C(=O)c1ccc(Cl)cc1)C(Cl)Cl", "bw_confidence": 0.06016249432920752, "confidence": 0.1301673032781025, "rclass": "0 0 0", "children": [{"smiles": "Cl"}, {"smiles": "N[C@H](CCl)C(=O)c1ccc(Cl)cc1"}]}, {"smiles": "O=C(N[C@H](CCl)C(=O)c1ccc(Cl)cc1)C(Cl)Cl", "bw_confidence": 0.05610406289745266, "confidence": 0.8439324311473335, "rclass": "8 8.1 8.1.3", "children": [{"smiles": "CC(=O)OI1(OC(C)=O)(OC(C)=O)OC(=O)c2ccccc21"}, {"smiles": "ClCCl"}, {"smiles": "O=C(N[C@H](CCl)C(O)c1ccc(Cl)cc1)C(Cl)Cl"}]}, {"smiles": "O=C(N[C@H](CCl)C(=O)c1ccc(Cl)cc1)C(Cl)Cl", "bw_confidence": 0.05362536531013116, "confidence": 0.4810572058195083, "rclass": "2 2.1 2.1.1", "children": [{"smiles": "CCN(CC)CC"}, {"smiles": "ClCCl"}, {"smiles": "O=C(Cl)C(Cl)Cl"}, {"smiles": "O=C(c1ccc(Cl)cc1)[C@@H](CCl)N~Cl"}]}, {"smiles": "O=C(N[C@H](CCl)C(=O)c1ccc(Cl)cc1)C(Cl)Cl", "bw_confidence": 0.030764317770255557, "confidence": 0.45825418762535386, "rclass": "3 3.10 3.10.1", "children": [{"smiles": "Cl[Al](Cl)Cl"}, {"smiles": "Clc1ccccc1"}, {"smiles": "O=C(N[C@H](CCl)C(=O)Cl)C(Cl)Cl"}]}, {"smiles": "O=C(N[C@H](CCl)C(=O)c1ccc(Cl)cc1)C(Cl)Cl", "bw_confidence": 0.02608717973791763, "confidence": 0.06828192664389945, "rclass": "10 10.1 10.1.2", "children": [{"smiles": "CC(=O)O"}, {"smiles": "ClCl"}, {"smiles": "O=C(CCl)N[C@H](CCl)C(=O)c1ccc(Cl)cc1"}]}, {"smiles": "O=C(N[C@H](CCl)C(=O)c1ccc(Cl)cc1)C(Cl)Cl", "bw_confidence": 0.013340041463247012, "confidence": 0.22306516120237896, "rclass": "7 7.6 7.6.1", "children": [{"smiles": "CC(=O)O"}, {"smiles": "O=C(C(=CCl)NC(=O)C(Cl)Cl)c1ccc(Cl)cc1"}, {"smiles": "[Zn]"}]}, {"smiles": "O=C(N[C@H](CCl)C(=O)c1ccc(Cl)cc1)C(Cl)Cl", "bw_confidence": 0.00853642114011521, "confidence": 0.21927996495943552, "rclass": "11 11.1 11.1", "children": [{"smiles": "CCO"}, {"smiles": "O=C(NC(CCl)C(=O)c1ccc(Cl)cc1)C(Cl)Cl"}]}, {"smiles": "O=C(N[C@H](CCl)C(=O)c1ccc(Cl)cc1)C(Cl)Cl", "bw_confidence": 0.0041365857830045994, "confidence": 0.36459956935663657, "rclass": "2 2.1 2.1.1", "children": [{"smiles": "CCN(CC)CC"}, {"smiles": "ClCCl"}, {"smiles": "N[C@H](CCl)C(=O)c1ccc(Cl)cc1"}, {"smiles": "O=C(Cl)C(Cl)Cl"}]}, {"smiles": "O=C(N[C@H](CCl)C(=O)c1ccc(Cl)cc1)C(Cl)Cl", "bw_confidence": 0.0027731693202802886, "confidence": 0.14747034351712798, "rclass": "0 0 0", "children": [{"smiles": "Cl[Al](Cl)Cl"}, {"smiles": "Clc1ccccc1"}, {"smiles": "O=C1N[C@H](CCl)C(=O)O1"}]}], "chem_bw_confidence_list": [0.14662984748559973, 0.08150137471284138, 0.06016249432920752, 0.05610406289745266, 0.05362536531013116, 0.030764317770255557, 0.02608717973791763, 0.013340041463247012, 0.00853642114011521, 0.0041365857830045994, 0.0027731693202802886], "enzy_template_score_list": [0.5109288096427917, 0.07220721244812012, 0.06536988914012909, 0.06536988914012909, 0.050409406423568726, 0.05169287696480751, 0.03205277398228645, 0.022016633301973343, 0.022016633301973343, 0.019631830975413322, 0.006915220525115728, 0.002695837989449501, 0.0027453096117824316, 0.0027453096117824316, 0.0015603742795065045], "enzy_result": [{"smiles": "O=C(N[C@H](CCl)C(=O)c1ccccc1)C(Cl)Cl", "smiles_split": ["O=C(N[C@H](CCl)C(=O)c1ccccc1)C(Cl)Cl"], "mapped_smiles": "[O:1]=[C:2]([NH:3][C@H:4]([CH2:5][Cl:6])[C:7](=[O:8])[c:9]1[cH:10][cH:11][cH:12][cH:14][cH:15]1)[CH:16]([Cl:17])[Cl:18]", "reacting_atoms": [12], "template_id": "23052e1ade7c53ea09cfec88d8cf66d2", "template_set": ["bkms"], "num_examples": 20, "necessary_reagent": "[Cl]", "template_score": 0.5109288096427917, "rms_molwt": -292.97771159999996, "num_rings": -1, "plausibility": 1, "tforms": ["23052e1ade7c53ea09cfec88d8cf66d2"], "rank": 1, "score": -280.2456791800535}, {"smiles": "O=C(N[C@H](CO)C(=O)c1ccc(Cl)cc1)C(Cl)Cl", "smiles_split": ["O=C(N[C@H](CO)C(=O)c1ccc(Cl)cc1)C(Cl)Cl"], "mapped_smiles": "[O:1]=[C:2]([NH:3][C@H:4]([CH2:5][OH:900])[C:7](=[O:8])[c:9]1[cH:10][cH:11][c:12]([Cl:13])[cH:14][cH:15]1)[CH:16]([Cl:17])[Cl:18]", "reacting_atoms": [5, 4], "template_id": "bf7a5f9a963e2d5e754097e9aa6e6947", "template_set": ["bkms"], "num_examples": 1, "necessary_reagent": "[Cl]", "template_score": 0.07220721244812012, "rms_molwt": -308.97262622, "num_rings": -1, "plausibility": 1, "tforms": ["bf7a5f9a963e2d5e754097e9aa6e6947"], "rank": 2, "score": -2156.7799040599684}, {"smiles": "O=C(N[C@H](CCl)C(=O)c1ccc(Cl)c(Cl)c1)C(Cl)Cl", "smiles_split": ["O=C(N[C@H](CCl)C(=O)c1ccc(Cl)c(Cl)c1)C(Cl)Cl"], "mapped_smiles": "[O:1]=[C:2]([NH:3][C@H:4]([CH2:5][Cl:6])[C:7](=[O:8])[c:9]1[cH:10][cH:11][c:12]([Cl:13])[c:14]([Cl:900])[cH:15]1)[CH:16]([Cl:17])[Cl:18]", "reacting_atoms": [14], "template_id": "13444016d1e7c68bbdf8f2aa3af2798d", "template_set": ["bkms"], "num_examples": 9, "necessary_reagent": "", "template_score": 0.06536988914012909, "rms_molwt": -360.89976689599996, "num_rings": -1, "plausibility": 1, "tforms": ["13444016d1e7c68bbdf8f2aa3af2798d"], "rank": 3, "score": -2564.4553181846586}, {"smiles": "O=C(N[C@H](CCl)C(=O)c1ccc(Cl)cc1Cl)C(Cl)Cl", "smiles_split": ["O=C(N[C@H](CCl)C(=O)c1ccc(Cl)cc1Cl)C(Cl)Cl"], "mapped_smiles": "[O:1]=[C:2]([NH:3][C@H:4]([CH2:5][Cl:6])[C:7](=[O:8])[c:9]1[cH:10][cH:11][c:12]([Cl:13])[cH:14][c:15]1[Cl:900])[CH:16]([Cl:17])[Cl:18]", "reacting_atoms": [15], "template_id": "13444016d1e7c68bbdf8f2aa3af2798d", "template_set": ["bkms"], "num_examples": 9, "necessary_reagent": "", "template_score": 0.06536988914012909, "rms_molwt": -360.89976689599996, "num_rings": -1, "plausibility": 1, "tforms": ["13444016d1e7c68bbdf8f2aa3af2798d"], "rank": 4, "score": -2564.4553181846586}, {"smiles": "O=C(O)C(=O)[C@@H](CCl)NC(=O)C(Cl)Cl", "smiles_split": ["O=C(O)C(=O)[C@@H](CCl)NC(=O)C(Cl)Cl"], "mapped_smiles": "[O:1]=[C:2]([NH:3][C@H:4]([CH2:5][Cl:6])[C:7](=[O:8])[C:9]([OH:900])=[O:901])[CH:16]([Cl:17])[Cl:18]", "reacting_atoms": [9], "template_id": "e42844136a314a80dfdcc5848ab36682", "template_set": ["bkms"], "num_examples": 1, "necessary_reagent": "[C]~[C]~[C](~[Cl])~[C]~[C]", "template_score": 0.050409406423568726, "rms_molwt": -260.936240712, "num_rings": 0, "plausibility": 1, "tforms": ["e42844136a314a80dfdcc5848ab36682"], "rank": 5, "score": -2832.138224958754}, {"smiles": "O=C(c1ccc(Cl)cc1)[C@@H](CCl)NC(=O)C(Cl)(Cl)Cl", "smiles_split": ["O=C(c1ccc(Cl)cc1)[C@@H](CCl)NC(=O)C(Cl)(Cl)Cl"], "mapped_smiles": "[O:1]=[C:2]([NH:3][C@H:4]([CH2:5][Cl:6])[C:7](=[O:8])[c:9]1[cH:10][cH:11][c:12]([Cl:13])[cH:14][cH:15]1)[C:16]([Cl:17])([Cl:18])[Cl:900]", "reacting_atoms": [16], "template_id": "e6234871375920d7f9ff6e17c81ff2eb", "template_set": ["bkms"], "num_examples": 1, "necessary_reagent": "", "template_score": 0.05169287696480751, "rms_molwt": -360.89976689599996, "num_rings": -1, "plausibility": 1, "tforms": ["e6234871375920d7f9ff6e17c81ff2eb"], "rank": 6, "score": -3242.9644024006166}, {"smiles": "O=C(N[C@H](CCl)C(=O)C1=CC=C(Cl)[C@@H](O)[C@H]1O)C(Cl)Cl", "smiles_split": ["O=C(N[C@H](CCl)C(=O)C1=CC=C(Cl)[C@@H](O)[C@H]1O)C(Cl)Cl"], "mapped_smiles": "[O:1]=[C:2]([NH:3][C@H:4]([CH2:5][Cl:6])[C:7](=[O:8])[C:9]1=[CH:15][CH:14]=[C:12]([Cl:13])[C@@H:11]([OH:900])[C@H:10]1[OH:901])[CH:16]([Cl:17])[Cl:18]", "reacting_atoms": [11, 12, 14, 15, 9, 10], "template_id": "fde1afb4d3593d11eea8fb5f7f2216ff", "template_set": ["bkms", "bkms"], "num_examples": 3, "necessary_reagent": "", "template_score": 0.03205277398228645, "rms_molwt": -360.944218552, "num_rings": -1, "plausibility": 1, "tforms": ["fde1afb4d3593d11eea8fb5f7f2216ff", "53c597bbf15632509a5de3d967aa59bc"], "rank": 7, "score": -6601.062883780683}, {"smiles": "O=C(N[C@H](CCl)C(=O)c1ccc(Cl)c(O)c1)C(Cl)Cl", "smiles_split": ["O=C(N[C@H](CCl)C(=O)c1ccc(Cl)c(O)c1)C(Cl)Cl"], "mapped_smiles": "[O:1]=[C:2]([NH:3][C@H:4]([CH2:5][Cl:6])[C:7](=[O:8])[c:9]1[cH:10][cH:11][c:12]([Cl:13])[c:14]([OH:900])[cH:15]1)[CH:16]([Cl:17])[Cl:18]", "reacting_atoms": [14], "template_id": "f53e9cbdf728108a37f743b6e04eb4f2", "template_set": ["bkms"], "num_examples": 56, "necessary_reagent": "", "template_score": 0.022016633301973343, "rms_molwt": -342.933653868, "num_rings": -1, "plausibility": 1, "tforms": ["f53e9cbdf728108a37f743b6e04eb4f2"], "rank": 8, "score": -7614.159601755289}, {"smiles": "O=C(N[C@H](CCl)C(=O)c1ccc(Cl)cc1O)C(Cl)Cl", "smiles_split": ["O=C(N[C@H](CCl)C(=O)c1ccc(Cl)cc1O)C(Cl)Cl"], "mapped_smiles": "[O:1]=[C:2]([NH:3][C@H:4]([CH2:5][Cl:6])[C:7](=[O:8])[c:9]1[cH:10][cH:11][c:12]([Cl:13])[cH:14][c:15]1[OH:900])[CH:16]([Cl:17])[Cl:18]", "reacting_atoms": [15], "template_id": "f53e9cbdf728108a37f743b6e04eb4f2", "template_set": ["bkms", "bkms"], "num_examples": 60, "necessary_reagent": "", "template_score": 0.022016633301973343, "rms_molwt": -342.933653868, "num_rings": -1, "plausibility": 1, "tforms": ["f53e9cbdf728108a37f743b6e04eb4f2", "83d85e7a585f92eaccf25b635972a3d6"], "rank": 9, "score": -7614.159601755289}, {"smiles": "O=C(N[C@H](CCl)C(=O)c1ccc(O)cc1)C(Cl)Cl", "smiles_split": ["O=C(N[C@H](CCl)C(=O)c1ccc(O)cc1)C(Cl)Cl"], "mapped_smiles": "[O:1]=[C:2]([NH:3][C@H:4]([CH2:5][Cl:6])[C:7](=[O:8])[c:9]1[cH:10][cH:11][c:12]([OH:900])[cH:14][cH:15]1)[CH:16]([Cl:17])[Cl:18]", "reacting_atoms": [12], "template_id": "71590e899bce961d132a2e30344d7791", "template_set": ["bkms"], "num_examples": 1, "necessary_reagent": "[Cl]", "template_score": 0.019631830975413322, "rms_molwt": -308.97262622, "num_rings": -1, "plausibility": 1, "tforms": ["71590e899bce961d132a2e30344d7791"], "rank": 10, "score": -7932.783494893322}, {"smiles": "O=C(N[C@H](CCl)[C@@H](O)c1ccc(Cl)cc1)C(Cl)Cl", "smiles_split": ["O=C(N[C@H](CCl)[C@@H](O)c1ccc(Cl)cc1)C(Cl)Cl"], "mapped_smiles": "[O:1]=[C:2]([NH:3][C@H:4]([CH2:5][Cl:6])[C@@H:7]([OH:8])[c:9]1[cH:10][cH:11][c:12]([Cl:13])[cH:14][cH:15]1)[CH:16]([Cl:17])[Cl:18]", "reacting_atoms": [7, 8], "template_id": "0792b3487e9730edf9f10b3aa76d2d2b", "template_set": ["bkms"], "num_examples": 10, "necessary_reagent": "", "template_score": 0.006915220525115728, "rms_molwt": -328.954389312, "num_rings": -1, "plausibility": 1, "tforms": ["0792b3487e9730edf9f10b3aa76d2d2b"], "rank": 11, "score": -23243.66434194148}, {"smiles": "O=C(N[C@H](CCl)C(O)c1ccc(Cl)cc1)C(Cl)Cl", "smiles_split": ["O=C(N[C@H](CCl)C(O)c1ccc(Cl)cc1)C(Cl)Cl"], "mapped_smiles": "[O:1]=[C:2]([NH:3][C@H:4]([CH2:5][Cl:6])[CH:7]([OH:8])[c:9]1[cH:10][cH:11][c:12]([Cl:13])[cH:14][cH:15]1)[CH:16]([Cl:17])[Cl:18]", "reacting_atoms": [7, 8], "template_id": "3ecc9685515eef912f4a00329e4ca484", "template_set": ["bkms"], "num_examples": 6, "necessary_reagent": "", "template_score": 0.002695837989449501, "rms_molwt": -328.954389312, "num_rings": -1, "plausibility": 1, "tforms": ["3ecc9685515eef912f4a00329e4ca484"], "rank": 12, "score": -57397.76104568201}, {"smiles": "O=C(O)c1cc(Cl)ccc1C(=O)[C@@H](CCl)NC(=O)C(Cl)Cl", "smiles_split": ["O=C(O)c1cc(Cl)ccc1C(=O)[C@@H](CCl)NC(=O)C(Cl)Cl"], "mapped_smiles": "[O:1]=[C:2]([NH:3][C@H:4]([CH2:5][Cl:6])[C:7](=[O:8])[c:9]1[cH:10][cH:11][c:12]([Cl:13])[cH:14][c:15]1[C:901]([OH:900])=[O:902])[CH:16]([Cl:17])[Cl:18]", "reacting_atoms": [15], "template_id": "7b224edf0386a32c82063499cfe171fd", "template_set": ["bkms", "bkms"], "num_examples": 24, "necessary_reagent": "", "template_score": 0.0027453096117824316, "rms_molwt": -370.928568488, "num_rings": -1, "plausibility": 1, "tforms": ["7b224edf0386a32c82063499cfe171fd", "074e4df33f5240db8d733a81269d5e11"], "rank": 13, "score": -70836.51998795285}, {"smiles": "O=C(O)c1cc(C(=O)[C@@H](CCl)NC(=O)C(Cl)Cl)ccc1Cl", "smiles_split": ["O=C(O)c1cc(C(=O)[C@@H](CCl)NC(=O)C(Cl)Cl)ccc1Cl"], "mapped_smiles": "[O:1]=[C:2]([NH:3][C@H:4]([CH2:5][Cl:6])[C:7](=[O:8])[c:9]1[cH:10][cH:11][c:12]([Cl:13])[c:14]([C:901]([OH:900])=[O:902])[cH:15]1)[CH:16]([Cl:17])[Cl:18]", "reacting_atoms": [14], "template_id": "7b224edf0386a32c82063499cfe171fd", "template_set": ["bkms"], "num_examples": 23, "necessary_reagent": "", "template_score": 0.0027453096117824316, "rms_molwt": -370.92856848800005, "num_rings": -1, "plausibility": 1, "tforms": ["7b224edf0386a32c82063499cfe171fd"], "rank": 14, "score": -70836.51998795285}, {"smiles": "O=C(N[C@H](CCl)[C@H](O)c1ccc(Cl)cc1)C(Cl)Cl", "smiles_split": ["O=C(N[C@H](CCl)[C@H](O)c1ccc(Cl)cc1)C(Cl)Cl"], "mapped_smiles": "[O:1]=[C:2]([NH:3][C@H:4]([CH2:5][Cl:6])[C@H:7]([OH:8])[c:9]1[cH:10][cH:11][c:12]([Cl:13])[cH:14][cH:15]1)[CH:16]([Cl:17])[Cl:18]", "reacting_atoms": [7, 8], "template_id": "29a361aa1eddd9a3de34e4f81a7cd7b8", "template_set": ["bkms", "bkms"], "num_examples": 7, "necessary_reagent": "", "template_score": 0.0015603742795065045, "rms_molwt": -328.954389312, "num_rings": -1, "plausibility": 1, "tforms": ["29a361aa1eddd9a3de34e4f81a7cd7b8", "093f81aab803676fc9c6c89e9a181a6f"], "rank": 15, "score": -103010.58332436082}]}