{"smiles": "O=c1ccn([C@H]2O[C@H](CO[P@@](=O)(O)O[P@@](=O)(O)O[C@H]3OC[C@H](O)[C@H](O)[C@H]3O)[C@@H](O)[C@H]2O)c(=O)[nH]1", "sfscore": [0.4043317139148712, 0.6561145186424255], "chem_result": [{"smiles": "O=c1ccn([C@H]2O[C@H](CO[P@@](=O)(O)O[P@@](=O)(O)O[C@H]3OC[C@H](O)[C@H](O)[C@H]3O)[C@@H](O)[C@H]2O)c(=O)[nH]1", "bw_confidence": 0.012146344434208768, "confidence": 0.20267714581019097, "rclass": "0 0 0", "children": [{"smiles": "O=c1ccn([C@H]2O[C@H](CO[P@@](=O)(O)O[P@@](=O)(O)O[C@H]3OC[C@H](O)[C@H](O)[C@H]3O)[C@@H](O)[C@H]2O)c(=O)[nH]1"}, {"smiles": "[H][H]"}, {"smiles": "[Pd]"}]}, {"smiles": "O=c1ccn([C@H]2O[C@H](CO[P@@](=O)(O)O[P@@](=O)(O)O[C@H]3OC[C@H](O)[C@H](O)[C@H]3O)[C@@H](O)[C@H]2O)c(=O)[nH]1", "bw_confidence": 0.009677009168511367, "confidence": 0.08182986277574807, "rclass": "11 11.5 11.5", "children": [{"smiles": "O"}, {"smiles": "O=c1ccn([C@H]2O[C@H](CO[P@@](=O)(O)OP(=O)(O)O[C@H]3OC[C@H](O)[C@H](O)[C@H]3O)[C@@H](O)[C@H]2O)c(=O)[nH]1"}]}, {"smiles": "O=c1ccn([C@H]2O[C@H](CO[P@@](=O)(O)O[P@@](=O)(O)O[C@H]3OC[C@H](O)[C@H](O)[C@H]3O)[C@@H](O)[C@H]2O)c(=O)[nH]1", "bw_confidence": 0.0064375510044884475, "confidence": 0.05955032173655322, "rclass": "11 11.9 11.9", "children": [{"smiles": "N#CC1=C(C#N)C(=O)C(Cl)=C(Cl)C1=O"}, {"smiles": "O=c1ccn([C@H]2O[C@H](CO[P@@](=O)(O)OP(=O)(O)O[C@H]3OC[C@H](O)[C@H](O)[C@H]3O)[C@@H](O)[C@H]2O)c(=O)[nH]1"}]}, {"smiles": "O=c1ccn([C@H]2O[C@H](CO[P@@](=O)(O)O[P@@](=O)(O)O[C@H]3OC[C@H](O)[C@H](O)[C@H]3O)[C@@H](O)[C@H]2O)c(=O)[nH]1", "bw_confidence": 0.005016004042306896, "confidence": 0.6848126885344034, "rclass": "6 6.3 6.3.6", "children": [{"smiles": "CC(=O)O[C@@H]1[C@H](OC(C)=O)[C@@H](OP(=O)(O)OP(=O)(O)OC[C@H]2O[C@H](n3ccc(=O)[nH]c3=O)[C@H](OC(C)=O)[C@@H]2OC(C)=O)OC[C@H]1OC(C)=O"}, {"smiles": "CO"}, {"smiles": "C[O-]~[Na+]"}]}, {"smiles": "O=c1ccn([C@H]2O[C@H](CO[P@@](=O)(O)O[P@@](=O)(O)O[C@H]3OC[C@H](O)[C@H](O)[C@H]3O)[C@@H](O)[C@H]2O)c(=O)[nH]1", "bw_confidence": 0.0042142582846861594, "confidence": 0.07696641436346024, "rclass": "0 0 0", "children": [{"smiles": "O"}, {"smiles": "O=c1ccn([C@H]2O[C@H](COP(=O)(O)OP(=O)(O)O)[C@@H](O)[C@H]2O)c(=O)[nH]1"}]}, {"smiles": "O=c1ccn([C@H]2O[C@H](CO[P@@](=O)(O)O[P@@](=O)(O)O[C@H]3OC[C@H](O)[C@H](O)[C@H]3O)[C@@H](O)[C@H]2O)c(=O)[nH]1", "bw_confidence": 0.003286393062514185, "confidence": 0.07584963537600808, "rclass": "11 11.5 11.5", "children": [{"smiles": "O"}, {"smiles": "O=c1ccn([C@H]2O[C@H](COP(=O)(O)OP(=O)(O)O[C@H]3OC[C@H](O)[C@H](O)[C@H]3O)[C@@H](O)[C@H]2O)c(=O)[nH]1"}]}, {"smiles": "O=c1ccn([C@H]2O[C@H](CO[P@@](=O)(O)O[P@@](=O)(O)O[C@H]3OC[C@H](O)[C@H](O)[C@H]3O)[C@@H](O)[C@H]2O)c(=O)[nH]1", "bw_confidence": 0.0031791556357136574, "confidence": 0.04820873171554318, "rclass": "0 0 0", "children": [{"smiles": "O=c1ccn([C@H]2O[C@H](COP(=O)(O)OP(=O)(O)O)[C@@H](O)[C@H]2O)c(=O)[nH]1"}, {"smiles": "O=c1ccn([C@H]2O[C@H](COP(=O)(O)OP(=O)(O)O[C@H]3OC[C@H](O)[C@H](O)[C@H]3O)[C@@H](O)[C@H]2O)c(=O)[nH]1"}]}, {"smiles": "O=c1ccn([C@H]2O[C@H](CO[P@@](=O)(O)O[P@@](=O)(O)O[C@H]3OC[C@H](O)[C@H](O)[C@H]3O)[C@@H](O)[C@H]2O)c(=O)[nH]1", "bw_confidence": 0.002992276386157746, "confidence": 0.09400553843719457, "rclass": "11 11.5 11.5", "children": [{"smiles": "O=c1ccn([C@H]2O[C@H](COP(=O)(O)OP(=O)(O)O[C@H]3OC[C@H](O)[C@H](O)[C@H]3O)[C@@H](O)[C@H]2O)c(=O)[nH]1"}, {"smiles": "[NH4+]~[OH-]"}]}, {"smiles": "O=c1ccn([C@H]2O[C@H](CO[P@@](=O)(O)O[P@@](=O)(O)O[C@H]3OC[C@H](O)[C@H](O)[C@H]3O)[C@@H](O)[C@H]2O)c(=O)[nH]1", "bw_confidence": 0.0011843579356501023, "confidence": 0.7768964309637313, "rclass": "6 6.3 6.3.6", "children": [{"smiles": "CC(=O)O[C@H]1CO[C@H](OP(=O)(O)OP(=O)(O)OC[C@H]2O[C@H](n3ccc(=O)[nH]c3=O)[C@H](OC(C)=O)[C@@H]2OC(C)=O)[C@H](OC(C)=O)[C@H]1OC(C)=O"}, {"smiles": "CO"}, {"smiles": "C[O-]~[Na+]"}]}, {"smiles": "O=c1ccn([C@H]2O[C@H](CO[P@@](=O)(O)O[P@@](=O)(O)O[C@H]3OC[C@H](O)[C@H](O)[C@H]3O)[C@@H](O)[C@H]2O)c(=O)[nH]1", "bw_confidence": 0.000561658916327318, "confidence": 0.13776696483134704, "rclass": "11 11.5 11.5", "children": [{"smiles": "O=c1ccn([C@H]2O[C@H](CO[P@@](=O)(O)OP(=O)(O)O[C@H]3OC[C@H](O)[C@H](O)[C@H]3O)[C@@H](O)[C@H]2O)c(=O)[nH]1"}, {"smiles": "[OH-]~[Na+]"}]}], "chem_bw_confidence_list": [0.012146344434208768, 0.009677009168511367, 0.0064375510044884475, 0.005016004042306896, 0.0042142582846861594, 0.003286393062514185, 0.0031791556357136574, 0.002992276386157746, 0.0011843579356501023, 0.000561658916327318], "enzy_template_score_list": [0.25205114483833313, 0.25205114483833313, 0.167883038520813, 0.0651966854929924, 0.0651966854929924, 0.0651966854929924, 0.0651966854929924, 0.0651966854929924, 0.045182909816503525, 0.05356753244996071, 0.05356753244996071, 0.035047322511672974, 0.035047322511672974, 0.009756200015544891, 0.01008276641368866], "enzy_result": [{"smiles": "O=c1ccn([C@H]2O[C@H](CO[P@@](=O)(O)O[P@](=O)(O[C@H]3OC[C@H](O)[C@H](O)[C@H]3O)OP(=O)(O)O)[C@@H](O)[C@H]2O)c(=O)[nH]1", "smiles_split": ["O=c1ccn([C@H]2O[C@H](CO[P@@](=O)(O)O[P@](=O)(O[C@H]3OC[C@H](O)[C@H](O)[C@H]3O)OP(=O)(O)O)[C@@H](O)[C@H]2O)c(=O)[nH]1"], "mapped_smiles": "[O:1]=[c:2]1[cH:3][cH:4][n:5]([C@H:6]2[O:7][C@H:8]([CH2:9][O:10][P@@:11](=[O:12])([OH:13])[O:14][P@@:15](=[O:16])([O:17][P:901]([OH:900])([OH:902])=[O:903])[O:18][C@H:19]3[O:20][CH2:21][C@H:22]([OH:23])[C@H:24]([OH:25])[C@H:26]3[OH:27])[C@@H:28]([OH:29])[C@H:30]2[OH:31])[c:32](=[O:33])[nH:34]1", "reacting_atoms": [17], "template_id": "61290ef5701f0cad42add8a9f4805d22", "template_set": ["bkms"], "num_examples": 60, "necessary_reagent": "", "template_score": 0.25205114483833313, "rms_molwt": -616.0107864059997, "num_rings": -3, "plausibility": 1, "tforms": ["61290ef5701f0cad42add8a9f4805d22"], "rank": 1, "score": -2796.9654229173534}, {"smiles": "O=c1ccn([C@H]2O[C@H](CO[P@@](=O)(OP(=O)(O)O)O[P@@](=O)(O)O[C@H]3OC[C@H](O)[C@H](O)[C@H]3O)[C@@H](O)[C@H]2O)c(=O)[nH]1", "smiles_split": ["O=c1ccn([C@H]2O[C@H](CO[P@@](=O)(OP(=O)(O)O)O[P@@](=O)(O)O[C@H]3OC[C@H](O)[C@H](O)[C@H]3O)[C@@H](O)[C@H]2O)c(=O)[nH]1"], "mapped_smiles": "[O:1]=[c:2]1[cH:3][cH:4][n:5]([C@H:6]2[O:7][C@H:8]([CH2:9][O:10][P@@:11](=[O:12])([O:13][P:901]([OH:900])([OH:902])=[O:903])[O:14][P@@:15](=[O:16])([OH:17])[O:18][C@H:19]3[O:20][CH2:21][C@H:22]([OH:23])[C@H:24]([OH:25])[C@H:26]3[OH:27])[C@@H:28]([OH:29])[C@H:30]2[OH:31])[c:32](=[O:33])[nH:34]1", "reacting_atoms": [13], "template_id": "61290ef5701f0cad42add8a9f4805d22", "template_set": ["bkms"], "num_examples": 60, "necessary_reagent": "", "template_score": 0.25205114483833313, "rms_molwt": -616.0107864059999, "num_rings": -3, "plausibility": 1, "tforms": ["61290ef5701f0cad42add8a9f4805d22"], "rank": 2, "score": -2796.9654229173534}, {"smiles": "Nc1ccn([C@H]2O[C@H](CO[P@@](=O)(O)O[P@@](=O)(O)O[C@H]3OC[C@H](O)[C@H](O)[C@H]3O)[C@@H](O)[C@H]2O)c(=O)n1", "smiles_split": ["Nc1ccn([C@H]2O[C@H](CO[P@@](=O)(O)O[P@@](=O)(O)O[C@H]3OC[C@H](O)[C@H](O)[C@H]3O)[C@@H](O)[C@H]2O)c(=O)n1"], "mapped_smiles": "[c:2]1([NH2:900])[cH:3][cH:4][n:5]([C@H:6]2[O:7][C@H:8]([CH2:9][O:10][P@@:11](=[O:12])([OH:13])[O:14][P@@:15](=[O:16])([OH:17])[O:18][C@H:19]3[O:20][CH2:21][C@H:22]([OH:23])[C@H:24]([OH:25])[C@H:26]3[OH:27])[C@@H:28]([OH:29])[C@H:30]2[OH:31])[c:32](=[O:33])[n:34]1", "reacting_atoms": [2, 34], "template_id": "6ea8e181063572a4f8eb094f4b546c21", "template_set": ["bkms"], "num_examples": 10, "necessary_reagent": "[O]", "template_score": 0.167883038520813, "rms_molwt": -535.0604402959998, "num_rings": -3, "plausibility": 1, "tforms": ["6ea8e181063572a4f8eb094f4b546c21"], "rank": 3, "score": -3776.364825948706}, {"smiles": "O=c1ccn([C@H]2O[C@H](CO[P@@](=O)(O)O[P@@](=O)(O)O[C@H]3OC[C@H](O)[C@H](O)[C@H]3O)[C@@H](OP(=O)(O)O)[C@H]2O)c(=O)[nH]1", "smiles_split": ["O=c1ccn([C@H]2O[C@H](CO[P@@](=O)(O)O[P@@](=O)(O)O[C@H]3OC[C@H](O)[C@H](O)[C@H]3O)[C@@H](OP(=O)(O)O)[C@H]2O)c(=O)[nH]1"], "mapped_smiles": "[O:1]=[c:2]1[cH:3][cH:4][n:5]([C@H:6]2[O:7][C@H:8]([CH2:9][O:10][P@@:11](=[O:12])([OH:13])[O:14][P@@:15](=[O:16])([OH:17])[O:18][C@H:19]3[O:20][CH2:21][C@H:22]([OH:23])[C@H:24]([OH:25])[C@H:26]3[OH:27])[C@@H:28]([O:29][P:901]([OH:900])([OH:902])=[O:903])[C@H:30]2[OH:31])[c:32](=[O:33])[nH:34]1", "reacting_atoms": [29, 28], "template_id": "65bf7618263ef0544bfb3455ab5e0cbc", "template_set": ["bkms"], "num_examples": 167, "necessary_reagent": "", "template_score": 0.0651966854929924, "rms_molwt": -616.0107864059997, "num_rings": -3, "plausibility": 1, "tforms": ["65bf7618263ef0544bfb3455ab5e0cbc"], "rank": 4, "score": -10813.10087451187}, {"smiles": "O=c1ccn([C@H]2O[C@H](CO[P@@](=O)(O)O[P@@](=O)(O)O[C@H]3OC[C@H](O)[C@H](OP(=O)(O)O)[C@H]3O)[C@@H](O)[C@H]2O)c(=O)[nH]1", "smiles_split": ["O=c1ccn([C@H]2O[C@H](CO[P@@](=O)(O)O[P@@](=O)(O)O[C@H]3OC[C@H](O)[C@H](OP(=O)(O)O)[C@H]3O)[C@@H](O)[C@H]2O)c(=O)[nH]1"], "mapped_smiles": "[O:1]=[c:2]1[cH:3][cH:4][n:5]([C@H:6]2[O:7][C@H:8]([CH2:9][O:10][P@@:11](=[O:12])([OH:13])[O:14][P@@:15](=[O:16])([OH:17])[O:18][C@H:19]3[O:20][CH2:21][C@H:22]([OH:23])[C@H:24]([O:25][P:901]([OH:900])([OH:902])=[O:903])[C@H:26]3[OH:27])[C@@H:28]([OH:29])[C@H:30]2[OH:31])[c:32](=[O:33])[nH:34]1", "reacting_atoms": [25, 24], "template_id": "65bf7618263ef0544bfb3455ab5e0cbc", "template_set": ["bkms"], "num_examples": 167, "necessary_reagent": "", "template_score": 0.0651966854929924, "rms_molwt": -616.0107864059997, "num_rings": -3, "plausibility": 1, "tforms": ["65bf7618263ef0544bfb3455ab5e0cbc"], "rank": 5, "score": -10813.10087451187}, {"smiles": "O=c1ccn([C@H]2O[C@H](CO[P@@](=O)(O)O[P@@](=O)(O)O[C@H]3OC[C@H](O)[C@H](O)[C@H]3OP(=O)(O)O)[C@@H](O)[C@H]2O)c(=O)[nH]1", "smiles_split": ["O=c1ccn([C@H]2O[C@H](CO[P@@](=O)(O)O[P@@](=O)(O)O[C@H]3OC[C@H](O)[C@H](O)[C@H]3OP(=O)(O)O)[C@@H](O)[C@H]2O)c(=O)[nH]1"], "mapped_smiles": "[O:1]=[c:2]1[cH:3][cH:4][n:5]([C@H:6]2[O:7][C@H:8]([CH2:9][O:10][P@@:11](=[O:12])([OH:13])[O:14][P@@:15](=[O:16])([OH:17])[O:18][C@H:19]3[O:20][CH2:21][C@H:22]([OH:23])[C@H:24]([OH:25])[C@H:26]3[O:27][P:901]([OH:900])([OH:902])=[O:903])[C@@H:28]([OH:29])[C@H:30]2[OH:31])[c:32](=[O:33])[nH:34]1", "reacting_atoms": [27, 26], "template_id": "65bf7618263ef0544bfb3455ab5e0cbc", "template_set": ["bkms"], "num_examples": 167, "necessary_reagent": "", "template_score": 0.0651966854929924, "rms_molwt": -616.0107864059997, "num_rings": -3, "plausibility": 1, "tforms": ["65bf7618263ef0544bfb3455ab5e0cbc"], "rank": 6, "score": -10813.10087451187}, {"smiles": "O=c1ccn([C@H]2O[C@H](CO[P@@](=O)(O)O[P@@](=O)(O)O[C@H]3OC[C@H](OP(=O)(O)O)[C@H](O)[C@H]3O)[C@@H](O)[C@H]2O)c(=O)[nH]1", "smiles_split": ["O=c1ccn([C@H]2O[C@H](CO[P@@](=O)(O)O[P@@](=O)(O)O[C@H]3OC[C@H](OP(=O)(O)O)[C@H](O)[C@H]3O)[C@@H](O)[C@H]2O)c(=O)[nH]1"], "mapped_smiles": "[O:1]=[c:2]1[cH:3][cH:4][n:5]([C@H:6]2[O:7][C@H:8]([CH2:9][O:10][P@@:11](=[O:12])([OH:13])[O:14][P@@:15](=[O:16])([OH:17])[O:18][C@H:19]3[O:20][CH2:21][C@H:22]([O:23][P:901]([OH:900])([OH:902])=[O:903])[C@H:24]([OH:25])[C@H:26]3[OH:27])[C@@H:28]([OH:29])[C@H:30]2[OH:31])[c:32](=[O:33])[nH:34]1", "reacting_atoms": [23, 22], "template_id": "65bf7618263ef0544bfb3455ab5e0cbc", "template_set": ["bkms"], "num_examples": 167, "necessary_reagent": "", "template_score": 0.0651966854929924, "rms_molwt": -616.0107864059997, "num_rings": -3, "plausibility": 1, "tforms": ["65bf7618263ef0544bfb3455ab5e0cbc"], "rank": 7, "score": -10813.10087451187}, {"smiles": "O=c1ccn([C@H]2O[C@H](CO[P@@](=O)(O)O[P@@](=O)(O)O[C@H]3OC[C@H](O)[C@H](O)[C@H]3O)[C@@H](O)[C@H]2OP(=O)(O)O)c(=O)[nH]1", "smiles_split": ["O=c1ccn([C@H]2O[C@H](CO[P@@](=O)(O)O[P@@](=O)(O)O[C@H]3OC[C@H](O)[C@H](O)[C@H]3O)[C@@H](O)[C@H]2OP(=O)(O)O)c(=O)[nH]1"], "mapped_smiles": "[O:1]=[c:2]1[cH:3][cH:4][n:5]([C@H:6]2[O:7][C@H:8]([CH2:9][O:10][P@@:11](=[O:12])([OH:13])[O:14][P@@:15](=[O:16])([OH:17])[O:18][C@H:19]3[O:20][CH2:21][C@H:22]([OH:23])[C@H:24]([OH:25])[C@H:26]3[OH:27])[C@@H:28]([OH:29])[C@H:30]2[O:31][P:901]([OH:900])([OH:902])=[O:903])[c:32](=[O:33])[nH:34]1", "reacting_atoms": [31, 30], "template_id": "65bf7618263ef0544bfb3455ab5e0cbc", "template_set": ["bkms"], "num_examples": 167, "necessary_reagent": "", "template_score": 0.0651966854929924, "rms_molwt": -616.0107864059999, "num_rings": -3, "plausibility": 1, "tforms": ["65bf7618263ef0544bfb3455ab5e0cbc"], "rank": 8, "score": -10813.10087451187}, {"smiles": "O=c1[nH]c(=O)n([C@H]2O[C@H](CO[P@@](=O)(O)O[P@@](=O)(O)O[C@H]3OC[C@H](O)[C@H](O)[C@H]3O)[C@@H](O)[C@H]2O)cc1O", "smiles_split": ["O=c1[nH]c(=O)n([C@H]2O[C@H](CO[P@@](=O)(O)O[P@@](=O)(O)O[C@H]3OC[C@H](O)[C@H](O)[C@H]3O)[C@@H](O)[C@H]2O)cc1O"], "mapped_smiles": "[O:1]=[c:2]1[c:3]([OH:900])[cH:4][n:5]([C@H:6]2[O:7][C@H:8]([CH2:9][O:10][P@@:11](=[O:12])([OH:13])[O:14][P@@:15](=[O:16])([OH:17])[O:18][C@H:19]3[O:20][CH2:21][C@H:22]([OH:23])[C@H:24]([OH:25])[C@H:26]3[OH:27])[C@@H:28]([OH:29])[C@H:30]2[OH:31])[c:32](=[O:33])[nH:34]1", "reacting_atoms": [3], "template_id": "f53e9cbdf728108a37f743b6e04eb4f2", "template_set": ["bkms"], "num_examples": 56, "necessary_reagent": "", "template_score": 0.045182909816503525, "rms_molwt": -552.0393705039999, "num_rings": -3, "plausibility": 1, "tforms": ["f53e9cbdf728108a37f743b6e04eb4f2"], "rank": 9, "score": -14399.436870115902}, {"smiles": "O=c1ccn([C@H]2O[C@H](CO[P@@](=O)(O)O[P@](=O)(O[C@H]3OC[C@H](O)[C@H](O)[C@H]3O)OP(=O)(O)OP(=O)(O)O)[C@@H](O)[C@H]2O)c(=O)[nH]1", "smiles_split": ["O=c1ccn([C@H]2O[C@H](CO[P@@](=O)(O)O[P@](=O)(O[C@H]3OC[C@H](O)[C@H](O)[C@H]3O)OP(=O)(O)OP(=O)(O)O)[C@@H](O)[C@H]2O)c(=O)[nH]1"], "mapped_smiles": "[O:1]=[c:2]1[cH:3][cH:4][n:5]([C@H:6]2[O:7][C@H:8]([CH2:9][O:10][P@@:11](=[O:12])([OH:13])[O:14][P@@:15](=[O:16])([O:17][P:905]([O:904][P:901]([OH:900])([OH:902])=[O:903])([OH:906])=[O:907])[O:18][C@H:19]3[O:20][CH2:21][C@H:22]([OH:23])[C@H:24]([OH:25])[C@H:26]3[OH:27])[C@@H:28]([OH:29])[C@H:30]2[OH:31])[c:32](=[O:33])[nH:34]1", "reacting_atoms": [17], "template_id": "4afc9d27a469ed9eef24e627d99795e9", "template_set": ["bkms"], "num_examples": 26, "necessary_reagent": "", "template_score": 0.05356753244996071, "rms_molwt": -695.9771169279999, "num_rings": -3, "plausibility": 1, "tforms": ["4afc9d27a469ed9eef24e627d99795e9"], "rank": 10, "score": -14577.20853745882}, {"smiles": "O=c1ccn([C@H]2O[C@H](CO[P@@](=O)(OP(=O)(O)OP(=O)(O)O)O[P@@](=O)(O)O[C@H]3OC[C@H](O)[C@H](O)[C@H]3O)[C@@H](O)[C@H]2O)c(=O)[nH]1", "smiles_split": ["O=c1ccn([C@H]2O[C@H](CO[P@@](=O)(OP(=O)(O)OP(=O)(O)O)O[P@@](=O)(O)O[C@H]3OC[C@H](O)[C@H](O)[C@H]3O)[C@@H](O)[C@H]2O)c(=O)[nH]1"], "mapped_smiles": "[O:1]=[c:2]1[cH:3][cH:4][n:5]([C@H:6]2[O:7][C@H:8]([CH2:9][O:10][P@@:11](=[O:12])([O:13][P:905]([O:904][P:901]([OH:900])([OH:902])=[O:903])([OH:906])=[O:907])[O:14][P@@:15](=[O:16])([OH:17])[O:18][C@H:19]3[O:20][CH2:21][C@H:22]([OH:23])[C@H:24]([OH:25])[C@H:26]3[OH:27])[C@@H:28]([OH:29])[C@H:30]2[OH:31])[c:32](=[O:33])[nH:34]1", "reacting_atoms": [13], "template_id": "4afc9d27a469ed9eef24e627d99795e9", "template_set": ["bkms"], "num_examples": 26, "necessary_reagent": "", "template_score": 0.05356753244996071, "rms_molwt": -695.977116928, "num_rings": -3, "plausibility": 1, "tforms": ["4afc9d27a469ed9eef24e627d99795e9"], "rank": 11, "score": -14577.20853745882}, {"smiles": "O=c1ccn([C@H]2O[C@H](CO[P@@](=O)(O)O[P@](=O)(O[C@H]3OC[C@H](O)[C@H](O)[C@H]3O)OP(=O)(O)OC[C@H]3O[C@@H](n4ccc(=O)[nH]c4=O)[C@H](O)[C@@H]3O)[C@@H](O)[C@H]2O)c(=O)[nH]1", "smiles_split": ["O=c1ccn([C@H]2O[C@H](CO[P@@](=O)(O)O[P@](=O)(O[C@H]3OC[C@H](O)[C@H](O)[C@H]3O)OP(=O)(O)OC[C@H]3O[C@@H](n4ccc(=O)[nH]c4=O)[C@H](O)[C@@H]3O)[C@@H](O)[C@H]2O)c(=O)[nH]1"], "mapped_smiles": "[O:1]=[c:2]1[cH:3][cH:4][n:5]([C@H:6]2[O:7][C@H:8]([CH2:9][O:10][P@@:11](=[O:12])([OH:13])[O:14][P@@:15](=[O:16])([O:17][P:917]([O:916][CH2:915][C@@H:914]3[C@@H:901]([OH:900])[C@@H:902]([OH:903])[C@H:904]([n:905]4[cH:906][cH:907][c:908](=[O:909])[nH:910][c:911]4=[O:912])[O:913]3)([OH:918])=[O:919])[O:18][C@H:19]3[O:20][CH2:21][C@H:22]([OH:23])[C@H:24]([OH:25])[C@H:26]3[OH:27])[C@@H:28]([OH:29])[C@H:30]2[OH:31])[c:32](=[O:33])[nH:34]1", "reacting_atoms": [17], "template_id": "772582ca95175da810fd5ea9415d151c", "template_set": ["bkms"], "num_examples": 2, "necessary_reagent": "", "template_score": 0.035047322511672974, "rms_molwt": -842.0697578259999, "num_rings": -5, "plausibility": 1, "tforms": ["772582ca95175da810fd5ea9415d151c"], "rank": 12, "score": -35655.638922075785}, {"smiles": "O=c1ccn([C@H]2O[C@H](CO[P@@](=O)(OP(=O)(O)OC[C@H]3O[C@@H](n4ccc(=O)[nH]c4=O)[C@H](O)[C@@H]3O)O[P@@](=O)(O)O[C@H]3OC[C@H](O)[C@H](O)[C@H]3O)[C@@H](O)[C@H]2O)c(=O)[nH]1", "smiles_split": ["O=c1ccn([C@H]2O[C@H](CO[P@@](=O)(OP(=O)(O)OC[C@H]3O[C@@H](n4ccc(=O)[nH]c4=O)[C@H](O)[C@@H]3O)O[P@@](=O)(O)O[C@H]3OC[C@H](O)[C@H](O)[C@H]3O)[C@@H](O)[C@H]2O)c(=O)[nH]1"], "mapped_smiles": "[O:1]=[c:2]1[cH:3][cH:4][n:5]([C@H:6]2[O:7][C@H:8]([CH2:9][O:10][P@@:11](=[O:12])([O:13][P:917]([O:916][CH2:915][C@@H:914]3[C@@H:901]([OH:900])[C@@H:902]([OH:903])[C@H:904]([n:905]4[cH:906][cH:907][c:908](=[O:909])[nH:910][c:911]4=[O:912])[O:913]3)([OH:918])=[O:919])[O:14][P@@:15](=[O:16])([OH:17])[O:18][C@H:19]3[O:20][CH2:21][C@H:22]([OH:23])[C@H:24]([OH:25])[C@H:26]3[OH:27])[C@@H:28]([OH:29])[C@H:30]2[OH:31])[c:32](=[O:33])[nH:34]1", "reacting_atoms": [13], "template_id": "772582ca95175da810fd5ea9415d151c", "template_set": ["bkms"], "num_examples": 2, "necessary_reagent": "", "template_score": 0.035047322511672974, "rms_molwt": -842.0697578260002, "num_rings": -5, "plausibility": 1, "tforms": ["772582ca95175da810fd5ea9415d151c"], "rank": 13, "score": -35655.638922075785}, {"smiles": "O=c1ccn([C@H]2O[C@H](CO[P@@](=O)(O)O[P@@](=O)(O)O[C@H]3O[C@@H](CO)[C@H](O)[C@H]3O)[C@@H](O)[C@H]2O)c(=O)[nH]1", "smiles_split": ["O=c1ccn([C@H]2O[C@H](CO[P@@](=O)(O)O[P@@](=O)(O)O[C@H]3O[C@@H](CO)[C@H](O)[C@H]3O)[C@@H](O)[C@H]2O)c(=O)[nH]1"], "mapped_smiles": "[O:1]=[c:2]1[cH:3][cH:4][n:5]([C@H:6]2[O:7][C@H:8]([CH2:9][O:10][P@@:11](=[O:12])([OH:13])[O:14][P@@:15](=[O:16])([OH:17])[O:18][C@H:19]3[O:23][C@@H:22]([CH2:21][OH:20])[C@H:24]([OH:25])[C@H:26]3[OH:27])[C@@H:28]([OH:29])[C@H:30]2[OH:31])[c:32](=[O:33])[nH:34]1", "reacting_atoms": [19, 23, 22, 20], "template_id": "2800a75360aa14f98a1ae91e8600c5dd", "template_set": ["bkms"], "num_examples": 4, "necessary_reagent": "", "template_score": 0.009756200015544891, "rms_molwt": -536.0444558839998, "num_rings": -3, "plausibility": 1, "tforms": ["2800a75360aa14f98a1ae91e8600c5dd"], "rank": 14, "score": -64382.39319103205}, {"smiles": "CC(=O)O[C@H]1[C@@H](O)CO[C@H](O[P@](=O)(O)O[P@](=O)(O)OC[C@H]2O[C@H](n3ccc(=O)[nH]c3=O)[C@H](O)[C@@H]2O)[C@@H]1O", "smiles_split": ["CC(=O)O[C@H]1[C@@H](O)CO[C@H](O[P@](=O)(O)O[P@](=O)(O)OC[C@H]2O[C@H](n3ccc(=O)[nH]c3=O)[C@H](O)[C@@H]2O)[C@@H]1O"], "mapped_smiles": "[O:1]=[c:2]1[cH:3][cH:4][n:5]([C@H:6]2[O:7][C@H:8]([CH2:9][O:10][P@@:11](=[O:12])([OH:13])[O:14][P@@:15](=[O:16])([OH:17])[O:18][C@H:19]3[O:20][CH2:21][C@H:22]([OH:23])[C@H:24]([O:25][C:901]([CH3:900])=[O:902])[C@H:26]3[OH:27])[C@@H:28]([OH:29])[C@H:30]2[OH:31])[c:32](=[O:33])[nH:34]1", "reacting_atoms": [25, 24], "template_id": "c4c17358d77559e0452152e0cbfcc087", "template_set": ["bkms"], "num_examples": 34, "necessary_reagent": "", "template_score": 0.01008276641368866, "rms_molwt": -578.0550205679999, "num_rings": -3, "plausibility": 1, "tforms": ["c4c17358d77559e0452152e0cbfcc087"], "rank": 15, "score": -68097.11459781707}]}