{"smiles": "C=C1[C@@H](C)[C@H]2[C@@H](Cc3ccccc3)NC(=O)[C@@]23OC(=O)CC[C@@H](O)CCC[C@@H](C)C/C=C\\[C@@H]3[C@H]1O", "sfscore": [0.4371435344219208, 0.605312705039978], "chem_result": [{"smiles": "C=C1[C@@H](C)[C@H]2[C@@H](Cc3ccccc3)NC(=O)[C@@]23OC(=O)CC[C@@H](O)CCC[C@@H](C)C/C=C\\[C@@H]3[C@H]1O", "bw_confidence": 0.025884951457290143, "confidence": 0.35489916445663794, "rclass": "6 6.3 6.3.6", "children": [{"smiles": "C=C1[C@@H](C)[C@H]2[C@@H](Cc3ccccc3)NC(=O)[C@@]23OC(=O)CC[C@@H](OC(C)=O)CCC[C@@H](C)C/C=C\\[C@@H]3[C@H]1O"}, {"smiles": "CO"}, {"smiles": "O=C([O-])[O-]~[K+]~[K+]"}]}, {"smiles": "C=C1[C@@H](C)[C@H]2[C@@H](Cc3ccccc3)NC(=O)[C@@]23OC(=O)CC[C@@H](O)CCC[C@@H](C)C/C=C\\[C@@H]3[C@H]1O", "bw_confidence": 0.021629238617013484, "confidence": 0.10496793853656547, "rclass": "0 0 0", "children": [{"smiles": "C(=NC1CCCCC1)=NC1CCCCC1"}, {"smiles": "C=C1[C@@H](C)[C@H]2[C@@H](Cc3ccccc3)NC(=O)[C@@]2(O)[C@H]1O"}, {"smiles": "CN(C)c1ccncc1"}, {"smiles": "C[C@@H](CCC[C@@H](C)CCC(=O)O)CCC(=O)O"}, {"smiles": "ClCCl"}]}, {"smiles": "C=C1[C@@H](C)[C@H]2[C@@H](Cc3ccccc3)NC(=O)[C@@]23OC(=O)CC[C@@H](O)CCC[C@@H](C)C/C=C\\[C@@H]3[C@H]1O", "bw_confidence": 0.004666089030798831, "confidence": 0.18954185219480216, "rclass": "9 9.7 9.7.326", "children": [{"smiles": "C=C1[C@@H](C)[C@H]2[C@@H](Cc3ccccc3)NC(=O)[C@@]23OC(=O)CC[C@@H](OC(C)(C)C)CCC[C@@H](C)C/C=C\\[C@H]3[C@H]1O"}, {"smiles": "ClCCl"}, {"smiles": "O=C(O)C(F)(F)F"}]}, {"smiles": "C=C1[C@@H](C)[C@H]2[C@@H](Cc3ccccc3)NC(=O)[C@@]23OC(=O)CC[C@@H](O)CCC[C@@H](C)C/C=C\\[C@@H]3[C@H]1O", "bw_confidence": 0.0010581996317592312, "confidence": 0.08809872584129068, "rclass": "0 0 0", "children": [{"smiles": "C1CCOC1"}, {"smiles": "C=C1[C@@H](C)[C@H]2[C@@H](Cc3ccccc3)NC(=O)[C@@]23OC(=O)CC[C@@H](O[Si](c2ccccc2)(c2ccccc2)C(C)(C)C)CCC[C@@H](C)C/C=C\\[C@@H]3[C@H]1O"}, {"smiles": "CCCC[N+](CCCC)(CCCC)CCCC~[F-]"}]}, {"smiles": "C=C1[C@@H](C)[C@H]2[C@@H](Cc3ccccc3)NC(=O)[C@@]23OC(=O)CC[C@@H](O)CCC[C@@H](C)C/C=C\\[C@@H]3[C@H]1O", "bw_confidence": 0.0007642692245958226, "confidence": 0.14249570603990186, "rclass": "11 11.9 11.9", "children": [{"smiles": "C=C1[C@@H](C)[C@H]2[C@@H](Cc3ccccc3)NC(=O)[C@@]23OC(=O)CC[C@@H](O)CCC[C@@H](C)C/C=C\\[C@H]3[C@H]1O~O=S(=O)(O)O"}, {"smiles": "O"}]}, {"smiles": "C=C1[C@@H](C)[C@H]2[C@@H](Cc3ccccc3)NC(=O)[C@@]23OC(=O)CC[C@@H](O)CCC[C@@H](C)C/C=C\\[C@@H]3[C@H]1O", "bw_confidence": 0.000284700447908272, "confidence": 0.42704715691054157, "rclass": "6 6.3 6.3.2", "children": [{"smiles": "C1CCOC1"}, {"smiles": "C=C1[C@@H](C)[C@H]2[C@@H](Cc3ccccc3)NC(=O)[C@@]23OC(=O)CC[C@@H](O)CCC[C@@H](C)CC=C[C@H]3[C@H]1O[Si](C)(C)C(C)(C)C"}, {"smiles": "CCCC[N+](CCCC)(CCCC)CCCC~[F-]"}]}, {"smiles": "C=C1[C@@H](C)[C@H]2[C@@H](Cc3ccccc3)NC(=O)[C@@]23OC(=O)CC[C@@H](O)CCC[C@@H](C)C/C=C\\[C@@H]3[C@H]1O", "bw_confidence": 0.00017701391253929373, "confidence": 0.01607426709780164, "rclass": "0 0 0", "children": [{"smiles": "C=C1C[C@H]2[C@H](Cc3ccccc3)NC(=O)[C@@]23OC(=O)CC[C@@H](O)CCC[C@@H](C)C/C=C\\[C@@H]3[C@H]1O"}, {"smiles": "CC(C)(C)O"}, {"smiles": "C[N+]1([O-])CCOCC1"}, {"smiles": "O"}, {"smiles": "O=[Os](=O)(=O)=O"}]}, {"smiles": "C=C1[C@@H](C)[C@H]2[C@@H](Cc3ccccc3)NC(=O)[C@@]23OC(=O)CC[C@@H](O)CCC[C@@H](C)C/C=C\\[C@@H]3[C@H]1O", "bw_confidence": 0.00014400368711546638, "confidence": 0.16170215388441458, "rclass": "6 6.3 6.3.2", "children": [{"smiles": "C1CCOC1"}, {"smiles": "C=C1[C@@H](C)[C@H]2[C@@H](Cc3ccccc3)NC(=O)[C@@]23OC(=O)CC[C@@H](O)CCC[C@@H](C)C/C=C\\[C@@H]3[C@H]1O[Si](C)(C)C(C)(C)C"}, {"smiles": "CCCC[N+](CCCC)(CCCC)CCCC~[F-]"}]}], "chem_bw_confidence_list": [0.025884951457290143, 0.021629238617013484, 0.004666089030798831, 0.0010581996317592312, 0.0007642692245958226, 0.000284700447908272, 0.00017701391253929373, 0.00014400368711546638], "enzy_template_score_list": [0.0006853645318187773, 0.0006853645318187773, 0.0006853645318187773, 0.0004924421082250774, 0.0004924421082250774, 0.0002400886733084917, 0.00022857134172227234, 0.00022857134172227234, 0.00021001705317758024, 0.00021001705317758024, 0.0001624809519853443, 0.0001624809519853443, 0.00012921019515488297, 0.00012921019515488297, 0.00010298824054189026], "enzy_result": [{"smiles": "C=C1[C@@H](C)[C@H]2[C@@H](Cc3ccc(O)cc3)NC(=O)[C@@]23OC(=O)CC[C@@H](O)CCC[C@@H](C)CC=C[C@@H]3[C@H]1O", "smiles_split": ["C=C1[C@@H](C)[C@H]2[C@@H](Cc3ccc(O)cc3)NC(=O)[C@@]23OC(=O)CC[C@@H](O)CCC[C@@H](C)CC=C[C@@H]3[C@H]1O"], "mapped_smiles": "[CH2:1]=[C:2]1[C@@H:3]([CH3:4])[C@H:5]2[C@@H:6]([CH2:7][c:8]3[cH:9][cH:10][c:11]([OH:900])[cH:12][cH:13]3)[NH:14][C:15](=[O:16])[C@@:17]23[O:18][C:19](=[O:20])[CH2:21][CH2:22][C@@H:23]([OH:24])[CH2:25][CH2:26][CH2:27][C@@H:28]([CH3:29])[CH2:30][CH:31]=[CH:32][C@@H:33]3[C@H:34]1[OH:35]", "reacting_atoms": [11], "template_id": "f53e9cbdf728108a37f743b6e04eb4f2", "template_set": ["bkms"], "num_examples": 56, "necessary_reagent": "", "template_score": 0.0006853645318187773, "rms_molwt": -497.27773796799994, "num_rings": -4, "plausibility": 1, "tforms": ["f53e9cbdf728108a37f743b6e04eb4f2"], "rank": 1, "score": -978025.6986123597}, {"smiles": "C=C1[C@@H](C)[C@H]2[C@@H](Cc3ccccc3O)NC(=O)[C@@]23OC(=O)CC[C@@H](O)CCC[C@@H](C)CC=C[C@@H]3[C@H]1O", "smiles_split": ["C=C1[C@@H](C)[C@H]2[C@@H](Cc3ccccc3O)NC(=O)[C@@]23OC(=O)CC[C@@H](O)CCC[C@@H](C)CC=C[C@@H]3[C@H]1O"], "mapped_smiles": "[CH2:1]=[C:2]1[C@@H:3]([CH3:4])[C@H:5]2[C@@H:6]([CH2:7][c:8]3[cH:9][cH:10][cH:11][cH:12][c:13]3[OH:900])[NH:14][C:15](=[O:16])[C@@:17]23[O:18][C:19](=[O:20])[CH2:21][CH2:22][C@@H:23]([OH:24])[CH2:25][CH2:26][CH2:27][C@@H:28]([CH3:29])[CH2:30][CH:31]=[CH:32][C@@H:33]3[C@H:34]1[OH:35]", "reacting_atoms": [13], "template_id": "f53e9cbdf728108a37f743b6e04eb4f2", "template_set": ["bkms"], "num_examples": 56, "necessary_reagent": "", "template_score": 0.0006853645318187773, "rms_molwt": -497.27773796799994, "num_rings": -4, "plausibility": 1, "tforms": ["f53e9cbdf728108a37f743b6e04eb4f2"], "rank": 2, "score": -978025.6986123597}, {"smiles": "C=C1[C@@H](C)[C@H]2[C@@H](Cc3cccc(O)c3)NC(=O)[C@@]23OC(=O)CC[C@@H](O)CCC[C@@H](C)CC=C[C@@H]3[C@H]1O", "smiles_split": ["C=C1[C@@H](C)[C@H]2[C@@H](Cc3cccc(O)c3)NC(=O)[C@@]23OC(=O)CC[C@@H](O)CCC[C@@H](C)CC=C[C@@H]3[C@H]1O"], "mapped_smiles": "[CH2:1]=[C:2]1[C@@H:3]([CH3:4])[C@H:5]2[C@@H:6]([CH2:7][c:8]3[cH:9][cH:10][cH:11][c:12]([OH:900])[cH:13]3)[NH:14][C:15](=[O:16])[C@@:17]23[O:18][C:19](=[O:20])[CH2:21][CH2:22][C@@H:23]([OH:24])[CH2:25][CH2:26][CH2:27][C@@H:28]([CH3:29])[CH2:30][CH:31]=[CH:32][C@@H:33]3[C@H:34]1[OH:35]", "reacting_atoms": [12], "template_id": "f53e9cbdf728108a37f743b6e04eb4f2", "template_set": ["bkms"], "num_examples": 56, "necessary_reagent": "", "template_score": 0.0006853645318187773, "rms_molwt": -497.27773796799994, "num_rings": -4, "plausibility": 1, "tforms": ["f53e9cbdf728108a37f743b6e04eb4f2"], "rank": 3, "score": -978025.6986123597}, {"smiles": "C=C1C[C@H]2C=CC[C@H](C)CCC[C@H](O)CCC(=O)O[C@@]23C(=O)N[C@H](Cc2ccccc2)[C@@H]3[C@@H]1C", "smiles_split": ["C=C1C[C@H]2C=CC[C@H](C)CCC[C@H](O)CCC(=O)O[C@@]23C(=O)N[C@H](Cc2ccccc2)[C@@H]3[C@@H]1C"], "mapped_smiles": "[CH2:1]=[C:2]1[C@@H:3]([CH3:4])[C@H:5]2[C@@H:6]([CH2:7][c:8]3[cH:9][cH:10][cH:11][cH:12][cH:13]3)[NH:14][C:15](=[O:16])[C@@:17]23[O:18][C:19](=[O:20])[CH2:21][CH2:22][C@@H:23]([OH:24])[CH2:25][CH2:26][CH2:27][C@@H:28]([CH3:29])[CH2:30][CH:31]=[CH:32][C@@H:33]3[CH2:34]1", "reacting_atoms": [33, 34], "template_id": "a034de99c75fe18016182f108d443d26", "template_set": ["bkms", "bkms", "bkms", "bkms"], "num_examples": 119, "necessary_reagent": "[O]", "template_score": 0.0004924421082250774, "rms_molwt": -465.287908728, "num_rings": -4, "plausibility": 1, "tforms": ["291ed0d6f88c59e83cdbed8584e94b3b", "9f387abf2274fc73429ecccd1b168e7b", "a034de99c75fe18016182f108d443d26", "cdf161fbfa4379d23cfc2368cee04eb7"], "rank": 4, "score": -1230213.3464362065}, {"smiles": "C=C1[C@@H](C)[C@H]2[C@@H](Cc3ccccc3)NC(=O)[C@@]23OC(=O)CCCCCC[C@@H](C)CC=C[C@@H]3[C@H]1O", "smiles_split": ["C=C1[C@@H](C)[C@H]2[C@@H](Cc3ccccc3)NC(=O)[C@@]23OC(=O)CCCCCC[C@@H](C)CC=C[C@@H]3[C@H]1O"], "mapped_smiles": "[CH2:1]=[C:2]1[C@@H:3]([CH3:4])[C@H:5]2[C@@H:6]([CH2:7][c:8]3[cH:9][cH:10][cH:11][cH:12][cH:13]3)[NH:14][C:15](=[O:16])[C@@:17]23[O:18][C:19](=[O:20])[CH2:21][CH2:22][CH2:23][CH2:25][CH2:26][CH2:27][C@@H:28]([CH3:29])[CH2:30][CH:31]=[CH:32][C@@H:33]3[C@H:34]1[OH:35]", "reacting_atoms": [23], "template_id": "a034de99c75fe18016182f108d443d26", "template_set": ["bkms", "bkms"], "num_examples": 110, "necessary_reagent": "[O]", "template_score": 0.0004924421082250774, "rms_molwt": -465.287908728, "num_rings": -4, "plausibility": 1, "tforms": ["9f387abf2274fc73429ecccd1b168e7b", "a034de99c75fe18016182f108d443d26"], "rank": 5, "score": -1230213.3464362065}, {"smiles": "C=C1[C@@H](C)[C@@H]([C@H](N)Cc2ccccc2)[C@@]2(C(=O)O)OC(=O)CC[C@@H](O)CCC[C@@H](C)CC=C[C@@H]2[C@H]1O", "smiles_split": ["C=C1[C@@H](C)[C@@H]([C@H](N)Cc2ccccc2)[C@@]2(C(=O)O)OC(=O)CC[C@@H](O)CCC[C@@H](C)CC=C[C@@H]2[C@H]1O"], "mapped_smiles": "[CH2:1]=[C:2]1[C@@H:3]([CH3:4])[C@@H:5]([C@@H:6]([CH2:7][c:8]2[cH:9][cH:10][cH:11][cH:12][cH:13]2)[NH2:14])[C@@:17]2([C:15](=[O:16])[OH:900])[O:18][C:19](=[O:20])[CH2:21][CH2:22][C@@H:23]([OH:24])[CH2:25][CH2:26][CH2:27][C@@H:28]([CH3:29])[CH2:30][CH:31]=[CH:32][C@@H:33]2[C@H:34]1[OH:35]", "reacting_atoms": [15, 14], "template_id": "e90495e032398914a2bc30231f78c717", "template_set": ["bkms"], "num_examples": 41, "necessary_reagent": "", "template_score": 0.0002400886733084917, "rms_molwt": -499.29338803199994, "num_rings": -3, "plausibility": 1, "tforms": ["e90495e032398914a2bc30231f78c717"], "rank": 6, "score": -2677423.5996602383}, {"smiles": "C=C1[C@@H](C)[C@H]2[C@@H](Cc3ccccc3)NC(=O)[C@@]23OC(=O)CC[C@@H](O)CCC[C@@H](C)CC=C[C@@H]3[C@H]1OC(C)=O", "smiles_split": ["C=C1[C@@H](C)[C@H]2[C@@H](Cc3ccccc3)NC(=O)[C@@]23OC(=O)CC[C@@H](O)CCC[C@@H](C)CC=C[C@@H]3[C@H]1OC(C)=O"], "mapped_smiles": "[CH2:1]=[C:2]1[C@@H:3]([CH3:4])[C@H:5]2[C@@H:6]([CH2:7][c:8]3[cH:9][cH:10][cH:11][cH:12][cH:13]3)[NH:14][C:15](=[O:16])[C@@:17]23[O:18][C:19](=[O:20])[CH2:21][CH2:22][C@@H:23]([OH:24])[CH2:25][CH2:26][CH2:27][C@@H:28]([CH3:29])[CH2:30][CH:31]=[CH:32][C@@H:33]3[C@H:34]1[O:35][C:901]([CH3:900])=[O:902]", "reacting_atoms": [35, 34], "template_id": "c4c17358d77559e0452152e0cbfcc087", "template_set": ["bkms"], "num_examples": 34, "necessary_reagent": "", "template_score": 0.00022857134172227234, "rms_molwt": -523.2933880319999, "num_rings": -4, "plausibility": 1, "tforms": ["c4c17358d77559e0452152e0cbfcc087"], "rank": 7, "score": -3092249.377967243}, {"smiles": "C=C1[C@@H](C)[C@H]2[C@@H](Cc3ccccc3)NC(=O)[C@@]23OC(=O)CC[C@@H](OC(C)=O)CCC[C@@H](C)CC=C[C@@H]3[C@H]1O", "smiles_split": ["C=C1[C@@H](C)[C@H]2[C@@H](Cc3ccccc3)NC(=O)[C@@]23OC(=O)CC[C@@H](OC(C)=O)CCC[C@@H](C)CC=C[C@@H]3[C@H]1O"], "mapped_smiles": "[CH2:1]=[C:2]1[C@@H:3]([CH3:4])[C@H:5]2[C@@H:6]([CH2:7][c:8]3[cH:9][cH:10][cH:11][cH:12][cH:13]3)[NH:14][C:15](=[O:16])[C@@:17]23[O:18][C:19](=[O:20])[CH2:21][CH2:22][C@@H:23]([O:24][C:901]([CH3:900])=[O:902])[CH2:25][CH2:26][CH2:27][C@@H:28]([CH3:29])[CH2:30][CH:31]=[CH:32][C@@H:33]3[C@H:34]1[OH:35]", "reacting_atoms": [24, 23], "template_id": "c4c17358d77559e0452152e0cbfcc087", "template_set": ["bkms"], "num_examples": 34, "necessary_reagent": "", "template_score": 0.00022857134172227234, "rms_molwt": -523.2933880319999, "num_rings": -4, "plausibility": 1, "tforms": ["c4c17358d77559e0452152e0cbfcc087"], "rank": 8, "score": -3092249.377967243}, {"smiles": "C=C1[C@H](O)[C@H]2C=CC[C@H](C)CCC[C@H](O)CCC(=O)O[C@@]23C(=O)N[C@H](Cc2ccccc2)[C@@H]3[C@@]1(C)O", "smiles_split": ["C=C1[C@H](O)[C@H]2C=CC[C@H](C)CCC[C@H](O)CCC(=O)O[C@@]23C(=O)N[C@H](Cc2ccccc2)[C@@H]3[C@@]1(C)O"], "mapped_smiles": "[CH2:1]=[C:2]1[C@:3]([CH3:4])([OH:900])[C@H:5]2[C@@H:6]([CH2:7][c:8]3[cH:9][cH:10][cH:11][cH:12][cH:13]3)[NH:14][C:15](=[O:16])[C@@:17]23[O:18][C:19](=[O:20])[CH2:21][CH2:22][C@@H:23]([OH:24])[CH2:25][CH2:26][CH2:27][C@@H:28]([CH3:29])[CH2:30][CH:31]=[CH:32][C@@H:33]3[C@H:34]1[OH:35]", "reacting_atoms": [3], "template_id": "f2ec8361724424ba35cf26f10017d48d", "template_set": ["bkms"], "num_examples": 2, "necessary_reagent": "", "template_score": 0.00021001705317758024, "rms_molwt": -497.277737968, "num_rings": -4, "plausibility": 1, "tforms": ["f2ec8361724424ba35cf26f10017d48d"], "rank": 9, "score": -3191665.223820734}, {"smiles": "C=C1[C@@H](C)[C@H]2[C@@H](Cc3ccccc3)NC(=O)[C@@]23OC(=O)CC[C@@H](O)CCC[C@@H](C)CC=C[C@]3(O)[C@H]1O", "smiles_split": ["C=C1[C@@H](C)[C@H]2[C@@H](Cc3ccccc3)NC(=O)[C@@]23OC(=O)CC[C@@H](O)CCC[C@@H](C)CC=C[C@]3(O)[C@H]1O"], "mapped_smiles": "[CH2:1]=[C:2]1[C@@H:3]([CH3:4])[C@H:5]2[C@@H:6]([CH2:7][c:8]3[cH:9][cH:10][cH:11][cH:12][cH:13]3)[NH:14][C:15](=[O:16])[C@@:17]23[O:18][C:19](=[O:20])[CH2:21][CH2:22][C@@H:23]([OH:24])[CH2:25][CH2:26][CH2:27][C@@H:28]([CH3:29])[CH2:30][CH:31]=[CH:32][C@:33]3([OH:900])[C@H:34]1[OH:35]", "reacting_atoms": [33, 17], "template_id": "f2ec8361724424ba35cf26f10017d48d", "template_set": ["bkms"], "num_examples": 2, "necessary_reagent": "", "template_score": 0.00021001705317758024, "rms_molwt": -497.27773796799994, "num_rings": -4, "plausibility": 1, "tforms": ["f2ec8361724424ba35cf26f10017d48d"], "rank": 10, "score": -3191665.223820734}, {"smiles": "C=C1[C@@H](C)[C@H]2[C@@H](CC3=CC4OC4C=C3)NC(=O)[C@@]23OC(=O)CC[C@@H](O)CCC[C@@H](C)CC=C[C@@H]3[C@H]1O", "smiles_split": ["C=C1[C@@H](C)[C@H]2[C@@H](CC3=CC4OC4C=C3)NC(=O)[C@@]23OC(=O)CC[C@@H](O)CCC[C@@H](C)CC=C[C@@H]3[C@H]1O"], "mapped_smiles": "[CH2:1]=[C:2]1[C@@H:3]([CH3:4])[C@H:5]2[C@@H:6]([CH2:7][C:8]3=[CH:13][CH:12]4[CH:11]([CH:10]=[CH:9]3)[O:900]4)[NH:14][C:15](=[O:16])[C@@:17]23[O:18][C:19](=[O:20])[CH2:21][CH2:22][C@@H:23]([OH:24])[CH2:25][CH2:26][CH2:27][C@@H:28]([CH3:29])[CH2:30][CH:31]=[CH:32][C@@H:33]3[C@H:34]1[OH:35]", "reacting_atoms": [11, 10, 9, 8, 13, 12], "template_id": "b5ad5bbcd5d72839d09bc1095d7b4335", "template_set": ["bkms"], "num_examples": 4, "necessary_reagent": "", "template_score": 0.0001624809519853443, "rms_molwt": -497.27773796799994, "num_rings": -5, "plausibility": 1, "tforms": ["b5ad5bbcd5d72839d09bc1095d7b4335"], "rank": 11, "score": -4508840.490507533}, {"smiles": "C=C1[C@@H](C)[C@H]2[C@@H](CC3=CC=CC4OC34)NC(=O)[C@@]23OC(=O)CC[C@@H](O)CCC[C@@H](C)CC=C[C@@H]3[C@H]1O", "smiles_split": ["C=C1[C@@H](C)[C@H]2[C@@H](CC3=CC=CC4OC34)NC(=O)[C@@]23OC(=O)CC[C@@H](O)CCC[C@@H](C)CC=C[C@@H]3[C@H]1O"], "mapped_smiles": "[CH2:1]=[C:2]1[C@@H:3]([CH3:4])[C@H:5]2[C@@H:6]([CH2:7][C:8]3=[CH:13][CH:12]=[CH:11][CH:10]4[CH:9]3[O:900]4)[NH:14][C:15](=[O:16])[C@@:17]23[O:18][C:19](=[O:20])[CH2:21][CH2:22][C@@H:23]([OH:24])[CH2:25][CH2:26][CH2:27][C@@H:28]([CH3:29])[CH2:30][CH:31]=[CH:32][C@@H:33]3[C@H:34]1[OH:35]", "reacting_atoms": [10, 11, 12, 13, 8, 9], "template_id": "b5ad5bbcd5d72839d09bc1095d7b4335", "template_set": ["bkms"], "num_examples": 4, "necessary_reagent": "", "template_score": 0.0001624809519853443, "rms_molwt": -497.27773796799994, "num_rings": -5, "plausibility": 1, "tforms": ["b5ad5bbcd5d72839d09bc1095d7b4335"], "rank": 12, "score": -4508840.490507533}, {"smiles": "C=C1[C@@H](C)[C@H]2[C@@H](CC3=C[C@@H]4O[C@@H]4C=C3)NC(=O)[C@@]23OC(=O)CC[C@@H](O)CCC[C@@H](C)CC=C[C@@H]3[C@H]1O", "smiles_split": ["C=C1[C@@H](C)[C@H]2[C@@H](CC3=C[C@@H]4O[C@@H]4C=C3)NC(=O)[C@@]23OC(=O)CC[C@@H](O)CCC[C@@H](C)CC=C[C@@H]3[C@H]1O"], "mapped_smiles": "[CH2:1]=[C:2]1[C@@H:3]([CH3:4])[C@H:5]2[C@@H:6]([CH2:7][C:8]3=[CH:13][C@H:12]4[C@@H:11]([CH:10]=[CH:9]3)[O:900]4)[NH:14][C:15](=[O:16])[C@@:17]23[O:18][C:19](=[O:20])[CH2:21][CH2:22][C@@H:23]([OH:24])[CH2:25][CH2:26][CH2:27][C@@H:28]([CH3:29])[CH2:30][CH:31]=[CH:32][C@@H:33]3[C@H:34]1[OH:35]", "reacting_atoms": [11, 10, 9, 8, 13, 12], "template_id": "d72e410ea069554ed98cde06b009ffd5", "template_set": ["bkms"], "num_examples": 1, "necessary_reagent": "", "template_score": 0.00012921019515488297, "rms_molwt": -497.27773796799994, "num_rings": -5, "plausibility": 1, "tforms": ["d72e410ea069554ed98cde06b009ffd5"], "rank": 13, "score": -6227068.183615572}, {"smiles": "C=C1[C@@H](C)[C@H]2[C@@H](CC3=CC=C[C@H]4O[C@@H]34)NC(=O)[C@@]23OC(=O)CC[C@@H](O)CCC[C@@H](C)CC=C[C@@H]3[C@H]1O", "smiles_split": ["C=C1[C@@H](C)[C@H]2[C@@H](CC3=CC=C[C@H]4O[C@@H]34)NC(=O)[C@@]23OC(=O)CC[C@@H](O)CCC[C@@H](C)CC=C[C@@H]3[C@H]1O"], "mapped_smiles": "[CH2:1]=[C:2]1[C@@H:3]([CH3:4])[C@H:5]2[C@@H:6]([CH2:7][C:8]3=[CH:13][CH:12]=[CH:11][C@@H:10]4[C@H:9]3[O:900]4)[NH:14][C:15](=[O:16])[C@@:17]23[O:18][C:19](=[O:20])[CH2:21][CH2:22][C@@H:23]([OH:24])[CH2:25][CH2:26][CH2:27][C@@H:28]([CH3:29])[CH2:30][CH:31]=[CH:32][C@@H:33]3[C@H:34]1[OH:35]", "reacting_atoms": [10, 11, 12, 13, 8, 9], "template_id": "d72e410ea069554ed98cde06b009ffd5", "template_set": ["bkms"], "num_examples": 1, "necessary_reagent": "", "template_score": 0.00012921019515488297, "rms_molwt": -497.27773796799994, "num_rings": -5, "plausibility": 1, "tforms": ["d72e410ea069554ed98cde06b009ffd5"], "rank": 14, "score": -6227068.183615572}, {"smiles": "C=C1[C@@H](C)[C@H]2[C@@H](Cc3ccccc3)NC(O)[C@@]23OC(=O)CC[C@@H](O)CCC[C@@H](C)CC=C[C@@H]3[C@H]1O", "smiles_split": ["C=C1[C@@H](C)[C@H]2[C@@H](Cc3ccccc3)NC(O)[C@@]23OC(=O)CC[C@@H](O)CCC[C@@H](C)CC=C[C@@H]3[C@H]1O"], "mapped_smiles": "[CH2:1]=[C:2]1[C@@H:3]([CH3:4])[C@H:5]2[C@@H:6]([CH2:7][c:8]3[cH:9][cH:10][cH:11][cH:12][cH:13]3)[NH:14][CH:15]([OH:16])[C@@:17]23[O:18][C:19](=[O:20])[CH2:21][CH2:22][C@@H:23]([OH:24])[CH2:25][CH2:26][CH2:27][C@@H:28]([CH3:29])[CH2:30][CH:31]=[CH:32][C@@H:33]3[C@H:34]1[OH:35]", "reacting_atoms": [15, 16], "template_id": "717fa575d8223c9c51ae03203236a363", "template_set": ["bkms"], "num_examples": 2, "necessary_reagent": "", "template_score": 0.00010298824054189026, "rms_molwt": -483.29847341199996, "num_rings": -4, "plausibility": 1, "tforms": ["717fa575d8223c9c51ae03203236a363"], "rank": 15, "score": -6334992.290578953}]}