{"smiles": "CC1=CC[C@@H]2[C@@H]([C@@H]3[C@@H](C)CC[C@@H]13)C2(C)C", "sfscore": [0.45673903822898865, 0.575974702835083], "chem_result": [{"smiles": "CC1=CC[C@@H]2[C@@H]([C@@H]3[C@@H](C)CC[C@@H]13)C2(C)C", "bw_confidence": 0.0393225307628453, "confidence": 0.07585032256968813, "rclass": "9 9.5 9.5.4", "children": [{"smiles": "C[C@H]1CC[C@@H]2[C@@H]1[C@@H]1[C@@H](CCC2(C)O)C1(C)C"}, {"smiles": "Cc1ccc(S(=O)(=O)O)cc1"}, {"smiles": "Cc1ccccc1"}]}, {"smiles": "CC1=CC[C@@H]2[C@@H]([C@@H]3[C@@H](C)CC[C@@H]13)C2(C)C", "bw_confidence": 0.00794044574775041, "confidence": 0.0452318541317514, "rclass": "0 0 0", "children": [{"smiles": "C1CCOC1"}, {"smiles": "CI"}, {"smiles": "C[C@H]1CC[C@H]2C=CC[C@@H]12"}, {"smiles": "[Li]CCCC"}]}, {"smiles": "CC1=CC[C@@H]2[C@@H]([C@@H]3[C@@H](C)CC[C@@H]13)C2(C)C", "bw_confidence": 0.006403210508780111, "confidence": 0.03762009490832596, "rclass": "11 11.5 11.5", "children": [{"smiles": "CC1=CC[C@@H]2[C@@H]([C@@H]3[C@@H](C)CC[C@@H]13)C2(C)C"}, {"smiles": "CCCC[N+](CCCC)(CCCC)CCCC~[F-]"}]}, {"smiles": "CC1=CC[C@@H]2[C@@H]([C@@H]3[C@@H](C)CC[C@@H]13)C2(C)C", "bw_confidence": 0.004957026873468558, "confidence": 0.05919541372150106, "rclass": "8 8.8 8.8.18", "children": [{"smiles": "CC1=CC[C@@H]2[C@@H]([C@@H]3[C@@H](C)CC[C@@H]13)C2(C)C"}, {"smiles": "N#CC1=C(C#N)C(=O)C(Cl)=C(Cl)C1=O"}]}, {"smiles": "CC1=CC[C@@H]2[C@@H]([C@@H]3[C@@H](C)CC[C@@H]13)C2(C)C", "bw_confidence": 0.002748062478182144, "confidence": 0.03890286377153414, "rclass": "7 7.6 7.6.1", "children": [{"smiles": "CC1=CC=C2[C@@H]([C@@H]3[C@@H](C)CC[C@@H]13)C2(C)C"}, {"smiles": "[H][H]"}, {"smiles": "[Pd]"}]}, {"smiles": "CC1=CC[C@@H]2[C@@H]([C@@H]3[C@@H](C)CC[C@@H]13)C2(C)C", "bw_confidence": 0.002478233350029502, "confidence": 0.06438502876391358, "rclass": "11 11.1 11.1", "children": [{"smiles": "CC1=CCC2C(C3C(C)CCC13)C2(C)C"}, {"smiles": "Cc1ccccc1"}]}, {"smiles": "CC1=CC[C@@H]2[C@@H]([C@@H]3[C@@H](C)CC[C@@H]13)C2(C)C", "bw_confidence": 0.0020649935939968836, "confidence": 0.15049934256396452, "rclass": "3 3.11 3.11.3", "children": [{"smiles": "C=CC(=C)C"}, {"smiles": "CC1=CC[C@H]2[C@@H](C)CC[C@@H]12"}]}, {"smiles": "CC1=CC[C@@H]2[C@@H]([C@@H]3[C@@H](C)CC[C@@H]13)C2(C)C", "bw_confidence": 0.0016761842450293489, "confidence": 0.04771037718216865, "rclass": "0 0 0", "children": [{"smiles": "CC1=CCC=CC1"}, {"smiles": "CC1=CCC[C@@H]1C"}]}, {"smiles": "CC1=CC[C@@H]2[C@@H]([C@@H]3[C@@H](C)CC[C@@H]13)C2(C)C", "bw_confidence": 0.0014768684788611613, "confidence": 0.044438656182352806, "rclass": "11 11.5 11.5", "children": [{"smiles": "CC1=CC[C@@H]2[C@@H]([C@@H]3[C@@H](C)CC[C@@H]13)C2(C)C"}, {"smiles": "ClCCl"}, {"smiles": "O=C(OO)c1cccc(Cl)c1"}]}, {"smiles": "CC1=CC[C@@H]2[C@@H]([C@@H]3[C@@H](C)CC[C@@H]13)C2(C)C", "bw_confidence": 0.00014343173694612908, "confidence": 0.05463197398880451, "rclass": "7 7.9 7.9.4", "children": [{"smiles": "C1CCOC1"}, {"smiles": "CC1=CC(=O)[C@H]2[C@@H]([C@@H]3[C@@H](C)CC[C@@H]13)C2(C)C"}, {"smiles": "[Li+]~[AlH4-]"}]}, {"smiles": "CC1=CC[C@@H]2[C@@H]([C@@H]3[C@@H](C)CC[C@@H]13)C2(C)C", "bw_confidence": 6.3741628728063964e-06, "confidence": 0.010767290794143233, "rclass": "0 0 0", "children": [{"smiles": "C=C(C)[C@@H]1CC[C@H](C)[C@@H]2[C@@H](C)CC[C@H]3C(C)=CCC([C@@H]23)C1(C)C"}, {"smiles": "ClCCl"}, {"smiles": "O=C(OO)c1cccc(Cl)c1"}]}, {"smiles": "CC1=CC[C@@H]2[C@@H]([C@@H]3[C@@H](C)CC[C@@H]13)C2(C)C", "bw_confidence": 4.856552137878355e-06, "confidence": 0.019159519637788492, "rclass": "11 11.7 11.7", "children": [{"smiles": "CC1=CC[C@@H]2[C@@H]([C@@H]3[C@@H](C)CC[C@@H]13)C2(C)C"}, {"smiles": "C[C@H]1CC[C@H]2C(CO)=CC[C@@H]3[C@@H]([C@H]12)C3(C)C"}]}], "chem_bw_confidence_list": [0.0393225307628453, 0.00794044574775041, 0.006403210508780111, 0.004957026873468558, 0.002748062478182144, 0.002478233350029502, 0.0020649935939968836, 0.0016761842450293489, 0.0014768684788611613, 0.00014343173694612908, 6.3741628728063964e-06, 4.856552137878355e-06], "enzy_template_score_list": [0.13621915876865387, 0.13621915876865387, 0.13621915876865387, 0.052211612462997437, 0.052211612462997437, 0.052211612462997437, 0.04563342034816742, 0.04563342034816742, 0.04563342034816742, 0.03601754456758499, 0.03601754456758499, 0.03601754456758499, 0.03397056832909584, 0.03397056832909584, 0.03397056832909584], "enzy_result": [{"smiles": "C[C@H]1CC[C@H]2C(CO)=CC[C@@H]3[C@@H]([C@H]12)C3(C)C", "smiles_split": ["C[C@H]1CC[C@H]2C(CO)=CC[C@@H]3[C@@H]([C@H]12)C3(C)C"], "mapped_smiles": "[CH2:1]([C:2]1=[CH:3][CH2:4][C@@H:5]2[C@@H:6]([C@@H:7]3[C@@H:8]([CH3:9])[CH2:10][CH2:11][C@@H:12]13)[C:13]2([CH3:14])[CH3:15])[OH:900]", "reacting_atoms": [1], "template_id": "c4db9adeb4ad4c2bdb38e6a73be29f53", "template_set": ["bkms", "bkms"], "num_examples": 18, "necessary_reagent": "", "template_score": 0.13621915876865387, "rms_molwt": -220.182715388, "num_rings": -3, "plausibility": 1, "tforms": ["57af8d31f96eeaf3fbff5506606bc825", "c4db9adeb4ad4c2bdb38e6a73be29f53"], "rank": 1, "score": -1650.8115937123114}, {"smiles": "CC1=CC[C@@H]2[C@@H]([C@@H]3[C@@H](C)CC[C@@H]13)C2(C)CO", "smiles_split": ["CC1=CC[C@@H]2[C@@H]([C@@H]3[C@@H](C)CC[C@@H]13)C2(C)CO"], "mapped_smiles": "[CH3:1][C:2]1=[CH:3][CH2:4][C@@H:5]2[C@@H:6]([C@@H:7]3[C@@H:8]([CH3:9])[CH2:10][CH2:11][C@@H:12]13)[C:13]2([CH3:14])[CH2:15][OH:900]", "reacting_atoms": [15], "template_id": "c4db9adeb4ad4c2bdb38e6a73be29f53", "template_set": ["bkms", "bkms", "bkms"], "num_examples": 17, "necessary_reagent": "", "template_score": 0.13621915876865387, "rms_molwt": -220.182715388, "num_rings": -3, "plausibility": 1, "tforms": ["ad14d56bcc0f7bbdf3fd9502e4bb4c34", "c4db9adeb4ad4c2bdb38e6a73be29f53", "10b2a27796778697b9584512130df76b"], "rank": 2, "score": -1650.8115937123114}, {"smiles": "CC1=CC[C@@H]2[C@@H]([C@@H]3[C@@H](CO)CC[C@@H]13)C2(C)C", "smiles_split": ["CC1=CC[C@@H]2[C@@H]([C@@H]3[C@@H](CO)CC[C@@H]13)C2(C)C"], "mapped_smiles": "[CH3:1][C:2]1=[CH:3][CH2:4][C@@H:5]2[C@@H:6]([C@@H:7]3[C@@H:8]([CH2:9][OH:900])[CH2:10][CH2:11][C@@H:12]13)[C:13]2([CH3:14])[CH3:15]", "reacting_atoms": [9, 8], "template_id": "c4db9adeb4ad4c2bdb38e6a73be29f53", "template_set": ["bkms"], "num_examples": 14, "necessary_reagent": "", "template_score": 0.13621915876865387, "rms_molwt": -220.182715388, "num_rings": -3, "plausibility": 1, "tforms": ["c4db9adeb4ad4c2bdb38e6a73be29f53"], "rank": 3, "score": -1650.8115937123114}, {"smiles": "CC1=CC[C@@H]2[C@@H]([C@@H]3[C@@H](CC=O)CC[C@@H]13)C2(C)C", "smiles_split": ["CC1=CC[C@@H]2[C@@H]([C@@H]3[C@@H](CC=O)CC[C@@H]13)C2(C)C"], "mapped_smiles": "[CH3:1][C:2]1=[CH:3][CH2:4][C@@H:5]2[C@@H:6]([C@@H:7]3[C@@H:8]([CH2:9][CH:901]=[O:900])[CH2:10][CH2:11][C@@H:12]13)[C:13]2([CH3:14])[CH3:15]", "reacting_atoms": [9, 8], "template_id": "582aecb34a38ba103c302ec59cd0f7e4", "template_set": ["bkms"], "num_examples": 4, "necessary_reagent": "", "template_score": 0.052211612462997437, "rms_molwt": -232.182715388, "num_rings": -3, "plausibility": 1, "tforms": ["582aecb34a38ba103c302ec59cd0f7e4"], "rank": 4, "score": -4540.326311891555}, {"smiles": "CC1=CC[C@@H]2[C@@H]([C@@H]3[C@@H](C)CC[C@@H]13)C2(C)CC=O", "smiles_split": ["CC1=CC[C@@H]2[C@@H]([C@@H]3[C@@H](C)CC[C@@H]13)C2(C)CC=O"], "mapped_smiles": "[CH3:1][C:2]1=[CH:3][CH2:4][C@@H:5]2[C@@H:6]([C@@H:7]3[C@@H:8]([CH3:9])[CH2:10][CH2:11][C@@H:12]13)[C:13]2([CH3:14])[CH2:15][CH:901]=[O:900]", "reacting_atoms": [15], "template_id": "582aecb34a38ba103c302ec59cd0f7e4", "template_set": ["bkms"], "num_examples": 4, "necessary_reagent": "", "template_score": 0.052211612462997437, "rms_molwt": -232.182715388, "num_rings": -3, "plausibility": 1, "tforms": ["582aecb34a38ba103c302ec59cd0f7e4"], "rank": 5, "score": -4540.326311891555}, {"smiles": "C[C@H]1CC[C@H]2C(CC=O)=CC[C@@H]3[C@@H]([C@H]12)C3(C)C", "smiles_split": ["C[C@H]1CC[C@H]2C(CC=O)=CC[C@@H]3[C@@H]([C@H]12)C3(C)C"], "mapped_smiles": "[CH2:1]([C:2]1=[CH:3][CH2:4][C@@H:5]2[C@@H:6]([C@@H:7]3[C@@H:8]([CH3:9])[CH2:10][CH2:11][C@@H:12]13)[C:13]2([CH3:14])[CH3:15])[CH:901]=[O:900]", "reacting_atoms": [1], "template_id": "582aecb34a38ba103c302ec59cd0f7e4", "template_set": ["bkms"], "num_examples": 4, "necessary_reagent": "", "template_score": 0.052211612462997437, "rms_molwt": -232.182715388, "num_rings": -3, "plausibility": 1, "tforms": ["582aecb34a38ba103c302ec59cd0f7e4"], "rank": 6, "score": -4540.326311891555}, {"smiles": "CC1=CC[C@@H]2[C@@H]([C@@H]3[C@@H](C=O)CC[C@@H]13)C2(C)C", "smiles_split": ["CC1=CC[C@@H]2[C@@H]([C@@H]3[C@@H](C=O)CC[C@@H]13)C2(C)C"], "mapped_smiles": "[CH3:1][C:2]1=[CH:3][CH2:4][C@@H:5]2[C@@H:6]([C@@H:7]3[C@@H:8]([CH:9]=[O:900])[CH2:10][CH2:11][C@@H:12]13)[C:13]2([CH3:14])[CH3:15]", "reacting_atoms": [9, 8], "template_id": "3527c2da2742b9ae8713bab63608038d", "template_set": ["bkms"], "num_examples": 2, "necessary_reagent": "", "template_score": 0.04563342034816742, "rms_molwt": -218.167065324, "num_rings": -3, "plausibility": 1, "tforms": ["3527c2da2742b9ae8713bab63608038d"], "rank": 7, "score": -4927.795568803172}, {"smiles": "CC1=CC[C@@H]2[C@@H]([C@@H]3[C@@H](C)CC[C@@H]13)C2(C)C=O", "smiles_split": ["CC1=CC[C@@H]2[C@@H]([C@@H]3[C@@H](C)CC[C@@H]13)C2(C)C=O"], "mapped_smiles": "[CH3:1][C:2]1=[CH:3][CH2:4][C@@H:5]2[C@@H:6]([C@@H:7]3[C@@H:8]([CH3:9])[CH2:10][CH2:11][C@@H:12]13)[C:13]2([CH3:14])[CH:15]=[O:900]", "reacting_atoms": [15], "template_id": "3527c2da2742b9ae8713bab63608038d", "template_set": ["bkms"], "num_examples": 2, "necessary_reagent": "", "template_score": 0.04563342034816742, "rms_molwt": -218.167065324, "num_rings": -3, "plausibility": 1, "tforms": ["3527c2da2742b9ae8713bab63608038d"], "rank": 8, "score": -4927.795568803172}, {"smiles": "C[C@H]1CC[C@H]2C(C=O)=CC[C@@H]3[C@@H]([C@H]12)C3(C)C", "smiles_split": ["C[C@H]1CC[C@H]2C(C=O)=CC[C@@H]3[C@@H]([C@H]12)C3(C)C"], "mapped_smiles": "[CH:1]([C:2]1=[CH:3][CH2:4][C@@H:5]2[C@@H:6]([C@@H:7]3[C@@H:8]([CH3:9])[CH2:10][CH2:11][C@@H:12]13)[C:13]2([CH3:14])[CH3:15])=[O:900]", "reacting_atoms": [1], "template_id": "3527c2da2742b9ae8713bab63608038d", "template_set": ["bkms"], "num_examples": 2, "necessary_reagent": "", "template_score": 0.04563342034816742, "rms_molwt": -218.167065324, "num_rings": -3, "plausibility": 1, "tforms": ["3527c2da2742b9ae8713bab63608038d"], "rank": 9, "score": -4927.795568803172}, {"smiles": "CC1=CC[C@@H]2[C@@H]([C@@H]3[C@@H](CN)CC[C@@H]13)C2(C)C", "smiles_split": ["CC1=CC[C@@H]2[C@@H]([C@@H]3[C@@H](CN)CC[C@@H]13)C2(C)C"], "mapped_smiles": "[CH3:1][C:2]1=[CH:3][CH2:4][C@@H:5]2[C@@H:6]([C@@H:7]3[C@@H:8]([CH2:9][NH2:900])[CH2:10][CH2:11][C@@H:12]13)[C:13]2([CH3:14])[CH3:15]", "reacting_atoms": [9, 8], "template_id": "325744bb86d6b4f432191511d003275d", "template_set": ["bkms"], "num_examples": 5, "necessary_reagent": "", "template_score": 0.03601754456758499, "rms_molwt": -219.19869979999999, "num_rings": -3, "plausibility": 1, "tforms": ["325744bb86d6b4f432191511d003275d"], "rank": 10, "score": -6243.406353230752}, {"smiles": "C[C@H]1CC[C@H]2C(CN)=CC[C@@H]3[C@@H]([C@H]12)C3(C)C", "smiles_split": ["C[C@H]1CC[C@H]2C(CN)=CC[C@@H]3[C@@H]([C@H]12)C3(C)C"], "mapped_smiles": "[CH2:1]([C:2]1=[CH:3][CH2:4][C@@H:5]2[C@@H:6]([C@@H:7]3[C@@H:8]([CH3:9])[CH2:10][CH2:11][C@@H:12]13)[C:13]2([CH3:14])[CH3:15])[NH2:900]", "reacting_atoms": [1], "template_id": "325744bb86d6b4f432191511d003275d", "template_set": ["bkms"], "num_examples": 5, "necessary_reagent": "", "template_score": 0.03601754456758499, "rms_molwt": -219.19869979999999, "num_rings": -3, "plausibility": 1, "tforms": ["325744bb86d6b4f432191511d003275d"], "rank": 11, "score": -6243.406353230752}, {"smiles": "CC1=CC[C@@H]2[C@@H]([C@@H]3[C@@H](C)CC[C@@H]13)C2(C)CN", "smiles_split": ["CC1=CC[C@@H]2[C@@H]([C@@H]3[C@@H](C)CC[C@@H]13)C2(C)CN"], "mapped_smiles": "[CH3:1][C:2]1=[CH:3][CH2:4][C@@H:5]2[C@@H:6]([C@@H:7]3[C@@H:8]([CH3:9])[CH2:10][CH2:11][C@@H:12]13)[C:13]2([CH3:14])[CH2:15][NH2:900]", "reacting_atoms": [15], "template_id": "325744bb86d6b4f432191511d003275d", "template_set": ["bkms"], "num_examples": 5, "necessary_reagent": "", "template_score": 0.03601754456758499, "rms_molwt": -219.19869979999999, "num_rings": -3, "plausibility": 1, "tforms": ["325744bb86d6b4f432191511d003275d"], "rank": 12, "score": -6243.406353230752}, {"smiles": "CC1=CC[C@@H]2[C@@H]([C@@H]3[C@@H](C)CC[C@@H]13)C2(C)CBr", "smiles_split": ["CC1=CC[C@@H]2[C@@H]([C@@H]3[C@@H](C)CC[C@@H]13)C2(C)CBr"], "mapped_smiles": "[CH3:1][C:2]1=[CH:3][CH2:4][C@@H:5]2[C@@H:6]([C@@H:7]3[C@@H:8]([CH3:9])[CH2:10][CH2:11][C@@H:12]13)[C:13]2([CH3:14])[CH2:15][Br:900]", "reacting_atoms": [15], "template_id": "4bd0baa6804111286869f16c179e174e", "template_set": ["bkms"], "num_examples": 1, "necessary_reagent": "", "template_score": 0.03397056832909584, "rms_molwt": -282.09831283600005, "num_rings": -3, "plausibility": 1, "tforms": ["4bd0baa6804111286869f16c179e174e"], "rank": 13, "score": -6619.617440678157}, {"smiles": "CC1=CC[C@@H]2[C@@H]([C@@H]3[C@@H](CBr)CC[C@@H]13)C2(C)C", "smiles_split": ["CC1=CC[C@@H]2[C@@H]([C@@H]3[C@@H](CBr)CC[C@@H]13)C2(C)C"], "mapped_smiles": "[CH3:1][C:2]1=[CH:3][CH2:4][C@@H:5]2[C@@H:6]([C@@H:7]3[C@@H:8]([CH2:9][Br:900])[CH2:10][CH2:11][C@@H:12]13)[C:13]2([CH3:14])[CH3:15]", "reacting_atoms": [9, 8], "template_id": "4bd0baa6804111286869f16c179e174e", "template_set": ["bkms"], "num_examples": 1, "necessary_reagent": "", "template_score": 0.03397056832909584, "rms_molwt": -282.09831283600005, "num_rings": -3, "plausibility": 1, "tforms": ["4bd0baa6804111286869f16c179e174e"], "rank": 14, "score": -6619.617440678157}, {"smiles": "C[C@H]1CC[C@H]2C(CBr)=CC[C@@H]3[C@@H]([C@H]12)C3(C)C", "smiles_split": ["C[C@H]1CC[C@H]2C(CBr)=CC[C@@H]3[C@@H]([C@H]12)C3(C)C"], "mapped_smiles": "[CH2:1]([C:2]1=[CH:3][CH2:4][C@@H:5]2[C@@H:6]([C@@H:7]3[C@@H:8]([CH3:9])[CH2:10][CH2:11][C@@H:12]13)[C:13]2([CH3:14])[CH3:15])[Br:900]", "reacting_atoms": [1], "template_id": "4bd0baa6804111286869f16c179e174e", "template_set": ["bkms"], "num_examples": 1, "necessary_reagent": "", "template_score": 0.03397056832909584, "rms_molwt": -282.09831283600005, "num_rings": -3, "plausibility": 1, "tforms": ["4bd0baa6804111286869f16c179e174e"], "rank": 15, "score": -6619.617440678157}]}