{"smiles": "Cc1ccc(NC(=O)CSc2nc3c(=O)[nH]cnc3n2-c2ccccc2)cc1F", "sfscore": [0.6532543897628784, 0.338395893573761], "chem_result": [{"smiles": "Cc1ccc(NC(=O)CSc2nc3c(=O)[nH]cnc3n2-c2ccccc2)cc1F", "bw_confidence": 0.28553768780131084, "confidence": 0.9616222162309459, "rclass": "1 1.8 1.8.13", "children": [{"smiles": "CC#N"}, {"smiles": "CCN(CC)CC"}, {"smiles": "Cc1ccc(NC(=O)CCl)cc1F"}, {"smiles": "O=c1[nH]cnc2c1nc(S)n2-c1ccccc1"}]}, {"smiles": "Cc1ccc(NC(=O)CSc2nc3c(=O)[nH]cnc3n2-c2ccccc2)cc1F", "bw_confidence": 0.24804058592206285, "confidence": 0.9746191584755957, "rclass": "2 2.1 2.1.2", "children": [{"smiles": "Cc1ccc(N)cc1F"}, {"smiles": "O=C(O)CSc1nc2c(=O)[nH]cnc2n1-c1ccccc1"}]}, {"smiles": "Cc1ccc(NC(=O)CSc2nc3c(=O)[nH]cnc3n2-c2ccccc2)cc1F", "bw_confidence": 0.10546523432784179, "confidence": 0.975714299597361, "rclass": "6 6.1 6.1.23", "children": [{"smiles": "COc1ccc(Cn2cnc3c(nc(SCC(=O)Nc4ccc(C)c(F)c4)n3-c3ccccc3)c2=O)c(OC)c1"}, {"smiles": "O=C(O)C(F)(F)F"}]}, {"smiles": "Cc1ccc(NC(=O)CSc2nc3c(=O)[nH]cnc3n2-c2ccccc2)cc1F", "bw_confidence": 0.09775124889865465, "confidence": 0.49748631414531863, "rclass": "4 4.1 4.1.40", "children": [{"smiles": "CCOC(=O)c1nc(SCC(=O)Nc2ccc(C)c(F)c2)n(-c2ccccc2)c1N"}, {"smiles": "NC=O"}]}, {"smiles": "Cc1ccc(NC(=O)CSc2nc3c(=O)[nH]cnc3n2-c2ccccc2)cc1F", "bw_confidence": 0.06572767542849287, "confidence": 0.9619594900724907, "rclass": "1 1.8 1.8.13", "children": [{"smiles": "CN(C)C=O"}, {"smiles": "Cc1ccc(NC(=O)CCl)cc1F"}, {"smiles": "O=C([O-])[O-]~[K+]~[K+]"}, {"smiles": "O=c1[nH]cnc2c1nc(S)n2-c1ccccc1"}]}, {"smiles": "Cc1ccc(NC(=O)CSc2nc3c(=O)[nH]cnc3n2-c2ccccc2)cc1F", "bw_confidence": 0.04450915821249408, "confidence": 0.962964821738818, "rclass": "1 1.8 1.8.13", "children": [{"smiles": "Cc1ccc(NC(=O)CCl)cc1F"}, {"smiles": "O=c1[nH]cnc2c1nc(S)n2-c1ccccc1"}]}, {"smiles": "Cc1ccc(NC(=O)CSc2nc3c(=O)[nH]cnc3n2-c2ccccc2)cc1F", "bw_confidence": 0.023664377334264648, "confidence": 0.9753137103006719, "rclass": "3 3.4 3.4.3", "children": [{"smiles": "CN(C)C=O"}, {"smiles": "C[Sn](C)(C)C"}, {"smiles": "O=C(CSc1nc2c(=O)[nH]cnc2n1-c1ccccc1)Nc1ccc(Br)c(F)c1"}, {"smiles": "c1ccc([P](c2ccccc2)(c2ccccc2)[Pd]([P](c2ccccc2)(c2ccccc2)c2ccccc2)([P](c2ccccc2)(c2ccccc2)c2ccccc2)[P](c2ccccc2)(c2ccccc2)c2ccccc2)cc1"}]}, {"smiles": "Cc1ccc(NC(=O)CSc2nc3c(=O)[nH]cnc3n2-c2ccccc2)cc1F", "bw_confidence": 0.022220271023976067, "confidence": 0.3817800838228725, "rclass": "9 9.7 9.7.330", "children": [{"smiles": "Cc1ccc(NC(=O)CSc2nc3c(N)ncnc3n2-c2ccccc2)cc1F"}, {"smiles": "O=N[O-]~[Na+]"}]}, {"smiles": "Cc1ccc(NC(=O)CSc2nc3c(=O)[nH]cnc3n2-c2ccccc2)cc1F", "bw_confidence": 0.014862085051812416, "confidence": 0.4092238846458308, "rclass": "0 0 0", "children": [{"smiles": "BrBr"}, {"smiles": "CC(=O)O"}, {"smiles": "Cc1ccc(NC(=O)CSc2nc3c(N)ncnc3n2-c2ccccc2)cc1F"}]}, {"smiles": "Cc1ccc(NC(=O)CSc2nc3c(=O)[nH]cnc3n2-c2ccccc2)cc1F", "bw_confidence": 0.007119751948326659, "confidence": 0.9496364802118853, "rclass": "1 1.8 1.8.13", "children": [{"smiles": "CCO"}, {"smiles": "Cc1ccc(NC(=O)CCl)cc1F"}, {"smiles": "O=c1[nH]cnc2c1nc(S)n2-c1ccccc1"}, {"smiles": "[OH-]~[Na+]"}]}, {"smiles": "Cc1ccc(NC(=O)CSc2nc3c(=O)[nH]cnc3n2-c2ccccc2)cc1F", "bw_confidence": 0.006611427369219241, "confidence": 0.9498567682652386, "rclass": "11 11.9 11.9", "children": [{"smiles": "Cc1ccc(NC(=O)CSc2nc3c(=O)[nH]cnc3n2-c2ccccc2)cc1F~Cl"}, {"smiles": "O"}, {"smiles": "[OH-]~[Na+]"}]}], "chem_bw_confidence_list": [0.28553768780131084, 0.24804058592206285, 0.10546523432784179, 0.09775124889865465, 0.06572767542849287, 0.04450915821249408, 0.023664377334264648, 0.022220271023976067, 0.014862085051812416, 0.007119751948326659, 0.006611427369219241], "enzy_template_score_list": [0.10466690361499786, 0.038462523370981216, 0.01742963306605816, 0.026110487058758736, 0.014746434055268764, 0.014746434055268764, 0.014746434055268764, 0.014746434055268764, 0.014746434055268764, 0.014746434055268764, 0.01407487690448761, 0.009634392336010933, 0.0046004317700862885, 0.007714117877185345, 0.0034390443470329046], "enzy_result": [{"smiles": "Cc1ccc(NC(=O)CSc2nc3cncnc3n2-c2ccccc2)cc1F", "smiles_split": ["Cc1ccc(NC(=O)CSc2nc3cncnc3n2-c2ccccc2)cc1F"], "mapped_smiles": "[CH3:1][c:2]1[cH:3][cH:4][c:5]([NH:6][C:7](=[O:8])[CH2:9][S:10][c:11]2[n:12][c:13]3[cH:14][n:16][cH:17][n:18][c:19]3[n:20]2-[c:21]2[cH:22][cH:23][cH:24][cH:25][cH:26]2)[cH:27][c:28]1[F:29]", "reacting_atoms": [16, 14], "template_id": "c2d0168919f229150d8e7e92ecafa4d9", "template_set": ["bkms", "bkms"], "num_examples": 17, "necessary_reagent": "[O]", "template_score": 0.10466690361499786, "rms_molwt": -393.105959352, "num_rings": -4, "plausibility": 1, "tforms": ["170760f244256b2463ca8f0e4197f1ba", "c2d0168919f229150d8e7e92ecafa4d9"], "rank": 1, "score": -2840.6701313425515}, {"smiles": "Cc1ccc(N)cc1F.O=C(O)CSc1nc2c(=O)[nH]cnc2n1-c1ccccc1", "smiles_split": ["Cc1ccc(N)cc1F", "O=C(O)CSc1nc2c(=O)[nH]cnc2n1-c1ccccc1"], "mapped_smiles": "[C:7](=[O:8])([CH2:9][S:10][c:11]1[n:12][c:13]2[c:14](=[O:15])[nH:16][cH:17][n:18][c:19]2[n:20]1-[c:21]1[cH:22][cH:23][cH:24][cH:25][cH:26]1)[OH:900].[CH3:1][c:2]1[cH:3][cH:4][c:5]([NH2:6])[cH:27][c:28]1[F:29]", "reacting_atoms": [7, 6], "template_id": "ece6774c6d680798bf4f657e901ec47d", "template_set": ["bkms"], "num_examples": 3, "necessary_reagent": "", "template_score": 0.038462523370981216, "rms_molwt": -231.16404550743212, "num_rings": -4, "plausibility": 1, "tforms": ["ece6774c6d680798bf4f657e901ec47d"], "rank": 2, "score": -5004.1485144305325}, {"smiles": "Cc1ccc(NC(=O)CSc2nc3c(O)ncnc3n2-c2ccccc2)cc1F", "smiles_split": ["Cc1ccc(NC(=O)CSc2nc3c(O)ncnc3n2-c2ccccc2)cc1F"], "mapped_smiles": "[CH3:1][c:2]1[cH:3][cH:4][c:5]([NH:6][C:7](=[O:8])[CH2:9][S:10][c:11]2[n:12][c:13]3[c:14]([OH:15])[n:16][cH:17][n:18][c:19]3[n:20]2-[c:21]2[cH:22][cH:23][cH:24][cH:25][cH:26]2)[cH:27][c:28]1[F:29]", "reacting_atoms": [15, 14, 16], "template_id": "30642402c91818e15746663d5fd5b3b0", "template_set": ["bkms"], "num_examples": 3, "necessary_reagent": "", "template_score": 0.01742963306605816, "rms_molwt": -409.100873972, "num_rings": -4, "plausibility": 1, "tforms": ["30642402c91818e15746663d5fd5b3b0"], "rank": 3, "score": -17920.030652971123}, {"smiles": "Cc1ccc(NC(=O)CSc2nc3c(=O)n([C@@H]4O[C@H](CO)[C@@H](O)[C@H]4O)cnc3n2-c2ccccc2)cc1F", "smiles_split": ["Cc1ccc(NC(=O)CSc2nc3c(=O)n([C@@H]4O[C@H](CO)[C@@H](O)[C@H]4O)cnc3n2-c2ccccc2)cc1F"], "mapped_smiles": "[CH3:1][c:2]1[cH:3][cH:4][c:5]([NH:6][C:7](=[O:8])[CH2:9][S:10][c:11]2[n:12][c:13]3[c:14](=[O:15])[n:16]([C@@H:904]4[O:903][C@H:902]([CH2:901][OH:900])[C@@H:907]([OH:908])[C@H:905]4[OH:906])[cH:17][n:18][c:19]3[n:20]2-[c:21]2[cH:22][cH:23][cH:24][cH:25][cH:26]2)[cH:27][c:28]1[F:29]", "reacting_atoms": [16], "template_id": "7704aeb5b6f2bf3480ad604f7c4f4926", "template_set": ["bkms"], "num_examples": 3, "necessary_reagent": "", "template_score": 0.026110487058758736, "rms_molwt": -541.1431327079999, "num_rings": -5, "plausibility": 1, "tforms": ["7704aeb5b6f2bf3480ad604f7c4f4926"], "rank": 4, "score": -19596.562981060903}, {"smiles": "Cc1cc(O)c(NC(=O)CSc2nc3c(=O)[nH]cnc3n2-c2ccccc2)cc1F", "smiles_split": ["Cc1cc(O)c(NC(=O)CSc2nc3c(=O)[nH]cnc3n2-c2ccccc2)cc1F"], "mapped_smiles": "[CH3:1][c:2]1[cH:3][c:4]([OH:900])[c:5]([NH:6][C:7](=[O:8])[CH2:9][S:10][c:11]2[n:12][c:13]3[c:14](=[O:15])[nH:16][cH:17][n:18][c:19]3[n:20]2-[c:21]2[cH:22][cH:23][cH:24][cH:25][cH:26]2)[cH:27][c:28]1[F:29]", "reacting_atoms": [4], "template_id": "f53e9cbdf728108a37f743b6e04eb4f2", "template_set": ["bkms"], "num_examples": 56, "necessary_reagent": "", "template_score": 0.014746434055268764, "rms_molwt": -425.095788592, "num_rings": -4, "plausibility": 1, "tforms": ["f53e9cbdf728108a37f743b6e04eb4f2"], "rank": 5, "score": -22285.62737753416}, {"smiles": "Cc1c(O)cc(NC(=O)CSc2nc3c(=O)[nH]cnc3n2-c2ccccc2)cc1F", "smiles_split": ["Cc1c(O)cc(NC(=O)CSc2nc3c(=O)[nH]cnc3n2-c2ccccc2)cc1F"], "mapped_smiles": "[CH3:1][c:2]1[c:3]([OH:900])[cH:4][c:5]([NH:6][C:7](=[O:8])[CH2:9][S:10][c:11]2[n:12][c:13]3[c:14](=[O:15])[nH:16][cH:17][n:18][c:19]3[n:20]2-[c:21]2[cH:22][cH:23][cH:24][cH:25][cH:26]2)[cH:27][c:28]1[F:29]", "reacting_atoms": [3], "template_id": "f53e9cbdf728108a37f743b6e04eb4f2", "template_set": ["bkms"], "num_examples": 56, "necessary_reagent": "", "template_score": 0.014746434055268764, "rms_molwt": -425.095788592, "num_rings": -4, "plausibility": 1, "tforms": ["f53e9cbdf728108a37f743b6e04eb4f2"], "rank": 6, "score": -22285.62737753416}, {"smiles": "Cc1ccc(NC(=O)CSc2nc3c(=O)[nH]cnc3n2-c2ccccc2O)cc1F", "smiles_split": ["Cc1ccc(NC(=O)CSc2nc3c(=O)[nH]cnc3n2-c2ccccc2O)cc1F"], "mapped_smiles": "[CH3:1][c:2]1[cH:3][cH:4][c:5]([NH:6][C:7](=[O:8])[CH2:9][S:10][c:11]2[n:12][c:13]3[c:14](=[O:15])[nH:16][cH:17][n:18][c:19]3[n:20]2-[c:21]2[cH:22][cH:23][cH:24][cH:25][c:26]2[OH:900])[cH:27][c:28]1[F:29]", "reacting_atoms": [26], "template_id": "f53e9cbdf728108a37f743b6e04eb4f2", "template_set": ["bkms"], "num_examples": 56, "necessary_reagent": "", "template_score": 0.014746434055268764, "rms_molwt": -425.09578859199996, "num_rings": -4, "plausibility": 1, "tforms": ["f53e9cbdf728108a37f743b6e04eb4f2"], "rank": 7, "score": -22285.62737753416}, {"smiles": "Cc1ccc(NC(=O)CSc2nc3c(=O)[nH]cnc3n2-c2ccc(O)cc2)cc1F", "smiles_split": ["Cc1ccc(NC(=O)CSc2nc3c(=O)[nH]cnc3n2-c2ccc(O)cc2)cc1F"], "mapped_smiles": "[CH3:1][c:2]1[cH:3][cH:4][c:5]([NH:6][C:7](=[O:8])[CH2:9][S:10][c:11]2[n:12][c:13]3[c:14](=[O:15])[nH:16][cH:17][n:18][c:19]3[n:20]2-[c:21]2[cH:22][cH:23][c:24]([OH:900])[cH:25][cH:26]2)[cH:27][c:28]1[F:29]", "reacting_atoms": [24], "template_id": "f53e9cbdf728108a37f743b6e04eb4f2", "template_set": ["bkms"], "num_examples": 56, "necessary_reagent": "", "template_score": 0.014746434055268764, "rms_molwt": -425.09578859199996, "num_rings": -4, "plausibility": 1, "tforms": ["f53e9cbdf728108a37f743b6e04eb4f2"], "rank": 8, "score": -22285.62737753416}, {"smiles": "Cc1ccc(NC(=O)CSc2nc3c(=O)[nH]cnc3n2-c2cccc(O)c2)cc1F", "smiles_split": ["Cc1ccc(NC(=O)CSc2nc3c(=O)[nH]cnc3n2-c2cccc(O)c2)cc1F"], "mapped_smiles": "[CH3:1][c:2]1[cH:3][cH:4][c:5]([NH:6][C:7](=[O:8])[CH2:9][S:10][c:11]2[n:12][c:13]3[c:14](=[O:15])[nH:16][cH:17][n:18][c:19]3[n:20]2-[c:21]2[cH:22][cH:23][cH:24][c:25]([OH:900])[cH:26]2)[cH:27][c:28]1[F:29]", "reacting_atoms": [25], "template_id": "f53e9cbdf728108a37f743b6e04eb4f2", "template_set": ["bkms"], "num_examples": 56, "necessary_reagent": "", "template_score": 0.014746434055268764, "rms_molwt": -425.09578859199996, "num_rings": -4, "plausibility": 1, "tforms": ["f53e9cbdf728108a37f743b6e04eb4f2"], "rank": 9, "score": -22285.62737753416}, {"smiles": "Cc1ccc(NC(=O)CSc2nc3c(=O)[nH]cnc3n2-c2ccccc2)c(O)c1F", "smiles_split": ["Cc1ccc(NC(=O)CSc2nc3c(=O)[nH]cnc3n2-c2ccccc2)c(O)c1F"], "mapped_smiles": "[CH3:1][c:2]1[cH:3][cH:4][c:5]([NH:6][C:7](=[O:8])[CH2:9][S:10][c:11]2[n:12][c:13]3[c:14](=[O:15])[nH:16][cH:17][n:18][c:19]3[n:20]2-[c:21]2[cH:22][cH:23][cH:24][cH:25][cH:26]2)[c:27]([OH:900])[c:28]1[F:29]", "reacting_atoms": [27], "template_id": "f53e9cbdf728108a37f743b6e04eb4f2", "template_set": ["bkms"], "num_examples": 56, "necessary_reagent": "", "template_score": 0.014746434055268764, "rms_molwt": -425.09578859199996, "num_rings": -4, "plausibility": 1, "tforms": ["f53e9cbdf728108a37f743b6e04eb4f2"], "rank": 10, "score": -22285.62737753416}, {"smiles": "Cc1ccc(N(C)C(=O)CSc2nc3c(=O)[nH]cnc3n2-c2ccccc2)cc1F", "smiles_split": ["Cc1ccc(N(C)C(=O)CSc2nc3c(=O)[nH]cnc3n2-c2ccccc2)cc1F"], "mapped_smiles": "[CH3:1][c:2]1[cH:3][cH:4][c:5]([N:6]([C:7](=[O:8])[CH2:9][S:10][c:11]2[n:12][c:13]3[c:14](=[O:15])[nH:16][cH:17][n:18][c:19]3[n:20]2-[c:21]2[cH:22][cH:23][cH:24][cH:25][cH:26]2)[CH3:900])[cH:27][c:28]1[F:29]", "reacting_atoms": [6], "template_id": "ee691762334cf0c1de07eafe5200fcf4", "template_set": ["bkms"], "num_examples": 2, "necessary_reagent": "", "template_score": 0.01407487690448761, "rms_molwt": -423.11652403600004, "num_rings": -4, "plausibility": 1, "tforms": ["ee691762334cf0c1de07eafe5200fcf4"], "rank": 11, "score": -23348.94555264769}, {"smiles": "Cc1ccc(NC(=O)CSc2nc3c(=O)n([C@H]4C[C@H](O)[C@@H](CO)O4)cnc3n2-c2ccccc2)cc1F", "smiles_split": ["Cc1ccc(NC(=O)CSc2nc3c(=O)n([C@H]4C[C@H](O)[C@@H](CO)O4)cnc3n2-c2ccccc2)cc1F"], "mapped_smiles": "[CH3:1][c:2]1[cH:3][cH:4][c:5]([NH:6][C:7](=[O:8])[CH2:9][S:10][c:11]2[n:12][c:13]3[c:14](=[O:15])[n:16]([C@@H:904]4[O:903][C@H:902]([CH2:901][OH:900])[C@@H:906]([OH:907])[CH2:905]4)[cH:17][n:18][c:19]3[n:20]2-[c:21]2[cH:22][cH:23][cH:24][cH:25][cH:26]2)[cH:27][c:28]1[F:29]", "reacting_atoms": [16], "template_id": "2408353675be1dc0c89eb751c186187a", "template_set": ["bkms"], "num_examples": 1, "necessary_reagent": "", "template_score": 0.009634392336010933, "rms_molwt": -525.148218088, "num_rings": -5, "plausibility": 1, "tforms": ["2408353675be1dc0c89eb751c186187a"], "rank": 12, "score": -49749.35111766693}, {"smiles": "Cc1ccc(NC(=O)CSc2nc3c(N)ncnc3n2-c2ccccc2)cc1F", "smiles_split": ["Cc1ccc(NC(=O)CSc2nc3c(N)ncnc3n2-c2ccccc2)cc1F"], "mapped_smiles": "[CH3:1][c:2]1[cH:3][cH:4][c:5]([NH:6][C:7](=[O:8])[CH2:9][S:10][c:11]2[n:12][c:13]3[c:14]([NH2:900])[n:16][cH:17][n:18][c:19]3[n:20]2-[c:21]2[cH:22][cH:23][cH:24][cH:25][cH:26]2)[cH:27][c:28]1[F:29]", "reacting_atoms": [14, 16], "template_id": "6ea8e181063572a4f8eb094f4b546c21", "template_set": ["bkms", "bkms", "bkms"], "num_examples": 18, "necessary_reagent": "[O]", "template_score": 0.0046004317700862885, "rms_molwt": -408.11685838400007, "num_rings": -4, "plausibility": 1, "tforms": ["6ea8e181063572a4f8eb094f4b546c21", "a89e2a8d4e5e2d1e98279f2efcd735c8", "f20e8df56b9f94c8e14301c47078a51a"], "rank": 13, "score": -68110.90229644338}, {"smiles": "Cc1ccc(NC(=O)CSc2nc3c(=O)n([C@@H]4O[C@H](COP(=O)(O)O)[C@@H](O)[C@H]4O)cnc3n2-c2ccccc2)cc1F", "smiles_split": ["Cc1ccc(NC(=O)CSc2nc3c(=O)n([C@@H]4O[C@H](COP(=O)(O)O)[C@@H](O)[C@H]4O)cnc3n2-c2ccccc2)cc1F"], "mapped_smiles": "[CH3:1][c:2]1[cH:3][cH:4][c:5]([NH:6][C:7](=[O:8])[CH2:9][S:10][c:11]2[n:12][c:13]3[c:14](=[O:15])[n:16]([C@@H:910]4[O:909][C@H:902]([CH2:903][O:904][P:905]([OH:906])([OH:907])=[O:908])[C@@H:901]([OH:900])[C@H:911]4[OH:912])[cH:17][n:18][c:19]3[n:20]2-[c:21]2[cH:22][cH:23][cH:24][cH:25][cH:26]2)[cH:27][c:28]1[F:29]", "reacting_atoms": [16], "template_id": "7e71931f5c20f2872c414066d453bfb6", "template_set": ["bkms"], "num_examples": 2, "necessary_reagent": "", "template_score": 0.007714117877185345, "rms_molwt": -621.10946323, "num_rings": -5, "plausibility": 1, "tforms": ["7e71931f5c20f2872c414066d453bfb6"], "rank": 14, "score": -76167.17399295738}, {"smiles": "CCCCCCNC(=O)n1cnc2c(nc(SCC(=O)Nc3ccc(C)c(F)c3)n2-c2ccccc2)c1=O", "smiles_split": ["CCCCCCNC(=O)n1cnc2c(nc(SCC(=O)Nc3ccc(C)c(F)c3)n2-c2ccccc2)c1=O"], "mapped_smiles": "[CH3:1][c:2]1[cH:3][cH:4][c:5]([NH:6][C:7](=[O:8])[CH2:9][S:10][c:11]2[n:12][c:13]3[c:14](=[O:15])[n:16]([C:907]([NH:906][CH2:905][CH2:904][CH2:903][CH2:902][CH2:901][CH3:900])=[O:908])[cH:17][n:18][c:19]3[n:20]2-[c:21]2[cH:22][cH:23][cH:24][cH:25][cH:26]2)[cH:27][c:28]1[F:29]", "reacting_atoms": [16], "template_id": "a75baa373cafa3e79fe0014bed9a1d16", "template_set": ["bkms"], "num_examples": 1, "necessary_reagent": "", "template_score": 0.0034390443470329046, "rms_molwt": -536.200588008, "num_rings": -4, "plausibility": 1, "tforms": ["a75baa373cafa3e79fe0014bed9a1d16"], "rank": 15, "score": -136228.38700229174}]}