{"smiles": "C=CC1=C(C(=O)O)N2C(=O)[C@@H](NC(=O)/C(=N\\O)c3csc(N)n3)[C@@H]2SC1", "sfscore": [0.6054642796516418, 0.38962918519973755], "chem_result": [{"smiles": "C=CC1=C(C(=O)O)N2C(=O)[C@@H](NC(=O)/C(=N\\O)c3csc(N)n3)[C@@H]2SC1", "bw_confidence": 0.08101687901950788, "confidence": 0.45262541396532613, "rclass": "6 6.2 6.2.3", "children": [{"smiles": "C=CC1=C(C(=O)OC(C)(C)C)N2C(=O)[C@@H](NC(=O)/C(=N\\O)c3csc(N)n3)[C@@H]2SC1"}, {"smiles": "O=C(O)C(F)(F)F"}]}, {"smiles": "C=CC1=C(C(=O)O)N2C(=O)[C@@H](NC(=O)/C(=N\\O)c3csc(N)n3)[C@@H]2SC1", "bw_confidence": 0.06242369259439078, "confidence": 0.5885219144373648, "rclass": "9 9.7 9.7.61", "children": [{"smiles": "C=CC1=C(C(=O)OC(c2ccccc2)c2ccccc2)N2C(=O)[C@@H](NC(=O)/C(=N\\O)c3csc(N)n3)[C@@H]2SC1"}, {"smiles": "CC(C)OC(C)C"}, {"smiles": "COc1ccccc1"}, {"smiles": "ClCCl"}, {"smiles": "O=C(O)C(F)(F)F"}]}, {"smiles": "C=CC1=C(C(=O)O)N2C(=O)[C@@H](NC(=O)/C(=N\\O)c3csc(N)n3)[C@@H]2SC1", "bw_confidence": 0.049328559207956486, "confidence": 0.7231826067160498, "rclass": "4 4.3 4.3.3", "children": [{"smiles": "C=CC1=C(C(=O)O)N2C(=O)[C@@H](NC(=O)/C(=N\\O)C(=O)CCl)[C@@H]2SC1"}, {"smiles": "NC(N)=S"}]}, {"smiles": "C=CC1=C(C(=O)O)N2C(=O)[C@@H](NC(=O)/C(=N\\O)c3csc(N)n3)[C@@H]2SC1", "bw_confidence": 0.021512884981489233, "confidence": 0.4986012203344627, "rclass": "2 2.1 2.1.2", "children": [{"smiles": "C=CC1=C(C(=O)O)N2C(=O)[C@@H](N)[C@@H]2SC1"}, {"smiles": "Nc1nc(/C(=N/O)C(=O)O)cs1"}]}, {"smiles": "C=CC1=C(C(=O)O)N2C(=O)[C@@H](NC(=O)/C(=N\\O)c3csc(N)n3)[C@@H]2SC1", "bw_confidence": 0.011584271633039846, "confidence": 0.5803604590194574, "rclass": "0 0 0", "children": [{"smiles": "C=CC1=C(C(=O)OC(c2ccccc2)c2ccccc2)N2C(=O)[C@@H](NC(=O)/C(=N\\OC(c3ccccc3)(c3ccccc3)c3ccccc3)c3csc(NC(c4ccccc4)(c4ccccc4)c4ccccc4)n3)[C@@H]2SC1"}, {"smiles": "CC(C)OC(C)C"}, {"smiles": "COc1ccccc1"}, {"smiles": "ClCCl"}, {"smiles": "O=C(O)C(F)(F)F"}]}, {"smiles": "C=CC1=C(C(=O)O)N2C(=O)[C@@H](NC(=O)/C(=N\\O)c3csc(N)n3)[C@@H]2SC1", "bw_confidence": 0.01037241476727327, "confidence": 0.8662563726297556, "rclass": "3 3.4 3.4.3", "children": [{"smiles": "C=C[Sn](CCCC)(CCCC)CCCC"}, {"smiles": "Nc1nc(/C(=N/O)C(=O)N[C@@H]2C(=O)N3C(C(=O)O)=C(Br)CS[C@H]23)cs1"}]}, {"smiles": "C=CC1=C(C(=O)O)N2C(=O)[C@@H](NC(=O)/C(=N\\O)c3csc(N)n3)[C@@H]2SC1", "bw_confidence": 0.009590985344789872, "confidence": 0.39557645483300746, "rclass": "11 11.7 11.7", "children": [{"smiles": "C=CC1=C(C(=O)O)N2C(=O)[C@@H](N)[C@@H]2SC1"}, {"smiles": "C=CC1=C(C(=O)O)N2C(=O)[C@@H](NC(=O)/C(=N\\O)c3csc(N)n3)[C@@H]2SC1"}]}, {"smiles": "C=CC1=C(C(=O)O)N2C(=O)[C@@H](NC(=O)/C(=N\\O)c3csc(N)n3)[C@@H]2SC1", "bw_confidence": 0.005303880993514632, "confidence": 0.5678120132635026, "rclass": "7 7.1 7.1.1", "children": [{"smiles": "C=CC1=C(C(=O)O)N2C(=O)[C@@H](NC(=O)/C(=N\\O)c3csc([N+](=O)[O-])n3)[C@@H]2SC1"}, {"smiles": "CC(=O)O"}, {"smiles": "CO"}, {"smiles": "[Zn]"}]}, {"smiles": "C=CC1=C(C(=O)O)N2C(=O)[C@@H](NC(=O)/C(=N\\O)c3csc(N)n3)[C@@H]2SC1", "bw_confidence": 0.004344903640806442, "confidence": 0.5906305416540282, "rclass": "8 8.8 8.8.3", "children": [{"smiles": "C=CC1=C(C=O)N2C(=O)[C@@H](NC(=O)/C(=N\\O)c3csc(N)n3)[C@@H]2SC1"}, {"smiles": "CC(C)=O"}, {"smiles": "CC(C)=O~O=S(=O)(O)O~O=[Cr](=O)=O"}]}, {"smiles": "C=CC1=C(C(=O)O)N2C(=O)[C@@H](NC(=O)/C(=N\\O)c3csc(N)n3)[C@@H]2SC1", "bw_confidence": 0.0015274470037915857, "confidence": 0.4073818393858477, "rclass": "11 11.9 11.9", "children": [{"smiles": "C=CC1=C(C(=O)O)N2C(=O)[C@@H](NC(=O)/C(=N\\O)c3csc(N)n3)[C@@H]2SC1~Cl"}, {"smiles": "CC(=O)[O-]~[Na+]"}, {"smiles": "O"}]}], "chem_bw_confidence_list": [0.08101687901950788, 0.06242369259439078, 0.049328559207956486, 0.021512884981489233, 0.011584271633039846, 0.01037241476727327, 0.009590985344789872, 0.005303880993514632, 0.004344903640806442, 0.0015274470037915857], "enzy_template_score_list": [0.01226082257926464, 0.01106011588126421, 0.01106011588126421, 0.00808880664408207, 0.00808880664408207, 0.006767964456230402, 0.007065174635499716, 0.003444499569013715, 0.00524055166170001, 0.00524055166170001, 0.0038930291775614023, 0.0043336618691682816, 0.004115259740501642, 0.004062016028910875, 0.0038415836170315742], "enzy_result": [{"smiles": "C=CC1=C(C(=O)O)N2C(=O)[C@@H](NC(=O)/C(=N\\O)c3csc(N)n3)[C@@H]2S(=O)C1", "smiles_split": ["C=CC1=C(C(=O)O)N2C(=O)[C@@H](NC(=O)/C(=N\\O)c3csc(N)n3)[C@@H]2S(=O)C1"], "mapped_smiles": "[CH2:1]=[CH:2][C:3]1=[C:4]([C:5](=[O:6])[OH:7])[N:8]2[C:9](=[O:10])[C@@H:11]([NH:12][C:13](=[O:14])/[C:15](=[N:16]\\[OH:17])[c:18]3[cH:19][s:20][c:21]([NH2:22])[n:23]3)[C@@H:24]2[S:25](=[O:900])[CH2:26]1", "reacting_atoms": [25], "template_id": "d26680e2e5a661a03060ea5cae0f2afb", "template_set": ["bkms"], "num_examples": 1, "necessary_reagent": "", "template_score": 0.01226082257926464, "rms_molwt": -411.03072513600006, "num_rings": -3, "plausibility": 1, "tforms": ["d26680e2e5a661a03060ea5cae0f2afb"], "rank": 1, "score": -25739.890515982508}, {"smiles": "C=CC1=C(C(=O)O)N2C(=O)[C@@H](NC/C(=N\\O)c3csc(N)n3)[C@@H]2SC1", "smiles_split": ["C=CC1=C(C(=O)O)N2C(=O)[C@@H](NC/C(=N\\O)c3csc(N)n3)[C@@H]2SC1"], "mapped_smiles": "[CH2:1]=[CH:2][C:3]1=[C:4]([C:5](=[O:6])[OH:7])[N:8]2[C:9](=[O:10])[C@@H:11]([NH:12][CH2:13]/[C:15](=[N:16]\\[OH:17])[c:18]3[cH:19][s:20][c:21]([NH2:22])[n:23]3)[C@@H:24]2[S:25][CH2:26]1", "reacting_atoms": [13], "template_id": "e71521645d9780aac17a9d622b0fb317", "template_set": ["bkms"], "num_examples": 1, "necessary_reagent": "[O]", "template_score": 0.01106011588126421, "rms_molwt": -381.05654596000005, "num_rings": -3, "plausibility": 1, "tforms": ["e71521645d9780aac17a9d622b0fb317"], "rank": 2, "score": -25858.680240817623}, {"smiles": "C=CC1=C(C(=O)O)N2C[C@@H](NC(=O)/C(=N\\O)c3csc(N)n3)[C@@H]2SC1", "smiles_split": ["C=CC1=C(C(=O)O)N2C[C@@H](NC(=O)/C(=N\\O)c3csc(N)n3)[C@@H]2SC1"], "mapped_smiles": "[CH2:1]=[CH:2][C:3]1=[C:4]([C:5](=[O:6])[OH:7])[N:8]2[CH2:9][C@@H:11]([NH:12][C:13](=[O:14])/[C:15](=[N:16]\\[OH:17])[c:18]3[cH:19][s:20][c:21]([NH2:22])[n:23]3)[C@@H:24]2[S:25][CH2:26]1", "reacting_atoms": [9, 11], "template_id": "e71521645d9780aac17a9d622b0fb317", "template_set": ["bkms"], "num_examples": 1, "necessary_reagent": "[O]", "template_score": 0.01106011588126421, "rms_molwt": -381.05654596000005, "num_rings": -3, "plausibility": 1, "tforms": ["e71521645d9780aac17a9d622b0fb317"], "rank": 3, "score": -25858.680240817623}, {"smiles": "C=CC1=C(C(=O)O)N2C(O)[C@@H](NC(=O)/C(=N\\O)c3csc(N)n3)[C@@H]2SC1", "smiles_split": ["C=CC1=C(C(=O)O)N2C(O)[C@@H](NC(=O)/C(=N\\O)c3csc(N)n3)[C@@H]2SC1"], "mapped_smiles": "[CH2:1]=[CH:2][C:3]1=[C:4]([C:5](=[O:6])[OH:7])[N:8]2[CH:9]([OH:10])[C@@H:11]([NH:12][C:13](=[O:14])/[C:15](=[N:16]\\[OH:17])[c:18]3[cH:19][s:20][c:21]([NH2:22])[n:23]3)[C@@H:24]2[S:25][CH2:26]1", "reacting_atoms": [9, 11, 10], "template_id": "717fa575d8223c9c51ae03203236a363", "template_set": ["bkms"], "num_examples": 2, "necessary_reagent": "", "template_score": 0.00808880664408207, "rms_molwt": -397.0514605800001, "num_rings": -3, "plausibility": 1, "tforms": ["717fa575d8223c9c51ae03203236a363"], "rank": 4, "score": -37106.711522943835}, {"smiles": "C=CC1=C(C(=O)O)N2C(=O)[C@@H](NC(O)/C(=N\\O)c3csc(N)n3)[C@@H]2SC1", "smiles_split": ["C=CC1=C(C(=O)O)N2C(=O)[C@@H](NC(O)/C(=N\\O)c3csc(N)n3)[C@@H]2SC1"], "mapped_smiles": "[CH2:1]=[CH:2][C:3]1=[C:4]([C:5](=[O:6])[OH:7])[N:8]2[C:9](=[O:10])[C@@H:11]([NH:12][CH:13]([OH:14])/[C:15](=[N:16]\\[OH:17])[c:18]3[cH:19][s:20][c:21]([NH2:22])[n:23]3)[C@@H:24]2[S:25][CH2:26]1", "reacting_atoms": [13, 14], "template_id": "717fa575d8223c9c51ae03203236a363", "template_set": ["bkms"], "num_examples": 2, "necessary_reagent": "", "template_score": 0.00808880664408207, "rms_molwt": -397.0514605800001, "num_rings": -3, "plausibility": 1, "tforms": ["717fa575d8223c9c51ae03203236a363"], "rank": 5, "score": -37106.711522943835}, {"smiles": "CCC1=C(C(=O)O)N2C(=O)[C@@H](NC(=O)/C(=N\\O)c3csc(N)n3)[C@@H]2SC1", "smiles_split": ["CCC1=C(C(=O)O)N2C(=O)[C@@H](NC(=O)/C(=N\\O)c3csc(N)n3)[C@@H]2SC1"], "mapped_smiles": "[CH3:1][CH2:2][C:3]1=[C:4]([C:5](=[O:6])[OH:7])[N:8]2[C:9](=[O:10])[C@@H:11]([NH:12][C:13](=[O:14])/[C:15](=[N:16]\\[OH:17])[c:18]3[cH:19][s:20][c:21]([NH2:22])[n:23]3)[C@@H:24]2[S:25][CH2:26]1", "reacting_atoms": [2, 1], "template_id": "d85212d76de76ec93f7b9e62c01f52ef", "template_set": ["bkms"], "num_examples": 4, "necessary_reagent": "", "template_score": 0.006767964456230402, "rms_molwt": -397.0514605800001, "num_rings": -3, "plausibility": 1, "tforms": ["d85212d76de76ec93f7b9e62c01f52ef"], "rank": 6, "score": -44348.49158087937}, {"smiles": "C=CC1=C(C(=O)O)N2C(=O)[C@@H](NC(=O)/C(=N\\O)c3csc(NO)n3)[C@@H]2SC1", "smiles_split": ["C=CC1=C(C(=O)O)N2C(=O)[C@@H](NC(=O)/C(=N\\O)c3csc(NO)n3)[C@@H]2SC1"], "mapped_smiles": "[CH2:1]=[CH:2][C:3]1=[C:4]([C:5](=[O:6])[OH:7])[N:8]2[C:9](=[O:10])[C@@H:11]([NH:12][C:13](=[O:14])/[C:15](=[N:16]\\[OH:17])[c:18]3[cH:19][s:20][c:21]([NH:22][OH:900])[n:23]3)[C@@H:24]2[S:25][CH2:26]1", "reacting_atoms": [22], "template_id": "adb6119918a047d3b8b83a44e2392973", "template_set": ["bkms"], "num_examples": 7, "necessary_reagent": "", "template_score": 0.007065174635499716, "rms_molwt": -411.030725136, "num_rings": -3, "plausibility": 1, "tforms": ["adb6119918a047d3b8b83a44e2392973"], "rank": 7, "score": -44668.70914137517}, {"smiles": "C=CC1=C(C(=O)O)N2C(=O)[C@@H](N)[C@@H]2SC1.Nc1nc(/C(=N/O)C(=O)O)cs1", "smiles_split": ["C=CC1=C(C(=O)O)N2C(=O)[C@@H](N)[C@@H]2SC1", "Nc1nc(/C(=N/O)C(=O)O)cs1"], "mapped_smiles": "[C:13](=[O:14])(/[C:15](=[N:16]\\[OH:17])[c:18]1[cH:19][s:20][c:21]([NH2:22])[n:23]1)[OH:900].[CH2:1]=[CH:2][C:3]1=[C:4]([C:5](=[O:6])[OH:7])[N:8]2[C:9](=[O:10])[C@@H:11]([NH2:12])[C@@H:24]2[S:25][CH2:26]1", "reacting_atoms": [13, 11, 12], "template_id": "e90495e032398914a2bc30231f78c717", "template_set": ["bkms", "bkms"], "num_examples": 54, "necessary_reagent": "", "template_score": 0.003444499569013715, "rms_molwt": -207.4434388911983, "num_rings": -3, "plausibility": 1, "tforms": ["e90495e032398914a2bc30231f78c717", "1733bcb93151c3ebcf2527f23abf11f2"], "rank": 8, "score": -68029.60327169535}, {"smiles": "C=CC1=C(C(=O)O)N2C(=O)[C@@H](NC3(/C(=N\\O)c4csc(N)n4)OOC3=O)[C@@H]2SC1", "smiles_split": ["C=CC1=C(C(=O)O)N2C(=O)[C@@H](NC3(/C(=N\\O)c4csc(N)n4)OOC3=O)[C@@H]2SC1"], "mapped_smiles": "[CH2:1]=[CH:2][C:3]1=[C:4]([C:5](=[O:6])[OH:7])[N:8]2[C:9](=[O:10])[C@@H:11]([NH:12][C:13]3(/[C:15](=[N:16]\\[OH:17])[c:18]4[cH:19][s:20][c:21]([NH2:22])[n:23]4)[O:14][O:902][C:901]3=[O:900])[C@@H:24]2[S:25][CH2:26]1", "reacting_atoms": [14, 13], "template_id": "ac1473f907190a5e32ebdd1e1b892dd1", "template_set": ["bkms"], "num_examples": 2, "necessary_reagent": "", "template_score": 0.00524055166170001, "rms_molwt": -439.02563975600003, "num_rings": -4, "plausibility": 1, "tforms": ["ac1473f907190a5e32ebdd1e1b892dd1"], "rank": 9, "score": -70071.19652660983}, {"smiles": "C=CC1=C(C(=O)O)N2[C@@H](SC1)[C@H](NC(=O)/C(=N\\O)c1csc(N)n1)C21OOC1=O", "smiles_split": ["C=CC1=C(C(=O)O)N2[C@@H](SC1)[C@H](NC(=O)/C(=N\\O)c1csc(N)n1)C21OOC1=O"], "mapped_smiles": "[CH2:1]=[CH:2][C:3]1=[C:4]([C:5](=[O:6])[OH:7])[N:8]2[C:9]3([O:10][O:902][C:901]3=[O:900])[C@@H:11]([NH:12][C:13](=[O:14])/[C:15](=[N:16]\\[OH:17])[c:18]3[cH:19][s:20][c:21]([NH2:22])[n:23]3)[C@@H:24]2[S:25][CH2:26]1", "reacting_atoms": [10, 9, 11], "template_id": "ac1473f907190a5e32ebdd1e1b892dd1", "template_set": ["bkms"], "num_examples": 2, "necessary_reagent": "", "template_score": 0.00524055166170001, "rms_molwt": -439.025639756, "num_rings": -4, "plausibility": 1, "tforms": ["ac1473f907190a5e32ebdd1e1b892dd1"], "rank": 10, "score": -70071.19652660983}, {"smiles": "C=CC(C=O)=C(C(=O)O)N1C(=O)[C@@H](NC(=O)/C(=N\\O)c2csc(N)n2)[C@@H]1S", "smiles_split": ["C=CC(C=O)=C(C(=O)O)N1C(=O)[C@@H](NC(=O)/C(=N\\O)c2csc(N)n2)[C@@H]1S"], "mapped_smiles": "[CH2:1]=[CH:2][C:3](=[C:4]([C:5](=[O:6])[OH:7])[N:8]1[C:9](=[O:10])[C@@H:11]([NH:12][C:13](=[O:14])/[C:15](=[N:16]\\[OH:17])[c:18]2[cH:19][s:20][c:21]([NH2:22])[n:23]2)[C@@H:24]1[SH:25])[CH:26]=[O:900]", "reacting_atoms": [26, 25], "template_id": "48301bccfd15d12bd4bce806c98f5f05", "template_set": ["bkms"], "num_examples": 1, "necessary_reagent": "", "template_score": 0.0038930291775614023, "rms_molwt": -411.0307251360001, "num_rings": -2, "plausibility": 1, "tforms": ["48301bccfd15d12bd4bce806c98f5f05"], "rank": 11, "score": -76185.46311845108}, {"smiles": "C=CC1=C(C(=O)O)N2C(=O)[C@@H](NC(=O)/C(=N\\O)c3csc([N+](=O)[O-])n3)[C@@H]2SC1", "smiles_split": ["C=CC1=C(C(=O)O)N2C(=O)[C@@H](NC(=O)/C(=N\\O)c3csc([N+](=O)[O-])n3)[C@@H]2SC1"], "mapped_smiles": "[CH2:1]=[CH:2][C:3]1=[C:4]([C:5](=[O:6])[OH:7])[N:8]2[C:9](=[O:10])[C@@H:11]([NH:12][C:13](=[O:14])/[C:15](=[N:16]\\[OH:17])[c:18]3[cH:19][s:20][c:21]([N+:22](=[O:900])[O-:901])[n:23]3)[C@@H:24]2[S:25][CH2:26]1", "reacting_atoms": [22], "template_id": "35d7f3798e2ebee135b096830845da6c", "template_set": ["bkms"], "num_examples": 12, "necessary_reagent": "", "template_score": 0.0043336618691682816, "rms_molwt": -425.00998969200003, "num_rings": -3, "plausibility": 1, "tforms": ["35d7f3798e2ebee135b096830845da6c"], "rank": 12, "score": -76453.6220964609}, {"smiles": "C=CC1=C(C(=O)O)N2C(=O)[C@@H](NC(=O)/C(=N\\O)c3csc(N)n3)[C@@H]2[S+](C)C1", "smiles_split": ["C=CC1=C(C(=O)O)N2C(=O)[C@@H](NC(=O)/C(=N\\O)c3csc(N)n3)[C@@H]2[S+](C)C1"], "mapped_smiles": "[CH2:1]=[CH:2][C:3]1=[C:4]([C:5](=[O:6])[OH:7])[N:8]2[C:9](=[O:10])[C@@H:11]([NH:12][C:13](=[O:14])/[C:15](=[N:16]\\[OH:17])[c:18]3[cH:19][s:20][c:21]([NH2:22])[n:23]3)[C@@H:24]2[S+:25]([CH3:900])[CH2:26]1", "reacting_atoms": [25], "template_id": "6a250d1f70c7e942bdb9bc2fea78d29c", "template_set": ["bkms"], "num_examples": 1, "necessary_reagent": "", "template_score": 0.004115259740501642, "rms_molwt": -410.05873703209005, "num_rings": -3, "plausibility": 1, "tforms": ["6a250d1f70c7e942bdb9bc2fea78d29c"], "rank": 13, "score": -76688.28961636528}, {"smiles": "C=CC1=C(C(=O)OO)N2C(=O)[C@@H](NC(=O)/C(=N\\O)c3csc(N)n3)[C@@H]2SC1", "smiles_split": ["C=CC1=C(C(=O)OO)N2C(=O)[C@@H](NC(=O)/C(=N\\O)c3csc(N)n3)[C@@H]2SC1"], "mapped_smiles": "[CH2:1]=[CH:2][C:3]1=[C:4]([C:5](=[O:6])[O:7][OH:900])[N:8]2[C:9](=[O:10])[C@@H:11]([NH:12][C:13](=[O:14])/[C:15](=[N:16]\\[OH:17])[c:18]3[cH:19][s:20][c:21]([NH2:22])[n:23]3)[C@@H:24]2[S:25][CH2:26]1", "reacting_atoms": [7], "template_id": "70647caaaa8ffa4cce8282b651e73510", "template_set": ["bkms"], "num_examples": 2, "necessary_reagent": "", "template_score": 0.004062016028910875, "rms_molwt": -411.0307251360001, "num_rings": -3, "plausibility": 1, "tforms": ["70647caaaa8ffa4cce8282b651e73510"], "rank": 14, "score": -77693.49716494743}, {"smiles": "C=CC1=C(C(=O)O)N2C(=O)[C@@H](NC(=O)/C(=N\\O)c3csc(NC=O)n3)[C@@H]2SC1", "smiles_split": ["C=CC1=C(C(=O)O)N2C(=O)[C@@H](NC(=O)/C(=N\\O)c3csc(NC=O)n3)[C@@H]2SC1"], "mapped_smiles": "[CH2:1]=[CH:2][C:3]1=[C:4]([C:5](=[O:6])[OH:7])[N:8]2[C:9](=[O:10])[C@@H:11]([NH:12][C:13](=[O:14])/[C:15](=[N:16]\\[OH:17])[c:18]3[cH:19][s:20][c:21]([NH:22][CH:901]=[O:900])[n:23]3)[C@@H:24]2[S:25][CH2:26]1", "reacting_atoms": [22], "template_id": "6123722936687fedb66f55eab0e11e0a", "template_set": ["bkms", "bkms"], "num_examples": 10, "necessary_reagent": "", "template_score": 0.0038415836170315742, "rms_molwt": -423.030725136, "num_rings": -3, "plausibility": 1, "tforms": ["6123722936687fedb66f55eab0e11e0a", "59a7fededd162ca250d01eeab44a3bdf"], "rank": 15, "score": -86246.76171834866}]}