{"smiles": "CC(C)=CCc1c(O)ccc(C(=O)[C@@H]2[C@@H](c3c(O)cc(-c4cc5ccc(O)cc5o4)cc3O)C=C(C)C[C@@H]2c2ccc(O)cc2O)c1O", "sfscore": [0.4089052975177765, 0.6472083330154419], "chem_result": [{"smiles": "CC(C)=CCc1c(O)ccc(C(=O)[C@@H]2[C@@H](c3c(O)cc(-c4cc5ccc(O)cc5o4)cc3O)C=C(C)C[C@@H]2c2ccc(O)cc2O)c1O", "bw_confidence": 0.0627267884359891, "confidence": 0.12042279634348126, "rclass": "4 4.2 4.2.22", "children": [{"smiles": "C#Cc1cc(O)c([C@H]2C=C(C)C[C@H](c3ccc(O)cc3O)[C@@H]2C(=O)c2ccc(O)c(CC=C(C)C)c2O)c(O)c1"}, {"smiles": "Oc1ccc(I)c(O)c1"}]}, {"smiles": "CC(C)=CCc1c(O)ccc(C(=O)[C@@H]2[C@@H](c3c(O)cc(-c4cc5ccc(O)cc5o4)cc3O)C=C(C)C[C@@H]2c2ccc(O)cc2O)c1O", "bw_confidence": 0.03874754664397256, "confidence": 0.1010020023763875, "rclass": "6 6.3 6.3.7", "children": [{"smiles": "BrB(Br)Br"}, {"smiles": "COc1ccc([C@H]2CC(C)=C[C@H](c3c(OC)cc(-c4cc5ccc(OC)cc5o4)cc3OC)[C@H]2C(=O)c2ccc(OC)c(CC=C(C)C)c2OC)c(OC)c1"}, {"smiles": "ClCCl"}]}, {"smiles": "CC(C)=CCc1c(O)ccc(C(=O)[C@@H]2[C@@H](c3c(O)cc(-c4cc5ccc(O)cc5o4)cc3O)C=C(C)C[C@@H]2c2ccc(O)cc2O)c1O", "bw_confidence": 0.03110409393708111, "confidence": 0.26020516412894745, "rclass": "3 3.4 3.4.3", "children": [{"smiles": "CC(C)=CCc1c(O)ccc(C(=O)[C@@H]2[C@@H](c3c(O)cc(Br)cc3O)C=C(C)C[C@@H]2c2ccc(O)cc2O)c1O"}, {"smiles": "CCCC[Sn](CCCC)(CCCC)c1cc2ccc(O)cc2o1"}]}, {"smiles": "CC(C)=CCc1c(O)ccc(C(=O)[C@@H]2[C@@H](c3c(O)cc(-c4cc5ccc(O)cc5o4)cc3O)C=C(C)C[C@@H]2c2ccc(O)cc2O)c1O", "bw_confidence": 0.011496725802484493, "confidence": 0.18804160576314938, "rclass": "11 11.9 11.9", "children": [{"smiles": "CC(C)=CCc1c(O)ccc(C(=O)[C@@H]2[C@@H](c3c(O)cc(-c4cc5ccc(O)cc5o4)cc3O)C=C(C)C[C@@H]2c2ccc(O)cc2O)c1O~Cl"}, {"smiles": "O"}]}, {"smiles": "CC(C)=CCc1c(O)ccc(C(=O)[C@@H]2[C@@H](c3c(O)cc(-c4cc5ccc(O)cc5o4)cc3O)C=C(C)C[C@@H]2c2ccc(O)cc2O)c1O", "bw_confidence": 0.01053095483565816, "confidence": 0.07487811109118706, "rclass": "1 1.7 1.7.4", "children": [{"smiles": "CC(C)=CCc1c(O)ccc(C(=O)[C@@H]2[C@@H](c3c(O)cc(-c4cc5ccc(O)cc5o4)cc3O)C=C(C)C[C@@H]2c2ccc(O)cc2O)c1O"}, {"smiles": "CC(C)=CCc1c(O)ccc(C(=O)[C@@H]2[C@@H](c3c(O)cc(-c4cc5ccc(O)cc5o4)cc3O)C=C(C)C[C@@H]2c2ccc(O)cc2O)c1O"}]}, {"smiles": "CC(C)=CCc1c(O)ccc(C(=O)[C@@H]2[C@@H](c3c(O)cc(-c4cc5ccc(O)cc5o4)cc3O)C=C(C)C[C@@H]2c2ccc(O)cc2O)c1O", "bw_confidence": 0.008124299459593006, "confidence": 0.03949556444249768, "rclass": "0 0 0", "children": [{"smiles": "CC(C)=CCc1c(O)ccc(C(=O)[C@@H]2[C@@H](c3ccc(O)cc3O)C=C(C)C[C@@H]2c2ccc(O)cc2O)c1O"}, {"smiles": "Oc1cc(O)cc(-c2cc3ccc(O)cc3o2)c1"}]}, {"smiles": "CC(C)=CCc1c(O)ccc(C(=O)[C@@H]2[C@@H](c3c(O)cc(-c4cc5ccc(O)cc5o4)cc3O)C=C(C)C[C@@H]2c2ccc(O)cc2O)c1O", "bw_confidence": 0.004987058398409913, "confidence": 0.08679220857538625, "rclass": "11 11.5 11.5", "children": [{"smiles": "CC(C)=CCc1c(O)ccc(C(=O)[C@@H]2[C@@H](c3c(O)cc(-c4cc5ccc(O)cc5o4)cc3O)C=C(C)C[C@@H]2c2ccc(O)cc2O)c1O"}, {"smiles": "CCOC(C)=O"}]}, {"smiles": "CC(C)=CCc1c(O)ccc(C(=O)[C@@H]2[C@@H](c3c(O)cc(-c4cc5ccc(O)cc5o4)cc3O)C=C(C)C[C@@H]2c2ccc(O)cc2O)c1O", "bw_confidence": 0.0028527079443690494, "confidence": 0.02378471640660565, "rclass": "0 0 0", "children": [{"smiles": "CC(C)=CCc1c(O)ccc(C(=O)[C@@H]2[C@@H](c3c(O)cc(-c4cc5ccc(O)cc5o4)cc3O)C=C(C)C[C@@H]2c2ccc(O)cc2O)c1O"}, {"smiles": "Cc1ccccc1"}]}, {"smiles": "CC(C)=CCc1c(O)ccc(C(=O)[C@@H]2[C@@H](c3c(O)cc(-c4cc5ccc(O)cc5o4)cc3O)C=C(C)C[C@@H]2c2ccc(O)cc2O)c1O", "bw_confidence": 0.002761554385705943, "confidence": 0.04130044438924189, "rclass": "11 11.5 11.5", "children": [{"smiles": "CC(C)=CCc1c(O)ccc(C(=O)[C@@H]2[C@@H](c3c(O)cc(-c4cc5ccc(O)cc5o4)cc3O)C=C(C)C[C@@H]2c2ccc(O)cc2O)c1O"}, {"smiles": "CN(C)C=O"}]}, {"smiles": "CC(C)=CCc1c(O)ccc(C(=O)[C@@H]2[C@@H](c3c(O)cc(-c4cc5ccc(O)cc5o4)cc3O)C=C(C)C[C@@H]2c2ccc(O)cc2O)c1O", "bw_confidence": 0.0016844313216812278, "confidence": 0.0910146574544261, "rclass": "8 8.1 8.1.5", "children": [{"smiles": "CC(C)=CCc1c(O)ccc(C(=O)[C@@H]2[C@@H](c3c(O)cc(-c4cc5ccc(O)cc5o4)cc3O)C=C(C)C[C@@H]2c2ccc(O)cc2O)c1O"}, {"smiles": "ClCCl"}, {"smiles": "O=[Mn]=O"}]}], "chem_bw_confidence_list": [0.0627267884359891, 0.03874754664397256, 0.03110409393708111, 0.011496725802484493, 0.01053095483565816, 0.008124299459593006, 0.004987058398409913, 0.0028527079443690494, 0.002761554385705943, 0.0016844313216812278], "enzy_template_score_list": [0.5989491939544678, 0.05196864530444145, 0.05196864530444145, 0.05196864530444145, 0.05196864530444145, 0.05196864530444145, 0.05196864530444145, 0.02586267702281475, 0.02932397648692131, 0.02932397648692131, 0.02932397648692131, 0.02932397648692131, 0.02932397648692131, 0.02932397648692131, 0.009825936518609524], "enzy_result": [{"smiles": "CC1=C[C@H](c2c(O)cc(-c3cc4ccc(O)cc4o3)cc2O)[C@@H](C(=O)c2ccc(O)cc2O)[C@@H](c2ccc(O)cc2O)C1", "smiles_split": ["CC1=C[C@H](c2c(O)cc(-c3cc4ccc(O)cc4o3)cc2O)[C@@H](C(=O)c2ccc(O)cc2O)[C@@H](c2ccc(O)cc2O)C1"], "mapped_smiles": "[cH:6]1[c:7]([OH:8])[cH:9][cH:10][c:11]([C:12](=[O:13])[C@@H:14]2[C@@H:15]([c:16]3[c:17]([OH:18])[cH:19][c:20](-[c:21]4[cH:22][c:23]5[cH:24][cH:25][c:26]([OH:27])[cH:28][c:29]5[o:30]4)[cH:31][c:32]3[OH:33])[CH:34]=[C:35]([CH3:36])[CH2:37][C@@H:38]2[c:39]2[cH:40][cH:41][c:42]([OH:43])[cH:44][c:45]2[OH:46])[c:47]1[OH:48]", "reacting_atoms": [6], "template_id": "2bb9e1cbd18dda99861e1bef2fa3aa3f", "template_set": ["bkms", "bkms"], "num_examples": 19, "necessary_reagent": "[C]~[C]~[C](~[C])~[C]", "template_score": 0.5989491939544678, "rms_molwt": -580.1733324759998, "num_rings": -6, "plausibility": 1, "tforms": ["cb1ecd60fb19571f43dff99d4fab3112", "2bb9e1cbd18dda99861e1bef2fa3aa3f"], "rank": 1, "score": -1037.8787680511145}, {"smiles": "CC(C)=CCc1cc(C(=O)[C@@H]2[C@@H](c3c(O)cc(-c4cc5ccc(O)cc5o4)cc3O)C=C(C)C[C@@H]2c2ccc(O)cc2O)ccc1O", "smiles_split": ["CC(C)=CCc1cc(C(=O)[C@@H]2[C@@H](c3c(O)cc(-c4cc5ccc(O)cc5o4)cc3O)C=C(C)C[C@@H]2c2ccc(O)cc2O)ccc1O"], "mapped_smiles": "[CH3:1][C:2]([CH3:3])=[CH:4][CH2:5][c:6]1[c:7]([OH:8])[cH:9][cH:10][c:11]([C:12](=[O:13])[C@@H:14]2[C@@H:15]([c:16]3[c:17]([OH:18])[cH:19][c:20](-[c:21]4[cH:22][c:23]5[cH:24][cH:25][c:26]([OH:27])[cH:28][c:29]5[o:30]4)[cH:31][c:32]3[OH:33])[CH:34]=[C:35]([CH3:36])[CH2:37][C@@H:38]2[c:39]2[cH:40][cH:41][c:42]([OH:43])[cH:44][c:45]2[OH:46])[cH:47]1", "reacting_atoms": [47], "template_id": "3c2c4cfbcb3bcb992a014c1db6900c8d", "template_set": ["bkms", "bkms"], "num_examples": 217, "necessary_reagent": "[O]", "template_score": 0.05196864530444145, "rms_molwt": -632.241018112, "num_rings": -6, "plausibility": 1, "tforms": ["0196ec2e3c18d58f389aba8cf5ab4030", "3c2c4cfbcb3bcb992a014c1db6900c8d"], "rank": 2, "score": -13048.800231789794}, {"smiles": "CC(C)=CCc1c(O)ccc(C(=O)[C@@H]2[C@@H](c3c(O)cc(-c4cc5ccccc5o4)cc3O)C=C(C)C[C@@H]2c2ccc(O)cc2O)c1O", "smiles_split": ["CC(C)=CCc1c(O)ccc(C(=O)[C@@H]2[C@@H](c3c(O)cc(-c4cc5ccccc5o4)cc3O)C=C(C)C[C@@H]2c2ccc(O)cc2O)c1O"], "mapped_smiles": "[CH3:1][C:2]([CH3:3])=[CH:4][CH2:5][c:6]1[c:7]([OH:8])[cH:9][cH:10][c:11]([C:12](=[O:13])[C@@H:14]2[C@@H:15]([c:16]3[c:17]([OH:18])[cH:19][c:20](-[c:21]4[cH:22][c:23]5[cH:24][cH:25][cH:26][cH:28][c:29]5[o:30]4)[cH:31][c:32]3[OH:33])[CH:34]=[C:35]([CH3:36])[CH2:37][C@@H:38]2[c:39]2[cH:40][cH:41][c:42]([OH:43])[cH:44][c:45]2[OH:46])[c:47]1[OH:48]", "reacting_atoms": [26], "template_id": "3c2c4cfbcb3bcb992a014c1db6900c8d", "template_set": ["bkms", "bkms"], "num_examples": 211, "necessary_reagent": "[O]", "template_score": 0.05196864530444145, "rms_molwt": -632.241018112, "num_rings": -6, "plausibility": 1, "tforms": ["707a7ee9f88daa3e9e86cf844cd1e066", "3c2c4cfbcb3bcb992a014c1db6900c8d"], "rank": 3, "score": -13048.800231789794}, {"smiles": "CC(C)=CCc1c(O)ccc(C(=O)[C@@H]2[C@@H](c3c(O)cc(-c4cc5ccc(O)cc5o4)cc3O)C=C(C)C[C@@H]2c2ccc(O)cc2)c1O", "smiles_split": ["CC(C)=CCc1c(O)ccc(C(=O)[C@@H]2[C@@H](c3c(O)cc(-c4cc5ccc(O)cc5o4)cc3O)C=C(C)C[C@@H]2c2ccc(O)cc2)c1O"], "mapped_smiles": "[CH3:1][C:2]([CH3:3])=[CH:4][CH2:5][c:6]1[c:7]([OH:8])[cH:9][cH:10][c:11]([C:12](=[O:13])[C@@H:14]2[C@@H:15]([c:16]3[c:17]([OH:18])[cH:19][c:20](-[c:21]4[cH:22][c:23]5[cH:24][cH:25][c:26]([OH:27])[cH:28][c:29]5[o:30]4)[cH:31][c:32]3[OH:33])[CH:34]=[C:35]([CH3:36])[CH2:37][C@@H:38]2[c:39]2[cH:40][cH:41][c:42]([OH:43])[cH:44][cH:45]2)[c:47]1[OH:48]", "reacting_atoms": [45], "template_id": "3c2c4cfbcb3bcb992a014c1db6900c8d", "template_set": ["bkms"], "num_examples": 207, "necessary_reagent": "[O]", "template_score": 0.05196864530444145, "rms_molwt": -632.241018112, "num_rings": -6, "plausibility": 1, "tforms": ["3c2c4cfbcb3bcb992a014c1db6900c8d"], "rank": 4, "score": -13048.800231789794}, {"smiles": "CC(C)=CCc1c(O)ccc(C(=O)[C@@H]2[C@@H](c3c(O)cc(-c4cc5ccc(O)cc5o4)cc3O)C=C(C)C[C@@H]2c2ccccc2O)c1O", "smiles_split": ["CC(C)=CCc1c(O)ccc(C(=O)[C@@H]2[C@@H](c3c(O)cc(-c4cc5ccc(O)cc5o4)cc3O)C=C(C)C[C@@H]2c2ccccc2O)c1O"], "mapped_smiles": "[CH3:1][C:2]([CH3:3])=[CH:4][CH2:5][c:6]1[c:7]([OH:8])[cH:9][cH:10][c:11]([C:12](=[O:13])[C@@H:14]2[C@@H:15]([c:16]3[c:17]([OH:18])[cH:19][c:20](-[c:21]4[cH:22][c:23]5[cH:24][cH:25][c:26]([OH:27])[cH:28][c:29]5[o:30]4)[cH:31][c:32]3[OH:33])[CH:34]=[C:35]([CH3:36])[CH2:37][C@@H:38]2[c:39]2[cH:40][cH:41][cH:42][cH:44][c:45]2[OH:46])[c:47]1[OH:48]", "reacting_atoms": [42], "template_id": "3c2c4cfbcb3bcb992a014c1db6900c8d", "template_set": ["bkms"], "num_examples": 207, "necessary_reagent": "[O]", "template_score": 0.05196864530444145, "rms_molwt": -632.241018112, "num_rings": -6, "plausibility": 1, "tforms": ["3c2c4cfbcb3bcb992a014c1db6900c8d"], "rank": 5, "score": -13048.800231789794}, {"smiles": "CC(C)=CCc1cccc(C(=O)[C@@H]2[C@@H](c3c(O)cc(-c4cc5ccc(O)cc5o4)cc3O)C=C(C)C[C@@H]2c2ccc(O)cc2O)c1O", "smiles_split": ["CC(C)=CCc1cccc(C(=O)[C@@H]2[C@@H](c3c(O)cc(-c4cc5ccc(O)cc5o4)cc3O)C=C(C)C[C@@H]2c2ccc(O)cc2O)c1O"], "mapped_smiles": "[CH3:1][C:2]([CH3:3])=[CH:4][CH2:5][c:6]1[cH:7][cH:9][cH:10][c:11]([C:12](=[O:13])[C@@H:14]2[C@@H:15]([c:16]3[c:17]([OH:18])[cH:19][c:20](-[c:21]4[cH:22][c:23]5[cH:24][cH:25][c:26]([OH:27])[cH:28][c:29]5[o:30]4)[cH:31][c:32]3[OH:33])[CH:34]=[C:35]([CH3:36])[CH2:37][C@@H:38]2[c:39]2[cH:40][cH:41][c:42]([OH:43])[cH:44][c:45]2[OH:46])[c:47]1[OH:48]", "reacting_atoms": [7], "template_id": "3c2c4cfbcb3bcb992a014c1db6900c8d", "template_set": ["bkms"], "num_examples": 207, "necessary_reagent": "[O]", "template_score": 0.05196864530444145, "rms_molwt": -632.241018112, "num_rings": -6, "plausibility": 1, "tforms": ["3c2c4cfbcb3bcb992a014c1db6900c8d"], "rank": 6, "score": -13048.800231789794}, {"smiles": "CC(C)=CCc1c(O)ccc(C(=O)[C@@H]2[C@@H](c3ccc(-c4cc5ccc(O)cc5o4)cc3O)C=C(C)C[C@@H]2c2ccc(O)cc2O)c1O", "smiles_split": ["CC(C)=CCc1c(O)ccc(C(=O)[C@@H]2[C@@H](c3ccc(-c4cc5ccc(O)cc5o4)cc3O)C=C(C)C[C@@H]2c2ccc(O)cc2O)c1O"], "mapped_smiles": "[CH3:1][C:2]([CH3:3])=[CH:4][CH2:5][c:6]1[c:7]([OH:8])[cH:9][cH:10][c:11]([C:12](=[O:13])[C@@H:14]2[C@@H:15]([c:16]3[c:17]([OH:18])[cH:19][c:20](-[c:21]4[cH:22][c:23]5[cH:24][cH:25][c:26]([OH:27])[cH:28][c:29]5[o:30]4)[cH:31][cH:32]3)[CH:34]=[C:35]([CH3:36])[CH2:37][C@@H:38]2[c:39]2[cH:40][cH:41][c:42]([OH:43])[cH:44][c:45]2[OH:46])[c:47]1[OH:48]", "reacting_atoms": [32], "template_id": "3c2c4cfbcb3bcb992a014c1db6900c8d", "template_set": ["bkms"], "num_examples": 207, "necessary_reagent": "[O]", "template_score": 0.05196864530444145, "rms_molwt": -632.241018112, "num_rings": -6, "plausibility": 1, "tforms": ["3c2c4cfbcb3bcb992a014c1db6900c8d"], "rank": 7, "score": -13048.800231789794}, {"smiles": "CC1=C[C@H](c2c(O)cc(-c3cc4ccc(O)cc4o3)cc2O)[C@@H](C(=O)c2ccc(O)c(CCC(C)(C)O)c2O)[C@@H](c2ccc(O)cc2O)C1", "smiles_split": ["CC1=C[C@H](c2c(O)cc(-c3cc4ccc(O)cc4o3)cc2O)[C@@H](C(=O)c2ccc(O)c(CCC(C)(C)O)c2O)[C@@H](c2ccc(O)cc2O)C1"], "mapped_smiles": "[CH3:1][C:2]([CH3:3])([CH2:4][CH2:5][c:6]1[c:7]([OH:8])[cH:9][cH:10][c:11]([C:12](=[O:13])[C@@H:14]2[C@@H:15]([c:16]3[c:17]([OH:18])[cH:19][c:20](-[c:21]4[cH:22][c:23]5[cH:24][cH:25][c:26]([OH:27])[cH:28][c:29]5[o:30]4)[cH:31][c:32]3[OH:33])[CH:34]=[C:35]([CH3:36])[CH2:37][C@@H:38]2[c:39]2[cH:40][cH:41][c:42]([OH:43])[cH:44][c:45]2[OH:46])[c:47]1[OH:48])[OH:900]", "reacting_atoms": [2, 4], "template_id": "c8264e7a8f4c4c909418034a2b075d1c", "template_set": ["bkms", "bkms"], "num_examples": 11, "necessary_reagent": "", "template_score": 0.02586267702281475, "rms_molwt": -666.2464974159999, "num_rings": -6, "plausibility": 1, "tforms": ["11e40b1630d46a2375d4b72cea1bf9fc", "c8264e7a8f4c4c909418034a2b075d1c"], "rank": 8, "score": -27788.961592131425}, {"smiles": "CC(C)=CCc1c(O[C@@H]2O[C@H](CO)[C@@H](O)[C@H](O)[C@H]2O)ccc(C(=O)[C@@H]2[C@@H](c3c(O)cc(-c4cc5ccc(O)cc5o4)cc3O)C=C(C)C[C@@H]2c2ccc(O)cc2O)c1O", "smiles_split": ["CC(C)=CCc1c(O[C@@H]2O[C@H](CO)[C@@H](O)[C@H](O)[C@H]2O)ccc(C(=O)[C@@H]2[C@@H](c3c(O)cc(-c4cc5ccc(O)cc5o4)cc3O)C=C(C)C[C@@H]2c2ccc(O)cc2O)c1O"], "mapped_smiles": "[CH3:1][C:2]([CH3:3])=[CH:4][CH2:5][c:6]1[c:7]([O:8][C@@H:904]2[O:903][C@H:902]([CH2:901][OH:900])[C@@H:909]([OH:910])[C@H:907]([OH:908])[C@H:905]2[OH:906])[cH:9][cH:10][c:11]([C:12](=[O:13])[C@@H:14]2[C@@H:15]([c:16]3[c:17]([OH:18])[cH:19][c:20](-[c:21]4[cH:22][c:23]5[cH:24][cH:25][c:26]([OH:27])[cH:28][c:29]5[o:30]4)[cH:31][c:32]3[OH:33])[CH:34]=[C:35]([CH3:36])[CH2:37][C@@H:38]2[c:39]2[cH:40][cH:41][c:42]([OH:43])[cH:44][c:45]2[OH:46])[c:47]1[OH:48]", "reacting_atoms": [8], "template_id": "f0188a61a7d798559e3dd775fb7ce3ce", "template_set": ["bkms"], "num_examples": 38, "necessary_reagent": "", "template_score": 0.02932397648692131, "rms_molwt": -810.2887561520001, "num_rings": -7, "plausibility": 1, "tforms": ["f0188a61a7d798559e3dd775fb7ce3ce"], "rank": 9, "score": -36691.62734835868}, {"smiles": "CC(C)=CCc1c(O)ccc(C(=O)[C@@H]2[C@@H](c3c(O)cc(-c4cc5ccc(O[C@@H]6O[C@H](CO)[C@@H](O)[C@H](O)[C@H]6O)cc5o4)cc3O)C=C(C)C[C@@H]2c2ccc(O)cc2O)c1O", "smiles_split": ["CC(C)=CCc1c(O)ccc(C(=O)[C@@H]2[C@@H](c3c(O)cc(-c4cc5ccc(O[C@@H]6O[C@H](CO)[C@@H](O)[C@H](O)[C@H]6O)cc5o4)cc3O)C=C(C)C[C@@H]2c2ccc(O)cc2O)c1O"], "mapped_smiles": "[CH3:1][C:2]([CH3:3])=[CH:4][CH2:5][c:6]1[c:7]([OH:8])[cH:9][cH:10][c:11]([C:12](=[O:13])[C@@H:14]2[C@@H:15]([c:16]3[c:17]([OH:18])[cH:19][c:20](-[c:21]4[cH:22][c:23]5[cH:24][cH:25][c:26]([O:27][C@@H:904]6[O:903][C@H:902]([CH2:901][OH:900])[C@@H:909]([OH:910])[C@H:907]([OH:908])[C@H:905]6[OH:906])[cH:28][c:29]5[o:30]4)[cH:31][c:32]3[OH:33])[CH:34]=[C:35]([CH3:36])[CH2:37][C@@H:38]2[c:39]2[cH:40][cH:41][c:42]([OH:43])[cH:44][c:45]2[OH:46])[c:47]1[OH:48]", "reacting_atoms": [27], "template_id": "f0188a61a7d798559e3dd775fb7ce3ce", "template_set": ["bkms"], "num_examples": 38, "necessary_reagent": "", "template_score": 0.02932397648692131, "rms_molwt": -810.288756152, "num_rings": -7, "plausibility": 1, "tforms": ["f0188a61a7d798559e3dd775fb7ce3ce"], "rank": 10, "score": -36691.62734835868}, {"smiles": "CC(C)=CCc1c(O)ccc(C(=O)[C@@H]2[C@@H](c3c(O)cc(-c4cc5ccc(O)cc5o4)cc3O[C@@H]3O[C@H](CO)[C@@H](O)[C@H](O)[C@H]3O)C=C(C)C[C@@H]2c2ccc(O)cc2O)c1O", "smiles_split": ["CC(C)=CCc1c(O)ccc(C(=O)[C@@H]2[C@@H](c3c(O)cc(-c4cc5ccc(O)cc5o4)cc3O[C@@H]3O[C@H](CO)[C@@H](O)[C@H](O)[C@H]3O)C=C(C)C[C@@H]2c2ccc(O)cc2O)c1O"], "mapped_smiles": "[CH3:1][C:2]([CH3:3])=[CH:4][CH2:5][c:6]1[c:7]([OH:8])[cH:9][cH:10][c:11]([C:12](=[O:13])[C@@H:14]2[C@@H:15]([c:16]3[c:17]([OH:18])[cH:19][c:20](-[c:21]4[cH:22][c:23]5[cH:24][cH:25][c:26]([OH:27])[cH:28][c:29]5[o:30]4)[cH:31][c:32]3[O:33][C@@H:904]3[O:903][C@H:902]([CH2:901][OH:900])[C@@H:909]([OH:910])[C@H:907]([OH:908])[C@H:905]3[OH:906])[CH:34]=[C:35]([CH3:36])[CH2:37][C@@H:38]2[c:39]2[cH:40][cH:41][c:42]([OH:43])[cH:44][c:45]2[OH:46])[c:47]1[OH:48]", "reacting_atoms": [33], "template_id": "f0188a61a7d798559e3dd775fb7ce3ce", "template_set": ["bkms"], "num_examples": 38, "necessary_reagent": "", "template_score": 0.02932397648692131, "rms_molwt": -810.288756152, "num_rings": -7, "plausibility": 1, "tforms": ["f0188a61a7d798559e3dd775fb7ce3ce"], "rank": 11, "score": -36691.62734835868}, {"smiles": "CC(C)=CCc1c(O)ccc(C(=O)[C@@H]2[C@@H](c3c(O)cc(-c4cc5ccc(O)cc5o4)cc3O)C=C(C)C[C@@H]2c2ccc(O)cc2O[C@@H]2O[C@H](CO)[C@@H](O)[C@H](O)[C@H]2O)c1O", "smiles_split": ["CC(C)=CCc1c(O)ccc(C(=O)[C@@H]2[C@@H](c3c(O)cc(-c4cc5ccc(O)cc5o4)cc3O)C=C(C)C[C@@H]2c2ccc(O)cc2O[C@@H]2O[C@H](CO)[C@@H](O)[C@H](O)[C@H]2O)c1O"], "mapped_smiles": "[CH3:1][C:2]([CH3:3])=[CH:4][CH2:5][c:6]1[c:7]([OH:8])[cH:9][cH:10][c:11]([C:12](=[O:13])[C@@H:14]2[C@@H:15]([c:16]3[c:17]([OH:18])[cH:19][c:20](-[c:21]4[cH:22][c:23]5[cH:24][cH:25][c:26]([OH:27])[cH:28][c:29]5[o:30]4)[cH:31][c:32]3[OH:33])[CH:34]=[C:35]([CH3:36])[CH2:37][C@@H:38]2[c:39]2[cH:40][cH:41][c:42]([OH:43])[cH:44][c:45]2[O:46][C@@H:904]2[O:903][C@H:902]([CH2:901][OH:900])[C@@H:909]([OH:910])[C@H:907]([OH:908])[C@H:905]2[OH:906])[c:47]1[OH:48]", "reacting_atoms": [46], "template_id": "f0188a61a7d798559e3dd775fb7ce3ce", "template_set": ["bkms"], "num_examples": 38, "necessary_reagent": "", "template_score": 0.02932397648692131, "rms_molwt": -810.2887561520002, "num_rings": -7, "plausibility": 1, "tforms": ["f0188a61a7d798559e3dd775fb7ce3ce"], "rank": 12, "score": -36691.62734835868}, {"smiles": "CC(C)=CCc1c(O)ccc(C(=O)[C@@H]2[C@@H](c3c(O)cc(-c4cc5ccc(O)cc5o4)cc3O)C=C(C)C[C@@H]2c2ccc(O)cc2O)c1O[C@@H]1O[C@H](CO)[C@@H](O)[C@H](O)[C@H]1O", "smiles_split": ["CC(C)=CCc1c(O)ccc(C(=O)[C@@H]2[C@@H](c3c(O)cc(-c4cc5ccc(O)cc5o4)cc3O)C=C(C)C[C@@H]2c2ccc(O)cc2O)c1O[C@@H]1O[C@H](CO)[C@@H](O)[C@H](O)[C@H]1O"], "mapped_smiles": "[CH3:1][C:2]([CH3:3])=[CH:4][CH2:5][c:6]1[c:7]([OH:8])[cH:9][cH:10][c:11]([C:12](=[O:13])[C@@H:14]2[C@@H:15]([c:16]3[c:17]([OH:18])[cH:19][c:20](-[c:21]4[cH:22][c:23]5[cH:24][cH:25][c:26]([OH:27])[cH:28][c:29]5[o:30]4)[cH:31][c:32]3[OH:33])[CH:34]=[C:35]([CH3:36])[CH2:37][C@@H:38]2[c:39]2[cH:40][cH:41][c:42]([OH:43])[cH:44][c:45]2[OH:46])[c:47]1[O:48][C@@H:904]1[O:903][C@H:902]([CH2:901][OH:900])[C@@H:909]([OH:910])[C@H:907]([OH:908])[C@H:905]1[OH:906]", "reacting_atoms": [48], "template_id": "f0188a61a7d798559e3dd775fb7ce3ce", "template_set": ["bkms"], "num_examples": 38, "necessary_reagent": "", "template_score": 0.02932397648692131, "rms_molwt": -810.2887561520002, "num_rings": -7, "plausibility": 1, "tforms": ["f0188a61a7d798559e3dd775fb7ce3ce"], "rank": 13, "score": -36691.62734835868}, {"smiles": "CC(C)=CCc1c(O)ccc(C(=O)[C@@H]2[C@@H](c3c(O)cc(-c4cc5ccc(O)cc5o4)cc3O)C=C(C)C[C@@H]2c2ccc(O[C@@H]3O[C@H](CO)[C@@H](O)[C@H](O)[C@H]3O)cc2O)c1O", "smiles_split": ["CC(C)=CCc1c(O)ccc(C(=O)[C@@H]2[C@@H](c3c(O)cc(-c4cc5ccc(O)cc5o4)cc3O)C=C(C)C[C@@H]2c2ccc(O[C@@H]3O[C@H](CO)[C@@H](O)[C@H](O)[C@H]3O)cc2O)c1O"], "mapped_smiles": "[CH3:1][C:2]([CH3:3])=[CH:4][CH2:5][c:6]1[c:7]([OH:8])[cH:9][cH:10][c:11]([C:12](=[O:13])[C@@H:14]2[C@@H:15]([c:16]3[c:17]([OH:18])[cH:19][c:20](-[c:21]4[cH:22][c:23]5[cH:24][cH:25][c:26]([OH:27])[cH:28][c:29]5[o:30]4)[cH:31][c:32]3[OH:33])[CH:34]=[C:35]([CH3:36])[CH2:37][C@@H:38]2[c:39]2[cH:40][cH:41][c:42]([O:43][C@@H:904]3[O:903][C@H:902]([CH2:901][OH:900])[C@@H:909]([OH:910])[C@H:907]([OH:908])[C@H:905]3[OH:906])[cH:44][c:45]2[OH:46])[c:47]1[OH:48]", "reacting_atoms": [43], "template_id": "f0188a61a7d798559e3dd775fb7ce3ce", "template_set": ["bkms"], "num_examples": 38, "necessary_reagent": "", "template_score": 0.02932397648692131, "rms_molwt": -810.2887561520002, "num_rings": -7, "plausibility": 1, "tforms": ["f0188a61a7d798559e3dd775fb7ce3ce"], "rank": 14, "score": -36691.62734835868}, {"smiles": "COc1c(C(=O)[C@@H]2[C@@H](c3c(O)cc(-c4cc5ccc(O)cc5o4)cc3O)C=C(C)C[C@@H]2c2ccc(O)cc2O)ccc(O)c1CC=C(C)C", "smiles_split": ["COc1c(C(=O)[C@@H]2[C@@H](c3c(O)cc(-c4cc5ccc(O)cc5o4)cc3O)C=C(C)C[C@@H]2c2ccc(O)cc2O)ccc(O)c1CC=C(C)C"], "mapped_smiles": "[CH3:1][C:2]([CH3:3])=[CH:4][CH2:5][c:6]1[c:7]([OH:8])[cH:9][cH:10][c:11]([C:12](=[O:13])[C@@H:14]2[C@@H:15]([c:16]3[c:17]([OH:18])[cH:19][c:20](-[c:21]4[cH:22][c:23]5[cH:24][cH:25][c:26]([OH:27])[cH:28][c:29]5[o:30]4)[cH:31][c:32]3[OH:33])[CH:34]=[C:35]([CH3:36])[CH2:37][C@@H:38]2[c:39]2[cH:40][cH:41][c:42]([OH:43])[cH:44][c:45]2[OH:46])[c:47]1[O:48][CH3:900]", "reacting_atoms": [48], "template_id": "c11dbf440d2e73a73293e1875c2ee134", "template_set": ["bkms"], "num_examples": 59, "necessary_reagent": "", "template_score": 0.009825936518609524, "rms_molwt": -662.251582796, "num_rings": -6, "plausibility": 1, "tforms": ["c11dbf440d2e73a73293e1875c2ee134"], "rank": 15, "score": -73142.84364605304}]}