{"smiles": "COc1ccc(-c2coc3cc(O[C@H]4O[C@@H](CO)[C@H](O)[C@@H](O)[C@@H]4O)cc(O)c3c2=O)cc1", "sfscore": [0.4075256288051605, 0.6519848704338074], "chem_result": [{"smiles": "COc1ccc(-c2coc3cc(O[C@H]4O[C@@H](CO)[C@H](O)[C@@H](O)[C@@H]4O)cc(O)c3c2=O)cc1", "bw_confidence": 0.1069620192902362, "confidence": 0.899003903331756, "rclass": "6 6.3 6.3.6", "children": [{"smiles": "CO"}, {"smiles": "COc1ccc(-c2coc3cc(O[C@H]4O[C@@H](COC(C)=O)[C@H](OC(C)=O)[C@@H](OC(C)=O)[C@@H]4OC(C)=O)cc(O)c3c2=O)cc1"}, {"smiles": "C[O-]~[Na+]"}]}, {"smiles": "COc1ccc(-c2coc3cc(O[C@H]4O[C@@H](CO)[C@H](O)[C@@H](O)[C@@H]4O)cc(O)c3c2=O)cc1", "bw_confidence": 0.07227380055926015, "confidence": 0.8994553681913979, "rclass": "3 3.1 3.1.7", "children": [{"smiles": "COc1ccc(B(O)O)cc1"}, {"smiles": "O=c1c(I)coc2cc(O[C@H]3O[C@@H](CO)[C@H](O)[C@@H](O)[C@@H]3O)cc(O)c12"}]}, {"smiles": "COc1ccc(-c2coc3cc(O[C@H]4O[C@@H](CO)[C@H](O)[C@@H](O)[C@@H]4O)cc(O)c3c2=O)cc1", "bw_confidence": 0.030004197521300097, "confidence": 0.14272851341353296, "rclass": "1 1.7 1.7.11", "children": [{"smiles": "COc1ccc(-c2coc3cc(F)cc(O)c3c2=O)cc1"}, {"smiles": "OC[C@H]1O[C@H](O)[C@@H](O)[C@H](O)[C@H]1O"}]}, {"smiles": "COc1ccc(-c2coc3cc(O[C@H]4O[C@@H](CO)[C@H](O)[C@@H](O)[C@@H]4O)cc(O)c3c2=O)cc1", "bw_confidence": 0.024725246559293867, "confidence": 0.5906122708926677, "rclass": "0 0 0", "children": [{"smiles": "CC(=O)OC[C@H]1O[C@H](Oc2cc(O)c3c(=O)c(-c4ccc(O)cc4)coc3c2)[C@@H](OC(C)=O)[C@H](OC(C)=O)[C@H]1OC(C)=O"}, {"smiles": "CO"}, {"smiles": "C[O-]~[Na+]"}]}, {"smiles": "COc1ccc(-c2coc3cc(O[C@H]4O[C@@H](CO)[C@H](O)[C@@H](O)[C@@H]4O)cc(O)c3c2=O)cc1", "bw_confidence": 0.022015273427237577, "confidence": 0.9181112286662971, "rclass": "6 6.3 6.3.17", "children": [{"smiles": "CO"}, {"smiles": "COc1ccc(-c2coc3cc(O[C@H]4O[C@@H](COC(=O)c5ccccc5)[C@H](OC(=O)c5ccccc5)[C@@H](OC(=O)c5ccccc5)[C@@H]4OC(=O)c4ccccc4)cc(O)c3c2=O)cc1"}, {"smiles": "C[O-]~[Na+]"}]}, {"smiles": "COc1ccc(-c2coc3cc(O[C@H]4O[C@@H](CO)[C@H](O)[C@@H](O)[C@@H]4O)cc(O)c3c2=O)cc1", "bw_confidence": 0.015956319002895725, "confidence": 0.8751629062222855, "rclass": "0 0 0", "children": [{"smiles": "CN(C)C=O"}, {"smiles": "COC(OC)N(C)C"}, {"smiles": "COc1ccc(CC(=O)c2c(O)cc(O[C@H]3O[C@@H](CO)[C@H](O)[C@@H](O)[C@@H]3O)cc2O)cc1"}]}, {"smiles": "COc1ccc(-c2coc3cc(O[C@H]4O[C@@H](CO)[C@H](O)[C@@H](O)[C@@H]4O)cc(O)c3c2=O)cc1", "bw_confidence": 0.013609586323118813, "confidence": 0.875743668600754, "rclass": "6 6.3 6.3.6", "children": [{"smiles": "COc1ccc(-c2coc3cc(O[C@H]4O[C@@H](COC(C)=O)[C@H](OC(C)=O)[C@@H](OC(C)=O)[C@@H]4OC(C)=O)cc(O)c3c2=O)cc1"}, {"smiles": "C[O-]~[Na+]"}]}, {"smiles": "COc1ccc(-c2coc3cc(O[C@H]4O[C@@H](CO)[C@H](O)[C@@H](O)[C@@H]4O)cc(O)c3c2=O)cc1", "bw_confidence": 0.00589920085818399, "confidence": 0.20812462394963613, "rclass": "11 11.5 11.5", "children": [{"smiles": "CO"}, {"smiles": "COc1ccc(-c2coc3cc(O[C@H]4O[C@@H](CO)[C@H](O)[C@@H](O)[C@@H]4O)cc(O)c3c2=O)cc1"}]}], "chem_bw_confidence_list": [0.1069620192902362, 0.07227380055926015, 0.030004197521300097, 0.024725246559293867, 0.022015273427237577, 0.015956319002895725, 0.013609586323118813, 0.00589920085818399], "enzy_template_score_list": [0.0007755081169307232, 0.013725134544074535, 0.608502209186554, 0.608502209186554, 0.608502209186554, 0.608502209186554, 0.14482316374778748, 0.06113005802035332, 0.06113005802035332, 0.06113005802035332, 0.06113005802035332, 0.02712162770330906, 0.010716735385358334, 0.0065058269537985325, 0.006759778596460819], "enzy_result": [{"smiles": "COc1ccc(-c2coc3cc(O)cc(O)c3c2=O)cc1.OC[C@@H]1OC(O)[C@@H](O)[C@H](O)[C@H]1O", "smiles_split": ["COc1ccc(-c2coc3cc(O)cc(O)c3c2=O)cc1", "OC[C@@H]1OC(O)[C@@H](O)[C@H](O)[C@H]1O"], "mapped_smiles": "[CH3:1][O:2][c:3]1[cH:4][cH:5][c:6](-[c:7]2[cH:8][o:9][c:10]3[cH:11][c:12]([OH:13])[cH:25][c:26]([OH:27])[c:28]3[c:29]2=[O:30])[cH:31][cH:32]1.[CH:14]1([OH:900])[O:15][C@@H:16]([CH2:17][OH:18])[C@H:19]([OH:20])[C@@H:21]([OH:22])[C@@H:23]1[OH:24]", "reacting_atoms": [14, 13], "template_id": "eee4f3ffeb59c84405247986d3d9b1cb", "template_set": ["bkms", "bkms"], "num_examples": 6, "necessary_reagent": "", "template_score": 0.0007755081169307232, "rms_molwt": -237.8210686241042, "num_rings": -4, "plausibility": 1, "tforms": ["eee4f3ffeb59c84405247986d3d9b1cb", "cc4cb191396caa2d9689f115944d93d7"], "rank": 1, "score": -72.21072065839193}, {"smiles": "O=c1c(-c2ccc(O)cc2)coc2cc(O)cc(O)c12.OC[C@@H]1OC(O)[C@@H](O)[C@H](O)[C@H]1O", "smiles_split": ["O=c1c(-c2ccc(O)cc2)coc2cc(O)cc(O)c12", "OC[C@@H]1OC(O)[C@@H](O)[C@H](O)[C@H]1O"], "mapped_smiles": "[CH:14]1([OH:900])[O:15][C@@H:16]([CH2:17][OH:18])[C@H:19]([OH:20])[C@@H:21]([OH:22])[C@@H:23]1[OH:24].[OH:2][c:3]1[cH:4][cH:5][c:6](-[c:7]2[cH:8][o:9][c:10]3[cH:11][c:12]([OH:13])[cH:25][c:26]([OH:27])[c:28]3[c:29]2=[O:30])[cH:31][cH:32]1", "reacting_atoms": [14, 13, 2], "template_id": "82f1add9a454e1c3c4079e6c90928a25", "template_set": ["bkms"], "num_examples": 1, "necessary_reagent": "[C]", "template_score": 0.013725134544074535, "rms_molwt": -229.5118201450695, "num_rings": -4, "plausibility": 1, "tforms": ["82f1add9a454e1c3c4079e6c90928a25"], "rank": 2, "score": -76.42912327244748}, {"smiles": "COc1ccc(-c2coc3cc(O[C@H]4O[C@@H](CO)[C@H](O)[C@@H](OC(=O)CC(=O)O)[C@@H]4O)cc(O)c3c2=O)cc1", "smiles_split": ["COc1ccc(-c2coc3cc(O[C@H]4O[C@@H](CO)[C@H](O)[C@@H](OC(=O)CC(=O)O)[C@@H]4O)cc(O)c3c2=O)cc1"], "mapped_smiles": "[CH3:1][O:2][c:3]1[cH:4][cH:5][c:6](-[c:7]2[cH:8][o:9][c:10]3[cH:11][c:12]([O:13][C@H:14]4[O:15][C@@H:16]([CH2:17][OH:18])[C@H:19]([OH:20])[C@@H:21]([O:22][C:904]([CH2:903][C:901]([OH:900])=[O:902])=[O:905])[C@@H:23]4[OH:24])[cH:25][c:26]([OH:27])[c:28]3[c:29]2=[O:30])[cH:31][cH:32]1", "reacting_atoms": [22, 21], "template_id": "68dcba590fd2f11581e0c0900147fbd9", "template_set": ["bkms"], "num_examples": 9, "necessary_reagent": "", "template_score": 0.608502209186554, "rms_molwt": -532.1216908279998, "num_rings": -4, "plausibility": 1, "tforms": ["68dcba590fd2f11581e0c0900147fbd9"], "rank": 3, "score": -876.2374148076029}, {"smiles": "COc1ccc(-c2coc3cc(O[C@H]4O[C@@H](COC(=O)CC(=O)O)[C@H](O)[C@@H](O)[C@@H]4O)cc(O)c3c2=O)cc1", "smiles_split": ["COc1ccc(-c2coc3cc(O[C@H]4O[C@@H](COC(=O)CC(=O)O)[C@H](O)[C@@H](O)[C@@H]4O)cc(O)c3c2=O)cc1"], "mapped_smiles": "[CH3:1][O:2][c:3]1[cH:4][cH:5][c:6](-[c:7]2[cH:8][o:9][c:10]3[cH:11][c:12]([O:13][C@H:14]4[O:15][C@@H:16]([CH2:17][O:18][C:904]([CH2:903][C:901]([OH:900])=[O:902])=[O:905])[C@H:19]([OH:20])[C@@H:21]([OH:22])[C@@H:23]4[OH:24])[cH:25][c:26]([OH:27])[c:28]3[c:29]2=[O:30])[cH:31][cH:32]1", "reacting_atoms": [18], "template_id": "68dcba590fd2f11581e0c0900147fbd9", "template_set": ["bkms"], "num_examples": 9, "necessary_reagent": "", "template_score": 0.608502209186554, "rms_molwt": -532.1216908279998, "num_rings": -4, "plausibility": 1, "tforms": ["68dcba590fd2f11581e0c0900147fbd9"], "rank": 4, "score": -876.2374148076029}, {"smiles": "COc1ccc(-c2coc3cc(O[C@H]4O[C@@H](CO)[C@H](OC(=O)CC(=O)O)[C@@H](O)[C@@H]4O)cc(O)c3c2=O)cc1", "smiles_split": ["COc1ccc(-c2coc3cc(O[C@H]4O[C@@H](CO)[C@H](OC(=O)CC(=O)O)[C@@H](O)[C@@H]4O)cc(O)c3c2=O)cc1"], "mapped_smiles": "[CH3:1][O:2][c:3]1[cH:4][cH:5][c:6](-[c:7]2[cH:8][o:9][c:10]3[cH:11][c:12]([O:13][C@H:14]4[O:15][C@@H:16]([CH2:17][OH:18])[C@H:19]([O:20][C:904]([CH2:903][C:901]([OH:900])=[O:902])=[O:905])[C@@H:21]([OH:22])[C@@H:23]4[OH:24])[cH:25][c:26]([OH:27])[c:28]3[c:29]2=[O:30])[cH:31][cH:32]1", "reacting_atoms": [20, 19], "template_id": "68dcba590fd2f11581e0c0900147fbd9", "template_set": ["bkms"], "num_examples": 9, "necessary_reagent": "", "template_score": 0.608502209186554, "rms_molwt": -532.1216908279998, "num_rings": -4, "plausibility": 1, "tforms": ["68dcba590fd2f11581e0c0900147fbd9"], "rank": 5, "score": -876.2374148076029}, {"smiles": "COc1ccc(-c2coc3cc(O[C@H]4O[C@@H](CO)[C@H](O)[C@@H](O)[C@@H]4OC(=O)CC(=O)O)cc(O)c3c2=O)cc1", "smiles_split": ["COc1ccc(-c2coc3cc(O[C@H]4O[C@@H](CO)[C@H](O)[C@@H](O)[C@@H]4OC(=O)CC(=O)O)cc(O)c3c2=O)cc1"], "mapped_smiles": "[CH3:1][O:2][c:3]1[cH:4][cH:5][c:6](-[c:7]2[cH:8][o:9][c:10]3[cH:11][c:12]([O:13][C@H:14]4[O:15][C@@H:16]([CH2:17][OH:18])[C@H:19]([OH:20])[C@@H:21]([OH:22])[C@@H:23]4[O:24][C:904]([CH2:903][C:901]([OH:900])=[O:902])=[O:905])[cH:25][c:26]([OH:27])[c:28]3[c:29]2=[O:30])[cH:31][cH:32]1", "reacting_atoms": [24, 23], "template_id": "68dcba590fd2f11581e0c0900147fbd9", "template_set": ["bkms"], "num_examples": 9, "necessary_reagent": "", "template_score": 0.608502209186554, "rms_molwt": -532.1216908279998, "num_rings": -4, "plausibility": 1, "tforms": ["68dcba590fd2f11581e0c0900147fbd9"], "rank": 6, "score": -876.2374148076029}, {"smiles": "O=c1c(-c2ccc(O)cc2)coc2cc(O[C@H]3O[C@@H](CO)[C@H](O)[C@@H](O)[C@@H]3O)cc(O)c12", "smiles_split": ["O=c1c(-c2ccc(O)cc2)coc2cc(O[C@H]3O[C@@H](CO)[C@H](O)[C@@H](O)[C@@H]3O)cc(O)c12"], "mapped_smiles": "[OH:2][c:3]1[cH:4][cH:5][c:6](-[c:7]2[cH:8][o:9][c:10]3[cH:11][c:12]([O:13][C@H:14]4[O:15][C@@H:16]([CH2:17][OH:18])[C@H:19]([OH:20])[C@@H:21]([OH:22])[C@@H:23]4[OH:24])[cH:25][c:26]([OH:27])[c:28]3[c:29]2=[O:30])[cH:31][cH:32]1", "reacting_atoms": [2], "template_id": "e0e2b378d623262efad3f5cff831b758", "template_set": ["bkms"], "num_examples": 223, "necessary_reagent": "[C]", "template_score": 0.14482316374778748, "rms_molwt": -432.1056468399999, "num_rings": -4, "plausibility": 1, "tforms": ["e0e2b378d623262efad3f5cff831b758"], "rank": 7, "score": -2837.2417665709077}, {"smiles": "COc1ccc(-c2coc3cc(O[C@H]4O[C@@H](CO)[C@H](O)[C@@H](O)[C@@H]4OP(=O)(O)O)cc(O)c3c2=O)cc1", "smiles_split": ["COc1ccc(-c2coc3cc(O[C@H]4O[C@@H](CO)[C@H](O)[C@@H](O)[C@@H]4OP(=O)(O)O)cc(O)c3c2=O)cc1"], "mapped_smiles": "[CH3:1][O:2][c:3]1[cH:4][cH:5][c:6](-[c:7]2[cH:8][o:9][c:10]3[cH:11][c:12]([O:13][C@H:14]4[O:15][C@@H:16]([CH2:17][OH:18])[C@H:19]([OH:20])[C@@H:21]([OH:22])[C@@H:23]4[O:24][P:901]([OH:900])([OH:902])=[O:903])[cH:25][c:26]([OH:27])[c:28]3[c:29]2=[O:30])[cH:31][cH:32]1", "reacting_atoms": [24, 23], "template_id": "65bf7618263ef0544bfb3455ab5e0cbc", "template_set": ["bkms"], "num_examples": 167, "necessary_reagent": "", "template_score": 0.06113005802035332, "rms_molwt": -526.0876274259998, "num_rings": -4, "plausibility": 1, "tforms": ["65bf7618263ef0544bfb3455ab5e0cbc"], "rank": 8, "score": -8125.248928952812}, {"smiles": "COc1ccc(-c2coc3cc(O[C@H]4O[C@@H](CO)[C@H](O)[C@@H](OP(=O)(O)O)[C@@H]4O)cc(O)c3c2=O)cc1", "smiles_split": ["COc1ccc(-c2coc3cc(O[C@H]4O[C@@H](CO)[C@H](O)[C@@H](OP(=O)(O)O)[C@@H]4O)cc(O)c3c2=O)cc1"], "mapped_smiles": "[CH3:1][O:2][c:3]1[cH:4][cH:5][c:6](-[c:7]2[cH:8][o:9][c:10]3[cH:11][c:12]([O:13][C@H:14]4[O:15][C@@H:16]([CH2:17][OH:18])[C@H:19]([OH:20])[C@@H:21]([O:22][P:901]([OH:900])([OH:902])=[O:903])[C@@H:23]4[OH:24])[cH:25][c:26]([OH:27])[c:28]3[c:29]2=[O:30])[cH:31][cH:32]1", "reacting_atoms": [22, 21], "template_id": "65bf7618263ef0544bfb3455ab5e0cbc", "template_set": ["bkms"], "num_examples": 167, "necessary_reagent": "", "template_score": 0.06113005802035332, "rms_molwt": -526.0876274259998, "num_rings": -4, "plausibility": 1, "tforms": ["65bf7618263ef0544bfb3455ab5e0cbc"], "rank": 9, "score": -8125.248928952812}, {"smiles": "COc1ccc(-c2coc3cc(O[C@H]4O[C@@H](CO)[C@H](OP(=O)(O)O)[C@@H](O)[C@@H]4O)cc(O)c3c2=O)cc1", "smiles_split": ["COc1ccc(-c2coc3cc(O[C@H]4O[C@@H](CO)[C@H](OP(=O)(O)O)[C@@H](O)[C@@H]4O)cc(O)c3c2=O)cc1"], "mapped_smiles": "[CH3:1][O:2][c:3]1[cH:4][cH:5][c:6](-[c:7]2[cH:8][o:9][c:10]3[cH:11][c:12]([O:13][C@H:14]4[O:15][C@@H:16]([CH2:17][OH:18])[C@H:19]([O:20][P:901]([OH:900])([OH:902])=[O:903])[C@@H:21]([OH:22])[C@@H:23]4[OH:24])[cH:25][c:26]([OH:27])[c:28]3[c:29]2=[O:30])[cH:31][cH:32]1", "reacting_atoms": [20, 19], "template_id": "65bf7618263ef0544bfb3455ab5e0cbc", "template_set": ["bkms"], "num_examples": 167, "necessary_reagent": "", "template_score": 0.06113005802035332, "rms_molwt": -526.0876274259998, "num_rings": -4, "plausibility": 1, "tforms": ["65bf7618263ef0544bfb3455ab5e0cbc"], "rank": 10, "score": -8125.248928952812}, {"smiles": "COc1ccc(-c2coc3cc(O[C@H]4O[C@@H](COP(=O)(O)O)[C@H](O)[C@@H](O)[C@@H]4O)cc(O)c3c2=O)cc1", "smiles_split": ["COc1ccc(-c2coc3cc(O[C@H]4O[C@@H](COP(=O)(O)O)[C@H](O)[C@@H](O)[C@@H]4O)cc(O)c3c2=O)cc1"], "mapped_smiles": "[CH3:1][O:2][c:3]1[cH:4][cH:5][c:6](-[c:7]2[cH:8][o:9][c:10]3[cH:11][c:12]([O:13][C@H:14]4[O:15][C@@H:16]([CH2:17][O:18][P:901]([OH:900])([OH:902])=[O:903])[C@H:19]([OH:20])[C@@H:21]([OH:22])[C@@H:23]4[OH:24])[cH:25][c:26]([OH:27])[c:28]3[c:29]2=[O:30])[cH:31][cH:32]1", "reacting_atoms": [18], "template_id": "65bf7618263ef0544bfb3455ab5e0cbc", "template_set": ["bkms", "bkms"], "num_examples": 169, "necessary_reagent": "", "template_score": 0.06113005802035332, "rms_molwt": -526.0876274259998, "num_rings": -4, "plausibility": 1, "tforms": ["819c74c76e507baf44c4d3e6ed77777f", "65bf7618263ef0544bfb3455ab5e0cbc"], "rank": 11, "score": -8125.248928952812}, {"smiles": "COc1ccc(-c2coc3cc(O[C@H]4O[C@@H](CO)[C@H](O)[C@@H](O)[C@@H]4O)cc(O[C@@H]4O[C@H](CO)[C@@H](O)[C@H](O)[C@H]4O)c3c2=O)cc1", "smiles_split": ["COc1ccc(-c2coc3cc(O[C@H]4O[C@@H](CO)[C@H](O)[C@@H](O)[C@@H]4O)cc(O[C@@H]4O[C@H](CO)[C@@H](O)[C@H](O)[C@H]4O)c3c2=O)cc1"], "mapped_smiles": "[CH3:1][O:2][c:3]1[cH:4][cH:5][c:6](-[c:7]2[cH:8][o:9][c:10]3[cH:11][c:12]([O:13][C@H:14]4[O:15][C@@H:16]([CH2:17][OH:18])[C@H:19]([OH:20])[C@@H:21]([OH:22])[C@@H:23]4[OH:24])[cH:25][c:26]([O:27][C@@H:904]4[O:903][C@H:902]([CH2:901][OH:900])[C@@H:909]([OH:910])[C@H:907]([OH:908])[C@H:905]4[OH:906])[c:28]3[c:29]2=[O:30])[cH:31][cH:32]1", "reacting_atoms": [27], "template_id": "f0188a61a7d798559e3dd775fb7ce3ce", "template_set": ["bkms"], "num_examples": 38, "necessary_reagent": "", "template_score": 0.02712162770330906, "rms_molwt": -608.1741203239998, "num_rings": -5, "plausibility": 1, "tforms": ["f0188a61a7d798559e3dd775fb7ce3ce"], "rank": 12, "score": -29699.87425840767}, {"smiles": "COc1ccc(C2C(=O)c3c(O)cc(O[C@H]4O[C@@H](CO)[C@H](O)[C@@H](O)[C@@H]4O)cc3OC2O)cc1", "smiles_split": ["COc1ccc(C2C(=O)c3c(O)cc(O[C@H]4O[C@@H](CO)[C@H](O)[C@@H](O)[C@@H]4O)cc3OC2O)cc1"], "mapped_smiles": "[CH3:1][O:2][c:3]1[cH:4][cH:5][c:6]([CH:7]2[CH:8]([OH:900])[O:9][c:10]3[cH:11][c:12]([O:13][C@H:14]4[O:15][C@@H:16]([CH2:17][OH:18])[C@H:19]([OH:20])[C@@H:21]([OH:22])[C@@H:23]4[OH:24])[cH:25][c:26]([OH:27])[c:28]3[C:29]2=[O:30])[cH:31][cH:32]1", "reacting_atoms": [8, 9, 29, 7, 6], "template_id": "ef12705b15cbb26f3003eff49dd59d09", "template_set": ["bkms"], "num_examples": 3, "necessary_reagent": "", "template_score": 0.010716735385358334, "rms_molwt": -464.1318615879999, "num_rings": -4, "plausibility": 1, "tforms": ["ef12705b15cbb26f3003eff49dd59d09"], "rank": 13, "score": -43448.3068417995}, {"smiles": "COc1ccc(-c2coc3cc(O[C@H]4O[C@@H](CO)[C@H](O)[C@@H](O)[C@@H]4O)ccc3c2=O)cc1", "smiles_split": ["COc1ccc(-c2coc3cc(O[C@H]4O[C@@H](CO)[C@H](O)[C@@H](O)[C@@H]4O)ccc3c2=O)cc1"], "mapped_smiles": "[CH3:1][O:2][c:3]1[cH:4][cH:5][c:6](-[c:7]2[cH:8][o:9][c:10]3[cH:11][c:12]([O:13][C@H:14]4[O:15][C@@H:16]([CH2:17][OH:18])[C@H:19]([OH:20])[C@@H:21]([OH:22])[C@@H:23]4[OH:24])[cH:25][cH:26][c:28]3[c:29]2=[O:30])[cH:31][cH:32]1", "reacting_atoms": [26], "template_id": "3c2c4cfbcb3bcb992a014c1db6900c8d", "template_set": ["bkms", "bkms"], "num_examples": 211, "necessary_reagent": "[O]", "template_score": 0.0065058269537985325, "rms_molwt": -430.12638228399993, "num_rings": -4, "plausibility": 1, "tforms": ["707a7ee9f88daa3e9e86cf844cd1e066", "3c2c4cfbcb3bcb992a014c1db6900c8d"], "rank": 14, "score": -63158.50880605589}, {"smiles": "COc1ccc(C2COc3cc(O[C@H]4O[C@@H](CO)[C@H](O)[C@@H](O)[C@@H]4O)cc(O)c3C2=O)cc1", "smiles_split": ["COc1ccc(C2COc3cc(O[C@H]4O[C@@H](CO)[C@H](O)[C@@H](O)[C@@H]4O)cc(O)c3C2=O)cc1"], "mapped_smiles": "[CH3:1][O:2][c:3]1[cH:4][cH:5][c:6]([CH:7]2[CH2:8][O:9][c:10]3[cH:11][c:12]([O:13][C@H:14]4[O:15][C@@H:16]([CH2:17][OH:18])[C@H:19]([OH:20])[C@@H:21]([OH:22])[C@@H:23]4[OH:24])[cH:25][c:26]([OH:27])[c:28]3[C:29]2=[O:30])[cH:31][cH:32]1", "reacting_atoms": [29, 9, 8, 7, 6], "template_id": "020fc48855a5719f0edd523038b32753", "template_set": ["bkms"], "num_examples": 4, "necessary_reagent": "", "template_score": 0.006759778596460819, "rms_molwt": -448.1369469679999, "num_rings": -4, "plausibility": 1, "tforms": ["020fc48855a5719f0edd523038b32753"], "rank": 15, "score": -66351.51407122295}]}