{"smiles": "CO[C@H]1C=C[C@@]23c4cc5c(cc4[C@H](O)N(C[C@@H]2O)[C@H]3C1)OCO5", "sfscore": [0.464633584022522, 0.5685924291610718], "chem_result": [{"smiles": "CO[C@H]1C=C[C@@]23c4cc5c(cc4[C@H](O)N(C[C@@H]2O)[C@H]3C1)OCO5", "bw_confidence": 0.07778799559568376, "confidence": 0.1646821743306683, "rclass": "6 6.3 6.3.2", "children": [{"smiles": "C1CCOC1"}, {"smiles": "CCCC[N+](CCCC)(CCCC)CCCC~[F-]"}, {"smiles": "CO[C@H]1C=C[C@@]23c4cc5c(cc4[C@H](O[Si](C)(C)C(C)(C)C)N(C[C@@H]2O[Si](C)(C)C(C)(C)C)[C@H]3C1)OCO5"}]}, {"smiles": "CO[C@H]1C=C[C@@]23c4cc5c(cc4[C@H](O)N(C[C@@H]2O)[C@H]3C1)OCO5", "bw_confidence": 0.047020814789121936, "confidence": 0.2552704300968886, "rclass": "7 7.5 7.5.1", "children": [{"smiles": "CO"}, {"smiles": "CO[C@H]1C=C[C@@]23c4cc5c(cc4C(=O)N(C[C@@H]2O)[C@H]3C1)OCO5"}, {"smiles": "[BH4-]~[Na+]"}]}, {"smiles": "CO[C@H]1C=C[C@@]23c4cc5c(cc4[C@H](O)N(C[C@@H]2O)[C@H]3C1)OCO5", "bw_confidence": 0.012501334744182082, "confidence": 0.47247651175180017, "rclass": "0 0 0", "children": [{"smiles": "CN(C)C=O"}, {"smiles": "CO[C@H]1C=C[C@@]23c4cc(O)c(O)cc4[C@H](O)N(C[C@@H]2O)[C@H]3C1"}, {"smiles": "ClCBr"}, {"smiles": "O=C([O-])[O-]~[K+]~[K+]"}]}, {"smiles": "CO[C@H]1C=C[C@@]23c4cc5c(cc4[C@H](O)N(C[C@@H]2O)[C@H]3C1)OCO5", "bw_confidence": 0.011717889543401758, "confidence": 0.18910973877303094, "rclass": "8 8.8 8.8.18", "children": [{"smiles": "CO[C@H]1CC[C@@]23c4cc5c(cc4[C@H](O)N(C[C@@H]2O)[C@H]3C1)OCO5"}, {"smiles": "ClCCl"}, {"smiles": "O=[Mn]=O"}]}, {"smiles": "CO[C@H]1C=C[C@@]23c4cc5c(cc4[C@H](O)N(C[C@@H]2O)[C@H]3C1)OCO5", "bw_confidence": 0.0037805505653549796, "confidence": 0.014402690740895861, "rclass": "0 0 0", "children": [{"smiles": "CN(C)C=O"}, {"smiles": "CO[C@H]1C=C[C@@]23c4cc(O)c(O)cc4[C@H](O)N(C[C@@H]2O)[C@H]3C1"}]}, {"smiles": "CO[C@H]1C=C[C@@]23c4cc5c(cc4[C@H](O)N(C[C@@H]2O)[C@H]3C1)OCO5", "bw_confidence": 0.002277169219296507, "confidence": 0.13652027979772213, "rclass": "11 11.5 11.5", "children": [{"smiles": "CCO"}, {"smiles": "CO[C@H]1C=C[C@@]23c4cc5c(cc4[C@H](O)N(C[C@@H]2O)[C@H]3C1)OCO5"}, {"smiles": "O"}]}, {"smiles": "CO[C@H]1C=C[C@@]23c4cc5c(cc4[C@H](O)N(C[C@@H]2O)[C@H]3C1)OCO5", "bw_confidence": 0.0019021517109410824, "confidence": 0.10809654763286923, "rclass": "11 11.5 11.5", "children": [{"smiles": "CCN(CC)CC"}, {"smiles": "CO[C@H]1C=C[C@@]23c4cc5c(cc4[C@H](O)N(C[C@@H]2O)[C@H]3C1)OCO5"}, {"smiles": "CS(=O)(=O)Cl"}, {"smiles": "ClCCl"}]}, {"smiles": "CO[C@H]1C=C[C@@]23c4cc5c(cc4[C@H](O)N(C[C@@H]2O)[C@H]3C1)OCO5", "bw_confidence": 0.001510766458785789, "confidence": 0.20208541448576317, "rclass": "0 0 0", "children": [{"smiles": "C1CCOC1"}, {"smiles": "CCCC[N+](CCCC)(CCCC)CCCC~[F-]"}, {"smiles": "CO[C@H]1C=C[C@@]23c4cc5c(cc4[C@H](O[Si](c4ccccc4)(c4ccccc4)C(C)(C)C)N(C[C@@H]2O[Si](C)(C)C(C)(C)C)[C@H]3C1)OCO5"}]}, {"smiles": "CO[C@H]1C=C[C@@]23c4cc5c(cc4[C@H](O)N(C[C@@H]2O)[C@H]3C1)OCO5", "bw_confidence": 0.0013135402369175522, "confidence": 0.10807273671955277, "rclass": "1 1.7 1.7.4", "children": [{"smiles": "CO[C@H]1C=C[C@@]23c4cc5c(cc4[C@H](O)N(C[C@@H]2O)[C@H]3C1)OCO5"}, {"smiles": "CO[C@H]1C=C[C@@]23c4cc5c(cc4[C@H](O)N(C[C@@H]2O)[C@H]3C1)OCO5"}]}, {"smiles": "CO[C@H]1C=C[C@@]23c4cc5c(cc4[C@H](O)N(C[C@@H]2O)[C@H]3C1)OCO5", "bw_confidence": 0.001141325844850772, "confidence": 0.016618598510304904, "rclass": "3 3.9 3.9.12", "children": [{"smiles": "C=C[C@H](C[C@@H]1c2cc3c(cc2[C@H](O)N1CO)OCO3)OC"}, {"smiles": "Cc1cc(C)c(N2CCN(c3c(C)cc(C)cc3C)C2=[Ru](Cl)(Cl)(=Cc2ccccc2)[P](C2CCCCC2)(C2CCCCC2)C2CCCCC2)c(C)c1"}, {"smiles": "ClCCl"}]}], "chem_bw_confidence_list": [0.07778799559568376, 0.047020814789121936, 0.012501334744182082, 0.011717889543401758, 0.0037805505653549796, 0.002277169219296507, 0.0019021517109410824, 0.001510766458785789, 0.0013135402369175522, 0.001141325844850772], "enzy_template_score_list": [0.4583175778388977, 0.4583175778388977, 0.2831231653690338, 0.14012017846107483, 0.016047347337007523, 0.0034315192606300116, 0.0034315192606300116, 0.003111220197752118, 0.003111220197752118, 0.0011146314209327102, 0.0011146314209327102, 0.0008973336662165821, 0.000713352405000478, 0.000713352405000478, 0.0012368049938231707], "enzy_result": [{"smiles": "COc1cc2c(cc1O)[C@H](O)N1C[C@H](O)[C@@]23C=C[C@H](OC)C[C@H]13", "smiles_split": ["COc1cc2c(cc1O)[C@H](O)N1C[C@H](O)[C@@]23C=C[C@H](OC)C[C@H]13"], "mapped_smiles": "[CH3:1][O:2][C@H:3]1[CH:4]=[CH:5][C@@:6]23[c:7]4[cH:8][c:9]([O:23][CH3:22])[c:10]([OH:21])[cH:11][c:12]4[C@H:13]([OH:14])[N:15]([CH2:16][C@@H:17]2[OH:18])[C@H:19]3[CH2:20]1", "reacting_atoms": [22, 21], "template_id": "520686003eb202bff4b157bc756db47f", "template_set": ["bkms"], "num_examples": 19, "necessary_reagent": "", "template_score": 0.4583175778388977, "rms_molwt": -319.14197277200003, "num_rings": -4, "plausibility": 1, "tforms": ["520686003eb202bff4b157bc756db47f"], "rank": 1, "score": -692.7083577078379}, {"smiles": "COc1cc2c(cc1O)[C@@]13C=C[C@H](OC)C[C@@H]1N(C[C@@H]3O)[C@H]2O", "smiles_split": ["COc1cc2c(cc1O)[C@@]13C=C[C@H](OC)C[C@@H]1N(C[C@@H]3O)[C@H]2O"], "mapped_smiles": "[CH3:1][O:2][C@H:3]1[CH:4]=[CH:5][C@@:6]23[c:7]4[cH:8][c:9]([OH:23])[c:10]([O:21][CH3:22])[cH:11][c:12]4[C@H:13]([OH:14])[N:15]([CH2:16][C@@H:17]2[OH:18])[C@H:19]3[CH2:20]1", "reacting_atoms": [22, 23], "template_id": "520686003eb202bff4b157bc756db47f", "template_set": ["bkms"], "num_examples": 19, "necessary_reagent": "", "template_score": 0.4583175778388977, "rms_molwt": -319.141972772, "num_rings": -4, "plausibility": 1, "tforms": ["520686003eb202bff4b157bc756db47f"], "rank": 2, "score": -692.7083577078379}, {"smiles": "O[C@H]1c2cc3c(cc2[C@]24C=C[C@H](O)C[C@@H]2N1CC4)OCO3", "smiles_split": ["O[C@H]1c2cc3c(cc2[C@]24C=C[C@H](O)C[C@@H]2N1CC4)OCO3"], "mapped_smiles": "[OH:2][C@H:3]1[CH:4]=[CH:5][C@:6]23[c:7]4[cH:8][c:9]5[c:10]([cH:11][c:12]4[C@H:13]([OH:14])[N:15]([CH2:16][CH2:17]2)[C@H:19]3[CH2:20]1)[O:21][CH2:22][O:23]5", "reacting_atoms": [2, 17], "template_id": "20de569ffc701e774b073bb4fd9433ef", "template_set": ["bkms"], "num_examples": 1, "necessary_reagent": "[C].[O]", "template_score": 0.2831231653690338, "rms_molwt": -287.115758024, "num_rings": -5, "plausibility": 1, "tforms": ["20de569ffc701e774b073bb4fd9433ef"], "rank": 3, "score": -1054.5268326400965}, {"smiles": "O[C@H]1c2cc3c(cc2[C@@]24C=C[C@H](O)C[C@@H]2N1C[C@@H]4O)OCO3", "smiles_split": ["O[C@H]1c2cc3c(cc2[C@@]24C=C[C@H](O)C[C@@H]2N1C[C@@H]4O)OCO3"], "mapped_smiles": "[OH:2][C@H:3]1[CH:4]=[CH:5][C@@:6]23[c:7]4[cH:8][c:9]5[c:10]([cH:11][c:12]4[C@H:13]([OH:14])[N:15]([CH2:16][C@@H:17]2[OH:18])[C@H:19]3[CH2:20]1)[O:21][CH2:22][O:23]5", "reacting_atoms": [3, 2], "template_id": "ae40e174081936bec56680cff02fcea9", "template_set": ["bkms", "bkms", "bkms"], "num_examples": 43, "necessary_reagent": "[C]", "template_score": 0.14012017846107483, "rms_molwt": -303.110672644, "num_rings": -5, "plausibility": 1, "tforms": ["ae40e174081936bec56680cff02fcea9", "16b2a3e2e6b9d559d878b223e5a12dd1", "51f015aa5723eece0cb926284adb5c34"], "rank": 4, "score": -2337.073023060002}, {"smiles": "CO[C@H]1C=C[C@]23CCN([C@@H](O)c4cc5c(cc42)OCO5)[C@H]3C1", "smiles_split": ["CO[C@H]1C=C[C@]23CCN([C@@H](O)c4cc5c(cc42)OCO5)[C@H]3C1"], "mapped_smiles": "[CH3:1][O:2][C@H:3]1[CH:4]=[CH:5][C@@:6]23[c:7]4[cH:8][c:9]5[c:10]([cH:11][c:12]4[C@H:13]([OH:14])[N:15]([CH2:16][CH2:17]2)[C@H:19]3[CH2:20]1)[O:21][CH2:22][O:23]5", "reacting_atoms": [17, 6], "template_id": "4ddd33d0f20b5f86c805452a47a0d99b", "template_set": ["bkms", "bkms", "bkms", "bkms", "bkms"], "num_examples": 120, "necessary_reagent": "[O]", "template_score": 0.016047347337007523, "rms_molwt": -301.131408088, "num_rings": -5, "plausibility": 1, "tforms": ["cdf161fbfa4379d23cfc2368cee04eb7", "a034de99c75fe18016182f108d443d26", "4ddd33d0f20b5f86c805452a47a0d99b", "9f387abf2274fc73429ecccd1b168e7b", "31cd94b87aa92c03f551e21924c8ce73"], "rank": 5, "score": -19284.87509920382}, {"smiles": "COc1cc2c(cc1O)[C@@]13C=C[C@H](OC)C[C@@H]1N(CC3=O)[C@H]2O", "smiles_split": ["COc1cc2c(cc1O)[C@@]13C=C[C@H](OC)C[C@@H]1N(CC3=O)[C@H]2O"], "mapped_smiles": "[CH3:1][O:2][C@H:3]1[CH:4]=[CH:5][C@@:6]23[c:7]4[cH:8][c:9]([OH:23])[c:10]([O:21][CH3:22])[cH:11][c:12]4[C@H:13]([OH:14])[N:15]([CH2:16][C:17]2=[O:18])[C@H:19]3[CH2:20]1", "reacting_atoms": [22, 17, 18, 23], "template_id": "d65f45e2373c86f6a851a0871f931963", "template_set": ["bkms"], "num_examples": 1, "necessary_reagent": "", "template_score": 0.0034315192606300116, "rms_molwt": -317.126322708, "num_rings": -4, "plausibility": 1, "tforms": ["d65f45e2373c86f6a851a0871f931963"], "rank": 6, "score": -87273.41853778018}, {"smiles": "COc1cc2c(cc1O)[C@H](O)N1CC(=O)[C@@]23C=C[C@H](OC)C[C@H]13", "smiles_split": ["COc1cc2c(cc1O)[C@H](O)N1CC(=O)[C@@]23C=C[C@H](OC)C[C@H]13"], "mapped_smiles": "[CH3:1][O:2][C@H:3]1[CH:4]=[CH:5][C@@:6]23[c:7]4[cH:8][c:9]([O:23][CH3:22])[c:10]([OH:21])[cH:11][c:12]4[C@H:13]([OH:14])[N:15]([CH2:16][C:17]2=[O:18])[C@H:19]3[CH2:20]1", "reacting_atoms": [22, 17, 18, 21], "template_id": "d65f45e2373c86f6a851a0871f931963", "template_set": ["bkms"], "num_examples": 1, "necessary_reagent": "", "template_score": 0.0034315192606300116, "rms_molwt": -317.12632270800003, "num_rings": -4, "plausibility": 1, "tforms": ["d65f45e2373c86f6a851a0871f931963"], "rank": 7, "score": -87273.41853778018}, {"smiles": "CO[C@H]1C=C[C@@]23c4cc5c(cc4[C@H](OC(C)=O)N(C[C@@H]2O)[C@H]3C1)OCO5", "smiles_split": ["CO[C@H]1C=C[C@@]23c4cc5c(cc4[C@H](OC(C)=O)N(C[C@@H]2O)[C@H]3C1)OCO5"], "mapped_smiles": "[CH3:1][O:2][C@H:3]1[CH:4]=[CH:5][C@@:6]23[c:7]4[cH:8][c:9]5[c:10]([cH:11][c:12]4[C@H:13]([O:14][C:901]([CH3:900])=[O:902])[N:15]([CH2:16][C@@H:17]2[OH:18])[C@H:19]3[CH2:20]1)[O:21][CH2:22][O:23]5", "reacting_atoms": [14, 13], "template_id": "c4c17358d77559e0452152e0cbfcc087", "template_set": ["bkms"], "num_examples": 34, "necessary_reagent": "", "template_score": 0.003111220197752118, "rms_molwt": -359.13688739199995, "num_rings": -5, "plausibility": 1, "tforms": ["c4c17358d77559e0452152e0cbfcc087"], "rank": 8, "score": -123823.38306387486}, {"smiles": "CO[C@H]1C=C[C@@]23c4cc5c(cc4[C@H](O)N(C[C@@H]2OC(C)=O)[C@H]3C1)OCO5", "smiles_split": ["CO[C@H]1C=C[C@@]23c4cc5c(cc4[C@H](O)N(C[C@@H]2OC(C)=O)[C@H]3C1)OCO5"], "mapped_smiles": "[CH3:1][O:2][C@H:3]1[CH:4]=[CH:5][C@@:6]23[c:7]4[cH:8][c:9]5[c:10]([cH:11][c:12]4[C@H:13]([OH:14])[N:15]([CH2:16][C@@H:17]2[O:18][C:901]([CH3:900])=[O:902])[C@H:19]3[CH2:20]1)[O:21][CH2:22][O:23]5", "reacting_atoms": [18, 17], "template_id": "c4c17358d77559e0452152e0cbfcc087", "template_set": ["bkms"], "num_examples": 34, "necessary_reagent": "", "template_score": 0.003111220197752118, "rms_molwt": -359.13688739199995, "num_rings": -5, "plausibility": 1, "tforms": ["c4c17358d77559e0452152e0cbfcc087"], "rank": 9, "score": -123823.38306387486}, {"smiles": "CO[C@H]1C=C[C@@]23c4cc(O)c(OCO)cc4[C@H](O)N(C[C@@H]2O)[C@H]3C1", "smiles_split": ["CO[C@H]1C=C[C@@]23c4cc(O)c(OCO)cc4[C@H](O)N(C[C@@H]2O)[C@H]3C1"], "mapped_smiles": "[CH3:1][O:2][C@H:3]1[CH:4]=[CH:5][C@@:6]23[c:7]4[cH:8][c:9]([OH:900])[c:10]([O:21][CH2:22][OH:23])[cH:11][c:12]4[C@H:13]([OH:14])[N:15]([CH2:16][C@@H:17]2[OH:18])[C@H:19]3[CH2:20]1", "reacting_atoms": [9, 23], "template_id": "1c6c1084e5a3e89058e45fc2016ceb2d", "template_set": ["bkms", "bkms"], "num_examples": 3, "necessary_reagent": "", "template_score": 0.0011146314209327102, "rms_molwt": -335.136887392, "num_rings": -4, "plausibility": 1, "tforms": ["6d4b6e314c690e0288f7d13a4051c912", "1c6c1084e5a3e89058e45fc2016ceb2d"], "rank": 10, "score": -297877.1059678041}, {"smiles": "CO[C@H]1C=C[C@@]23c4cc(OCO)c(O)cc4[C@H](O)N(C[C@@H]2O)[C@H]3C1", "smiles_split": ["CO[C@H]1C=C[C@@]23c4cc(OCO)c(O)cc4[C@H](O)N(C[C@@H]2O)[C@H]3C1"], "mapped_smiles": "[CH3:1][O:2][C@H:3]1[CH:4]=[CH:5][C@@:6]23[c:7]4[cH:8][c:9]([O:23][CH2:22][OH:21])[c:10]([OH:900])[cH:11][c:12]4[C@H:13]([OH:14])[N:15]([CH2:16][C@@H:17]2[OH:18])[C@H:19]3[CH2:20]1", "reacting_atoms": [10, 21], "template_id": "1c6c1084e5a3e89058e45fc2016ceb2d", "template_set": ["bkms", "bkms"], "num_examples": 3, "necessary_reagent": "", "template_score": 0.0011146314209327102, "rms_molwt": -335.136887392, "num_rings": -4, "plausibility": 1, "tforms": ["6d4b6e314c690e0288f7d13a4051c912", "1c6c1084e5a3e89058e45fc2016ceb2d"], "rank": 11, "score": -297877.1059678041}, {"smiles": "CO[C@H]1C=C[C@@]23c4cc5c(cc4[C@H](O)[N+](C)(C[C@@H]2O)[C@H]3C1)OCO5", "smiles_split": ["CO[C@H]1C=C[C@@]23c4cc5c(cc4[C@H](O)[N+](C)(C[C@@H]2O)[C@H]3C1)OCO5"], "mapped_smiles": "[CH3:1][O:2][C@H:3]1[CH:4]=[CH:5][C@@:6]23[c:7]4[cH:8][c:9]5[c:10]([cH:11][c:12]4[C@H:13]([OH:14])[N+:15]([CH3:900])([CH2:16][C@@H:17]2[OH:18])[C@H:19]3[CH2:20]1)[O:21][CH2:22][O:23]5", "reacting_atoms": [15], "template_id": "08b594a0b32289c336eed75edb7b3ce4", "template_set": ["bkms"], "num_examples": 1, "necessary_reagent": "", "template_score": 0.0008973336662165821, "rms_molwt": -332.14924922408994, "num_rings": -5, "plausibility": 1, "tforms": ["08b594a0b32289c336eed75edb7b3ce4"], "rank": 12, "score": -395888.2011420522}, {"smiles": "CO[C@H]1C=C[C@@]23c4cc5c(cc4[C@H](OP(=O)(O)O)N(C[C@@H]2O)[C@H]3C1)OCO5", "smiles_split": ["CO[C@H]1C=C[C@@]23c4cc5c(cc4[C@H](OP(=O)(O)O)N(C[C@@H]2O)[C@H]3C1)OCO5"], "mapped_smiles": "[CH3:1][O:2][C@H:3]1[CH:4]=[CH:5][C@@:6]23[c:7]4[cH:8][c:9]5[c:10]([cH:11][c:12]4[C@H:13]([O:14][P:901]([OH:900])([OH:902])=[O:903])[N:15]([CH2:16][C@@H:17]2[OH:18])[C@H:19]3[CH2:20]1)[O:21][CH2:22][O:23]5", "reacting_atoms": [14, 13], "template_id": "65bf7618263ef0544bfb3455ab5e0cbc", "template_set": ["bkms"], "num_examples": 167, "necessary_reagent": "", "template_score": 0.000713352405000478, "rms_molwt": -397.09265322999994, "num_rings": -5, "plausibility": 1, "tforms": ["65bf7618263ef0544bfb3455ab5e0cbc"], "rank": 13, "score": -561692.9636080639}, {"smiles": "CO[C@H]1C=C[C@@]23c4cc5c(cc4[C@H](O)N(C[C@@H]2OP(=O)(O)O)[C@H]3C1)OCO5", "smiles_split": ["CO[C@H]1C=C[C@@]23c4cc5c(cc4[C@H](O)N(C[C@@H]2OP(=O)(O)O)[C@H]3C1)OCO5"], "mapped_smiles": "[CH3:1][O:2][C@H:3]1[CH:4]=[CH:5][C@@:6]23[c:7]4[cH:8][c:9]5[c:10]([cH:11][c:12]4[C@H:13]([OH:14])[N:15]([CH2:16][C@@H:17]2[O:18][P:901]([OH:900])([OH:902])=[O:903])[C@H:19]3[CH2:20]1)[O:21][CH2:22][O:23]5", "reacting_atoms": [18, 17], "template_id": "65bf7618263ef0544bfb3455ab5e0cbc", "template_set": ["bkms"], "num_examples": 167, "necessary_reagent": "", "template_score": 0.000713352405000478, "rms_molwt": -397.0926532299999, "num_rings": -5, "plausibility": 1, "tforms": ["65bf7618263ef0544bfb3455ab5e0cbc"], "rank": 14, "score": -561692.9636080639}, {"smiles": "OC[C@H]1OC(O[C@H]2C(O)C(O)[C@H](O)O[C@@H]2CO)C(O)C(O)[C@@H]1O[C@H]1C=C[C@@]23c4cc5c(cc4[C@H](O)N(C[C@@H]2O)[C@H]3C1)OCO5", "smiles_split": ["OC[C@H]1OC(O[C@H]2C(O)C(O)[C@H](O)O[C@@H]2CO)C(O)C(O)[C@@H]1O[C@H]1C=C[C@@]23c4cc5c(cc4[C@H](O)N(C[C@@H]2O)[C@H]3C1)OCO5"], "mapped_smiles": "[C@@H:1]1([O:2][C@H:3]2[CH:4]=[CH:5][C@@:6]34[c:7]5[cH:8][c:9]6[c:10]([cH:11][c:12]5[C@H:13]([OH:14])[N:15]([CH2:16][C@@H:17]3[OH:18])[C@H:19]4[CH2:20]2)[O:21][CH2:22][O:23]6)[C@@H:914]([CH2:915][OH:916])[O:913][CH:912]([O:911][C@@H:910]2[C@@H:902]([CH2:901][OH:900])[O:903][C@@H:904]([OH:905])[CH:906]([OH:907])[CH:908]2[OH:909])[CH:919]([OH:920])[CH:917]1[OH:918]", "reacting_atoms": [1], "template_id": "c1028a1d583931b73911fd5294c2c437", "template_set": ["bkms"], "num_examples": 1, "necessary_reagent": "", "template_score": 0.0012368049938231707, "rms_molwt": -627.216319484, "num_rings": -7, "plausibility": 1, "tforms": ["c1028a1d583931b73911fd5294c2c437"], "rank": 15, "score": -759938.5086601861}]}