{"smiles": "O=C(O)CCc1ccccc1O[C@@H]1O[C@@H](CO)[C@@H](O)[C@@H](O)[C@H]1O", "sfscore": [0.4245387017726898, 0.6267483234405518], "chem_result": [{"smiles": "O=C(O)CCc1ccccc1O[C@@H]1O[C@@H](CO)[C@@H](O)[C@@H](O)[C@H]1O", "bw_confidence": 0.041865572656299234, "confidence": 0.7633022521691063, "rclass": "6 6.2 6.2.2", "children": [{"smiles": "CO"}, {"smiles": "COC(=O)CCc1ccccc1O[C@@H]1O[C@@H](CO)[C@@H](O)[C@@H](O)[C@H]1O"}, {"smiles": "[OH-]~[Na+]"}]}, {"smiles": "O=C(O)CCc1ccccc1O[C@@H]1O[C@@H](CO)[C@@H](O)[C@@H](O)[C@H]1O", "bw_confidence": 0.03937185659074392, "confidence": 0.12177213885372687, "rclass": "0 0 0", "children": [{"smiles": "O=C(O)CCc1ccccc1O"}, {"smiles": "O=C[C@H](O)[C@@H](O)[C@H](O)[C@H](O)CO"}]}, {"smiles": "O=C(O)CCc1ccccc1O[C@@H]1O[C@@H](CO)[C@@H](O)[C@@H](O)[C@H]1O", "bw_confidence": 0.034462921070475695, "confidence": 0.16280793002649843, "rclass": "1 1.7 1.7.9", "children": [{"smiles": "O=C(O)CCc1ccccc1O"}, {"smiles": "OC[C@H]1O[C@H](Br)[C@H](O)[C@@H](O)[C@@H]1O"}]}, {"smiles": "O=C(O)CCc1ccccc1O[C@@H]1O[C@@H](CO)[C@@H](O)[C@@H](O)[C@H]1O", "bw_confidence": 0.026298046951606452, "confidence": 0.7354614339617803, "rclass": "7 7.6 7.6.1", "children": [{"smiles": "O=C(O)/C=C/c1ccccc1O[C@@H]1O[C@@H](CO)[C@@H](O)[C@@H](O)[C@H]1O"}, {"smiles": "[H][H]"}, {"smiles": "[Pd]"}]}, {"smiles": "O=C(O)CCc1ccccc1O[C@@H]1O[C@@H](CO)[C@@H](O)[C@@H](O)[C@H]1O", "bw_confidence": 0.011841462127450223, "confidence": 0.3011628180869957, "rclass": "9 9.4 9.4.1", "children": [{"smiles": "N#CCCc1ccccc1O[C@@H]1O[C@@H](CO)[C@@H](O)[C@@H](O)[C@H]1O"}, {"smiles": "O"}, {"smiles": "O=S(=O)(O)O"}]}, {"smiles": "O=C(O)CCc1ccccc1O[C@@H]1O[C@@H](CO)[C@@H](O)[C@@H](O)[C@H]1O", "bw_confidence": 0.00964772471165712, "confidence": 0.3437987860154912, "rclass": "11 11.5 11.5", "children": [{"smiles": "O"}, {"smiles": "O=C(O)CCc1ccccc1O[C@@H]1O[C@@H](CO)[C@@H](O)[C@@H](O)[C@H]1O"}]}, {"smiles": "O=C(O)CCc1ccccc1O[C@@H]1O[C@@H](CO)[C@@H](O)[C@@H](O)[C@H]1O", "bw_confidence": 0.004337114404466217, "confidence": 0.853795346989594, "rclass": "6 6.3 6.3.6", "children": [{"smiles": "CC(=O)OC[C@H]1O[C@@H](Oc2ccccc2CCC(=O)O)[C@H](OC(C)=O)[C@@H](OC(C)=O)[C@@H]1OC(C)=O"}, {"smiles": "CO"}, {"smiles": "C[O-]~[Na+]"}]}, {"smiles": "O=C(O)CCc1ccccc1O[C@@H]1O[C@@H](CO)[C@@H](O)[C@@H](O)[C@H]1O", "bw_confidence": 0.004292416907293559, "confidence": 0.2418727034688297, "rclass": "8 8.3 8.3.2", "children": [{"smiles": "CC(C)=O"}, {"smiles": "CC(C)=O~O=S(=O)(O)O~O=[Cr](=O)=O"}, {"smiles": "OCCCc1ccccc1O[C@@H]1O[C@@H](CO)[C@@H](O)[C@@H](O)[C@H]1O"}]}, {"smiles": "O=C(O)CCc1ccccc1O[C@@H]1O[C@@H](CO)[C@@H](O)[C@@H](O)[C@H]1O", "bw_confidence": 0.0035373236777789113, "confidence": 0.7956474554533857, "rclass": "6 6.3 6.3.6", "children": [{"smiles": "CC(=O)OC[C@@H]1O[C@@H](Oc2ccccc2CCC(=O)O)[C@H](OC(C)=O)[C@@H](OC(C)=O)[C@@H]1OC(C)=O"}, {"smiles": "CO"}, {"smiles": "C[O-]~[Na+]"}]}], "chem_bw_confidence_list": [0.041865572656299234, 0.03937185659074392, 0.034462921070475695, 0.026298046951606452, 0.011841462127450223, 0.00964772471165712, 0.004337114404466217, 0.004292416907293559, 0.0035373236777789113], "enzy_template_score_list": [0.11375313252210617, 0.1709149181842804, 0.1709149181842804, 0.1709149181842804, 0.1709149181842804, 0.1709149181842804, 0.1462823748588562, 0.022056423127651215, 0.04384826496243477, 0.04384826496243477, 0.04384826496243477, 0.04384826496243477, 0.04384826496243477, 0.06318776309490204, 0.06318776309490204], "enzy_result": [{"smiles": "O=C(O)CCc1ccccc1O.OC[C@@H]1OC(O)[C@H](O)[C@H](O)[C@@H]1O", "smiles_split": ["O=C(O)CCc1ccccc1O", "OC[C@@H]1OC(O)[C@H](O)[C@H](O)[C@@H]1O"], "mapped_smiles": "[CH:13]1([OH:900])[O:14][C@@H:15]([CH2:16][OH:17])[C@@H:18]([OH:19])[C@@H:20]([OH:21])[C@H:22]1[OH:23].[O:1]=[C:2]([OH:3])[CH2:4][CH2:5][c:6]1[cH:7][cH:8][cH:9][cH:10][c:11]1[OH:12]", "reacting_atoms": [13, 12], "template_id": "eee4f3ffeb59c84405247986d3d9b1cb", "template_set": ["bkms", "bkms"], "num_examples": 6, "necessary_reagent": "", "template_score": 0.11375313252210617, "rms_molwt": -173.20470803577837, "num_rings": -2, "plausibility": 1, "tforms": ["eee4f3ffeb59c84405247986d3d9b1cb", "cc4cb191396caa2d9689f115944d93d7"], "rank": 1, "score": -1141.4136414640966}, {"smiles": "O=C(O)CCc1ccccc1O[C@@H]1O[C@@H](CO)[C@@H](O)[C@@H](OP(=O)(O)O)[C@H]1O", "smiles_split": ["O=C(O)CCc1ccccc1O[C@@H]1O[C@@H](CO)[C@@H](O)[C@@H](OP(=O)(O)O)[C@H]1O"], "mapped_smiles": "[O:1]=[C:2]([OH:3])[CH2:4][CH2:5][c:6]1[cH:7][cH:8][cH:9][cH:10][c:11]1[O:12][C@@H:13]1[O:14][C@@H:15]([CH2:16][OH:17])[C@@H:18]([OH:19])[C@@H:20]([O:21][P:901]([OH:900])([OH:902])=[O:903])[C@H:22]1[OH:23]", "reacting_atoms": [21, 20], "template_id": "65bf7618263ef0544bfb3455ab5e0cbc", "template_set": ["bkms"], "num_examples": 167, "necessary_reagent": "", "template_score": 0.1709149181842804, "rms_molwt": -408.0821481219999, "num_rings": -2, "plausibility": 1, "tforms": ["65bf7618263ef0544bfb3455ab5e0cbc"], "rank": 2, "score": -2020.2400875888818}, {"smiles": "O=C(O)CCc1ccccc1O[C@@H]1O[C@@H](CO)[C@@H](O)[C@@H](O)[C@H]1OP(=O)(O)O", "smiles_split": ["O=C(O)CCc1ccccc1O[C@@H]1O[C@@H](CO)[C@@H](O)[C@@H](O)[C@H]1OP(=O)(O)O"], "mapped_smiles": "[O:1]=[C:2]([OH:3])[CH2:4][CH2:5][c:6]1[cH:7][cH:8][cH:9][cH:10][c:11]1[O:12][C@@H:13]1[O:14][C@@H:15]([CH2:16][OH:17])[C@@H:18]([OH:19])[C@@H:20]([OH:21])[C@H:22]1[O:23][P:901]([OH:900])([OH:902])=[O:903]", "reacting_atoms": [23, 22], "template_id": "65bf7618263ef0544bfb3455ab5e0cbc", "template_set": ["bkms"], "num_examples": 167, "necessary_reagent": "", "template_score": 0.1709149181842804, "rms_molwt": -408.0821481219999, "num_rings": -2, "plausibility": 1, "tforms": ["65bf7618263ef0544bfb3455ab5e0cbc"], "rank": 3, "score": -2020.2400875888818}, {"smiles": "O=C(O)CCc1ccccc1O[C@@H]1O[C@@H](CO)[C@@H](OP(=O)(O)O)[C@@H](O)[C@H]1O", "smiles_split": ["O=C(O)CCc1ccccc1O[C@@H]1O[C@@H](CO)[C@@H](OP(=O)(O)O)[C@@H](O)[C@H]1O"], "mapped_smiles": "[O:1]=[C:2]([OH:3])[CH2:4][CH2:5][c:6]1[cH:7][cH:8][cH:9][cH:10][c:11]1[O:12][C@@H:13]1[O:14][C@@H:15]([CH2:16][OH:17])[C@@H:18]([O:19][P:901]([OH:900])([OH:902])=[O:903])[C@@H:20]([OH:21])[C@H:22]1[OH:23]", "reacting_atoms": [19, 18], "template_id": "65bf7618263ef0544bfb3455ab5e0cbc", "template_set": ["bkms", "bkms"], "num_examples": 169, "necessary_reagent": "", "template_score": 0.1709149181842804, "rms_molwt": -408.0821481219999, "num_rings": -2, "plausibility": 1, "tforms": ["819c74c76e507baf44c4d3e6ed77777f", "65bf7618263ef0544bfb3455ab5e0cbc"], "rank": 4, "score": -2020.2400875888818}, {"smiles": "O=C(O)CCc1ccccc1O[C@@H]1O[C@@H](COP(=O)(O)O)[C@@H](O)[C@@H](O)[C@H]1O", "smiles_split": ["O=C(O)CCc1ccccc1O[C@@H]1O[C@@H](COP(=O)(O)O)[C@@H](O)[C@@H](O)[C@H]1O"], "mapped_smiles": "[O:1]=[C:2]([OH:3])[CH2:4][CH2:5][c:6]1[cH:7][cH:8][cH:9][cH:10][c:11]1[O:12][C@@H:13]1[O:14][C@@H:15]([CH2:16][O:17][P:901]([OH:900])([OH:902])=[O:903])[C@@H:18]([OH:19])[C@@H:20]([OH:21])[C@H:22]1[OH:23]", "reacting_atoms": [17], "template_id": "65bf7618263ef0544bfb3455ab5e0cbc", "template_set": ["bkms"], "num_examples": 167, "necessary_reagent": "", "template_score": 0.1709149181842804, "rms_molwt": -408.08214812199986, "num_rings": -2, "plausibility": 1, "tforms": ["65bf7618263ef0544bfb3455ab5e0cbc"], "rank": 5, "score": -2020.2400875888818}, {"smiles": "O=C(CCc1ccccc1O[C@@H]1O[C@@H](CO)[C@@H](O)[C@@H](O)[C@H]1O)OP(=O)(O)O", "smiles_split": ["O=C(CCc1ccccc1O[C@@H]1O[C@@H](CO)[C@@H](O)[C@@H](O)[C@H]1O)OP(=O)(O)O"], "mapped_smiles": "[O:1]=[C:2]([O:3][P:901]([OH:900])([OH:902])=[O:903])[CH2:4][CH2:5][c:6]1[cH:7][cH:8][cH:9][cH:10][c:11]1[O:12][C@@H:13]1[O:14][C@@H:15]([CH2:16][OH:17])[C@@H:18]([OH:19])[C@@H:20]([OH:21])[C@H:22]1[OH:23]", "reacting_atoms": [3], "template_id": "65bf7618263ef0544bfb3455ab5e0cbc", "template_set": ["bkms"], "num_examples": 167, "necessary_reagent": "", "template_score": 0.1709149181842804, "rms_molwt": -408.0821481219999, "num_rings": -2, "plausibility": 1, "tforms": ["65bf7618263ef0544bfb3455ab5e0cbc"], "rank": 6, "score": -2020.2400875888818}, {"smiles": "O=C(O)CCc1ccccc1O.O=c1ccn([C@@H]2O[C@H](COP(=O)(O)OP(=O)(O)OC3O[C@@H](CO)[C@@H](O)[C@@H](O)[C@H]3O)[C@@H](O)[C@H]2O)c(=O)[nH]1", "smiles_split": ["O=C(O)CCc1ccccc1O", "O=c1ccn([C@@H]2O[C@H](COP(=O)(O)OP(=O)(O)OC3O[C@@H](CO)[C@@H](O)[C@@H](O)[C@H]3O)[C@@H](O)[C@H]2O)c(=O)[nH]1"], "mapped_smiles": "[CH:13]1([O:924][P:921]([O:920][P:917]([O:916][CH2:915][C@@H:914]2[C@@H:901]([OH:900])[C@@H:902]([OH:903])[C@H:904]([n:905]3[cH:906][cH:907][c:908](=[O:909])[nH:910][c:911]3=[O:912])[O:913]2)([OH:918])=[O:919])([OH:922])=[O:923])[O:14][C@@H:15]([CH2:16][OH:17])[C@@H:18]([OH:19])[C@@H:20]([OH:21])[C@H:22]1[OH:23].[O:1]=[C:2]([OH:3])[CH2:4][CH2:5][c:6]1[cH:7][cH:8][cH:9][cH:10][c:11]1[OH:12]", "reacting_atoms": [13, 12], "template_id": "86876aa219f979820998315681005c69", "template_set": ["bkms", "bkms"], "num_examples": 6, "necessary_reagent": "", "template_score": 0.1462823748588562, "rms_molwt": -417.1301981074166, "num_rings": -4, "plausibility": 1, "tforms": ["b3c14e9dd551f89283de8ef412aad2f0", "86876aa219f979820998315681005c69"], "rank": 7, "score": -4077.6400661353973}, {"smiles": "O=C(O)CCc1ccccc1O.OC[C@@H]1O[C@@H](O)[C@H](O)[C@H](O)[C@@H]1O", "smiles_split": ["O=C(O)CCc1ccccc1O", "OC[C@@H]1O[C@@H](O)[C@H](O)[C@H](O)[C@@H]1O"], "mapped_smiles": "[O:1]=[C:2]([OH:3])[CH2:4][CH2:5][c:6]1[cH:7][cH:8][cH:9][cH:10][c:11]1[OH:900].[OH:12][C@@H:13]1[O:14][C@@H:15]([CH2:16][OH:17])[C@@H:18]([OH:19])[C@@H:20]([OH:21])[C@H:22]1[OH:23]", "reacting_atoms": [11, 13, 12], "template_id": "1c6c1084e5a3e89058e45fc2016ceb2d", "template_set": ["bkms"], "num_examples": 2, "necessary_reagent": "", "template_score": 0.022056423127651215, "rms_molwt": -173.20470803577837, "num_rings": -2, "plausibility": 1, "tforms": ["1c6c1084e5a3e89058e45fc2016ceb2d"], "rank": 8, "score": -6702.78115197496}, {"smiles": "O=C(O)CCc1ccccc1O[C@@H]1O[C@@H](CO)[C@@H](O)[C@@H](OC(=O)CC(=O)O)[C@H]1O", "smiles_split": ["O=C(O)CCc1ccccc1O[C@@H]1O[C@@H](CO)[C@@H](O)[C@@H](OC(=O)CC(=O)O)[C@H]1O"], "mapped_smiles": "[O:1]=[C:2]([OH:3])[CH2:4][CH2:5][c:6]1[cH:7][cH:8][cH:9][cH:10][c:11]1[O:12][C@@H:13]1[O:14][C@@H:15]([CH2:16][OH:17])[C@@H:18]([OH:19])[C@@H:20]([O:21][C:904]([CH2:903][C:901]([OH:900])=[O:902])=[O:905])[C@H:22]1[OH:23]", "reacting_atoms": [21, 20], "template_id": "68dcba590fd2f11581e0c0900147fbd9", "template_set": ["bkms"], "num_examples": 9, "necessary_reagent": "", "template_score": 0.04384826496243477, "rms_molwt": -414.1162115239999, "num_rings": -2, "plausibility": 1, "tforms": ["68dcba590fd2f11581e0c0900147fbd9"], "rank": 9, "score": -8598.66399716183}, {"smiles": "O=C(O)CCc1ccccc1O[C@@H]1O[C@@H](CO)[C@@H](O)[C@@H](O)[C@H]1OC(=O)CC(=O)O", "smiles_split": ["O=C(O)CCc1ccccc1O[C@@H]1O[C@@H](CO)[C@@H](O)[C@@H](O)[C@H]1OC(=O)CC(=O)O"], "mapped_smiles": "[O:1]=[C:2]([OH:3])[CH2:4][CH2:5][c:6]1[cH:7][cH:8][cH:9][cH:10][c:11]1[O:12][C@@H:13]1[O:14][C@@H:15]([CH2:16][OH:17])[C@@H:18]([OH:19])[C@@H:20]([OH:21])[C@H:22]1[O:23][C:904]([CH2:903][C:901]([OH:900])=[O:902])=[O:905]", "reacting_atoms": [23, 22], "template_id": "68dcba590fd2f11581e0c0900147fbd9", "template_set": ["bkms"], "num_examples": 9, "necessary_reagent": "", "template_score": 0.04384826496243477, "rms_molwt": -414.1162115239999, "num_rings": -2, "plausibility": 1, "tforms": ["68dcba590fd2f11581e0c0900147fbd9"], "rank": 10, "score": -8598.66399716183}, {"smiles": "O=C(O)CC(=O)OC(=O)CCc1ccccc1O[C@@H]1O[C@@H](CO)[C@@H](O)[C@@H](O)[C@H]1O", "smiles_split": ["O=C(O)CC(=O)OC(=O)CCc1ccccc1O[C@@H]1O[C@@H](CO)[C@@H](O)[C@@H](O)[C@H]1O"], "mapped_smiles": "[O:1]=[C:2]([O:3][C:904]([CH2:903][C:901]([OH:900])=[O:902])=[O:905])[CH2:4][CH2:5][c:6]1[cH:7][cH:8][cH:9][cH:10][c:11]1[O:12][C@@H:13]1[O:14][C@@H:15]([CH2:16][OH:17])[C@@H:18]([OH:19])[C@@H:20]([OH:21])[C@H:22]1[OH:23]", "reacting_atoms": [3], "template_id": "68dcba590fd2f11581e0c0900147fbd9", "template_set": ["bkms"], "num_examples": 9, "necessary_reagent": "", "template_score": 0.04384826496243477, "rms_molwt": -414.1162115239999, "num_rings": -2, "plausibility": 1, "tforms": ["68dcba590fd2f11581e0c0900147fbd9"], "rank": 11, "score": -8598.66399716183}, {"smiles": "O=C(O)CCc1ccccc1O[C@@H]1O[C@@H](CO)[C@@H](OC(=O)CC(=O)O)[C@@H](O)[C@H]1O", "smiles_split": ["O=C(O)CCc1ccccc1O[C@@H]1O[C@@H](CO)[C@@H](OC(=O)CC(=O)O)[C@@H](O)[C@H]1O"], "mapped_smiles": "[O:1]=[C:2]([OH:3])[CH2:4][CH2:5][c:6]1[cH:7][cH:8][cH:9][cH:10][c:11]1[O:12][C@@H:13]1[O:14][C@@H:15]([CH2:16][OH:17])[C@@H:18]([O:19][C:904]([CH2:903][C:901]([OH:900])=[O:902])=[O:905])[C@@H:20]([OH:21])[C@H:22]1[OH:23]", "reacting_atoms": [19, 18], "template_id": "68dcba590fd2f11581e0c0900147fbd9", "template_set": ["bkms"], "num_examples": 9, "necessary_reagent": "", "template_score": 0.04384826496243477, "rms_molwt": -414.1162115239999, "num_rings": -2, "plausibility": 1, "tforms": ["68dcba590fd2f11581e0c0900147fbd9"], "rank": 12, "score": -8598.66399716183}, {"smiles": "O=C(O)CCc1ccccc1O[C@@H]1O[C@@H](COC(=O)CC(=O)O)[C@@H](O)[C@@H](O)[C@H]1O", "smiles_split": ["O=C(O)CCc1ccccc1O[C@@H]1O[C@@H](COC(=O)CC(=O)O)[C@@H](O)[C@@H](O)[C@H]1O"], "mapped_smiles": "[O:1]=[C:2]([OH:3])[CH2:4][CH2:5][c:6]1[cH:7][cH:8][cH:9][cH:10][c:11]1[O:12][C@@H:13]1[O:14][C@@H:15]([CH2:16][O:17][C:904]([CH2:903][C:901]([OH:900])=[O:902])=[O:905])[C@@H:18]([OH:19])[C@@H:20]([OH:21])[C@H:22]1[OH:23]", "reacting_atoms": [17], "template_id": "68dcba590fd2f11581e0c0900147fbd9", "template_set": ["bkms"], "num_examples": 9, "necessary_reagent": "", "template_score": 0.04384826496243477, "rms_molwt": -414.1162115239999, "num_rings": -2, "plausibility": 1, "tforms": ["68dcba590fd2f11581e0c0900147fbd9"], "rank": 13, "score": -8598.66399716183}, {"smiles": "O=C(O)CCc1ccccc1O[C@@H]1O[C@@H](CO[C@@H]2O[C@H](CO)[C@@H](O)[C@H](O)[C@H]2O)[C@@H](O)[C@@H](O)[C@H]1O", "smiles_split": ["O=C(O)CCc1ccccc1O[C@@H]1O[C@@H](CO[C@@H]2O[C@H](CO)[C@@H](O)[C@H](O)[C@H]2O)[C@@H](O)[C@@H](O)[C@H]1O"], "mapped_smiles": "[O:1]=[C:2]([OH:3])[CH2:4][CH2:5][c:6]1[cH:7][cH:8][cH:9][cH:10][c:11]1[O:12][C@@H:13]1[O:14][C@@H:15]([CH2:16][O:17][C@@H:904]2[O:903][C@H:902]([CH2:901][OH:900])[C@@H:909]([OH:910])[C@H:907]([OH:908])[C@H:905]2[OH:906])[C@@H:18]([OH:19])[C@@H:20]([OH:21])[C@H:22]1[OH:23]", "reacting_atoms": [17], "template_id": "b6e0cd700179bb80791b33730d6bcae3", "template_set": ["bkms"], "num_examples": 42, "necessary_reagent": "", "template_score": 0.06318776309490204, "rms_molwt": -490.1686410199998, "num_rings": -3, "plausibility": 1, "tforms": ["b6e0cd700179bb80791b33730d6bcae3"], "rank": 14, "score": -10098.061981918981}, {"smiles": "O=C(CCc1ccccc1O[C@@H]1O[C@@H](CO)[C@@H](O)[C@@H](O)[C@H]1O)O[C@@H]1O[C@H](CO)[C@@H](O)[C@H](O)[C@H]1O", "smiles_split": ["O=C(CCc1ccccc1O[C@@H]1O[C@@H](CO)[C@@H](O)[C@@H](O)[C@H]1O)O[C@@H]1O[C@H](CO)[C@@H](O)[C@H](O)[C@H]1O"], "mapped_smiles": "[O:1]=[C:2]([O:3][C@@H:904]1[O:903][C@H:902]([CH2:901][OH:900])[C@@H:909]([OH:910])[C@H:907]([OH:908])[C@H:905]1[OH:906])[CH2:4][CH2:5][c:6]1[cH:7][cH:8][cH:9][cH:10][c:11]1[O:12][C@@H:13]1[O:14][C@@H:15]([CH2:16][OH:17])[C@@H:18]([OH:19])[C@@H:20]([OH:21])[C@H:22]1[OH:23]", "reacting_atoms": [3], "template_id": "b6e0cd700179bb80791b33730d6bcae3", "template_set": ["bkms"], "num_examples": 42, "necessary_reagent": "", "template_score": 0.06318776309490204, "rms_molwt": -490.1686410199998, "num_rings": -3, "plausibility": 1, "tforms": ["b6e0cd700179bb80791b33730d6bcae3"], "rank": 15, "score": -10098.061981918981}]}