{"smiles": "O=[S@@]1c2ccccc2N=C(N2CCN(CCOCCO)CC2)c2ccccc21", "sfscore": [0.633453905582428, 0.3614856004714966], "chem_result": [{"smiles": "O=[S@@]1c2ccccc2N=C(N2CCN(CCOCCO)CC2)c2ccccc21", "bw_confidence": 0.13140747017330612, "confidence": 0.42118372819789174, "rclass": "1 1.3 1.3.7", "children": [{"smiles": "O=[S@@]1c2ccccc2N=C(Cl)c2ccccc21"}, {"smiles": "OCCOCCN1CCNCC1"}]}, {"smiles": "O=[S@@]1c2ccccc2N=C(N2CCN(CCOCCO)CC2)c2ccccc21", "bw_confidence": 0.07906955068717025, "confidence": 0.4927427615237559, "rclass": "6 6.3 6.3.2", "children": [{"smiles": "C1CCOC1"}, {"smiles": "CC(C)(C)[Si](C)(C)OCCOCCN1CCN(C2=Nc3ccccc3[S@@](=O)c3ccccc32)CC1"}, {"smiles": "CCCC[N+](CCCC)(CCCC)CCCC~[F-]"}]}, {"smiles": "O=[S@@]1c2ccccc2N=C(N2CCN(CCOCCO)CC2)c2ccccc21", "bw_confidence": 0.06097216865613274, "confidence": 0.4477247964209674, "rclass": "8 8.2 8.2.1", "children": [{"smiles": "ClCCl"}, {"smiles": "O=C(OO)c1cccc(Cl)c1"}, {"smiles": "OCCOCCN1CCN(C2=Nc3ccccc3Sc3ccccc32)CC1"}]}, {"smiles": "O=[S@@]1c2ccccc2N=C(N2CCN(CCOCCO)CC2)c2ccccc21", "bw_confidence": 0.0513278024965606, "confidence": 0.8493057789202962, "rclass": "1 1.3 1.3.7", "children": [{"smiles": "O=S1c2ccccc2N=C(Cl)c2ccccc21"}, {"smiles": "OCCOCCN1CCNCC1"}]}, {"smiles": "O=[S@@]1c2ccccc2N=C(N2CCN(CCOCCO)CC2)c2ccccc21", "bw_confidence": 0.036795109487851266, "confidence": 0.5537276747501607, "rclass": "7 7.4 7.4.1", "children": [{"smiles": "C1CCOC1"}, {"smiles": "COC(=O)COCCN1CCN(C2=Nc3ccccc3[S@@](=O)c3ccccc32)CC1"}, {"smiles": "[Li+]~[AlH4-]"}]}, {"smiles": "O=[S@@]1c2ccccc2N=C(N2CCN(CCOCCO)CC2)c2ccccc21", "bw_confidence": 0.03381229774297436, "confidence": 0.901510713370991, "rclass": "10 10.4 10.4.3", "children": [{"smiles": "B1C2CCCC1CCC2"}, {"smiles": "C1CCOC1"}, {"smiles": "C=COCCN1CCN(C2=Nc3ccccc3Sc3ccccc32)CC1"}, {"smiles": "OO"}, {"smiles": "[OH-]~[Na+]"}]}, {"smiles": "O=[S@@]1c2ccccc2N=C(N2CCN(CCOCCO)CC2)c2ccccc21", "bw_confidence": 0.01891309474783439, "confidence": 0.22509325377882974, "rclass": "11 11.5 11.5", "children": [{"smiles": "CO"}, {"smiles": "O=[S@@]1c2ccccc2N=C(N2CCN(CCOCCO)CC2)c2ccccc21"}]}, {"smiles": "O=[S@@]1c2ccccc2N=C(N2CCN(CCOCCO)CC2)c2ccccc21", "bw_confidence": 0.005433378074443507, "confidence": 0.11035043861512388, "rclass": "0 0 0", "children": [{"smiles": "C1COCCO1"}, {"smiles": "O=C([O-])[O-]~[Na+]~[Na+]"}, {"smiles": "O=[S@@]1c2ccccc2N=C(N2CCNCC2)c2ccccc21"}]}, {"smiles": "O=[S@@]1c2ccccc2N=C(N2CCN(CCOCCO)CC2)c2ccccc21", "bw_confidence": 0.00278426880120551, "confidence": 0.8928302922939678, "rclass": "9 9.7 9.7.326", "children": [{"smiles": "CC(C)(C)OCCOCCN1CCN(C2=Nc3ccccc3S(=O)c3ccccc32)CC1"}, {"smiles": "ClCCl"}, {"smiles": "O=C(O)C(F)(F)F"}]}], "chem_bw_confidence_list": [0.13140747017330612, 0.07906955068717025, 0.06097216865613274, 0.0513278024965606, 0.036795109487851266, 0.03381229774297436, 0.01891309474783439, 0.005433378074443507, 0.00278426880120551], "enzy_template_score_list": [0.005134257022291422, 0.005134257022291422, 0.005134257022291422, 0.005134257022291422, 0.005134257022291422, 0.005134257022291422, 0.005134257022291422, 0.005134257022291422, 0.0043209390714764595, 0.003144749440252781, 0.003144749440252781, 0.003144749440252781, 0.002229355275630951, 0.002257975749671459, 0.002257975749671459], "enzy_result": [{"smiles": "O=S1c2cc(O)ccc2N=C(N2CCN(CCOCCO)CC2)c2ccccc21", "smiles_split": ["O=S1c2cc(O)ccc2N=C(N2CCN(CCOCCO)CC2)c2ccccc21"], "mapped_smiles": "[O:1]=[S:2]1[c:3]2[cH:4][c:5]([OH:900])[cH:6][cH:7][c:8]2[N:9]=[C:10]([N:11]2[CH2:12][CH2:13][N:14]([CH2:15][CH2:16][O:17][CH2:18][CH2:19][OH:20])[CH2:21][CH2:22]2)[c:23]2[cH:24][cH:25][cH:26][cH:27][c:28]21", "reacting_atoms": [5], "template_id": "f53e9cbdf728108a37f743b6e04eb4f2", "template_set": ["bkms"], "num_examples": 56, "necessary_reagent": "", "template_score": 0.005134257022291422, "rms_molwt": -415.15657728, "num_rings": -4, "plausibility": 1, "tforms": ["f53e9cbdf728108a37f743b6e04eb4f2"], "rank": 1, "score": -67940.19660356447}, {"smiles": "O=S1c2ccccc2N=C(N2CCN(CCOCCO)CC2)c2c(O)cccc21", "smiles_split": ["O=S1c2ccccc2N=C(N2CCN(CCOCCO)CC2)c2c(O)cccc21"], "mapped_smiles": "[O:1]=[S:2]1[c:3]2[cH:4][cH:5][cH:6][cH:7][c:8]2[N:9]=[C:10]([N:11]2[CH2:12][CH2:13][N:14]([CH2:15][CH2:16][O:17][CH2:18][CH2:19][OH:20])[CH2:21][CH2:22]2)[c:23]2[c:24]([OH:900])[cH:25][cH:26][cH:27][c:28]21", "reacting_atoms": [24], "template_id": "f53e9cbdf728108a37f743b6e04eb4f2", "template_set": ["bkms"], "num_examples": 56, "necessary_reagent": "", "template_score": 0.005134257022291422, "rms_molwt": -415.15657727999996, "num_rings": -4, "plausibility": 1, "tforms": ["f53e9cbdf728108a37f743b6e04eb4f2"], "rank": 2, "score": -67940.19660356447}, {"smiles": "O=S1c2ccccc2N=C(N2CCN(CCOCCO)CC2)c2cc(O)ccc21", "smiles_split": ["O=S1c2ccccc2N=C(N2CCN(CCOCCO)CC2)c2cc(O)ccc21"], "mapped_smiles": "[O:1]=[S:2]1[c:3]2[cH:4][cH:5][cH:6][cH:7][c:8]2[N:9]=[C:10]([N:11]2[CH2:12][CH2:13][N:14]([CH2:15][CH2:16][O:17][CH2:18][CH2:19][OH:20])[CH2:21][CH2:22]2)[c:23]2[cH:24][c:25]([OH:900])[cH:26][cH:27][c:28]21", "reacting_atoms": [25], "template_id": "f53e9cbdf728108a37f743b6e04eb4f2", "template_set": ["bkms"], "num_examples": 56, "necessary_reagent": "", "template_score": 0.005134257022291422, "rms_molwt": -415.15657727999996, "num_rings": -4, "plausibility": 1, "tforms": ["f53e9cbdf728108a37f743b6e04eb4f2"], "rank": 3, "score": -67940.19660356447}, {"smiles": "O=S1c2ccc(O)cc2N=C(N2CCN(CCOCCO)CC2)c2ccccc21", "smiles_split": ["O=S1c2ccc(O)cc2N=C(N2CCN(CCOCCO)CC2)c2ccccc21"], "mapped_smiles": "[O:1]=[S:2]1[c:3]2[cH:4][cH:5][c:6]([OH:900])[cH:7][c:8]2[N:9]=[C:10]([N:11]2[CH2:12][CH2:13][N:14]([CH2:15][CH2:16][O:17][CH2:18][CH2:19][OH:20])[CH2:21][CH2:22]2)[c:23]2[cH:24][cH:25][cH:26][cH:27][c:28]21", "reacting_atoms": [6], "template_id": "f53e9cbdf728108a37f743b6e04eb4f2", "template_set": ["bkms"], "num_examples": 56, "necessary_reagent": "", "template_score": 0.005134257022291422, "rms_molwt": -415.15657728, "num_rings": -4, "plausibility": 1, "tforms": ["f53e9cbdf728108a37f743b6e04eb4f2"], "rank": 4, "score": -67940.19660356447}, {"smiles": "O=S1c2ccccc2C(N2CCN(CCOCCO)CC2)=Nc2cccc(O)c21", "smiles_split": ["O=S1c2ccccc2C(N2CCN(CCOCCO)CC2)=Nc2cccc(O)c21"], "mapped_smiles": "[O:1]=[S:2]1[c:3]2[c:4]([OH:900])[cH:5][cH:6][cH:7][c:8]2[N:9]=[C:10]([N:11]2[CH2:12][CH2:13][N:14]([CH2:15][CH2:16][O:17][CH2:18][CH2:19][OH:20])[CH2:21][CH2:22]2)[c:23]2[cH:24][cH:25][cH:26][cH:27][c:28]21", "reacting_atoms": [4], "template_id": "f53e9cbdf728108a37f743b6e04eb4f2", "template_set": ["bkms"], "num_examples": 56, "necessary_reagent": "", "template_score": 0.005134257022291422, "rms_molwt": -415.15657728, "num_rings": -4, "plausibility": 1, "tforms": ["f53e9cbdf728108a37f743b6e04eb4f2"], "rank": 5, "score": -67940.19660356447}, {"smiles": "O=S1c2ccccc2N=C(N2CCN(CCOCCO)CC2)c2cccc(O)c21", "smiles_split": ["O=S1c2ccccc2N=C(N2CCN(CCOCCO)CC2)c2cccc(O)c21"], "mapped_smiles": "[O:1]=[S:2]1[c:3]2[cH:4][cH:5][cH:6][cH:7][c:8]2[N:9]=[C:10]([N:11]2[CH2:12][CH2:13][N:14]([CH2:15][CH2:16][O:17][CH2:18][CH2:19][OH:20])[CH2:21][CH2:22]2)[c:23]2[cH:24][cH:25][cH:26][c:27]([OH:900])[c:28]21", "reacting_atoms": [27], "template_id": "f53e9cbdf728108a37f743b6e04eb4f2", "template_set": ["bkms"], "num_examples": 56, "necessary_reagent": "", "template_score": 0.005134257022291422, "rms_molwt": -415.15657727999996, "num_rings": -4, "plausibility": 1, "tforms": ["f53e9cbdf728108a37f743b6e04eb4f2"], "rank": 6, "score": -67940.19660356447}, {"smiles": "O=S1c2ccccc2N=C(N2CCN(CCOCCO)CC2)c2ccc(O)cc21", "smiles_split": ["O=S1c2ccccc2N=C(N2CCN(CCOCCO)CC2)c2ccc(O)cc21"], "mapped_smiles": "[O:1]=[S:2]1[c:3]2[cH:4][cH:5][cH:6][cH:7][c:8]2[N:9]=[C:10]([N:11]2[CH2:12][CH2:13][N:14]([CH2:15][CH2:16][O:17][CH2:18][CH2:19][OH:20])[CH2:21][CH2:22]2)[c:23]2[cH:24][cH:25][c:26]([OH:900])[cH:27][c:28]21", "reacting_atoms": [26], "template_id": "f53e9cbdf728108a37f743b6e04eb4f2", "template_set": ["bkms"], "num_examples": 56, "necessary_reagent": "", "template_score": 0.005134257022291422, "rms_molwt": -415.15657727999996, "num_rings": -4, "plausibility": 1, "tforms": ["f53e9cbdf728108a37f743b6e04eb4f2"], "rank": 7, "score": -67940.19660356447}, {"smiles": "O=S1c2ccccc2C(N2CCN(CCOCCO)CC2)=Nc2c(O)cccc21", "smiles_split": ["O=S1c2ccccc2C(N2CCN(CCOCCO)CC2)=Nc2c(O)cccc21"], "mapped_smiles": "[O:1]=[S:2]1[c:3]2[cH:4][cH:5][cH:6][c:7]([OH:900])[c:8]2[N:9]=[C:10]([N:11]2[CH2:12][CH2:13][N:14]([CH2:15][CH2:16][O:17][CH2:18][CH2:19][OH:20])[CH2:21][CH2:22]2)[c:23]2[cH:24][cH:25][cH:26][cH:27][c:28]21", "reacting_atoms": [7], "template_id": "f53e9cbdf728108a37f743b6e04eb4f2", "template_set": ["bkms"], "num_examples": 56, "necessary_reagent": "", "template_score": 0.005134257022291422, "rms_molwt": -415.15657728, "num_rings": -4, "plausibility": 1, "tforms": ["f53e9cbdf728108a37f743b6e04eb4f2"], "rank": 8, "score": -67940.19660356447}, {"smiles": "O=CCOCCN1CCN(C2=Nc3ccccc3S(=O)c3ccccc32)CC1", "smiles_split": ["O=CCOCCN1CCN(C2=Nc3ccccc3S(=O)c3ccccc32)CC1"], "mapped_smiles": "[O:1]=[S:2]1[c:3]2[cH:4][cH:5][cH:6][cH:7][c:8]2[N:9]=[C:10]([N:11]2[CH2:12][CH2:13][N:14]([CH2:15][CH2:16][O:17][CH2:18][CH:19]=[O:20])[CH2:21][CH2:22]2)[c:23]2[cH:24][cH:25][cH:26][cH:27][c:28]21", "reacting_atoms": [19, 20], "template_id": "e85dde51e44b75a7c242f65b07224737", "template_set": ["bkms"], "num_examples": 42, "necessary_reagent": "", "template_score": 0.0043209390714764595, "rms_molwt": -397.146012596, "num_rings": -4, "plausibility": 1, "tforms": ["e85dde51e44b75a7c242f65b07224737"], "rank": 9, "score": -77021.9190846919}, {"smiles": "O=S1c2ccccc2N=C(N2CCN(CCOCCO)C(O)C2)c2ccccc21", "smiles_split": ["O=S1c2ccccc2N=C(N2CCN(CCOCCO)C(O)C2)c2ccccc21"], "mapped_smiles": "[O:1]=[S:2]1[c:3]2[cH:4][cH:5][cH:6][cH:7][c:8]2[N:9]=[C:10]([N:11]2[CH2:12][CH2:13][N:14]([CH2:15][CH2:16][O:17][CH2:18][CH2:19][OH:20])[CH:21]([OH:900])[CH2:22]2)[c:23]2[cH:24][cH:25][cH:26][cH:27][c:28]21", "reacting_atoms": [21], "template_id": "dcf84fcee1544447856c319c19dfaf6c", "template_set": ["bkms"], "num_examples": 2, "necessary_reagent": "", "template_score": 0.003144749440252781, "rms_molwt": -415.15657727999996, "num_rings": -4, "plausibility": 1, "tforms": ["dcf84fcee1544447856c319c19dfaf6c"], "rank": 10, "score": -110922.16983737556}, {"smiles": "O=S1c2ccccc2N=C(N2CCN(CCOCCO)CC2O)c2ccccc21", "smiles_split": ["O=S1c2ccccc2N=C(N2CCN(CCOCCO)CC2O)c2ccccc21"], "mapped_smiles": "[O:1]=[S:2]1[c:3]2[cH:4][cH:5][cH:6][cH:7][c:8]2[N:9]=[C:10]([N:11]2[CH2:12][CH2:13][N:14]([CH2:15][CH2:16][O:17][CH2:18][CH2:19][OH:20])[CH2:21][CH:22]2[OH:900])[c:23]2[cH:24][cH:25][cH:26][cH:27][c:28]21", "reacting_atoms": [22], "template_id": "dcf84fcee1544447856c319c19dfaf6c", "template_set": ["bkms"], "num_examples": 2, "necessary_reagent": "", "template_score": 0.003144749440252781, "rms_molwt": -415.15657727999996, "num_rings": -4, "plausibility": 1, "tforms": ["dcf84fcee1544447856c319c19dfaf6c"], "rank": 11, "score": -110922.16983737556}, {"smiles": "O=S1c2ccccc2N=C(N2CCN(C(O)COCCO)CC2)c2ccccc21", "smiles_split": ["O=S1c2ccccc2N=C(N2CCN(C(O)COCCO)CC2)c2ccccc21"], "mapped_smiles": "[O:1]=[S:2]1[c:3]2[cH:4][cH:5][cH:6][cH:7][c:8]2[N:9]=[C:10]([N:11]2[CH2:12][CH2:13][N:14]([CH:15]([CH2:16][O:17][CH2:18][CH2:19][OH:20])[OH:900])[CH2:21][CH2:22]2)[c:23]2[cH:24][cH:25][cH:26][cH:27][c:28]21", "reacting_atoms": [15], "template_id": "dcf84fcee1544447856c319c19dfaf6c", "template_set": ["bkms"], "num_examples": 2, "necessary_reagent": "", "template_score": 0.003144749440252781, "rms_molwt": -415.15657728, "num_rings": -4, "plausibility": 1, "tforms": ["dcf84fcee1544447856c319c19dfaf6c"], "rank": 12, "score": -110922.16983737556}, {"smiles": "CCOCCN1CCN(C2=Nc3ccccc3S(=O)c3ccccc32)CC1", "smiles_split": ["CCOCCN1CCN(C2=Nc3ccccc3S(=O)c3ccccc32)CC1"], "mapped_smiles": "[O:1]=[S:2]1[c:3]2[cH:4][cH:5][cH:6][cH:7][c:8]2[N:9]=[C:10]([N:11]2[CH2:12][CH2:13][N:14]([CH2:15][CH2:16][O:17][CH2:18][CH3:19])[CH2:21][CH2:22]2)[c:23]2[cH:24][cH:25][cH:26][cH:27][c:28]21", "reacting_atoms": [19], "template_id": "f79f472bf2519c1c739003d134aa74dc", "template_set": ["bkms"], "num_examples": 69, "necessary_reagent": "[O]", "template_score": 0.002229355275630951, "rms_molwt": -383.16674804, "num_rings": -4, "plausibility": 1, "tforms": ["f79f472bf2519c1c739003d134aa74dc"], "rank": 13, "score": -142675.8251575878}, {"smiles": "C[N+]1(C2=Nc3ccccc3S(=O)c3ccccc32)CCN(CCOCCO)CC1", "smiles_split": ["C[N+]1(C2=Nc3ccccc3S(=O)c3ccccc32)CCN(CCOCCO)CC1"], "mapped_smiles": "[O:1]=[S:2]1[c:3]2[cH:4][cH:5][cH:6][cH:7][c:8]2[N:9]=[C:10]([N+:11]2([CH3:900])[CH2:12][CH2:13][N:14]([CH2:15][CH2:16][O:17][CH2:18][CH2:19][OH:20])[CH2:21][CH2:22]2)[c:23]2[cH:24][cH:25][cH:26][cH:27][c:28]21", "reacting_atoms": [11], "template_id": "08b594a0b32289c336eed75edb7b3ce4", "template_set": ["bkms"], "num_examples": 1, "necessary_reagent": "", "template_score": 0.002257975749671459, "rms_molwt": -414.18458917608996, "num_rings": -4, "plausibility": 1, "tforms": ["08b594a0b32289c336eed75edb7b3ce4"], "rank": 14, "score": -154484.57830358238}, {"smiles": "C[N+]1(CCOCCO)CCN(C2=Nc3ccccc3S(=O)c3ccccc32)CC1", "smiles_split": ["C[N+]1(CCOCCO)CCN(C2=Nc3ccccc3S(=O)c3ccccc32)CC1"], "mapped_smiles": "[O:1]=[S:2]1[c:3]2[cH:4][cH:5][cH:6][cH:7][c:8]2[N:9]=[C:10]([N:11]2[CH2:12][CH2:13][N+:14]([CH2:15][CH2:16][O:17][CH2:18][CH2:19][OH:20])([CH3:900])[CH2:21][CH2:22]2)[c:23]2[cH:24][cH:25][cH:26][cH:27][c:28]21", "reacting_atoms": [14], "template_id": "08b594a0b32289c336eed75edb7b3ce4", "template_set": ["bkms"], "num_examples": 1, "necessary_reagent": "", "template_score": 0.002257975749671459, "rms_molwt": -414.18458917608996, "num_rings": -4, "plausibility": 1, "tforms": ["08b594a0b32289c336eed75edb7b3ce4"], "rank": 15, "score": -154484.57830358238}]}