{"smiles": "CC[C@H](COC)n1nnc2c(Nc3ccc(OC)cc3C)nc(C)cc21", "sfscore": [0.637338399887085, 0.3569788932800293], "chem_result": [{"smiles": "CC[C@H](COC)n1nnc2c(Nc3ccc(OC)cc3C)nc(C)cc21", "bw_confidence": 0.13475120167210983, "confidence": 0.9198381246009101, "rclass": "0 0 0", "children": [{"smiles": "CC(=O)O"}, {"smiles": "CC[C@H](COC)Nc1cc(C)nc(Nc2ccc(OC)cc2C)c1N"}, {"smiles": "O"}, {"smiles": "O=N[O-]~[Na+]"}]}, {"smiles": "CC[C@H](COC)n1nnc2c(Nc3ccc(OC)cc3C)nc(C)cc21", "bw_confidence": 0.12356853834043925, "confidence": 0.9493292654518487, "rclass": "7 7.6 7.6.1", "children": [{"smiles": "C=C[C@H](COC)n1nnc2c(Nc3ccc(OC)cc3C)nc(C)cc21"}, {"smiles": "CO"}, {"smiles": "[Pd]"}]}, {"smiles": "CC[C@H](COC)n1nnc2c(Nc3ccc(OC)cc3C)nc(C)cc21", "bw_confidence": 0.1111228428151229, "confidence": 0.9416915710878169, "rclass": "1 1.3 1.3.7", "children": [{"smiles": "CC[C@H](COC)n1nnc2c(Cl)nc(C)cc21"}, {"smiles": "COc1ccc(N)c(C)c1"}]}, {"smiles": "CC[C@H](COC)n1nnc2c(Nc3ccc(OC)cc3C)nc(C)cc21", "bw_confidence": 0.03975942528510556, "confidence": 0.3994572873986386, "rclass": "11 11.7 11.7", "children": [{"smiles": "CCO"}, {"smiles": "CC[C@@H](COC)n1nnc2c(Nc3ccc(OC)cc3C)nc(C)cc21"}]}, {"smiles": "CC[C@H](COC)n1nnc2c(Nc3ccc(OC)cc3C)nc(C)cc21", "bw_confidence": 0.03609945852087677, "confidence": 0.9770547703036623, "rclass": "3 3.1 3.1.2", "children": [{"smiles": "C1COCCO1"}, {"smiles": "CB1OB(C)OB(C)O1"}, {"smiles": "CC[C@H](COC)n1nnc2c(Nc3ccc(OC)cc3C)nc(Cl)cc21"}, {"smiles": "O"}, {"smiles": "O=C([O-])[O-]~[K+]~[K+]"}, {"smiles": "c1ccc([P](c2ccccc2)(c2ccccc2)[Pd]([P](c2ccccc2)(c2ccccc2)c2ccccc2)([P](c2ccccc2)(c2ccccc2)c2ccccc2)[P](c2ccccc2)(c2ccccc2)c2ccccc2)cc1"}]}, {"smiles": "CC[C@H](COC)n1nnc2c(Nc3ccc(OC)cc3C)nc(C)cc21", "bw_confidence": 0.026567470320402926, "confidence": 0.9626457678303488, "rclass": "6 6.1 6.1.1", "children": [{"smiles": "CC[C@H](COC)n1nnc2c(N(C(=O)OC(C)(C)C)c3ccc(OC)cc3C)nc(C)cc21"}, {"smiles": "ClCCl"}, {"smiles": "O=C(O)C(F)(F)F"}]}, {"smiles": "CC[C@H](COC)n1nnc2c(Nc3ccc(OC)cc3C)nc(C)cc21", "bw_confidence": 0.023037613671835638, "confidence": 0.6156431335684875, "rclass": "11 11.7 11.7", "children": [{"smiles": "CC[C@H](COC)n1nnc2c(Nc3ccc(OC)cc3C)nc(C)cc21"}, {"smiles": "ClCCl"}, {"smiles": "O=[Mn]=O"}]}, {"smiles": "CC[C@H](COC)n1nnc2c(Nc3ccc(OC)cc3C)nc(C)cc21", "bw_confidence": 0.015571202598245598, "confidence": 0.8622193896550793, "rclass": "0 0 0", "children": [{"smiles": "CC[C@H](COC)n1nnc2c(Nc3ccc(OC)cc3C)nccc21"}, {"smiles": "COc1ccc(N)c(C)c1"}]}, {"smiles": "CC[C@H](COC)n1nnc2c(Nc3ccc(OC)cc3C)nc(C)cc21", "bw_confidence": 0.014550045037145597, "confidence": 0.8469488413790413, "rclass": "0 0 0", "children": [{"smiles": "CC[C@H](COC)n1nnc2c(Nc3ccc(OC)cc3C)nc(Cl)cc21"}, {"smiles": "CO"}, {"smiles": "[Pd]"}]}], "chem_bw_confidence_list": [0.13475120167210983, 0.12356853834043925, 0.1111228428151229, 0.03975942528510556, 0.03609945852087677, 0.026567470320402926, 0.023037613671835638, 0.015571202598245598, 0.014550045037145597], "enzy_template_score_list": [0.9488729238510132, 0.004150566644966602, 0.004328643903136253, 0.004328643903136253, 0.0024790395982563496, 0.0024790395982563496, 0.0024790395982563496, 0.0024790395982563496, 0.004999267868697643, 0.004999267868697643, 0.0010203290730714798, 0.0010203290730714798, 0.0010203290730714798, 0.0010203290730714798, 0.0008759473566897213], "enzy_result": [{"smiles": "CC[C@H](COC)n1nnc2c(Nc3ccc(O)cc3C)nc(C)cc21", "smiles_split": ["CC[C@H](COC)n1nnc2c(Nc3ccc(O)cc3C)nc(C)cc21"], "mapped_smiles": "[CH3:1][CH2:2][C@H:3]([CH2:4][O:5][CH3:6])[n:7]1[n:8][n:9][c:10]2[c:11]([NH:12][c:13]3[cH:14][cH:15][c:16]([OH:17])[cH:19][c:20]3[CH3:21])[n:22][c:23]([CH3:24])[cH:25][c:26]12", "reacting_atoms": [17], "template_id": "e0e2b378d623262efad3f5cff831b758", "template_set": ["bkms"], "num_examples": 223, "necessary_reagent": "[C]", "template_score": 0.9488729238510132, "rms_molwt": -341.18517497600004, "num_rings": -3, "plausibility": 1, "tforms": ["e0e2b378d623262efad3f5cff831b758"], "rank": 1, "score": -266.63212074088506}, {"smiles": "CC[C@H](CO)n1nnc2c(Nc3ccc(OC)cc3C)nc(C)cc21", "smiles_split": ["CC[C@H](CO)n1nnc2c(Nc3ccc(OC)cc3C)nc(C)cc21"], "mapped_smiles": "[CH3:1][CH2:2][C@H:3]([CH2:4][OH:5])[n:7]1[n:8][n:9][c:10]2[c:11]([NH:12][c:13]3[cH:14][cH:15][c:16]([O:17][CH3:18])[cH:19][c:20]3[CH3:21])[n:22][c:23]([CH3:24])[cH:25][c:26]12", "reacting_atoms": [5], "template_id": "16b2a3e2e6b9d559d878b223e5a12dd1", "template_set": ["bkms"], "num_examples": 37, "necessary_reagent": "[C]", "template_score": 0.004150566644966602, "rms_molwt": -341.18517497600004, "num_rings": -3, "plausibility": 1, "tforms": ["16b2a3e2e6b9d559d878b223e5a12dd1"], "rank": 2, "score": -60955.5324950181}, {"smiles": "CC[C@H](COC(C)C)n1nnc2c(Nc3ccc(OC)cc3C)nc(C)cc21", "smiles_split": ["CC[C@H](COC(C)C)n1nnc2c(Nc3ccc(OC)cc3C)nc(C)cc21"], "mapped_smiles": "[CH3:1][CH2:2][C@H:3]([CH2:4][O:5][CH:6]([CH3:900])[CH3:901])[n:7]1[n:8][n:9][c:10]2[c:11]([NH:12][c:13]3[cH:14][cH:15][c:16]([O:17][CH3:18])[cH:19][c:20]3[CH3:21])[n:22][c:23]([CH3:24])[cH:25][c:26]12", "reacting_atoms": [6], "template_id": "94aa6093dbbc5a8d11f127a6c1ec9b94", "template_set": ["bkms"], "num_examples": 1, "necessary_reagent": "", "template_score": 0.004328643903136253, "rms_molwt": -383.23212516800004, "num_rings": -3, "plausibility": 1, "tforms": ["94aa6093dbbc5a8d11f127a6c1ec9b94"], "rank": 3, "score": -68918.61597187238}, {"smiles": "CC[C@H](COC)n1nnc2c(Nc3ccc(OC(C)C)cc3C)nc(C)cc21", "smiles_split": ["CC[C@H](COC)n1nnc2c(Nc3ccc(OC(C)C)cc3C)nc(C)cc21"], "mapped_smiles": "[CH3:1][CH2:2][C@H:3]([CH2:4][O:5][CH3:6])[n:7]1[n:8][n:9][c:10]2[c:11]([NH:12][c:13]3[cH:14][cH:15][c:16]([O:17][CH:18]([CH3:900])[CH3:901])[cH:19][c:20]3[CH3:21])[n:22][c:23]([CH3:24])[cH:25][c:26]12", "reacting_atoms": [18], "template_id": "94aa6093dbbc5a8d11f127a6c1ec9b94", "template_set": ["bkms"], "num_examples": 1, "necessary_reagent": "", "template_score": 0.004328643903136253, "rms_molwt": -383.23212516800004, "num_rings": -3, "plausibility": 1, "tforms": ["94aa6093dbbc5a8d11f127a6c1ec9b94"], "rank": 4, "score": -68918.61597187238}, {"smiles": "CC[C@H](COC)n1nnc2c(Nc3cc(O)c(OC)cc3C)nc(C)cc21", "smiles_split": ["CC[C@H](COC)n1nnc2c(Nc3cc(O)c(OC)cc3C)nc(C)cc21"], "mapped_smiles": "[CH3:1][CH2:2][C@H:3]([CH2:4][O:5][CH3:6])[n:7]1[n:8][n:9][c:10]2[c:11]([NH:12][c:13]3[cH:14][c:15]([OH:900])[c:16]([O:17][CH3:18])[cH:19][c:20]3[CH3:21])[n:22][c:23]([CH3:24])[cH:25][c:26]12", "reacting_atoms": [15], "template_id": "f53e9cbdf728108a37f743b6e04eb4f2", "template_set": ["bkms"], "num_examples": 56, "necessary_reagent": "", "template_score": 0.0024790395982563496, "rms_molwt": -371.19573966, "num_rings": -3, "plausibility": 1, "tforms": ["f53e9cbdf728108a37f743b6e04eb4f2"], "rank": 5, "score": -113992.62481523951}, {"smiles": "CC[C@H](COC)n1nnc2c(Nc3ccc(OC)c(O)c3C)nc(C)cc21", "smiles_split": ["CC[C@H](COC)n1nnc2c(Nc3ccc(OC)c(O)c3C)nc(C)cc21"], "mapped_smiles": "[CH3:1][CH2:2][C@H:3]([CH2:4][O:5][CH3:6])[n:7]1[n:8][n:9][c:10]2[c:11]([NH:12][c:13]3[cH:14][cH:15][c:16]([O:17][CH3:18])[c:19]([OH:900])[c:20]3[CH3:21])[n:22][c:23]([CH3:24])[cH:25][c:26]12", "reacting_atoms": [19], "template_id": "f53e9cbdf728108a37f743b6e04eb4f2", "template_set": ["bkms"], "num_examples": 56, "necessary_reagent": "", "template_score": 0.0024790395982563496, "rms_molwt": -371.19573966, "num_rings": -3, "plausibility": 1, "tforms": ["f53e9cbdf728108a37f743b6e04eb4f2"], "rank": 6, "score": -113992.62481523951}, {"smiles": "CC[C@H](COC)n1nnc2c(Nc3c(C)cc(OC)cc3O)nc(C)cc21", "smiles_split": ["CC[C@H](COC)n1nnc2c(Nc3c(C)cc(OC)cc3O)nc(C)cc21"], "mapped_smiles": "[CH3:1][CH2:2][C@H:3]([CH2:4][O:5][CH3:6])[n:7]1[n:8][n:9][c:10]2[c:11]([NH:12][c:13]3[c:14]([OH:900])[cH:15][c:16]([O:17][CH3:18])[cH:19][c:20]3[CH3:21])[n:22][c:23]([CH3:24])[cH:25][c:26]12", "reacting_atoms": [14], "template_id": "f53e9cbdf728108a37f743b6e04eb4f2", "template_set": ["bkms"], "num_examples": 56, "necessary_reagent": "", "template_score": 0.0024790395982563496, "rms_molwt": -371.19573966, "num_rings": -3, "plausibility": 1, "tforms": ["f53e9cbdf728108a37f743b6e04eb4f2"], "rank": 7, "score": -113992.62481523951}, {"smiles": "CC[C@H](COC)n1nnc2c(Nc3ccc(OC)cc3C)nc(C)c(O)c21", "smiles_split": ["CC[C@H](COC)n1nnc2c(Nc3ccc(OC)cc3C)nc(C)c(O)c21"], "mapped_smiles": "[CH3:1][CH2:2][C@H:3]([CH2:4][O:5][CH3:6])[n:7]1[n:8][n:9][c:10]2[c:11]([NH:12][c:13]3[cH:14][cH:15][c:16]([O:17][CH3:18])[cH:19][c:20]3[CH3:21])[n:22][c:23]([CH3:24])[c:25]([OH:900])[c:26]12", "reacting_atoms": [25], "template_id": "f53e9cbdf728108a37f743b6e04eb4f2", "template_set": ["bkms", "bkms"], "num_examples": 57, "necessary_reagent": "", "template_score": 0.0024790395982563496, "rms_molwt": -371.19573966, "num_rings": -3, "plausibility": 1, "tforms": ["f53e9cbdf728108a37f743b6e04eb4f2", "a4b05d3426bcbccf017b2e46a8dfdb20"], "rank": 8, "score": -113992.62481523951}, {"smiles": "CC[C@H](CO[C@H]1C(O)C(O)C(O[C@H]2C(O)C(O)[C@H](O)O[C@@H]2CO)O[C@@H]1CO)n1nnc2c(Nc3ccc(OC)cc3C)nc(C)cc21", "smiles_split": ["CC[C@H](CO[C@H]1C(O)C(O)C(O[C@H]2C(O)C(O)[C@H](O)O[C@@H]2CO)O[C@@H]1CO)n1nnc2c(Nc3ccc(OC)cc3C)nc(C)cc21"], "mapped_smiles": "[CH3:1][CH2:2][C@H:3]([CH2:4][O:5][C@@H:6]1[C@@H:914]([CH2:915][OH:916])[O:913][CH:912]([O:911][C@@H:910]2[C@@H:902]([CH2:901][OH:900])[O:903][C@@H:904]([OH:905])[CH:906]([OH:907])[CH:908]2[OH:909])[CH:919]([OH:920])[CH:917]1[OH:918])[n:7]1[n:8][n:9][c:10]2[c:11]([NH:12][c:13]3[cH:14][cH:15][c:16]([O:17][CH3:18])[cH:19][c:20]3[CH3:21])[n:22][c:23]([CH3:24])[cH:25][c:26]12", "reacting_atoms": [6], "template_id": "c1028a1d583931b73911fd5294c2c437", "template_set": ["bkms"], "num_examples": 1, "necessary_reagent": "", "template_score": 0.004999267868697643, "rms_molwt": -665.290821816, "num_rings": -5, "plausibility": 1, "tforms": ["c1028a1d583931b73911fd5294c2c437"], "rank": 9, "score": -151622.35185785664}, {"smiles": "CC[C@H](COC)n1nnc2c(Nc3ccc(O[C@H]4C(O)C(O)C(O[C@H]5C(O)C(O)[C@H](O)O[C@@H]5CO)O[C@@H]4CO)cc3C)nc(C)cc21", "smiles_split": ["CC[C@H](COC)n1nnc2c(Nc3ccc(O[C@H]4C(O)C(O)C(O[C@H]5C(O)C(O)[C@H](O)O[C@@H]5CO)O[C@@H]4CO)cc3C)nc(C)cc21"], "mapped_smiles": "[CH3:1][CH2:2][C@H:3]([CH2:4][O:5][CH3:6])[n:7]1[n:8][n:9][c:10]2[c:11]([NH:12][c:13]3[cH:14][cH:15][c:16]([O:17][C@@H:18]4[C@@H:914]([CH2:915][OH:916])[O:913][CH:912]([O:911][C@@H:910]5[C@@H:902]([CH2:901][OH:900])[O:903][C@@H:904]([OH:905])[CH:906]([OH:907])[CH:908]5[OH:909])[CH:919]([OH:920])[CH:917]4[OH:918])[cH:19][c:20]3[CH3:21])[n:22][c:23]([CH3:24])[cH:25][c:26]12", "reacting_atoms": [18], "template_id": "c1028a1d583931b73911fd5294c2c437", "template_set": ["bkms"], "num_examples": 1, "necessary_reagent": "", "template_score": 0.004999267868697643, "rms_molwt": -665.2908218159997, "num_rings": -5, "plausibility": 1, "tforms": ["c1028a1d583931b73911fd5294c2c437"], "rank": 10, "score": -151622.35185785664}, {"smiles": "CC[C@H](COC)n1nnc2c(Nc3ccc(OC)cc3C)nc(C)c(C(=O)O)c21", "smiles_split": ["CC[C@H](COC)n1nnc2c(Nc3ccc(OC)cc3C)nc(C)c(C(=O)O)c21"], "mapped_smiles": "[CH3:1][CH2:2][C@H:3]([CH2:4][O:5][CH3:6])[n:7]1[n:8][n:9][c:10]2[c:11]([NH:12][c:13]3[cH:14][cH:15][c:16]([O:17][CH3:18])[cH:19][c:20]3[CH3:21])[n:22][c:23]([CH3:24])[c:25]([C:901]([OH:900])=[O:902])[c:26]12", "reacting_atoms": [25], "template_id": "7b224edf0386a32c82063499cfe171fd", "template_set": ["bkms", "bkms"], "num_examples": 24, "necessary_reagent": "", "template_score": 0.0010203290730714798, "rms_molwt": -399.19065428, "num_rings": -3, "plausibility": 1, "tforms": ["c0ef570e65b141a96d742c9f162df85e", "7b224edf0386a32c82063499cfe171fd"], "rank": 11, "score": -308076.64616235043}, {"smiles": "CC[C@H](COC)n1nnc2c(Nc3ccc(OC)c(C(=O)O)c3C)nc(C)cc21", "smiles_split": ["CC[C@H](COC)n1nnc2c(Nc3ccc(OC)c(C(=O)O)c3C)nc(C)cc21"], "mapped_smiles": "[CH3:1][CH2:2][C@H:3]([CH2:4][O:5][CH3:6])[n:7]1[n:8][n:9][c:10]2[c:11]([NH:12][c:13]3[cH:14][cH:15][c:16]([O:17][CH3:18])[c:19]([C:901]([OH:900])=[O:902])[c:20]3[CH3:21])[n:22][c:23]([CH3:24])[cH:25][c:26]12", "reacting_atoms": [19], "template_id": "7b224edf0386a32c82063499cfe171fd", "template_set": ["bkms"], "num_examples": 23, "necessary_reagent": "", "template_score": 0.0010203290730714798, "rms_molwt": -399.19065428, "num_rings": -3, "plausibility": 1, "tforms": ["7b224edf0386a32c82063499cfe171fd"], "rank": 12, "score": -308076.64616235043}, {"smiles": "CC[C@H](COC)n1nnc2c(Nc3c(C)cc(OC)cc3C(=O)O)nc(C)cc21", "smiles_split": ["CC[C@H](COC)n1nnc2c(Nc3c(C)cc(OC)cc3C(=O)O)nc(C)cc21"], "mapped_smiles": "[CH3:1][CH2:2][C@H:3]([CH2:4][O:5][CH3:6])[n:7]1[n:8][n:9][c:10]2[c:11]([NH:12][c:13]3[c:14]([C:901]([OH:900])=[O:902])[cH:15][c:16]([O:17][CH3:18])[cH:19][c:20]3[CH3:21])[n:22][c:23]([CH3:24])[cH:25][c:26]12", "reacting_atoms": [14], "template_id": "7b224edf0386a32c82063499cfe171fd", "template_set": ["bkms"], "num_examples": 23, "necessary_reagent": "", "template_score": 0.0010203290730714798, "rms_molwt": -399.19065428, "num_rings": -3, "plausibility": 1, "tforms": ["7b224edf0386a32c82063499cfe171fd"], "rank": 13, "score": -308076.64616235043}, {"smiles": "CC[C@H](COC)n1nnc2c(Nc3cc(C(=O)O)c(OC)cc3C)nc(C)cc21", "smiles_split": ["CC[C@H](COC)n1nnc2c(Nc3cc(C(=O)O)c(OC)cc3C)nc(C)cc21"], "mapped_smiles": "[CH3:1][CH2:2][C@H:3]([CH2:4][O:5][CH3:6])[n:7]1[n:8][n:9][c:10]2[c:11]([NH:12][c:13]3[cH:14][c:15]([C:901]([OH:900])=[O:902])[c:16]([O:17][CH3:18])[cH:19][c:20]3[CH3:21])[n:22][c:23]([CH3:24])[cH:25][c:26]12", "reacting_atoms": [15], "template_id": "7b224edf0386a32c82063499cfe171fd", "template_set": ["bkms"], "num_examples": 23, "necessary_reagent": "", "template_score": 0.0010203290730714798, "rms_molwt": -399.19065428000005, "num_rings": -3, "plausibility": 1, "tforms": ["7b224edf0386a32c82063499cfe171fd"], "rank": 14, "score": -308076.64616235043}, {"smiles": "CC[C@H](COC)n1nnc2c(Nc3c(C)cc(OC)cc3Cl)nc(C)cc21", "smiles_split": ["CC[C@H](COC)n1nnc2c(Nc3c(C)cc(OC)cc3Cl)nc(C)cc21"], "mapped_smiles": "[CH3:1][CH2:2][C@H:3]([CH2:4][O:5][CH3:6])[n:7]1[n:8][n:9][c:10]2[c:11]([NH:12][c:13]3[c:14]([Cl:900])[cH:15][c:16]([O:17][CH3:18])[cH:19][c:20]3[CH3:21])[n:22][c:23]([CH3:24])[cH:25][c:26]12", "reacting_atoms": [14], "template_id": "13444016d1e7c68bbdf8f2aa3af2798d", "template_set": ["bkms"], "num_examples": 9, "necessary_reagent": "", "template_score": 0.0008759473566897213, "rms_molwt": -389.161852688, "num_rings": -3, "plausibility": 1, "tforms": ["13444016d1e7c68bbdf8f2aa3af2798d"], "rank": 15, "score": -322613.25828312093}]}