{"smiles": "CCCCC/C=C\\C/C=C\\C/C=C\\C/C=C\\CCCC(=O)OC[C@@H](COC(=O)CCCCCCCCCCCCC)OC(=O)CCCCCCCCCCCCCCCCCCCCCCC", "sfscore": [0.42453646659851074, 0.625554084777832], "chem_result": [{"smiles": "CCCCC/C=C\\C/C=C\\C/C=C\\C/C=C\\CCCC(=O)OC[C@@H](COC(=O)CCCCCCCCCCCCC)OC(=O)CCCCCCCCCCCCCCCCCCCCCCC", "bw_confidence": 0.011104669583164263, "confidence": 0.06407338563282858, "rclass": "11 11.5 11.5", "children": [{"smiles": "CCCCC/C=C\\C/C=C\\C/C=C\\C/C=C\\CCCC(=O)OC[C@@H](COC(=O)CCCCCCCCCCCCC)OC(=O)CCCCCCCCCCCCCCCCCCC"}, {"smiles": "ClCCl"}, {"smiles": "O=[Cr](=O)([O-])Cl~c1cc[nH+]cc1"}]}, {"smiles": "CCCCC/C=C\\C/C=C\\C/C=C\\C/C=C\\CCCC(=O)OC[C@@H](COC(=O)CCCCCCCCCCCCC)OC(=O)CCCCCCCCCCCCCCCCCCCCCCC", "bw_confidence": 0.004529333152617161, "confidence": 0.5049668641599919, "rclass": "0 0 0", "children": [{"smiles": "C(=NC1CCCCC1)=NC1CCCCC1"}, {"smiles": "CCCCC/C=C\\C/C=C\\C/C=C\\CCCC(=O)O"}, {"smiles": "CN(C)c1ccncc1"}, {"smiles": "ClCCl"}]}, {"smiles": "CCCCC/C=C\\C/C=C\\C/C=C\\C/C=C\\CCCC(=O)OC[C@@H](COC(=O)CCCCCCCCCCCCC)OC(=O)CCCCCCCCCCCCCCCCCCCCCCC", "bw_confidence": 0.0036473713445570287, "confidence": 0.019699807107493257, "rclass": "11 11.5 11.5", "children": [{"smiles": "CCCCC/C=C\\C/C=C\\C/C=C\\C/C=C\\CCCC(=O)OC[C@@H](COC(=O)CCCCCCCCCCCCCC)OC(=O)CCCCCCCCCCCCCCCCCCCCCCC"}, {"smiles": "ClCCl"}, {"smiles": "O=C(O)C(F)(F)F"}]}, {"smiles": "CCCCC/C=C\\C/C=C\\C/C=C\\C/C=C\\CCCC(=O)OC[C@@H](COC(=O)CCCCCCCCCCCCC)OC(=O)CCCCCCCCCCCCCCCCCCCCCCC", "bw_confidence": 0.0020618322854801105, "confidence": 0.2562043455250143, "rclass": "0 0 0", "children": [{"smiles": "CCCCC/C=C\\C/C=C\\C/C=C\\C/C=C\\CCCC(=O)OC[C@H](COC(=O)CCCCCCCCCCCCC)OC(=O)CBr"}, {"smiles": "CCCCC/C=C\\C/C=C\\C/C=C\\CCCC(=O)O"}]}, {"smiles": "CCCCC/C=C\\C/C=C\\C/C=C\\C/C=C\\CCCC(=O)OC[C@@H](COC(=O)CCCCCCCCCCCCC)OC(=O)CCCCCCCCCCCCCCCCCCCCCCC", "bw_confidence": 0.0017246132826694166, "confidence": 0.08825126547812731, "rclass": "2 2.6 2.6.9", "children": [{"smiles": "C(=NC1CCCCC1)=NC1CCCCC1"}, {"smiles": "CCCCC/C=C\\C/C=C\\C/C=C\\C/C=C\\CCCC(=O)O"}, {"smiles": "CCCCCCCCCCCCCCCCCCCC(=O)O[C@@H](CO)COC(=O)CCCCCCCCCCCCCCCCC"}, {"smiles": "CN(C)c1ccncc1"}, {"smiles": "ClCCl"}]}, {"smiles": "CCCCC/C=C\\C/C=C\\C/C=C\\C/C=C\\CCCC(=O)OC[C@@H](COC(=O)CCCCCCCCCCCCC)OC(=O)CCCCCCCCCCCCCCCCCCCCCCC", "bw_confidence": 0.0006948746694667131, "confidence": 0.12756633850278384, "rclass": "2 2.6 2.6.2", "children": [{"smiles": "CCCCC/C=C\\C/C=C\\C/C=C\\C/C=C\\CCCC(=O)OC[C@H](O)COC(=O)CCCCCCCCCCCCCC"}, {"smiles": "CCCCC/C=C\\C/C=C\\C/C=C\\CCCC(=O)OC[C@H](O)COC(=O)CCCCCCCCCCCCCCC"}]}, {"smiles": "CCCCC/C=C\\C/C=C\\C/C=C\\C/C=C\\CCCC(=O)OC[C@@H](COC(=O)CCCCCCCCCCCCC)OC(=O)CCCCCCCCCCCCCCCCCCCCCCC", "bw_confidence": 0.0006825532646278963, "confidence": 0.09196255843370048, "rclass": "2 2.6 2.6.2", "children": [{"smiles": "CCCCC/C=C\\C/C=C\\C/C=C\\C/C=C\\CCCC(=O)O"}, {"smiles": "CCCCCCCCCCCCCCCCCCCCCC(=O)O[C@@H](CO)COC(=O)CCCCCCCCCCCCCCCCCCC"}, {"smiles": "CCN=C=NCCCN(C)C~Cl"}, {"smiles": "CN(C)c1ccncc1"}, {"smiles": "ClCCl"}]}, {"smiles": "CCCCC/C=C\\C/C=C\\C/C=C\\C/C=C\\CCCC(=O)OC[C@@H](COC(=O)CCCCCCCCCCCCC)OC(=O)CCCCCCCCCCCCCCCCCCCCCCC", "bw_confidence": 0.0005261403827702693, "confidence": 0.1252292997946863, "rclass": "2 2.6 2.6.2", "children": [{"smiles": "CCCCC/C=C\\C/C=C\\C/C=C\\C/C=C\\CCCC(=O)OC[C@H](O)COC(=O)CCCCCCCCCCCCCCC"}, {"smiles": "CCCCC/C=C\\C/C=C\\C/C=C\\CCCC(=O)OC[C@H](O)COC(=O)CCCCCCCCCCCCCCCC"}]}, {"smiles": "CCCCC/C=C\\C/C=C\\C/C=C\\C/C=C\\CCCC(=O)OC[C@@H](COC(=O)CCCCCCCCCCCCC)OC(=O)CCCCCCCCCCCCCCCCCCCCCCC", "bw_confidence": 0.0003893591345381369, "confidence": 0.019448083802150115, "rclass": "0 0 0", "children": [{"smiles": "CCCCC/C=C\\C/C=C\\C/C=C\\C/C=C\\CCCC(=O)OC[C@@H](COC(=O)CCCCCCCCCCCCCC)OC(=O)CCCCCCCCCCCCCCCCCCCCCC"}, {"smiles": "CCN(CC)CC"}, {"smiles": "CCN=C=NCCCN(C)C~Cl"}, {"smiles": "CN(C)c1ccncc1"}, {"smiles": "ClCCl"}]}, {"smiles": "CCCCC/C=C\\C/C=C\\C/C=C\\C/C=C\\CCCC(=O)OC[C@@H](COC(=O)CCCCCCCCCCCCC)OC(=O)CCCCCCCCCCCCCCCCCCCCCCC", "bw_confidence": 2.947014853705476e-05, "confidence": 0.012737432226106477, "rclass": "11 11.5 11.5", "children": [{"smiles": "CCCCC/C=C\\C/C=C\\C/C=C\\C/C=C\\CCCC(=O)OC[C@@H](COC(=O)CCCCCCCCCCCCC)OC(=O)CCCCCCCCCCCCCCCCCCCC"}, {"smiles": "CCCCCCCCCCCCCCCCCCCC(=O)OC[C@H](COC(=O)CCCCCCCCCCCCCCC)OC(=O)CCCCCCCCCCCCCCCCCCC"}]}, {"smiles": "CCCCC/C=C\\C/C=C\\C/C=C\\C/C=C\\CCCC(=O)OC[C@@H](COC(=O)CCCCCCCCCCCCC)OC(=O)CCCCCCCCCCCCCCCCCCCCCCC", "bw_confidence": 2.0020014935972562e-05, "confidence": 0.021655332344224818, "rclass": "11 11.7 11.7", "children": [{"smiles": "CCCCC/C=C\\C/C=C\\C/C=C\\C/C=C\\CCCC(=O)OC[C@H](COC(=O)CCCCCCCCCCCCC)OC(=O)CCCCCCCCCCCCCCCCCCCCCC"}, {"smiles": "CCCCC/C=C\\C/C=C\\C/C=C\\CCCC(=O)OC[C@H](COC(=O)CCCCCCCCCCCCCCC)OC(=O)CCCCCCCCCCCCCCCCCCCC"}]}, {"smiles": "CCCCC/C=C\\C/C=C\\C/C=C\\C/C=C\\CCCC(=O)OC[C@@H](COC(=O)CCCCCCCCCCCCC)OC(=O)CCCCCCCCCCCCCCCCCCCCCCC", "bw_confidence": 1.0742576245357305e-05, "confidence": 0.05994696325130754, "rclass": "7 7.6 7.6.1", "children": [{"smiles": "CC(=O)[O-]~CC(=O)[O-]~[Pb+2]~[Pd]"}, {"smiles": "CCCCC/C=C\\C/C=C\\C/C=C\\C/C=C\\CCCC(=O)OC[C@@H](COC(=O)CCCCCCCCCCCCC)OC(=O)/C=C/CCCCCCCCCCCCCCCC"}, {"smiles": "CCOC(C)=O"}, {"smiles": "[H][H]"}]}], "chem_bw_confidence_list": [0.011104669583164263, 0.004529333152617161, 0.0036473713445570287, 0.0020618322854801105, 0.0017246132826694166, 0.0006948746694667131, 0.0006825532646278963, 0.0005261403827702693, 0.0003893591345381369, 2.947014853705476e-05, 2.0020014935972562e-05, 1.0742576245357305e-05], "enzy_template_score_list": [0.6878787875175476, 0.6878787875175476, 0.6878787875175476, 0.6878787875175476, 0.018063504248857498, 0.018063504248857498, 0.018063504248857498, 0.018063504248857498, 0.018063504248857498, 0.018063504248857498, 0.018063504248857498, 0.018063504248857498, 0.015700986608862877, 0.015700986608862877, 0.015700986608862877], "enzy_result": [{"smiles": "CCCCC/C=C\\C/C=C\\CCCC/C=C\\CCCC(=O)OC[C@@H](COC(=O)CCCCCCCCCCCCC)OC(=O)CCCCCCCCCCCCCCCCCCCCCCC", "smiles_split": ["CCCCC/C=C\\C/C=C\\CCCC/C=C\\CCCC(=O)OC[C@@H](COC(=O)CCCCCCCCCCCCC)OC(=O)CCCCCCCCCCCCCCCCCCCCCCC"], "mapped_smiles": "[CH3:1][CH2:2][CH2:3][CH2:4][CH2:5]/[CH:6]=[CH:7]\\[CH2:8]/[CH:9]=[CH:10]\\[CH2:11][CH2:12][CH2:13][CH2:14]/[CH:15]=[CH:16]\\[CH2:17][CH2:18][CH2:19][C:20](=[O:21])[O:22][CH2:23][C@@H:24]([CH2:25][O:26][C:27](=[O:28])[CH2:29][CH2:30][CH2:31][CH2:32][CH2:33][CH2:34][CH2:35][CH2:36][CH2:37][CH2:38][CH2:39][CH2:40][CH3:41])[O:42][C:43](=[O:44])[CH2:45][CH2:46][CH2:47][CH2:48][CH2:49][CH2:50][CH2:51][CH2:52][CH2:53][CH2:54][CH2:55][CH2:56][CH2:57][CH2:58][CH2:59][CH2:60][CH2:61][CH2:62][CH2:63][CH2:64][CH2:65][CH2:66][CH3:67]", "reacting_atoms": [13, 12], "template_id": "b8752864a144b4d488d51a312d4ebfdc", "template_set": ["bkms", "bkms", "bkms"], "num_examples": 64, "necessary_reagent": "", "template_score": 0.6878787875175476, "rms_molwt": -940.8458913039999, "num_rings": 0, "plausibility": 1, "tforms": ["71d96988ab3623c8d39bf0ee6519c85b", "4b5c01ce1dd3e508649493e134ba9f1c", "b8752864a144b4d488d51a312d4ebfdc"], "rank": 1, "score": -1597.4286333155421}, {"smiles": "CCCCC/C=C\\CCCC/C=C\\C/C=C\\CCCC(=O)OC[C@@H](COC(=O)CCCCCCCCCCCCC)OC(=O)CCCCCCCCCCCCCCCCCCCCCCC", "smiles_split": ["CCCCC/C=C\\CCCC/C=C\\C/C=C\\CCCC(=O)OC[C@@H](COC(=O)CCCCCCCCCCCCC)OC(=O)CCCCCCCCCCCCCCCCCCCCCCC"], "mapped_smiles": "[CH3:1][CH2:2][CH2:3][CH2:4][CH2:5]/[CH:6]=[CH:7]\\[CH2:8][CH2:9][CH2:10][CH2:11]/[CH:12]=[CH:13]\\[CH2:14]/[CH:15]=[CH:16]\\[CH2:17][CH2:18][CH2:19][C:20](=[O:21])[O:22][CH2:23][C@@H:24]([CH2:25][O:26][C:27](=[O:28])[CH2:29][CH2:30][CH2:31][CH2:32][CH2:33][CH2:34][CH2:35][CH2:36][CH2:37][CH2:38][CH2:39][CH2:40][CH3:41])[O:42][C:43](=[O:44])[CH2:45][CH2:46][CH2:47][CH2:48][CH2:49][CH2:50][CH2:51][CH2:52][CH2:53][CH2:54][CH2:55][CH2:56][CH2:57][CH2:58][CH2:59][CH2:60][CH2:61][CH2:62][CH2:63][CH2:64][CH2:65][CH2:66][CH3:67]", "reacting_atoms": [10, 9], "template_id": "b8752864a144b4d488d51a312d4ebfdc", "template_set": ["bkms", "bkms", "bkms"], "num_examples": 64, "necessary_reagent": "", "template_score": 0.6878787875175476, "rms_molwt": -940.8458913039999, "num_rings": 0, "plausibility": 1, "tforms": ["71d96988ab3623c8d39bf0ee6519c85b", "4b5c01ce1dd3e508649493e134ba9f1c", "b8752864a144b4d488d51a312d4ebfdc"], "rank": 2, "score": -1597.4286333155421}, {"smiles": "CCCCCCCC/C=C\\C/C=C\\C/C=C\\CCCC(=O)OC[C@@H](COC(=O)CCCCCCCCCCCCC)OC(=O)CCCCCCCCCCCCCCCCCCCCCCC", "smiles_split": ["CCCCCCCC/C=C\\C/C=C\\C/C=C\\CCCC(=O)OC[C@@H](COC(=O)CCCCCCCCCCCCC)OC(=O)CCCCCCCCCCCCCCCCCCCCCCC"], "mapped_smiles": "[CH3:1][CH2:2][CH2:3][CH2:4][CH2:5][CH2:6][CH2:7][CH2:8]/[CH:9]=[CH:10]\\[CH2:11]/[CH:12]=[CH:13]\\[CH2:14]/[CH:15]=[CH:16]\\[CH2:17][CH2:18][CH2:19][C:20](=[O:21])[O:22][CH2:23][C@@H:24]([CH2:25][O:26][C:27](=[O:28])[CH2:29][CH2:30][CH2:31][CH2:32][CH2:33][CH2:34][CH2:35][CH2:36][CH2:37][CH2:38][CH2:39][CH2:40][CH3:41])[O:42][C:43](=[O:44])[CH2:45][CH2:46][CH2:47][CH2:48][CH2:49][CH2:50][CH2:51][CH2:52][CH2:53][CH2:54][CH2:55][CH2:56][CH2:57][CH2:58][CH2:59][CH2:60][CH2:61][CH2:62][CH2:63][CH2:64][CH2:65][CH2:66][CH3:67]", "reacting_atoms": [7, 6], "template_id": "b8752864a144b4d488d51a312d4ebfdc", "template_set": ["bkms", "bkms", "bkms"], "num_examples": 64, "necessary_reagent": "", "template_score": 0.6878787875175476, "rms_molwt": -940.8458913039999, "num_rings": 0, "plausibility": 1, "tforms": ["71d96988ab3623c8d39bf0ee6519c85b", "4b5c01ce1dd3e508649493e134ba9f1c", "b8752864a144b4d488d51a312d4ebfdc"], "rank": 3, "score": -1597.4286333155421}, {"smiles": "CCCCC/C=C\\C/C=C\\C/C=C\\CCCCCCC(=O)OC[C@@H](COC(=O)CCCCCCCCCCCCC)OC(=O)CCCCCCCCCCCCCCCCCCCCCCC", "smiles_split": ["CCCCC/C=C\\C/C=C\\C/C=C\\CCCCCCC(=O)OC[C@@H](COC(=O)CCCCCCCCCCCCC)OC(=O)CCCCCCCCCCCCCCCCCCCCCCC"], "mapped_smiles": "[CH3:1][CH2:2][CH2:3][CH2:4][CH2:5]/[CH:6]=[CH:7]\\[CH2:8]/[CH:9]=[CH:10]\\[CH2:11]/[CH:12]=[CH:13]\\[CH2:14][CH2:15][CH2:16][CH2:17][CH2:18][CH2:19][C:20](=[O:21])[O:22][CH2:23][C@@H:24]([CH2:25][O:26][C:27](=[O:28])[CH2:29][CH2:30][CH2:31][CH2:32][CH2:33][CH2:34][CH2:35][CH2:36][CH2:37][CH2:38][CH2:39][CH2:40][CH3:41])[O:42][C:43](=[O:44])[CH2:45][CH2:46][CH2:47][CH2:48][CH2:49][CH2:50][CH2:51][CH2:52][CH2:53][CH2:54][CH2:55][CH2:56][CH2:57][CH2:58][CH2:59][CH2:60][CH2:61][CH2:62][CH2:63][CH2:64][CH2:65][CH2:66][CH3:67]", "reacting_atoms": [15, 16], "template_id": "b8752864a144b4d488d51a312d4ebfdc", "template_set": ["bkms", "bkms", "bkms"], "num_examples": 64, "necessary_reagent": "", "template_score": 0.6878787875175476, "rms_molwt": -940.8458913039999, "num_rings": 0, "plausibility": 1, "tforms": ["71d96988ab3623c8d39bf0ee6519c85b", "4b5c01ce1dd3e508649493e134ba9f1c", "b8752864a144b4d488d51a312d4ebfdc"], "rank": 4, "score": -1597.4286333155421}, {"smiles": "CCCCCCCCCCCCCCCCCCCCCCCC(=O)O[C@@H](COC(=O)CCC/C=C\\C/C=C\\C/C=C\\CC1OC(=O)C1CCCCC)COC(=O)CCCCCCCCCCCCC", "smiles_split": ["CCCCCCCCCCCCCCCCCCCCCCCC(=O)O[C@@H](COC(=O)CCC/C=C\\C/C=C\\C/C=C\\CC1OC(=O)C1CCCCC)COC(=O)CCCCCCCCCCCCC"], "mapped_smiles": "[CH3:1][CH2:2][CH2:3][CH2:4][CH2:5][CH:6]1[CH:7]([CH2:8]/[CH:9]=[CH:10]\\[CH2:11]/[CH:12]=[CH:13]\\[CH2:14]/[CH:15]=[CH:16]\\[CH2:17][CH2:18][CH2:19][C:20](=[O:21])[O:22][CH2:23][C@@H:24]([CH2:25][O:26][C:27](=[O:28])[CH2:29][CH2:30][CH2:31][CH2:32][CH2:33][CH2:34][CH2:35][CH2:36][CH2:37][CH2:38][CH2:39][CH2:40][CH3:41])[O:42][C:43](=[O:44])[CH2:45][CH2:46][CH2:47][CH2:48][CH2:49][CH2:50][CH2:51][CH2:52][CH2:53][CH2:54][CH2:55][CH2:56][CH2:57][CH2:58][CH2:59][CH2:60][CH2:61][CH2:62][CH2:63][CH2:64][CH2:65][CH2:66][CH3:67])[O:902][C:901]1=[O:900]", "reacting_atoms": [7, 6], "template_id": "95b167a4e5e2cf14a7f1b2c6fb174cb0", "template_set": ["bkms"], "num_examples": 4, "necessary_reagent": "", "template_score": 0.018063504248857498, "rms_molwt": -982.82007048, "num_rings": -1, "plausibility": 1, "tforms": ["95b167a4e5e2cf14a7f1b2c6fb174cb0"], "rank": 5, "score": -65398.3867622155}, {"smiles": "CCCCC/C=C\\C/C=C\\CC1C(=O)OC1C/C=C\\CCCC(=O)OC[C@@H](COC(=O)CCCCCCCCCCCCC)OC(=O)CCCCCCCCCCCCCCCCCCCCCCC", "smiles_split": ["CCCCC/C=C\\C/C=C\\CC1C(=O)OC1C/C=C\\CCCC(=O)OC[C@@H](COC(=O)CCCCCCCCCCCCC)OC(=O)CCCCCCCCCCCCCCCCCCCCCCC"], "mapped_smiles": "[CH3:1][CH2:2][CH2:3][CH2:4][CH2:5]/[CH:6]=[CH:7]\\[CH2:8]/[CH:9]=[CH:10]\\[CH2:11][CH:12]1[CH:13]([CH2:14]/[CH:15]=[CH:16]\\[CH2:17][CH2:18][CH2:19][C:20](=[O:21])[O:22][CH2:23][C@@H:24]([CH2:25][O:26][C:27](=[O:28])[CH2:29][CH2:30][CH2:31][CH2:32][CH2:33][CH2:34][CH2:35][CH2:36][CH2:37][CH2:38][CH2:39][CH2:40][CH3:41])[O:42][C:43](=[O:44])[CH2:45][CH2:46][CH2:47][CH2:48][CH2:49][CH2:50][CH2:51][CH2:52][CH2:53][CH2:54][CH2:55][CH2:56][CH2:57][CH2:58][CH2:59][CH2:60][CH2:61][CH2:62][CH2:63][CH2:64][CH2:65][CH2:66][CH3:67])[O:902][C:901]1=[O:900]", "reacting_atoms": [13, 12], "template_id": "95b167a4e5e2cf14a7f1b2c6fb174cb0", "template_set": ["bkms"], "num_examples": 4, "necessary_reagent": "", "template_score": 0.018063504248857498, "rms_molwt": -982.82007048, "num_rings": -1, "plausibility": 1, "tforms": ["95b167a4e5e2cf14a7f1b2c6fb174cb0"], "rank": 6, "score": -65398.3867622155}, {"smiles": "CCCCCCCCCCCCCCCCCCCCCCCC(=O)O[C@@H](COC(=O)CCC/C=C\\C/C=C\\C/C=C\\CC1C(=O)OC1CCCCC)COC(=O)CCCCCCCCCCCCC", "smiles_split": ["CCCCCCCCCCCCCCCCCCCCCCCC(=O)O[C@@H](COC(=O)CCC/C=C\\C/C=C\\C/C=C\\CC1C(=O)OC1CCCCC)COC(=O)CCCCCCCCCCCCC"], "mapped_smiles": "[CH3:1][CH2:2][CH2:3][CH2:4][CH2:5][CH:6]1[CH:7]([CH2:8]/[CH:9]=[CH:10]\\[CH2:11]/[CH:12]=[CH:13]\\[CH2:14]/[CH:15]=[CH:16]\\[CH2:17][CH2:18][CH2:19][C:20](=[O:21])[O:22][CH2:23][C@@H:24]([CH2:25][O:26][C:27](=[O:28])[CH2:29][CH2:30][CH2:31][CH2:32][CH2:33][CH2:34][CH2:35][CH2:36][CH2:37][CH2:38][CH2:39][CH2:40][CH3:41])[O:42][C:43](=[O:44])[CH2:45][CH2:46][CH2:47][CH2:48][CH2:49][CH2:50][CH2:51][CH2:52][CH2:53][CH2:54][CH2:55][CH2:56][CH2:57][CH2:58][CH2:59][CH2:60][CH2:61][CH2:62][CH2:63][CH2:64][CH2:65][CH2:66][CH3:67])[C:901](=[O:900])[O:902]1", "reacting_atoms": [6, 7], "template_id": "95b167a4e5e2cf14a7f1b2c6fb174cb0", "template_set": ["bkms"], "num_examples": 4, "necessary_reagent": "", "template_score": 0.018063504248857498, "rms_molwt": -982.82007048, "num_rings": -1, "plausibility": 1, "tforms": ["95b167a4e5e2cf14a7f1b2c6fb174cb0"], "rank": 7, "score": -65398.3867622155}, {"smiles": "CCCCC/C=C\\CC1C(=O)OC1C/C=C\\C/C=C\\CCCC(=O)OC[C@@H](COC(=O)CCCCCCCCCCCCC)OC(=O)CCCCCCCCCCCCCCCCCCCCCCC", "smiles_split": ["CCCCC/C=C\\CC1C(=O)OC1C/C=C\\C/C=C\\CCCC(=O)OC[C@@H](COC(=O)CCCCCCCCCCCCC)OC(=O)CCCCCCCCCCCCCCCCCCCCCCC"], "mapped_smiles": "[CH3:1][CH2:2][CH2:3][CH2:4][CH2:5]/[CH:6]=[CH:7]\\[CH2:8][CH:9]1[CH:10]([CH2:11]/[CH:12]=[CH:13]\\[CH2:14]/[CH:15]=[CH:16]\\[CH2:17][CH2:18][CH2:19][C:20](=[O:21])[O:22][CH2:23][C@@H:24]([CH2:25][O:26][C:27](=[O:28])[CH2:29][CH2:30][CH2:31][CH2:32][CH2:33][CH2:34][CH2:35][CH2:36][CH2:37][CH2:38][CH2:39][CH2:40][CH3:41])[O:42][C:43](=[O:44])[CH2:45][CH2:46][CH2:47][CH2:48][CH2:49][CH2:50][CH2:51][CH2:52][CH2:53][CH2:54][CH2:55][CH2:56][CH2:57][CH2:58][CH2:59][CH2:60][CH2:61][CH2:62][CH2:63][CH2:64][CH2:65][CH2:66][CH3:67])[O:902][C:901]1=[O:900]", "reacting_atoms": [10, 9], "template_id": "95b167a4e5e2cf14a7f1b2c6fb174cb0", "template_set": ["bkms"], "num_examples": 4, "necessary_reagent": "", "template_score": 0.018063504248857498, "rms_molwt": -982.82007048, "num_rings": -1, "plausibility": 1, "tforms": ["95b167a4e5e2cf14a7f1b2c6fb174cb0"], "rank": 8, "score": -65398.3867622155}, {"smiles": "CCCCC/C=C\\C/C=C\\CC1OC(=O)C1C/C=C\\CCCC(=O)OC[C@@H](COC(=O)CCCCCCCCCCCCC)OC(=O)CCCCCCCCCCCCCCCCCCCCCCC", "smiles_split": ["CCCCC/C=C\\C/C=C\\CC1OC(=O)C1C/C=C\\CCCC(=O)OC[C@@H](COC(=O)CCCCCCCCCCCCC)OC(=O)CCCCCCCCCCCCCCCCCCCCCCC"], "mapped_smiles": "[CH3:1][CH2:2][CH2:3][CH2:4][CH2:5]/[CH:6]=[CH:7]\\[CH2:8]/[CH:9]=[CH:10]\\[CH2:11][CH:12]1[CH:13]([CH2:14]/[CH:15]=[CH:16]\\[CH2:17][CH2:18][CH2:19][C:20](=[O:21])[O:22][CH2:23][C@@H:24]([CH2:25][O:26][C:27](=[O:28])[CH2:29][CH2:30][CH2:31][CH2:32][CH2:33][CH2:34][CH2:35][CH2:36][CH2:37][CH2:38][CH2:39][CH2:40][CH3:41])[O:42][C:43](=[O:44])[CH2:45][CH2:46][CH2:47][CH2:48][CH2:49][CH2:50][CH2:51][CH2:52][CH2:53][CH2:54][CH2:55][CH2:56][CH2:57][CH2:58][CH2:59][CH2:60][CH2:61][CH2:62][CH2:63][CH2:64][CH2:65][CH2:66][CH3:67])[C:901](=[O:900])[O:902]1", "reacting_atoms": [12, 13], "template_id": "95b167a4e5e2cf14a7f1b2c6fb174cb0", "template_set": ["bkms"], "num_examples": 4, "necessary_reagent": "", "template_score": 0.018063504248857498, "rms_molwt": -982.82007048, "num_rings": -1, "plausibility": 1, "tforms": ["95b167a4e5e2cf14a7f1b2c6fb174cb0"], "rank": 9, "score": -65398.3867622155}, {"smiles": "CCCCC/C=C\\C/C=C\\C/C=C\\CC1C(=O)OC1CCCC(=O)OC[C@@H](COC(=O)CCCCCCCCCCCCC)OC(=O)CCCCCCCCCCCCCCCCCCCCCCC", "smiles_split": ["CCCCC/C=C\\C/C=C\\C/C=C\\CC1C(=O)OC1CCCC(=O)OC[C@@H](COC(=O)CCCCCCCCCCCCC)OC(=O)CCCCCCCCCCCCCCCCCCCCCCC"], "mapped_smiles": "[CH3:1][CH2:2][CH2:3][CH2:4][CH2:5]/[CH:6]=[CH:7]\\[CH2:8]/[CH:9]=[CH:10]\\[CH2:11]/[CH:12]=[CH:13]\\[CH2:14][CH:15]1[CH:16]([CH2:17][CH2:18][CH2:19][C:20](=[O:21])[O:22][CH2:23][C@@H:24]([CH2:25][O:26][C:27](=[O:28])[CH2:29][CH2:30][CH2:31][CH2:32][CH2:33][CH2:34][CH2:35][CH2:36][CH2:37][CH2:38][CH2:39][CH2:40][CH3:41])[O:42][C:43](=[O:44])[CH2:45][CH2:46][CH2:47][CH2:48][CH2:49][CH2:50][CH2:51][CH2:52][CH2:53][CH2:54][CH2:55][CH2:56][CH2:57][CH2:58][CH2:59][CH2:60][CH2:61][CH2:62][CH2:63][CH2:64][CH2:65][CH2:66][CH3:67])[O:902][C:901]1=[O:900]", "reacting_atoms": [16, 15], "template_id": "95b167a4e5e2cf14a7f1b2c6fb174cb0", "template_set": ["bkms"], "num_examples": 4, "necessary_reagent": "", "template_score": 0.018063504248857498, "rms_molwt": -982.82007048, "num_rings": -1, "plausibility": 1, "tforms": ["95b167a4e5e2cf14a7f1b2c6fb174cb0"], "rank": 10, "score": -65398.3867622155}, {"smiles": "CCCCC/C=C\\CC1OC(=O)C1C/C=C\\C/C=C\\CCCC(=O)OC[C@@H](COC(=O)CCCCCCCCCCCCC)OC(=O)CCCCCCCCCCCCCCCCCCCCCCC", "smiles_split": ["CCCCC/C=C\\CC1OC(=O)C1C/C=C\\C/C=C\\CCCC(=O)OC[C@@H](COC(=O)CCCCCCCCCCCCC)OC(=O)CCCCCCCCCCCCCCCCCCCCCCC"], "mapped_smiles": "[CH3:1][CH2:2][CH2:3][CH2:4][CH2:5]/[CH:6]=[CH:7]\\[CH2:8][CH:9]1[CH:10]([CH2:11]/[CH:12]=[CH:13]\\[CH2:14]/[CH:15]=[CH:16]\\[CH2:17][CH2:18][CH2:19][C:20](=[O:21])[O:22][CH2:23][C@@H:24]([CH2:25][O:26][C:27](=[O:28])[CH2:29][CH2:30][CH2:31][CH2:32][CH2:33][CH2:34][CH2:35][CH2:36][CH2:37][CH2:38][CH2:39][CH2:40][CH3:41])[O:42][C:43](=[O:44])[CH2:45][CH2:46][CH2:47][CH2:48][CH2:49][CH2:50][CH2:51][CH2:52][CH2:53][CH2:54][CH2:55][CH2:56][CH2:57][CH2:58][CH2:59][CH2:60][CH2:61][CH2:62][CH2:63][CH2:64][CH2:65][CH2:66][CH3:67])[C:901](=[O:900])[O:902]1", "reacting_atoms": [9, 10], "template_id": "95b167a4e5e2cf14a7f1b2c6fb174cb0", "template_set": ["bkms"], "num_examples": 4, "necessary_reagent": "", "template_score": 0.018063504248857498, "rms_molwt": -982.82007048, "num_rings": -1, "plausibility": 1, "tforms": ["95b167a4e5e2cf14a7f1b2c6fb174cb0"], "rank": 11, "score": -65398.3867622155}, {"smiles": "CCCCC/C=C\\C/C=C\\C/C=C\\CC1OC(=O)C1CCCC(=O)OC[C@@H](COC(=O)CCCCCCCCCCCCC)OC(=O)CCCCCCCCCCCCCCCCCCCCCCC", "smiles_split": ["CCCCC/C=C\\C/C=C\\C/C=C\\CC1OC(=O)C1CCCC(=O)OC[C@@H](COC(=O)CCCCCCCCCCCCC)OC(=O)CCCCCCCCCCCCCCCCCCCCCCC"], "mapped_smiles": "[CH3:1][CH2:2][CH2:3][CH2:4][CH2:5]/[CH:6]=[CH:7]\\[CH2:8]/[CH:9]=[CH:10]\\[CH2:11]/[CH:12]=[CH:13]\\[CH2:14][CH:15]1[CH:16]([CH2:17][CH2:18][CH2:19][C:20](=[O:21])[O:22][CH2:23][C@@H:24]([CH2:25][O:26][C:27](=[O:28])[CH2:29][CH2:30][CH2:31][CH2:32][CH2:33][CH2:34][CH2:35][CH2:36][CH2:37][CH2:38][CH2:39][CH2:40][CH3:41])[O:42][C:43](=[O:44])[CH2:45][CH2:46][CH2:47][CH2:48][CH2:49][CH2:50][CH2:51][CH2:52][CH2:53][CH2:54][CH2:55][CH2:56][CH2:57][CH2:58][CH2:59][CH2:60][CH2:61][CH2:62][CH2:63][CH2:64][CH2:65][CH2:66][CH3:67])[C:901](=[O:900])[O:902]1", "reacting_atoms": [15, 16], "template_id": "95b167a4e5e2cf14a7f1b2c6fb174cb0", "template_set": ["bkms"], "num_examples": 4, "necessary_reagent": "", "template_score": 0.018063504248857498, "rms_molwt": -982.82007048, "num_rings": -1, "plausibility": 1, "tforms": ["95b167a4e5e2cf14a7f1b2c6fb174cb0"], "rank": 12, "score": -65398.3867622155}, {"smiles": "CCCCC/C=C\\C/C=C\\C/C=C\\C/C=C\\CCCC(=O)OC[C@@H](CO)OC(=O)CCCCCCCCCCCCCCCCCCCCCCC.CCCCCCCCCCCCCC(=O)SCCNC(=O)CCNC(=O)[C@H](O)C(C)(C)COP(=O)(O)OP(=O)(O)OC[C@H]1O[C@@H](n2cnc3c(N)ncnc32)[C@H](O)[C@@H]1OP(=O)(O)O", "smiles_split": ["CCCCC/C=C\\C/C=C\\C/C=C\\C/C=C\\CCCC(=O)OC[C@@H](CO)OC(=O)CCCCCCCCCCCCCCCCCCCCCCC", "CCCCCCCCCCCCCC(=O)SCCNC(=O)CCNC(=O)[C@H](O)C(C)(C)COP(=O)(O)OP(=O)(O)OC[C@H]1O[C@@H](n2cnc3c(N)ncnc32)[C@H](O)[C@@H]1OP(=O)(O)O"], "mapped_smiles": "[C:27](=[O:28])([CH2:29][CH2:30][CH2:31][CH2:32][CH2:33][CH2:34][CH2:35][CH2:36][CH2:37][CH2:38][CH2:39][CH2:40][CH3:41])[S:947][CH2:946][CH2:945][NH:944][C:942]([CH2:941][CH2:940][NH:939][C:937]([C@@H:935]([C:901]([CH3:900])([CH3:902])[CH2:903][O:904][P:905]([OH:906])(=[O:907])[O:908][P:909]([OH:910])(=[O:911])[O:912][CH2:913][C@H:914]1[O:915][C@@H:916]([n:917]2[cH:918][n:919][c:920]3[c:921]([NH2:922])[n:923][cH:924][n:925][c:926]23)[C@H:927]([OH:928])[C@@H:929]1[O:930][P:931]([OH:932])([OH:933])=[O:934])[OH:936])=[O:938])=[O:943].[CH3:1][CH2:2][CH2:3][CH2:4][CH2:5]/[CH:6]=[CH:7]\\[CH2:8]/[CH:9]=[CH:10]\\[CH2:11]/[CH:12]=[CH:13]\\[CH2:14]/[CH:15]=[CH:16]\\[CH2:17][CH2:18][CH2:19][C:20](=[O:21])[O:22][CH2:23][C@@H:24]([CH2:25][OH:26])[O:42][C:43](=[O:44])[CH2:45][CH2:46][CH2:47][CH2:48][CH2:49][CH2:50][CH2:51][CH2:52][CH2:53][CH2:54][CH2:55][CH2:56][CH2:57][CH2:58][CH2:59][CH2:60][CH2:61][CH2:62][CH2:63][CH2:64][CH2:65][CH2:66][CH3:67]", "reacting_atoms": [27, 26], "template_id": "4f507fe3c79f4d542f14417d7122ff5c", "template_set": ["bkms"], "num_examples": 31, "necessary_reagent": "", "template_score": 0.015700986608862877, "rms_molwt": -861.9878865587987, "num_rings": -3, "plausibility": 1, "tforms": ["4f507fe3c79f4d542f14417d7122ff5c"], "rank": 13, "score": -115485.03580933534}, {"smiles": "CCCCC/C=C\\C/C=C\\C/C=C\\C/C=C\\CCCC(=O)SCCNC(=O)CCNC(=O)[C@H](O)C(C)(C)COP(=O)(O)OP(=O)(O)OC[C@H]1O[C@@H](n2cnc3c(N)ncnc32)[C@H](O)[C@@H]1OP(=O)(O)O.CCCCCCCCCCCCCCCCCCCCCCCC(=O)O[C@@H](CO)COC(=O)CCCCCCCCCCCCC", "smiles_split": ["CCCCC/C=C\\C/C=C\\C/C=C\\C/C=C\\CCCC(=O)SCCNC(=O)CCNC(=O)[C@H](O)C(C)(C)COP(=O)(O)OP(=O)(O)OC[C@H]1O[C@@H](n2cnc3c(N)ncnc32)[C@H](O)[C@@H]1OP(=O)(O)O", "CCCCCCCCCCCCCCCCCCCCCCCC(=O)O[C@@H](CO)COC(=O)CCCCCCCCCCCCC"], "mapped_smiles": "[CH3:1][CH2:2][CH2:3][CH2:4][CH2:5]/[CH:6]=[CH:7]\\[CH2:8]/[CH:9]=[CH:10]\\[CH2:11]/[CH:12]=[CH:13]\\[CH2:14]/[CH:15]=[CH:16]\\[CH2:17][CH2:18][CH2:19][C:20](=[O:21])[S:947][CH2:946][CH2:945][NH:944][C:942]([CH2:941][CH2:940][NH:939][C:937]([C@@H:935]([C:901]([CH3:900])([CH3:902])[CH2:903][O:904][P:905]([OH:906])(=[O:907])[O:908][P:909]([OH:910])(=[O:911])[O:912][CH2:913][C@H:914]1[O:915][C@@H:916]([n:917]2[cH:918][n:919][c:920]3[c:921]([NH2:922])[n:923][cH:924][n:925][c:926]23)[C@H:927]([OH:928])[C@@H:929]1[O:930][P:931]([OH:932])([OH:933])=[O:934])[OH:936])=[O:938])=[O:943].[OH:22][CH2:23][C@@H:24]([CH2:25][O:26][C:27](=[O:28])[CH2:29][CH2:30][CH2:31][CH2:32][CH2:33][CH2:34][CH2:35][CH2:36][CH2:37][CH2:38][CH2:39][CH2:40][CH3:41])[O:42][C:43](=[O:44])[CH2:45][CH2:46][CH2:47][CH2:48][CH2:49][CH2:50][CH2:51][CH2:52][CH2:53][CH2:54][CH2:55][CH2:56][CH2:57][CH2:58][CH2:59][CH2:60][CH2:61][CH2:62][CH2:63][CH2:64][CH2:65][CH2:66][CH3:67]", "reacting_atoms": [20, 22], "template_id": "4f507fe3c79f4d542f14417d7122ff5c", "template_set": ["bkms"], "num_examples": 31, "necessary_reagent": "", "template_score": 0.015700986608862877, "rms_molwt": -876.1914562684531, "num_rings": -3, "plausibility": 1, "tforms": ["4f507fe3c79f4d542f14417d7122ff5c"], "rank": 14, "score": -116774.11344219372}, {"smiles": "CCCCC/C=C\\C/C=C\\C/C=C\\C/C=C\\CCCC(=O)OC[C@H](O)COC(=O)CCCCCCCCCCCCC.CCCCCCCCCCCCCCCCCCCCCCCC(=O)SCCNC(=O)CCNC(=O)[C@H](O)C(C)(C)COP(=O)(O)OP(=O)(O)OC[C@H]1O[C@@H](n2cnc3c(N)ncnc32)[C@H](O)[C@@H]1OP(=O)(O)O", "smiles_split": ["CCCCC/C=C\\C/C=C\\C/C=C\\C/C=C\\CCCC(=O)OC[C@H](O)COC(=O)CCCCCCCCCCCCC", "CCCCCCCCCCCCCCCCCCCCCCCC(=O)SCCNC(=O)CCNC(=O)[C@H](O)C(C)(C)COP(=O)(O)OP(=O)(O)OC[C@H]1O[C@@H](n2cnc3c(N)ncnc32)[C@H](O)[C@@H]1OP(=O)(O)O"], "mapped_smiles": "[C:43](=[O:44])([CH2:45][CH2:46][CH2:47][CH2:48][CH2:49][CH2:50][CH2:51][CH2:52][CH2:53][CH2:54][CH2:55][CH2:56][CH2:57][CH2:58][CH2:59][CH2:60][CH2:61][CH2:62][CH2:63][CH2:64][CH2:65][CH2:66][CH3:67])[S:947][CH2:946][CH2:945][NH:944][C:942]([CH2:941][CH2:940][NH:939][C:937]([C@@H:935]([C:901]([CH3:900])([CH3:902])[CH2:903][O:904][P:905]([OH:906])(=[O:907])[O:908][P:909]([OH:910])(=[O:911])[O:912][CH2:913][C@H:914]1[O:915][C@@H:916]([n:917]2[cH:918][n:919][c:920]3[c:921]([NH2:922])[n:923][cH:924][n:925][c:926]23)[C@H:927]([OH:928])[C@@H:929]1[O:930][P:931]([OH:932])([OH:933])=[O:934])[OH:936])=[O:938])=[O:943].[CH3:1][CH2:2][CH2:3][CH2:4][CH2:5]/[CH:6]=[CH:7]\\[CH2:8]/[CH:9]=[CH:10]\\[CH2:11]/[CH:12]=[CH:13]\\[CH2:14]/[CH:15]=[CH:16]\\[CH2:17][CH2:18][CH2:19][C:20](=[O:21])[O:22][CH2:23][C@@H:24]([CH2:25][O:26][C:27](=[O:28])[CH2:29][CH2:30][CH2:31][CH2:32][CH2:33][CH2:34][CH2:35][CH2:36][CH2:37][CH2:38][CH2:39][CH2:40][CH3:41])[OH:42]", "reacting_atoms": [43, 42], "template_id": "4f507fe3c79f4d542f14417d7122ff5c", "template_set": ["bkms"], "num_examples": 31, "necessary_reagent": "", "template_score": 0.015700986608862877, "rms_molwt": -893.0404906264812, "num_rings": -3, "plausibility": 1, "tforms": ["4f507fe3c79f4d542f14417d7122ff5c"], "rank": 15, "score": -118144.6205630809}]}