{"smiles": "CC(=O)N[C@H]1[C@@H](O)O[C@H](CO)[C@@H](O[C@@H]2O[C@H](CO)[C@H](O)[C@H](O)[C@H]2O[C@@H]2O[C@@H](C)[C@@H](O)[C@@H](O)[C@@H]2O)[C@@H]1O[C@@H]1O[C@@H](C)[C@@H](O)[C@@H](O)[C@@H]1O", "sfscore": [0.39543256163597107, 0.669940173625946], "chem_result": [{"smiles": "CC(=O)N[C@H]1[C@@H](O)O[C@H](CO)[C@@H](O[C@@H]2O[C@H](CO)[C@H](O)[C@H](O)[C@H]2O[C@@H]2O[C@@H](C)[C@@H](O)[C@@H](O)[C@@H]2O)[C@@H]1O[C@@H]1O[C@@H](C)[C@@H](O)[C@@H](O)[C@@H]1O", "bw_confidence": 0.08659756236149546, "confidence": 0.3866309494754996, "rclass": "6 6.3 6.3.6", "children": [{"smiles": "CC(=O)N[C@H]1[C@@H](OC(C)=O)O[C@H](COC(C)=O)[C@@H](O[C@@H]2O[C@H](COC(C)=O)[C@H](OC(C)=O)[C@H](OC(C)=O)[C@H]2O[C@@H]2O[C@@H](C)[C@@H](OC(C)=O)[C@@H](OC(C)=O)[C@@H]2OC(C)=O)[C@@H]1O[C@@H]1O[C@@H](C)[C@@H](OC(C)=O)[C@@H](OC(C)=O)[C@@H]1OC(C)=O"}, {"smiles": "CO"}, {"smiles": "C[O-]~[Na+]"}]}, {"smiles": "CC(=O)N[C@H]1[C@@H](O)O[C@H](CO)[C@@H](O[C@@H]2O[C@H](CO)[C@H](O)[C@H](O)[C@H]2O[C@@H]2O[C@@H](C)[C@@H](O)[C@@H](O)[C@@H]2O)[C@@H]1O[C@@H]1O[C@@H](C)[C@@H](O)[C@@H](O)[C@@H]1O", "bw_confidence": 0.014381690786708633, "confidence": 0.0305654061097188, "rclass": "0 0 0", "children": [{"smiles": "CC(=O)N[C@H]1[C@@H](O)O[C@H](CO)[C@@H](O[C@@H]2O[C@H](CO)[C@H](O)[C@H](O)[C@H]2O)[C@@H]1O"}, {"smiles": "C[C@@H]1O[C@@H](Br)[C@@H](O)[C@H](O)[C@@H]1O"}]}, {"smiles": "CC(=O)N[C@H]1[C@@H](O)O[C@H](CO)[C@@H](O[C@@H]2O[C@H](CO)[C@H](O)[C@H](O)[C@H]2O[C@@H]2O[C@@H](C)[C@@H](O)[C@@H](O)[C@@H]2O)[C@@H]1O[C@@H]1O[C@@H](C)[C@@H](O)[C@@H](O)[C@@H]1O", "bw_confidence": 0.00983434125287263, "confidence": 0.036072795955830426, "rclass": "9 9.7 9.7.334", "children": [{"smiles": "CC(=O)N[C@H]1[C@@H](O)O[C@H](CO)[C@@H](O[C@@H]2O[C@H](CO)[C@H](O)[C@H](O)[C@H]2O[C@@H]2O[C@@H](C)[C@@H](O)[C@@H](O)[C@@H]2O)[C@@H]1O[C@@H]1O[C@@H](C)[C@@H](O)[C@@H](O)[C@@H]1O"}, {"smiles": "CI"}]}, {"smiles": "CC(=O)N[C@H]1[C@@H](O)O[C@H](CO)[C@@H](O[C@@H]2O[C@H](CO)[C@H](O)[C@H](O)[C@H]2O[C@@H]2O[C@@H](C)[C@@H](O)[C@@H](O)[C@@H]2O)[C@@H]1O[C@@H]1O[C@@H](C)[C@@H](O)[C@@H](O)[C@@H]1O", "bw_confidence": 0.007951281951844509, "confidence": 0.010711023252533423, "rclass": "2 2.1 2.1.7", "children": [{"smiles": "CC(=O)OC(C)=O"}, {"smiles": "C[C@@H]1O[C@@H](O[C@H]2[C@H](CO)O[C@H](O)[C@H](N)[C@@H]2O)[C@@H](O[C@@H]2O[C@H](CO)[C@H](O)[C@H](O)[C@H]2O[C@@H]2O[C@@H](C)[C@@H](O)[C@@H](O)[C@@H]2O)[C@@H](O)[C@@H]1O"}, {"smiles": "c1ccncc1"}]}, {"smiles": "CC(=O)N[C@H]1[C@@H](O)O[C@H](CO)[C@@H](O[C@@H]2O[C@H](CO)[C@H](O)[C@H](O)[C@H]2O[C@@H]2O[C@@H](C)[C@@H](O)[C@@H](O)[C@@H]2O)[C@@H]1O[C@@H]1O[C@@H](C)[C@@H](O)[C@@H](O)[C@@H]1O", "bw_confidence": 0.005502979895895512, "confidence": 0.15635675060075774, "rclass": "11 11.7 11.7", "children": [{"smiles": "CC(=O)N[C@H]1[C@@H](O)O[C@H](CO)[C@@H](O[C@@H]2O[C@H](CO)[C@H](O)[C@H](O)[C@H]2O[C@@H]2O[C@@H](C)[C@@H](O)[C@@H](O)[C@@H]2O)[C@@H]1O[C@@H]1O[C@@H](C)[C@@H](O)[C@@H](O)[C@@H]1O"}, {"smiles": "CC(=O)N[C@H]1[C@@H](O)O[C@H](CO)[C@@H](O[C@@H]2O[C@H](CO)[C@H](O)[C@H](O)[C@H]2O[C@@H]2O[C@@H](C)[C@@H](O)[C@@H](O)[C@@H]2O)[C@@H]1O[C@@H]1O[C@@H](C)[C@@H](O)[C@@H](O)[C@@H]1O"}]}, {"smiles": "CC(=O)N[C@H]1[C@@H](O)O[C@H](CO)[C@@H](O[C@@H]2O[C@H](CO)[C@H](O)[C@H](O)[C@H]2O[C@@H]2O[C@@H](C)[C@@H](O)[C@@H](O)[C@@H]2O)[C@@H]1O[C@@H]1O[C@@H](C)[C@@H](O)[C@@H](O)[C@@H]1O", "bw_confidence": 0.0032429983455335314, "confidence": 0.07173136803687363, "rclass": "11 11.7 11.7", "children": [{"smiles": "CC(=O)N[C@H]1[C@@H](O)O[C@H](CO)[C@@H](O[C@@H]2O[C@H](CO)[C@H](O)[C@H](O)[C@H]2O[C@@H]2O[C@@H](C)[C@@H](O)[C@@H](O)[C@@H]2O)[C@@H]1O[C@@H]1O[C@@H](C)[C@@H](O)[C@@H](O)[C@@H]1O"}, {"smiles": "O=C[C@H](O)[C@@H](O)[C@H](O)[C@H](O)CO"}]}, {"smiles": "CC(=O)N[C@H]1[C@@H](O)O[C@H](CO)[C@@H](O[C@@H]2O[C@H](CO)[C@H](O)[C@H](O)[C@H]2O[C@@H]2O[C@@H](C)[C@@H](O)[C@@H](O)[C@@H]2O)[C@@H]1O[C@@H]1O[C@@H](C)[C@@H](O)[C@@H](O)[C@@H]1O", "bw_confidence": 0.00301520445392517, "confidence": 0.18386020702440412, "rclass": "11 11.9 11.9", "children": [{"smiles": "CC(=O)N[C@H]1[C@@H](O)O[C@H](CO)[C@@H](O[C@@H]2O[C@H](CO)[C@H](O)[C@H](O)[C@H]2O[C@@H]2O[C@@H](C)[C@@H](O)[C@@H](O)[C@@H]2O)[C@@H]1O[C@@H]1O[C@@H](C)[C@@H](O)[C@@H](O)[C@@H]1O~CC(=O)N[C@H]1[C@@H](O)O[C@H](CO)[C@@H](O[C@@H]2O[C@H](CO)[C@H](O)[C@H](O)[C@H]2O[C@@H]2O[C@@H](C)[C@@H](O)[C@@H](O)[C@@H]2O)[C@@H]1O[C@@H]1O[C@@H](C)[C@@H](O)[C@@H](O)[C@@H]1O"}, {"smiles": "O"}]}, {"smiles": "CC(=O)N[C@H]1[C@@H](O)O[C@H](CO)[C@@H](O[C@@H]2O[C@H](CO)[C@H](O)[C@H](O)[C@H]2O[C@@H]2O[C@@H](C)[C@@H](O)[C@@H](O)[C@@H]2O)[C@@H]1O[C@@H]1O[C@@H](C)[C@@H](O)[C@@H](O)[C@@H]1O", "bw_confidence": 0.0014830892938881403, "confidence": 0.14137976745622174, "rclass": "11 11.7 11.7", "children": [{"smiles": "CC(=O)N[C@H]1[C@@H](O)O[C@H](CO)[C@@H](O)[C@@H]1O[C@@H]1O[C@@H](C)[C@@H](O)[C@@H](O)[C@@H]1O"}, {"smiles": "CC(=O)N[C@H]1[C@@H](O)O[C@H](CO)[C@@H](O[C@@H]2O[C@H](CO)[C@H](O)[C@H](O)[C@H]2O[C@@H]2O[C@@H](C)[C@@H](O)[C@@H](O)[C@@H]2O)[C@@H]1O[C@@H]1O[C@@H](C)[C@@H](O)[C@@H](O)[C@@H]1O"}]}, {"smiles": "CC(=O)N[C@H]1[C@@H](O)O[C@H](CO)[C@@H](O[C@@H]2O[C@H](CO)[C@H](O)[C@H](O)[C@H]2O[C@@H]2O[C@@H](C)[C@@H](O)[C@@H](O)[C@@H]2O)[C@@H]1O[C@@H]1O[C@@H](C)[C@@H](O)[C@@H](O)[C@@H]1O", "bw_confidence": 0.000700101268273265, "confidence": 0.1692622833369134, "rclass": "11 11.7 11.7", "children": [{"smiles": "CC(=O)N[C@H]1[C@@H](O)O[C@H](CO)[C@@H](O[C@@H]2O[C@H](CO)[C@H](O)[C@H](O)[C@H]2O[C@@H]2O[C@@H](C)[C@@H](O)[C@@H](O)[C@@H]2O)[C@@H]1O"}, {"smiles": "CC(=O)N[C@H]1[C@@H](O)O[C@H](CO)[C@@H](O[C@@H]2O[C@H](CO)[C@H](O)[C@H](O)[C@H]2O[C@@H]2O[C@@H](C)[C@@H](O)[C@@H](O)[C@@H]2O)[C@@H]1O"}]}, {"smiles": "CC(=O)N[C@H]1[C@@H](O)O[C@H](CO)[C@@H](O[C@@H]2O[C@H](CO)[C@H](O)[C@H](O)[C@H]2O[C@@H]2O[C@@H](C)[C@@H](O)[C@@H](O)[C@@H]2O)[C@@H]1O[C@@H]1O[C@@H](C)[C@@H](O)[C@@H](O)[C@@H]1O", "bw_confidence": 0.0002145552486964722, "confidence": 0.14187639165076973, "rclass": "11 11.7 11.7", "children": [{"smiles": "CC(=O)N[C@H]1[C@@H](O)O[C@H](CO)[C@@H](O[C@@H]2O[C@H](CO)[C@H](O)[C@H](O)[C@H]2O[C@@H]2O[C@@H](C)[C@@H](O)[C@@H](O)[C@@H]2O)[C@@H]1O"}, {"smiles": "CC(=O)N[C@H]1[C@@H](O)O[C@H](CO)[C@@H](O[C@@H]2O[C@H](CO)[C@H](O)[C@H](O)[C@H]2O[C@@H]2O[C@@H](C)[C@@H](O)[C@@H](O)[C@@H]2O)[C@@H]1O[C@@H]1O[C@@H](C)[C@@H](O)[C@@H](O)[C@@H]1O"}]}], "chem_bw_confidence_list": [0.08659756236149546, 0.014381690786708633, 0.00983434125287263, 0.007951281951844509, 0.005502979895895512, 0.0032429983455335314, 0.00301520445392517, 0.0014830892938881403, 0.000700101268273265, 0.0002145552486964722], "enzy_template_score_list": [0.2702236771583557, 0.2702236771583557, 0.17310817539691925, 0.17310817539691925, 0.17310817539691925, 0.17310817539691925, 0.17310817539691925, 0.17310817539691925, 0.17310817539691925, 0.07612845301628113, 0.06998022645711899, 0.06998022645711899, 0.06998022645711899, 0.059150226414203644, 0.059150226414203644], "enzy_result": [{"smiles": "CC(=O)N[C@H]1[C@@H](O)O[C@H](CO)[C@@H](O[C@@H]2O[C@H](CO)[C@H](O)[C@H](O)[C@H]2O)[C@@H]1O[C@@H]1O[C@@H](C)[C@@H](O)[C@@H](O)[C@@H]1O", "smiles_split": ["CC(=O)N[C@H]1[C@@H](O)O[C@H](CO)[C@@H](O[C@@H]2O[C@H](CO)[C@H](O)[C@H](O)[C@H]2O)[C@@H]1O[C@@H]1O[C@@H](C)[C@@H](O)[C@@H](O)[C@@H]1O"], "mapped_smiles": "[CH3:1][C:2](=[O:3])[NH:4][C@H:5]1[C@@H:6]([OH:7])[O:8][C@H:9]([CH2:10][OH:11])[C@@H:12]([O:13][C@@H:14]2[O:15][C@H:16]([CH2:17][OH:18])[C@H:19]([OH:20])[C@H:21]([OH:22])[C@H:23]2[OH:24])[C@@H:35]1[O:36][C@@H:37]1[O:38][C@@H:39]([CH3:40])[C@@H:41]([OH:42])[C@@H:43]([OH:44])[C@@H:45]1[OH:46]", "reacting_atoms": [23, 24], "template_id": "1821014e5f87ae2788ebe25a609113eb", "template_set": ["bkms", "bkms", "bkms", "bkms"], "num_examples": 15, "necessary_reagent": "[C]~[C]1~[O]~[C]~[C](~[O])~[C](~[O])~[C]~1~[O]", "template_score": 0.2702236771583557, "rms_molwt": -529.2006694199998, "num_rings": -3, "plausibility": 1, "tforms": ["377c4032a28f957fb174b358e5d58318", "f0aa6e707bc761f40a14345fcd74e86d", "5e6021f2437564fab233e1fafec0f0eb", "1821014e5f87ae2788ebe25a609113eb"], "rank": 1, "score": -3916.6350761629433}, {"smiles": "CC(=O)N[C@H]1[C@@H](O)O[C@H](CO)[C@@H](O[C@@H]2O[C@H](CO)[C@H](O)[C@H](O)[C@H]2O[C@@H]2O[C@@H](C)[C@@H](O)[C@@H](O)[C@@H]2O)[C@@H]1O", "smiles_split": ["CC(=O)N[C@H]1[C@@H](O)O[C@H](CO)[C@@H](O[C@@H]2O[C@H](CO)[C@H](O)[C@H](O)[C@H]2O[C@@H]2O[C@@H](C)[C@@H](O)[C@@H](O)[C@@H]2O)[C@@H]1O"], "mapped_smiles": "[CH3:1][C:2](=[O:3])[NH:4][C@H:5]1[C@@H:6]([OH:7])[O:8][C@H:9]([CH2:10][OH:11])[C@@H:12]([O:13][C@@H:14]2[O:15][C@H:16]([CH2:17][OH:18])[C@H:19]([OH:20])[C@H:21]([OH:22])[C@H:23]2[O:24][C@@H:25]2[O:26][C@@H:27]([CH3:28])[C@@H:29]([OH:30])[C@@H:31]([OH:32])[C@@H:33]2[OH:34])[C@@H:35]1[OH:36]", "reacting_atoms": [35, 36], "template_id": "1821014e5f87ae2788ebe25a609113eb", "template_set": ["bkms", "bkms", "bkms", "bkms"], "num_examples": 15, "necessary_reagent": "[C]~[C]1~[O]~[C]~[C](~[O])~[C](~[O])~[C]~1~[O]", "template_score": 0.2702236771583557, "rms_molwt": -529.2006694199998, "num_rings": -3, "plausibility": 1, "tforms": ["377c4032a28f957fb174b358e5d58318", "f0aa6e707bc761f40a14345fcd74e86d", "5e6021f2437564fab233e1fafec0f0eb", "1821014e5f87ae2788ebe25a609113eb"], "rank": 2, "score": -3916.6350761629433}, {"smiles": "CC(=O)N[C@H]1[C@@H](O)O[C@H](CO)[C@@H](O[C@@H]2O[C@H](CO)[C@H](O)[C@H](O)[C@H]2O)[C@@H]1O[C@@H]1O[C@@H](C)[C@@H](O)[C@@H](O)[C@@H]1O.C[C@@H]1O[C@H](OP(=O)(O)OP(=O)(O)OC[C@H]2O[C@@H](n3cnc4c(=O)[nH]c(N)nc43)[C@H](O)[C@@H]2O)[C@@H](O)[C@H](O)[C@@H]1O", "smiles_split": ["CC(=O)N[C@H]1[C@@H](O)O[C@H](CO)[C@@H](O[C@@H]2O[C@H](CO)[C@H](O)[C@H](O)[C@H]2O)[C@@H]1O[C@@H]1O[C@@H](C)[C@@H](O)[C@@H](O)[C@@H]1O", "C[C@@H]1O[C@H](OP(=O)(O)OP(=O)(O)OC[C@H]2O[C@@H](n3cnc4c(=O)[nH]c(N)nc43)[C@H](O)[C@@H]2O)[C@@H](O)[C@H](O)[C@@H]1O"], "mapped_smiles": "[C@H:25]1([O:921][P:918]([O:917][P:914]([O:913][CH2:912][C@H:911]2[O:910][C@@H:909]([n:908]3[cH:907][n:906][c:905]4[c:903](=[O:904])[nH:902][c:901]([NH2:900])[n:927][c:926]43)[C@H:924]([OH:925])[C@@H:922]2[OH:923])([OH:915])=[O:916])([OH:919])=[O:920])[O:26][C@@H:27]([CH3:28])[C@@H:29]([OH:30])[C@@H:31]([OH:32])[C@@H:33]1[OH:34].[CH3:1][C:2](=[O:3])[NH:4][C@H:5]1[C@@H:6]([OH:7])[O:8][C@H:9]([CH2:10][OH:11])[C@@H:12]([O:13][C@@H:14]2[O:15][C@H:16]([CH2:17][OH:18])[C@H:19]([OH:20])[C@H:21]([OH:22])[C@H:23]2[OH:24])[C@@H:35]1[O:36][C@@H:37]1[O:38][C@@H:39]([CH3:40])[C@@H:41]([OH:42])[C@@H:43]([OH:44])[C@@H:45]1[OH:46]", "reacting_atoms": [25, 23, 24], "template_id": "81a5830860242c85835833a49fc8853f", "template_set": ["bkms"], "num_examples": 5, "necessary_reagent": "", "template_score": 0.17310817539691925, "rms_molwt": -559.9425113642488, "num_rings": -7, "plausibility": 1, "tforms": ["81a5830860242c85835833a49fc8853f"], "rank": 3, "score": -9389.191848166314}, {"smiles": "CC(=O)N[C@H]1[C@@H](O)O[C@H](CO)[C@@H](O[C@@H]2O[C@H](CO)[C@H](O)[C@H](O)[C@H]2O[C@@H]2O[C@@H](C)[C@@H](O)[C@@H](O)[C@@H]2O)[C@@H]1O.C[C@@H]1O[C@H](OP(=O)(O)OP(=O)(O)OC[C@H]2O[C@@H](n3cnc4c(=O)[nH]c(N)nc43)[C@H](O)[C@@H]2O)[C@@H](O)[C@H](O)[C@@H]1O", "smiles_split": ["CC(=O)N[C@H]1[C@@H](O)O[C@H](CO)[C@@H](O[C@@H]2O[C@H](CO)[C@H](O)[C@H](O)[C@H]2O[C@@H]2O[C@@H](C)[C@@H](O)[C@@H](O)[C@@H]2O)[C@@H]1O", "C[C@@H]1O[C@H](OP(=O)(O)OP(=O)(O)OC[C@H]2O[C@@H](n3cnc4c(=O)[nH]c(N)nc43)[C@H](O)[C@@H]2O)[C@@H](O)[C@H](O)[C@@H]1O"], "mapped_smiles": "[C@H:37]1([O:921][P:918]([O:917][P:914]([O:913][CH2:912][C@H:911]2[O:910][C@@H:909]([n:908]3[cH:907][n:906][c:905]4[c:903](=[O:904])[nH:902][c:901]([NH2:900])[n:927][c:926]43)[C@H:924]([OH:925])[C@@H:922]2[OH:923])([OH:915])=[O:916])([OH:919])=[O:920])[O:38][C@@H:39]([CH3:40])[C@@H:41]([OH:42])[C@@H:43]([OH:44])[C@@H:45]1[OH:46].[CH3:1][C:2](=[O:3])[NH:4][C@H:5]1[C@@H:6]([OH:7])[O:8][C@H:9]([CH2:10][OH:11])[C@@H:12]([O:13][C@@H:14]2[O:15][C@H:16]([CH2:17][OH:18])[C@H:19]([OH:20])[C@H:21]([OH:22])[C@H:23]2[O:24][C@@H:25]2[O:26][C@@H:27]([CH3:28])[C@@H:29]([OH:30])[C@@H:31]([OH:32])[C@@H:33]2[OH:34])[C@@H:35]1[OH:36]", "reacting_atoms": [37, 35, 36], "template_id": "81a5830860242c85835833a49fc8853f", "template_set": ["bkms"], "num_examples": 5, "necessary_reagent": "", "template_score": 0.17310817539691925, "rms_molwt": -559.9425113642488, "num_rings": -7, "plausibility": 1, "tforms": ["81a5830860242c85835833a49fc8853f"], "rank": 4, "score": -9389.191848166314}, {"smiles": "CC(=O)N[C@H]1[C@@H](O)O[C@H](CO)[C@@H](O)[C@@H]1O[C@@H]1O[C@@H](C)[C@@H](O)[C@@H](O)[C@@H]1O.C[C@@H]1O[C@@H](O[C@@H]2[C@@H](O)[C@@H](O)[C@@H](CO)O[C@@H]2OP(=O)(O)OP(=O)(O)OC[C@H]2O[C@@H](n3cnc4c(=O)[nH]c(N)nc43)[C@H](O)[C@@H]2O)[C@@H](O)[C@H](O)[C@@H]1O", "smiles_split": ["CC(=O)N[C@H]1[C@@H](O)O[C@H](CO)[C@@H](O)[C@@H]1O[C@@H]1O[C@@H](C)[C@@H](O)[C@@H](O)[C@@H]1O", "C[C@@H]1O[C@@H](O[C@@H]2[C@@H](O)[C@@H](O)[C@@H](CO)O[C@@H]2OP(=O)(O)OP(=O)(O)OC[C@H]2O[C@@H](n3cnc4c(=O)[nH]c(N)nc43)[C@H](O)[C@@H]2O)[C@@H](O)[C@H](O)[C@@H]1O"], "mapped_smiles": "[C@H:14]1([O:921][P:918]([O:917][P:914]([O:913][CH2:912][C@H:911]2[O:910][C@@H:909]([n:908]3[cH:907][n:906][c:905]4[c:903](=[O:904])[nH:902][c:901]([NH2:900])[n:927][c:926]43)[C@H:924]([OH:925])[C@@H:922]2[OH:923])([OH:915])=[O:916])([OH:919])=[O:920])[O:15][C@H:16]([CH2:17][OH:18])[C@H:19]([OH:20])[C@H:21]([OH:22])[C@H:23]1[O:24][C@@H:25]1[O:26][C@@H:27]([CH3:28])[C@@H:29]([OH:30])[C@@H:31]([OH:32])[C@@H:33]1[OH:34].[CH3:1][C:2](=[O:3])[NH:4][C@H:5]1[C@@H:6]([OH:7])[O:8][C@H:9]([CH2:10][OH:11])[C@@H:12]([OH:13])[C@@H:35]1[O:36][C@@H:37]1[O:38][C@@H:39]([CH3:40])[C@@H:41]([OH:42])[C@@H:43]([OH:44])[C@@H:45]1[OH:46]", "reacting_atoms": [14, 12, 13], "template_id": "81a5830860242c85835833a49fc8853f", "template_set": ["bkms"], "num_examples": 5, "necessary_reagent": "", "template_score": 0.17310817539691925, "rms_molwt": -591.185851428163, "num_rings": -7, "plausibility": 1, "tforms": ["81a5830860242c85835833a49fc8853f"], "rank": 5, "score": -9471.892423668478}, {"smiles": "CC(=O)N[C@@H]([C@H](O)OP(=O)(O)OP(=O)(O)OC[C@H]1O[C@@H](n2cnc3c(=O)[nH]c(N)nc32)[C@H](O)[C@@H]1O)[C@@H](O[C@@H]1O[C@@H](C)[C@@H](O)[C@@H](O)[C@@H]1O)[C@H](O[C@@H]1O[C@H](CO)[C@H](O)[C@H](O)[C@H]1O[C@@H]1O[C@@H](C)[C@@H](O)[C@@H](O)[C@@H]1O)[C@H](O)CO", "smiles_split": ["CC(=O)N[C@@H]([C@H](O)OP(=O)(O)OP(=O)(O)OC[C@H]1O[C@@H](n2cnc3c(=O)[nH]c(N)nc32)[C@H](O)[C@@H]1O)[C@@H](O[C@@H]1O[C@@H](C)[C@@H](O)[C@@H](O)[C@@H]1O)[C@H](O[C@@H]1O[C@H](CO)[C@H](O)[C@H](O)[C@H]1O[C@@H]1O[C@@H](C)[C@@H](O)[C@@H](O)[C@@H]1O)[C@H](O)CO"], "mapped_smiles": "[CH3:1][C:2](=[O:3])[NH:4][C@@H:5]([C@H:6]([OH:7])[O:921][P:918]([O:917][P:914]([O:913][CH2:912][C@H:911]1[O:910][C@@H:909]([n:908]2[cH:907][n:906][c:905]3[c:903](=[O:904])[nH:902][c:901]([NH2:900])[n:927][c:926]32)[C@H:924]([OH:925])[C@@H:922]1[OH:923])([OH:915])=[O:916])([OH:919])=[O:920])[C@H:35]([C@@H:12]([C@H:9]([OH:8])[CH2:10][OH:11])[O:13][C@@H:14]1[O:15][C@H:16]([CH2:17][OH:18])[C@H:19]([OH:20])[C@H:21]([OH:22])[C@H:23]1[O:24][C@@H:25]1[O:26][C@@H:27]([CH3:28])[C@@H:29]([OH:30])[C@@H:31]([OH:32])[C@@H:33]1[OH:34])[O:36][C@@H:37]1[O:38][C@@H:39]([CH3:40])[C@@H:41]([OH:42])[C@@H:43]([OH:44])[C@@H:45]1[OH:46]", "reacting_atoms": [6, 5, 9, 8], "template_id": "81a5830860242c85835833a49fc8853f", "template_set": ["bkms"], "num_examples": 5, "necessary_reagent": "", "template_score": 0.17310817539691925, "rms_molwt": -1118.2829077800004, "num_rings": -6, "plausibility": 1, "tforms": ["81a5830860242c85835833a49fc8853f"], "rank": 6, "score": -14646.611916190433}, {"smiles": "CC(=O)N[C@H]1[C@@H](O)O[C@H](CO)[C@@H](O[C@@H]2O[C@H](CO)[C@H](O)[C@H](O)[C@H]2O[C@@H](OP(=O)(O)OP(=O)(O)OC[C@H]2O[C@@H](n3cnc4c(=O)[nH]c(N)nc43)[C@H](O)[C@@H]2O)[C@@H](O)[C@H](O)[C@H](O)[C@H](C)O)[C@@H]1O[C@@H]1O[C@@H](C)[C@@H](O)[C@@H](O)[C@@H]1O", "smiles_split": ["CC(=O)N[C@H]1[C@@H](O)O[C@H](CO)[C@@H](O[C@@H]2O[C@H](CO)[C@H](O)[C@H](O)[C@H]2O[C@@H](OP(=O)(O)OP(=O)(O)OC[C@H]2O[C@@H](n3cnc4c(=O)[nH]c(N)nc43)[C@H](O)[C@@H]2O)[C@@H](O)[C@H](O)[C@H](O)[C@H](C)O)[C@@H]1O[C@@H]1O[C@@H](C)[C@@H](O)[C@@H](O)[C@@H]1O"], "mapped_smiles": "[CH3:1][C:2](=[O:3])[NH:4][C@H:5]1[C@@H:6]([OH:7])[O:8][C@H:9]([CH2:10][OH:11])[C@@H:12]([O:13][C@@H:14]2[O:15][C@H:16]([CH2:17][OH:18])[C@H:19]([OH:20])[C@H:21]([OH:22])[C@H:23]2[O:24][C@H:25]([C@H:33]([C@@H:31]([C@@H:29]([C@@H:27]([OH:26])[CH3:28])[OH:30])[OH:32])[OH:34])[O:921][P:918]([O:917][P:914]([O:913][CH2:912][C@H:911]2[O:910][C@@H:909]([n:908]3[cH:907][n:906][c:905]4[c:903](=[O:904])[nH:902][c:901]([NH2:900])[n:927][c:926]43)[C@H:924]([OH:925])[C@@H:922]2[OH:923])([OH:915])=[O:916])([OH:919])=[O:920])[C@@H:35]1[O:36][C@@H:37]1[O:38][C@@H:39]([CH3:40])[C@@H:41]([OH:42])[C@@H:43]([OH:44])[C@@H:45]1[OH:46]", "reacting_atoms": [25, 27, 26], "template_id": "81a5830860242c85835833a49fc8853f", "template_set": ["bkms"], "num_examples": 5, "necessary_reagent": "", "template_score": 0.17310817539691925, "rms_molwt": -1118.28290778, "num_rings": -6, "plausibility": 1, "tforms": ["81a5830860242c85835833a49fc8853f"], "rank": 7, "score": -14646.611916190433}, {"smiles": "CC(=O)N[C@H]1[C@@H](O)O[C@H](CO)[C@@H](O[C@@H](OP(=O)(O)OP(=O)(O)OC[C@H]2O[C@@H](n3cnc4c(=O)[nH]c(N)nc43)[C@H](O)[C@@H]2O)[C@H](O[C@@H]2O[C@@H](C)[C@@H](O)[C@@H](O)[C@@H]2O)[C@@H](O)[C@@H](O)[C@H](O)CO)[C@@H]1O[C@@H]1O[C@@H](C)[C@@H](O)[C@@H](O)[C@@H]1O", "smiles_split": ["CC(=O)N[C@H]1[C@@H](O)O[C@H](CO)[C@@H](O[C@@H](OP(=O)(O)OP(=O)(O)OC[C@H]2O[C@@H](n3cnc4c(=O)[nH]c(N)nc43)[C@H](O)[C@@H]2O)[C@H](O[C@@H]2O[C@@H](C)[C@@H](O)[C@@H](O)[C@@H]2O)[C@@H](O)[C@@H](O)[C@H](O)CO)[C@@H]1O[C@@H]1O[C@@H](C)[C@@H](O)[C@@H](O)[C@@H]1O"], "mapped_smiles": "[CH3:1][C:2](=[O:3])[NH:4][C@H:5]1[C@@H:6]([OH:7])[O:8][C@H:9]([CH2:10][OH:11])[C@@H:12]([O:13][C@H:14]([C@@H:23]([C@H:21]([C@H:19]([C@H:16]([OH:15])[CH2:17][OH:18])[OH:20])[OH:22])[O:24][C@@H:25]2[O:26][C@@H:27]([CH3:28])[C@@H:29]([OH:30])[C@@H:31]([OH:32])[C@@H:33]2[OH:34])[O:921][P:918]([O:917][P:914]([O:913][CH2:912][C@H:911]2[O:910][C@@H:909]([n:908]3[cH:907][n:906][c:905]4[c:903](=[O:904])[nH:902][c:901]([NH2:900])[n:927][c:926]43)[C@H:924]([OH:925])[C@@H:922]2[OH:923])([OH:915])=[O:916])([OH:919])=[O:920])[C@@H:35]1[O:36][C@@H:37]1[O:38][C@@H:39]([CH3:40])[C@@H:41]([OH:42])[C@@H:43]([OH:44])[C@@H:45]1[OH:46]", "reacting_atoms": [14, 16, 15], "template_id": "81a5830860242c85835833a49fc8853f", "template_set": ["bkms"], "num_examples": 5, "necessary_reagent": "", "template_score": 0.17310817539691925, "rms_molwt": -1118.2829077800002, "num_rings": -6, "plausibility": 1, "tforms": ["81a5830860242c85835833a49fc8853f"], "rank": 8, "score": -14646.611916190433}, {"smiles": "CC(=O)N[C@H]1[C@@H](O)O[C@H](CO)[C@@H](O[C@@H]2O[C@H](CO)[C@H](O)[C@H](O)[C@H]2O[C@@H]2O[C@@H](C)[C@@H](O)[C@@H](O)[C@@H]2O)[C@@H]1O[C@@H](OP(=O)(O)OP(=O)(O)OC[C@H]1O[C@@H](n2cnc3c(=O)[nH]c(N)nc32)[C@H](O)[C@@H]1O)[C@@H](O)[C@H](O)[C@H](O)[C@H](C)O", "smiles_split": ["CC(=O)N[C@H]1[C@@H](O)O[C@H](CO)[C@@H](O[C@@H]2O[C@H](CO)[C@H](O)[C@H](O)[C@H]2O[C@@H]2O[C@@H](C)[C@@H](O)[C@@H](O)[C@@H]2O)[C@@H]1O[C@@H](OP(=O)(O)OP(=O)(O)OC[C@H]1O[C@@H](n2cnc3c(=O)[nH]c(N)nc32)[C@H](O)[C@@H]1O)[C@@H](O)[C@H](O)[C@H](O)[C@H](C)O"], "mapped_smiles": "[CH3:1][C:2](=[O:3])[NH:4][C@H:5]1[C@@H:6]([OH:7])[O:8][C@H:9]([CH2:10][OH:11])[C@@H:12]([O:13][C@@H:14]2[O:15][C@H:16]([CH2:17][OH:18])[C@H:19]([OH:20])[C@H:21]([OH:22])[C@H:23]2[O:24][C@@H:25]2[O:26][C@@H:27]([CH3:28])[C@@H:29]([OH:30])[C@@H:31]([OH:32])[C@@H:33]2[OH:34])[C@@H:35]1[O:36][C@H:37]([C@H:45]([C@@H:43]([C@@H:41]([C@@H:39]([OH:38])[CH3:40])[OH:42])[OH:44])[OH:46])[O:921][P:918]([O:917][P:914]([O:913][CH2:912][C@H:911]1[O:910][C@@H:909]([n:908]2[cH:907][n:906][c:905]3[c:903](=[O:904])[nH:902][c:901]([NH2:900])[n:927][c:926]32)[C@H:924]([OH:925])[C@@H:922]1[OH:923])([OH:915])=[O:916])([OH:919])=[O:920]", "reacting_atoms": [37, 39, 38], "template_id": "81a5830860242c85835833a49fc8853f", "template_set": ["bkms"], "num_examples": 5, "necessary_reagent": "", "template_score": 0.17310817539691925, "rms_molwt": -1118.2829077800002, "num_rings": -6, "plausibility": 1, "tforms": ["81a5830860242c85835833a49fc8853f"], "rank": 9, "score": -14646.611916190433}, {"smiles": "C[C@@H]1O[C@@H](O[C@H]2[C@H](O[C@@H]3[C@@H](CO)O[C@H](O)[C@H](N)[C@H]3O[C@@H]3O[C@@H](C)[C@@H](O)[C@@H](O)[C@@H]3O)O[C@H](CO)[C@H](O)[C@@H]2O)[C@@H](O)[C@H](O)[C@@H]1O", "smiles_split": ["C[C@@H]1O[C@@H](O[C@H]2[C@H](O[C@@H]3[C@@H](CO)O[C@H](O)[C@H](N)[C@H]3O[C@@H]3O[C@@H](C)[C@@H](O)[C@@H](O)[C@@H]3O)O[C@H](CO)[C@H](O)[C@@H]2O)[C@@H](O)[C@H](O)[C@@H]1O"], "mapped_smiles": "[NH2:4][C@H:5]1[C@@H:6]([OH:7])[O:8][C@H:9]([CH2:10][OH:11])[C@@H:12]([O:13][C@@H:14]2[O:15][C@H:16]([CH2:17][OH:18])[C@H:19]([OH:20])[C@H:21]([OH:22])[C@H:23]2[O:24][C@@H:25]2[O:26][C@@H:27]([CH3:28])[C@@H:29]([OH:30])[C@@H:31]([OH:32])[C@@H:33]2[OH:34])[C@@H:35]1[O:36][C@@H:37]1[O:38][C@@H:39]([CH3:40])[C@@H:41]([OH:42])[C@@H:43]([OH:44])[C@@H:45]1[OH:46]", "reacting_atoms": [4], "template_id": "2e54384e348d1931c11e16a444403e5d", "template_set": ["bkms"], "num_examples": 41, "necessary_reagent": "[C]~[C]~[O]", "template_score": 0.07612845301628113, "rms_molwt": -633.2480135359999, "num_rings": -4, "plausibility": 1, "tforms": ["2e54384e348d1931c11e16a444403e5d"], "rank": 10, "score": -19578.950598468055}, {"smiles": "CC(=O)N[C@H]1[C@@H](O)O[C@H](CO)[C@@H](O)[C@@H]1O[C@@H]1O[C@@H](C)[C@@H](O)[C@@H](O)[C@@H]1O.Cc1cn([C@H]2C[C@H](O)[C@@H](COP(=O)(O)OP(=O)(O)O[C@H]3O[C@H](CO)[C@H](O)[C@H](O)[C@H]3O[C@@H]3O[C@@H](C)[C@@H](O)[C@@H](O)[C@@H]3O)O2)c(=O)[nH]c1=O", "smiles_split": ["CC(=O)N[C@H]1[C@@H](O)O[C@H](CO)[C@@H](O)[C@@H]1O[C@@H]1O[C@@H](C)[C@@H](O)[C@@H](O)[C@@H]1O", "Cc1cn([C@H]2C[C@H](O)[C@@H](COP(=O)(O)OP(=O)(O)O[C@H]3O[C@H](CO)[C@H](O)[C@H](O)[C@H]3O[C@@H]3O[C@@H](C)[C@@H](O)[C@@H](O)[C@@H]3O)O2)c(=O)[nH]c1=O"], "mapped_smiles": "[C@H:14]1([O:918][P:915]([O:914][P:911]([O:910][CH2:909][C@@H:908]2[C@@H:906]([OH:907])[CH2:905][C@H:904]([n:903]3[cH:902][c:901]([CH3:900])[c:923](=[O:924])[nH:922][c:920]3=[O:921])[O:919]2)([OH:912])=[O:913])([OH:916])=[O:917])[O:15][C@H:16]([CH2:17][OH:18])[C@H:19]([OH:20])[C@H:21]([OH:22])[C@H:23]1[O:24][C@@H:25]1[O:26][C@@H:27]([CH3:28])[C@@H:29]([OH:30])[C@@H:31]([OH:32])[C@@H:33]1[OH:34].[CH3:1][C:2](=[O:3])[NH:4][C@H:5]1[C@@H:6]([OH:7])[O:8][C@H:9]([CH2:10][OH:11])[C@@H:12]([OH:13])[C@@H:35]1[O:36][C@@H:37]1[O:38][C@@H:39]([CH3:40])[C@@H:41]([OH:42])[C@@H:43]([OH:44])[C@@H:45]1[OH:46]", "reacting_atoms": [14, 12, 13], "template_id": "8ad03d31335090682862c87ec0f71f0d", "template_set": ["bkms"], "num_examples": 25, "necessary_reagent": "", "template_score": 0.06998022645711899, "rms_molwt": -565.2819485538882, "num_rings": -6, "plausibility": 1, "tforms": ["8ad03d31335090682862c87ec0f71f0d"], "rank": 11, "score": -21772.384151947546}, {"smiles": "CC(=O)N[C@H]1[C@@H](O)O[C@H](CO)[C@@H](O[C@@H]2O[C@H](CO)[C@H](O)[C@H](O)[C@H]2O)[C@@H]1O[C@@H]1O[C@@H](C)[C@@H](O)[C@@H](O)[C@@H]1O.Cc1cn([C@H]2C[C@H](O)[C@@H](COP(=O)(O)OP(=O)(O)O[C@H]3O[C@@H](C)[C@@H](O)[C@@H](O)[C@@H]3O)O2)c(=O)[nH]c1=O", "smiles_split": ["CC(=O)N[C@H]1[C@@H](O)O[C@H](CO)[C@@H](O[C@@H]2O[C@H](CO)[C@H](O)[C@H](O)[C@H]2O)[C@@H]1O[C@@H]1O[C@@H](C)[C@@H](O)[C@@H](O)[C@@H]1O", "Cc1cn([C@H]2C[C@H](O)[C@@H](COP(=O)(O)OP(=O)(O)O[C@H]3O[C@@H](C)[C@@H](O)[C@@H](O)[C@@H]3O)O2)c(=O)[nH]c1=O"], "mapped_smiles": "[C@H:25]1([O:918][P:915]([O:914][P:911]([O:910][CH2:909][C@@H:908]2[C@@H:906]([OH:907])[CH2:905][C@H:904]([n:903]3[cH:902][c:901]([CH3:900])[c:923](=[O:924])[nH:922][c:920]3=[O:921])[O:919]2)([OH:912])=[O:913])([OH:916])=[O:917])[O:26][C@@H:27]([CH3:28])[C@@H:29]([OH:30])[C@@H:31]([OH:32])[C@@H:33]1[OH:34].[CH3:1][C:2](=[O:3])[NH:4][C@H:5]1[C@@H:6]([OH:7])[O:8][C@H:9]([CH2:10][OH:11])[C@@H:12]([O:13][C@@H:14]2[O:15][C@H:16]([CH2:17][OH:18])[C@H:19]([OH:20])[C@H:21]([OH:22])[C@H:23]2[OH:24])[C@@H:35]1[O:36][C@@H:37]1[O:38][C@@H:39]([CH3:40])[C@@H:41]([OH:42])[C@@H:43]([OH:44])[C@@H:45]1[OH:46]", "reacting_atoms": [25, 23, 24], "template_id": "8ad03d31335090682862c87ec0f71f0d", "template_set": ["bkms"], "num_examples": 25, "necessary_reagent": "", "template_score": 0.06998022645711899, "rms_molwt": -538.7234713726228, "num_rings": -6, "plausibility": 1, "tforms": ["8ad03d31335090682862c87ec0f71f0d"], "rank": 12, "score": -21963.00394684812}, {"smiles": "CC(=O)N[C@H]1[C@@H](O)O[C@H](CO)[C@@H](O[C@@H]2O[C@H](CO)[C@H](O)[C@H](O)[C@H]2O[C@@H]2O[C@@H](C)[C@@H](O)[C@@H](O)[C@@H]2O)[C@@H]1O.Cc1cn([C@H]2C[C@H](O)[C@@H](COP(=O)(O)OP(=O)(O)O[C@H]3O[C@@H](C)[C@@H](O)[C@@H](O)[C@@H]3O)O2)c(=O)[nH]c1=O", "smiles_split": ["CC(=O)N[C@H]1[C@@H](O)O[C@H](CO)[C@@H](O[C@@H]2O[C@H](CO)[C@H](O)[C@H](O)[C@H]2O[C@@H]2O[C@@H](C)[C@@H](O)[C@@H](O)[C@@H]2O)[C@@H]1O", "Cc1cn([C@H]2C[C@H](O)[C@@H](COP(=O)(O)OP(=O)(O)O[C@H]3O[C@@H](C)[C@@H](O)[C@@H](O)[C@@H]3O)O2)c(=O)[nH]c1=O"], "mapped_smiles": "[C@H:37]1([O:918][P:915]([O:914][P:911]([O:910][CH2:909][C@@H:908]2[C@@H:906]([OH:907])[CH2:905][C@H:904]([n:903]3[cH:902][c:901]([CH3:900])[c:923](=[O:924])[nH:922][c:920]3=[O:921])[O:919]2)([OH:912])=[O:913])([OH:916])=[O:917])[O:38][C@@H:39]([CH3:40])[C@@H:41]([OH:42])[C@@H:43]([OH:44])[C@@H:45]1[OH:46].[CH3:1][C:2](=[O:3])[NH:4][C@H:5]1[C@@H:6]([OH:7])[O:8][C@H:9]([CH2:10][OH:11])[C@@H:12]([O:13][C@@H:14]2[O:15][C@H:16]([CH2:17][OH:18])[C@H:19]([OH:20])[C@H:21]([OH:22])[C@H:23]2[O:24][C@@H:25]2[O:26][C@@H:27]([CH3:28])[C@@H:29]([OH:30])[C@@H:31]([OH:32])[C@@H:33]2[OH:34])[C@@H:35]1[OH:36]", "reacting_atoms": [37, 35, 36], "template_id": "8ad03d31335090682862c87ec0f71f0d", "template_set": ["bkms"], "num_examples": 25, "necessary_reagent": "", "template_score": 0.06998022645711899, "rms_molwt": -538.7234713726228, "num_rings": -6, "plausibility": 1, "tforms": ["8ad03d31335090682862c87ec0f71f0d"], "rank": 13, "score": -21963.00394684812}, {"smiles": "CC(=O)N[C@H]1[C@@H](O)O[C@H](CO)[C@@H](O[C@@H]2O[C@H](CO)[C@H](O)[C@H](O)[C@H]2O)[C@@H]1O[C@@H]1O[C@@H](C)[C@@H](O)[C@@H](O)[C@@H]1O.C[C@@H]1O[C@@H](OP(=O)(O)OP(=O)(O)OC[C@H]2O[C@@H](n3ccc(=O)[nH]c3=O)[C@H](O)[C@@H]2O)[C@@H](O)[C@H](O)[C@@H]1O", "smiles_split": ["CC(=O)N[C@H]1[C@@H](O)O[C@H](CO)[C@@H](O[C@@H]2O[C@H](CO)[C@H](O)[C@H](O)[C@H]2O)[C@@H]1O[C@@H]1O[C@@H](C)[C@@H](O)[C@@H](O)[C@@H]1O", "C[C@@H]1O[C@@H](OP(=O)(O)OP(=O)(O)OC[C@H]2O[C@@H](n3ccc(=O)[nH]c3=O)[C@H](O)[C@@H]2O)[C@@H](O)[C@H](O)[C@@H]1O"], "mapped_smiles": "[C@@H:25]1([O:924][P:921]([O:920][P:917]([O:916][CH2:915][C@@H:914]2[C@@H:901]([OH:900])[C@@H:902]([OH:903])[C@H:904]([n:905]3[cH:906][cH:907][c:908](=[O:909])[nH:910][c:911]3=[O:912])[O:913]2)([OH:918])=[O:919])([OH:922])=[O:923])[O:26][C@@H:27]([CH3:28])[C@@H:29]([OH:30])[C@@H:31]([OH:32])[C@@H:33]1[OH:34].[CH3:1][C:2](=[O:3])[NH:4][C@H:5]1[C@@H:6]([OH:7])[O:8][C@H:9]([CH2:10][OH:11])[C@@H:12]([O:13][C@@H:14]2[O:15][C@H:16]([CH2:17][OH:18])[C@H:19]([OH:20])[C@H:21]([OH:22])[C@H:23]2[OH:24])[C@@H:35]1[O:36][C@@H:37]1[O:38][C@@H:39]([CH3:40])[C@@H:41]([OH:42])[C@@H:43]([OH:44])[C@@H:45]1[OH:46]", "reacting_atoms": [25, 23, 24], "template_id": "1d3dedc05ce99f4f63ba631ced67e8e5", "template_set": ["bkms", "bkms"], "num_examples": 18, "necessary_reagent": "", "template_score": 0.059150226414203644, "rms_molwt": -539.7311685784418, "num_rings": -6, "plausibility": 1, "tforms": ["6f33f2203669aeb9b6329d88273415f6", "1d3dedc05ce99f4f63ba631ced67e8e5"], "rank": 14, "score": -26559.086669899774}, {"smiles": "CC(=O)N[C@H]1[C@@H](O)O[C@H](CO)[C@@H](O[C@@H]2O[C@H](CO)[C@H](O)[C@H](O)[C@H]2O[C@@H]2O[C@@H](C)[C@@H](O)[C@@H](O)[C@@H]2O)[C@@H]1O.C[C@@H]1O[C@@H](OP(=O)(O)OP(=O)(O)OC[C@H]2O[C@@H](n3ccc(=O)[nH]c3=O)[C@H](O)[C@@H]2O)[C@@H](O)[C@H](O)[C@@H]1O", "smiles_split": ["CC(=O)N[C@H]1[C@@H](O)O[C@H](CO)[C@@H](O[C@@H]2O[C@H](CO)[C@H](O)[C@H](O)[C@H]2O[C@@H]2O[C@@H](C)[C@@H](O)[C@@H](O)[C@@H]2O)[C@@H]1O", "C[C@@H]1O[C@@H](OP(=O)(O)OP(=O)(O)OC[C@H]2O[C@@H](n3ccc(=O)[nH]c3=O)[C@H](O)[C@@H]2O)[C@@H](O)[C@H](O)[C@@H]1O"], "mapped_smiles": "[C@@H:37]1([O:924][P:921]([O:920][P:917]([O:916][CH2:915][C@@H:914]2[C@@H:901]([OH:900])[C@@H:902]([OH:903])[C@H:904]([n:905]3[cH:906][cH:907][c:908](=[O:909])[nH:910][c:911]3=[O:912])[O:913]2)([OH:918])=[O:919])([OH:922])=[O:923])[O:38][C@@H:39]([CH3:40])[C@@H:41]([OH:42])[C@@H:43]([OH:44])[C@@H:45]1[OH:46].[CH3:1][C:2](=[O:3])[NH:4][C@H:5]1[C@@H:6]([OH:7])[O:8][C@H:9]([CH2:10][OH:11])[C@@H:12]([O:13][C@@H:14]2[O:15][C@H:16]([CH2:17][OH:18])[C@H:19]([OH:20])[C@H:21]([OH:22])[C@H:23]2[O:24][C@@H:25]2[O:26][C@@H:27]([CH3:28])[C@@H:29]([OH:30])[C@@H:31]([OH:32])[C@@H:33]2[OH:34])[C@@H:35]1[OH:36]", "reacting_atoms": [37, 35, 36], "template_id": "1d3dedc05ce99f4f63ba631ced67e8e5", "template_set": ["bkms", "bkms"], "num_examples": 18, "necessary_reagent": "", "template_score": 0.059150226414203644, "rms_molwt": -539.7311685784418, "num_rings": -6, "plausibility": 1, "tforms": ["6f33f2203669aeb9b6329d88273415f6", "1d3dedc05ce99f4f63ba631ced67e8e5"], "rank": 15, "score": -26559.086669899774}]}