{"smiles": "C[C@@H]1CC[C@@]2(C(=O)O)CC[C@]3(C)C(=CC[C@@H]4[C@]3(C)CC[C@H]3[C@](C)(C(=O)O)[C@@H](O)[C@@H](O)C[C@]43C)[C@@H]2[C@@]1(C)O", "sfscore": [0.4206113815307617, 0.6312011480331421], "chem_result": [{"smiles": "C[C@@H]1CC[C@@]2(C(=O)O)CC[C@]3(C)C(=CC[C@@H]4[C@]3(C)CC[C@H]3[C@](C)(C(=O)O)[C@@H](O)[C@@H](O)C[C@]43C)[C@@H]2[C@@]1(C)O", "bw_confidence": 0.040011834442934276, "confidence": 0.42863964436457913, "rclass": "3 3.7 3.7.2", "children": [{"smiles": "C1CCOC1"}, {"smiles": "C[C@@H]1CC[C@@]2(C(=O)O)CC[C@]3(C)C(=CC[C@@H]4[C@]3(C)CC[C@H]3[C@](C)(C(=O)O)[C@@H](O)[C@@H](O)C[C@]43C)[C@@H]2C1=O"}, {"smiles": "C[Mg]Br"}]}, {"smiles": "C[C@@H]1CC[C@@]2(C(=O)O)CC[C@]3(C)C(=CC[C@@H]4[C@]3(C)CC[C@H]3[C@](C)(C(=O)O)[C@@H](O)[C@@H](O)C[C@]43C)[C@@H]2[C@@]1(C)O", "bw_confidence": 0.032424278844088314, "confidence": 0.1591095148223059, "rclass": "8 8.3 8.3.2", "children": [{"smiles": "CC(C)=O"}, {"smiles": "CC(C)=O~O=S(=O)(O)O~O=[Cr](=O)=O"}, {"smiles": "C[C@@H]1CC[C@@]2(CO)CC[C@]3(C)C(=CC[C@@H]4[C@]3(C)CC[C@H]3[C@](C)(C(=O)O)[C@@H](O)[C@@H](O)C[C@]43C)[C@@H]2[C@@]1(C)O"}]}, {"smiles": "C[C@@H]1CC[C@@]2(C(=O)O)CC[C@]3(C)C(=CC[C@@H]4[C@]3(C)CC[C@H]3[C@](C)(C(=O)O)[C@@H](O)[C@@H](O)C[C@]43C)[C@@H]2[C@@]1(C)O", "bw_confidence": 0.011760762639199415, "confidence": 0.39809760752060136, "rclass": "7 7.5 7.5.1", "children": [{"smiles": "CO"}, {"smiles": "C[C@@H]1CC[C@@]2(C(=O)O)CC[C@]3(C)C(=CC[C@@H]4[C@]3(C)CC[C@H]3[C@](C)(C(=O)O)C(=O)[C@@H](O)C[C@]43C)[C@@H]2[C@@]1(C)O"}, {"smiles": "[BH4-]~[Na+]"}]}, {"smiles": "C[C@@H]1CC[C@@]2(C(=O)O)CC[C@]3(C)C(=CC[C@@H]4[C@]3(C)CC[C@H]3[C@](C)(C(=O)O)[C@@H](O)[C@@H](O)C[C@]43C)[C@@H]2[C@@]1(C)O", "bw_confidence": 0.007272400412563236, "confidence": 0.24223252425662076, "rclass": "9 9.7 9.7.173", "children": [{"smiles": "C[C@@H]1CC[C@@]2(C(=O)O)CC[C@]3(C)C(=CC[C@@H]4[C@]3(C)CC[C@H]3[C@](C)(C(N)=O)[C@@H](O)[C@@H](O)C[C@]43C)[C@@H]2[C@@]1(C)O"}, {"smiles": "[OH-]~[K+]"}]}, {"smiles": "C[C@@H]1CC[C@@]2(C(=O)O)CC[C@]3(C)C(=CC[C@@H]4[C@]3(C)CC[C@H]3[C@](C)(C(=O)O)[C@@H](O)[C@@H](O)C[C@]43C)[C@@H]2[C@@]1(C)O", "bw_confidence": 0.0031419390606173643, "confidence": 0.18966711588722115, "rclass": "11 11.5 11.5", "children": [{"smiles": "C[C@@H]1CC[C@@]2(C(=O)O)CC[C@]3(C)C(=CC[C@@H]4[C@]3(C)CC[C@H]3[C@](C)(C(=O)O)[C@@H](O)[C@@H](O)C[C@]43C)[C@@H]2[C@@]1(C)O"}, {"smiles": "[OH-]~[Na+]"}]}, {"smiles": "C[C@@H]1CC[C@@]2(C(=O)O)CC[C@]3(C)C(=CC[C@@H]4[C@]3(C)CC[C@H]3[C@](C)(C(=O)O)[C@@H](O)[C@@H](O)C[C@]43C)[C@@H]2[C@@]1(C)O", "bw_confidence": 0.0029129035053908642, "confidence": 0.018193715293551724, "rclass": "0 0 0", "children": [{"smiles": "CC(C)=O"}, {"smiles": "C[C@@H]1CC[C@@]2(C(=O)O)CC[C@]3(C)C(=CC[C@@H]4[C@]3(C)CC[C@H]3[C@](C)(C(=O)O)[C@@H](O)[C@@H](O)C[C@]43C)[C@@H]2[C@@]1(C)O"}]}, {"smiles": "C[C@@H]1CC[C@@]2(C(=O)O)CC[C@]3(C)C(=CC[C@@H]4[C@]3(C)CC[C@H]3[C@](C)(C(=O)O)[C@@H](O)[C@@H](O)C[C@]43C)[C@@H]2[C@@]1(C)O", "bw_confidence": 0.0020238444062856335, "confidence": 0.05047747967488374, "rclass": "8 8.8 8.8.11", "children": [{"smiles": "C[C@@H]1CC[C@@]2(C(=O)O)CC[C@]3(C)C(=CC[C@@H]4[C@]3(C)CC[C@H]3[C@](C)(C(=O)O)[C@@H](O)[C@@H](O)C[C@]43C)[C@@H]2[C@@]1(C)O"}, {"smiles": "C[C@@H]1CC[C@@]2(C(=O)O)CC[C@]3(C)C(=CC[C@@H]4[C@]3(C)CC[C@H]3[C@](C)(C(=O)O)[C@@H](O)[C@@H](O)C[C@]43C)[C@@H]2[C@@]1(C)O"}]}, {"smiles": "C[C@@H]1CC[C@@]2(C(=O)O)CC[C@]3(C)C(=CC[C@@H]4[C@]3(C)CC[C@H]3[C@](C)(C(=O)O)[C@@H](O)[C@@H](O)C[C@]43C)[C@@H]2[C@@]1(C)O", "bw_confidence": 0.0008117979343828033, "confidence": 0.11820405877756589, "rclass": "9 9.7 9.7.61", "children": [{"smiles": "C[C@@H]1CC[C@@]2(C(=O)O)CC[C@]3(C)C(=CC[C@@H]4[C@]3(C)CC[C@H]3[C@]5(C)C(=O)[C@@H]6O[C@@H]6C[C@]5(C)[C@]43C)[C@@H]2[C@@]1(C)O"}, {"smiles": "[OH-]~[Na+]"}]}, {"smiles": "C[C@@H]1CC[C@@]2(C(=O)O)CC[C@]3(C)C(=CC[C@@H]4[C@]3(C)CC[C@H]3[C@](C)(C(=O)O)[C@@H](O)[C@@H](O)C[C@]43C)[C@@H]2[C@@]1(C)O", "bw_confidence": 0.0003682627195991931, "confidence": 0.257687308811722, "rclass": "6 6.2 6.2.2", "children": [{"smiles": "C1CCOC1"}, {"smiles": "CO"}, {"smiles": "COC(=O)[C@]1(C)[C@@H](O)[C@@H](O)C[C@@]2(C)[C@@H]3CC=C4[C@@H]5[C@@](C)(O)[C@H](C)CC[C@@]5(C(=O)OC)CC[C@@]4(C)[C@@]3(C)CC[C@H]21"}, {"smiles": "O"}, {"smiles": "[Li]O"}]}, {"smiles": "C[C@@H]1CC[C@@]2(C(=O)O)CC[C@]3(C)C(=CC[C@@H]4[C@]3(C)CC[C@H]3[C@](C)(C(=O)O)[C@@H](O)[C@@H](O)C[C@]43C)[C@@H]2[C@@]1(C)O", "bw_confidence": 0.00024526451075622396, "confidence": 0.3358758938613367, "rclass": "6 6.2 6.2.2", "children": [{"smiles": "CO"}, {"smiles": "COC(=O)[C@]1(C)[C@@H](O)[C@@H](O)C[C@]2(C)[C@@H]3CC=C4[C@@H]5[C@@](C)(O)[C@H](C)CC[C@@]5(C(=O)O)CC[C@@]4(C)[C@@]3(C)CC[C@@H]12"}, {"smiles": "[OH-]~[Na+]"}]}, {"smiles": "C[C@@H]1CC[C@@]2(C(=O)O)CC[C@]3(C)C(=CC[C@@H]4[C@]3(C)CC[C@H]3[C@](C)(C(=O)O)[C@@H](O)[C@@H](O)C[C@]43C)[C@@H]2[C@@]1(C)O", "bw_confidence": 0.0001614837879673695, "confidence": 0.029156648110154858, "rclass": "0 0 0", "children": [{"smiles": "CC(=O)O"}, {"smiles": "C[C@@H]1CC[C@@]2(C(=O)O)CC[C@]3(C)C(=CC[C@@H]4[C@]3(C)CC[C@H]3[C@](C)(C(=O)O)[C@@H](O)[C@@H](O)C[C@]43C)[C@@H]2[C@@]1(C)O"}]}], "chem_bw_confidence_list": [0.040011834442934276, 0.032424278844088314, 0.011760762639199415, 0.007272400412563236, 0.0031419390606173643, 0.0029129035053908642, 0.0020238444062856335, 0.0008117979343828033, 0.0003682627195991931, 0.00024526451075622396, 0.0001614837879673695], "enzy_template_score_list": [0.3926789462566376, 0.3926789462566376, 0.16980807483196259, 0.08135223388671875, 0.0707601010799408, 0.06167604774236679, 0.06167604774236679, 0.02285957522690296, 0.008364604786038399, 0.008364604786038399, 0.02012460120022297, 0.02012460120022297, 0.005431109108030796, 0.005431109108030796, 0.0048889052122831345], "enzy_result": [{"smiles": "C[C@@H]1CC[C@@]2(C(=O)O)CC[C@]3(C)C(=CC[C@@H]4[C@]3(C)CC[C@H]3[C@](C)(C=O)[C@@H](O)[C@@H](O)C[C@]43C)[C@@H]2[C@@]1(C)O", "smiles_split": ["C[C@@H]1CC[C@@]2(C(=O)O)CC[C@]3(C)C(=CC[C@@H]4[C@]3(C)CC[C@H]3[C@](C)(C=O)[C@@H](O)[C@@H](O)C[C@]43C)[C@@H]2[C@@]1(C)O"], "mapped_smiles": "[CH3:1][C@@H:2]1[CH2:3][CH2:4][C@@:5]2([C:6](=[O:7])[OH:8])[CH2:9][CH2:10][C@:11]3([CH3:12])[C:13](=[CH:14][CH2:15][C@@H:16]4[C@:17]3([CH3:18])[CH2:19][CH2:20][C@H:21]3[C@:22]([CH3:23])([CH:24]=[O:25])[C@@H:27]([OH:28])[C@@H:29]([OH:30])[CH2:31][C@:32]43[CH3:33])[C@@H:34]2[C@@:35]1([CH3:36])[OH:37]", "reacting_atoms": [24], "template_id": "da5e8ca58337efec4c4782fbb45ff9a8", "template_set": ["bkms"], "num_examples": 128, "necessary_reagent": "[O]", "template_score": 0.3926789462566376, "rms_molwt": -502.3294391919999, "num_rings": -5, "plausibility": 1, "tforms": ["da5e8ca58337efec4c4782fbb45ff9a8"], "rank": 1, "score": -2173.721090703839}, {"smiles": "C[C@@H]1CC[C@@]2(C=O)CC[C@]3(C)C(=CC[C@@H]4[C@]3(C)CC[C@H]3[C@](C)(C(=O)O)[C@@H](O)[C@@H](O)C[C@]43C)[C@@H]2[C@@]1(C)O", "smiles_split": ["C[C@@H]1CC[C@@]2(C=O)CC[C@]3(C)C(=CC[C@@H]4[C@]3(C)CC[C@H]3[C@](C)(C(=O)O)[C@@H](O)[C@@H](O)C[C@]43C)[C@@H]2[C@@]1(C)O"], "mapped_smiles": "[CH3:1][C@@H:2]1[CH2:3][CH2:4][C@@:5]2([CH:6]=[O:7])[CH2:9][CH2:10][C@:11]3([CH3:12])[C:13](=[CH:14][CH2:15][C@@H:16]4[C@:17]3([CH3:18])[CH2:19][CH2:20][C@H:21]3[C@:22]([CH3:23])([C:24](=[O:25])[OH:26])[C@@H:27]([OH:28])[C@@H:29]([OH:30])[CH2:31][C@:32]43[CH3:33])[C@@H:34]2[C@@:35]1([CH3:36])[OH:37]", "reacting_atoms": [5, 6], "template_id": "da5e8ca58337efec4c4782fbb45ff9a8", "template_set": ["bkms"], "num_examples": 128, "necessary_reagent": "[O]", "template_score": 0.3926789462566376, "rms_molwt": -502.3294391919999, "num_rings": -5, "plausibility": 1, "tforms": ["da5e8ca58337efec4c4782fbb45ff9a8"], "rank": 2, "score": -2173.721090703839}, {"smiles": "C[C@@H]1CC[C@@]2(C)CC[C@]3(C)C(=CC[C@@H]4[C@]3(C)CC[C@H]3[C@](C)(C(=O)O)[C@@H](O)[C@@H](O)C[C@]43C)[C@@H]2[C@@]1(C)O", "smiles_split": ["C[C@@H]1CC[C@@]2(C)CC[C@]3(C)C(=CC[C@@H]4[C@]3(C)CC[C@H]3[C@](C)(C(=O)O)[C@@H](O)[C@@H](O)C[C@]43C)[C@@H]2[C@@]1(C)O"], "mapped_smiles": "[CH3:1][C@@H:2]1[CH2:3][CH2:4][C@@:5]2([CH3:6])[CH2:9][CH2:10][C@:11]3([CH3:12])[C:13](=[CH:14][CH2:15][C@@H:16]4[C@:17]3([CH3:18])[CH2:19][CH2:20][C@H:21]3[C@:22]([CH3:23])([C:24](=[O:25])[OH:26])[C@@H:27]([OH:28])[C@@H:29]([OH:30])[CH2:31][C@:32]43[CH3:33])[C@@H:34]2[C@@:35]1([CH3:36])[OH:37]", "reacting_atoms": [5, 6], "template_id": "187811ebea1847a15769af976afcc238", "template_set": ["bkms"], "num_examples": 15, "necessary_reagent": "[O]", "template_score": 0.16980807483196259, "rms_molwt": -488.35017463599985, "num_rings": -5, "plausibility": 1, "tforms": ["187811ebea1847a15769af976afcc238"], "rank": 3, "score": -4921.439059934996}, {"smiles": "C[C@@H]1CC[C@@]2(C(=O)O)CC[C@]3(C)C(=CC[C@@H]4[C@]3(C)CC[C@H]3C(C)(C)[C@@H](O)[C@@H](O)C[C@]43C)[C@@H]2[C@@]1(C)O", "smiles_split": ["C[C@@H]1CC[C@@]2(C(=O)O)CC[C@]3(C)C(=CC[C@@H]4[C@]3(C)CC[C@H]3C(C)(C)[C@@H](O)[C@@H](O)C[C@]43C)[C@@H]2[C@@]1(C)O"], "mapped_smiles": "[CH3:1][C@@H:2]1[CH2:3][CH2:4][C@@:5]2([C:6](=[O:7])[OH:8])[CH2:9][CH2:10][C@:11]3([CH3:12])[C:13](=[CH:14][CH2:15][C@@H:16]4[C@:17]3([CH3:18])[CH2:19][CH2:20][C@H:21]3[C:22]([CH3:23])([CH3:24])[C@@H:27]([OH:28])[C@@H:29]([OH:30])[CH2:31][C@:32]43[CH3:33])[C@@H:34]2[C@@:35]1([CH3:36])[OH:37]", "reacting_atoms": [22, 24], "template_id": "ebe1e7f41dadc6955a789852d0e4f64c", "template_set": ["bkms", "bkms"], "num_examples": 17, "necessary_reagent": "[O]", "template_score": 0.08135223388671875, "rms_molwt": -488.3501746359999, "num_rings": -5, "plausibility": 1, "tforms": ["119e2f99c9f68ec898f796e28e4dc9e0", "ebe1e7f41dadc6955a789852d0e4f64c"], "rank": 4, "score": -9707.171572817853}, {"smiles": "C[C@@H]1CC[C@@]2(C(=O)O)CC[C@]3(C)C(=CC[C@@H]4[C@]3(C)CC[C@H]3[C@](C)(C(=O)O)C[C@@H](O)C[C@]43C)[C@@H]2[C@@]1(C)O", "smiles_split": ["C[C@@H]1CC[C@@]2(C(=O)O)CC[C@]3(C)C(=CC[C@@H]4[C@]3(C)CC[C@H]3[C@](C)(C(=O)O)C[C@@H](O)C[C@]43C)[C@@H]2[C@@]1(C)O"], "mapped_smiles": "[CH3:1][C@@H:2]1[CH2:3][CH2:4][C@@:5]2([C:6](=[O:7])[OH:8])[CH2:9][CH2:10][C@:11]3([CH3:12])[C:13](=[CH:14][CH2:15][C@@H:16]4[C@:17]3([CH3:18])[CH2:19][CH2:20][C@H:21]3[C@:22]([CH3:23])([C:24](=[O:25])[OH:26])[CH2:27][C@@H:29]([OH:30])[CH2:31][C@:32]43[CH3:33])[C@@H:34]2[C@@:35]1([CH3:36])[OH:37]", "reacting_atoms": [27, 22], "template_id": "a2bcd053d35d1b201f0bfe3aca6c3f0c", "template_set": ["bkms", "bkms", "bkms", "bkms", "bkms"], "num_examples": 125, "necessary_reagent": "[O]", "template_score": 0.0707601010799408, "rms_molwt": -502.3294391919999, "num_rings": -5, "plausibility": 1, "tforms": ["a034de99c75fe18016182f108d443d26", "8d402323c3bcd8cb1ad1b6a705dd6d21", "9f387abf2274fc73429ecccd1b168e7b", "27113b6cfcc010a83060ef4ec8e03231", "a2bcd053d35d1b201f0bfe3aca6c3f0c"], "rank": 5, "score": -11412.851240009677}, {"smiles": "C[C@@H]1CC[C@@]2(C(=O)O)CC[C@]3(C)C(=CC[C@@H]4[C@]3(C)CC[C@@H]3[C@]4(C)C[C@H](O)[C@H](O)[C@@]3(C)CO)[C@@H]2[C@@]1(C)O", "smiles_split": ["C[C@@H]1CC[C@@]2(C(=O)O)CC[C@]3(C)C(=CC[C@@H]4[C@]3(C)CC[C@@H]3[C@]4(C)C[C@H](O)[C@H](O)[C@@]3(C)CO)[C@@H]2[C@@]1(C)O"], "mapped_smiles": "[CH3:1][C@@H:2]1[CH2:3][CH2:4][C@@:5]2([C:6](=[O:7])[OH:8])[CH2:9][CH2:10][C@:11]3([CH3:12])[C:13](=[CH:14][CH2:15][C@@H:16]4[C@:17]3([CH3:18])[CH2:19][CH2:20][C@H:21]3[C@:22]([CH3:23])([CH2:24][OH:25])[C@@H:27]([OH:28])[C@@H:29]([OH:30])[CH2:31][C@:32]43[CH3:33])[C@@H:34]2[C@@:35]1([CH3:36])[OH:37]", "reacting_atoms": [24, 25], "template_id": "4c59603d7f0119a8d94c5c6c1844ed6f", "template_set": ["bkms", "bkms"], "num_examples": 27, "necessary_reagent": "[O]", "template_score": 0.06167604774236679, "rms_molwt": -504.3450892559999, "num_rings": -5, "plausibility": 1, "tforms": ["4c59603d7f0119a8d94c5c6c1844ed6f", "57d5ceca0661c2bb946aa826fd543e23"], "rank": 6, "score": -13839.643404502249}, {"smiles": "C[C@@H]1CC[C@@]2(CO)CC[C@]3(C)C(=CC[C@@H]4[C@]3(C)CC[C@H]3[C@](C)(C(=O)O)[C@@H](O)[C@@H](O)C[C@]43C)[C@@H]2[C@@]1(C)O", "smiles_split": ["C[C@@H]1CC[C@@]2(CO)CC[C@]3(C)C(=CC[C@@H]4[C@]3(C)CC[C@H]3[C@](C)(C(=O)O)[C@@H](O)[C@@H](O)C[C@]43C)[C@@H]2[C@@]1(C)O"], "mapped_smiles": "[CH3:1][C@@H:2]1[CH2:3][CH2:4][C@@:5]2([CH2:6][OH:7])[CH2:9][CH2:10][C@:11]3([CH3:12])[C:13](=[CH:14][CH2:15][C@@H:16]4[C@:17]3([CH3:18])[CH2:19][CH2:20][C@H:21]3[C@:22]([CH3:23])([C:24](=[O:25])[OH:26])[C@@H:27]([OH:28])[C@@H:29]([OH:30])[CH2:31][C@:32]43[CH3:33])[C@@H:34]2[C@@:35]1([CH3:36])[OH:37]", "reacting_atoms": [5, 6, 7], "template_id": "4c59603d7f0119a8d94c5c6c1844ed6f", "template_set": ["bkms", "bkms"], "num_examples": 27, "necessary_reagent": "[O]", "template_score": 0.06167604774236679, "rms_molwt": -504.3450892559999, "num_rings": -5, "plausibility": 1, "tforms": ["4c59603d7f0119a8d94c5c6c1844ed6f", "57d5ceca0661c2bb946aa826fd543e23"], "rank": 7, "score": -13839.643404502249}, {"smiles": "C[C@@H]1CC[C@@]2(C(=O)O)CC[C@]3(C)C(=CC[C@@H]4[C@]3(C)CC[C@H]3[C@](C)(C(=O)O)[C@@H](O)CC[C@]43C)[C@@H]2[C@@]1(C)O", "smiles_split": ["C[C@@H]1CC[C@@]2(C(=O)O)CC[C@]3(C)C(=CC[C@@H]4[C@]3(C)CC[C@H]3[C@](C)(C(=O)O)[C@@H](O)CC[C@]43C)[C@@H]2[C@@]1(C)O"], "mapped_smiles": "[CH3:1][C@@H:2]1[CH2:3][CH2:4][C@@:5]2([C:6](=[O:7])[OH:8])[CH2:9][CH2:10][C@:11]3([CH3:12])[C:13](=[CH:14][CH2:15][C@@H:16]4[C@:17]3([CH3:18])[CH2:19][CH2:20][C@H:21]3[C@:22]([CH3:23])([C:24](=[O:25])[OH:26])[C@@H:27]([OH:28])[CH2:29][CH2:31][C@:32]43[CH3:33])[C@@H:34]2[C@@:35]1([CH3:36])[OH:37]", "reacting_atoms": [29], "template_id": "9f387abf2274fc73429ecccd1b168e7b", "template_set": ["bkms", "bkms"], "num_examples": 110, "necessary_reagent": "[O]", "template_score": 0.02285957522690296, "rms_molwt": -502.3294391919999, "num_rings": -5, "plausibility": 1, "tforms": ["9f387abf2274fc73429ecccd1b168e7b", "a034de99c75fe18016182f108d443d26"], "rank": 8, "score": -35327.625265888346}, {"smiles": "C[C@@H]1CC[C@@]2(C(N)=O)CC[C@]3(C)C(=CC[C@@H]4[C@]3(C)CC[C@H]3[C@](C)(C(=O)O)[C@@H](O)[C@@H](O)C[C@]43C)[C@@H]2[C@@]1(C)O", "smiles_split": ["C[C@@H]1CC[C@@]2(C(N)=O)CC[C@]3(C)C(=CC[C@@H]4[C@]3(C)CC[C@H]3[C@](C)(C(=O)O)[C@@H](O)[C@@H](O)C[C@]43C)[C@@H]2[C@@]1(C)O"], "mapped_smiles": "[CH3:1][C@@H:2]1[CH2:3][CH2:4][C@@:5]2([C:6](=[O:7])[NH2:900])[CH2:9][CH2:10][C@:11]3([CH3:12])[C:13](=[CH:14][CH2:15][C@@H:16]4[C@:17]3([CH3:18])[CH2:19][CH2:20][C@H:21]3[C@:22]([CH3:23])([C:24](=[O:25])[OH:26])[C@@H:27]([OH:28])[C@@H:29]([OH:30])[CH2:31][C@:32]43[CH3:33])[C@@H:34]2[C@@:35]1([CH3:36])[OH:37]", "reacting_atoms": [6, 5], "template_id": "7f976c19a733cebd505e5ebc06f4a905", "template_set": ["bkms"], "num_examples": 31, "necessary_reagent": "[O]", "template_score": 0.008364604786038399, "rms_molwt": -517.3403382239999, "num_rings": -5, "plausibility": 1, "tforms": ["7f976c19a733cebd505e5ebc06f4a905"], "rank": 9, "score": -104212.80585192241}, {"smiles": "C[C@@H]1CC[C@@]2(C(=O)O)CC[C@]3(C)C(=CC[C@@H]4[C@]3(C)CC[C@H]3[C@](C)(C(N)=O)[C@@H](O)[C@@H](O)C[C@]43C)[C@@H]2[C@@]1(C)O", "smiles_split": ["C[C@@H]1CC[C@@]2(C(=O)O)CC[C@]3(C)C(=CC[C@@H]4[C@]3(C)CC[C@H]3[C@](C)(C(N)=O)[C@@H](O)[C@@H](O)C[C@]43C)[C@@H]2[C@@]1(C)O"], "mapped_smiles": "[CH3:1][C@@H:2]1[CH2:3][CH2:4][C@@:5]2([C:6](=[O:7])[OH:8])[CH2:9][CH2:10][C@:11]3([CH3:12])[C:13](=[CH:14][CH2:15][C@@H:16]4[C@:17]3([CH3:18])[CH2:19][CH2:20][C@H:21]3[C@:22]([CH3:23])([C:24](=[O:25])[NH2:900])[C@@H:27]([OH:28])[C@@H:29]([OH:30])[CH2:31][C@:32]43[CH3:33])[C@@H:34]2[C@@:35]1([CH3:36])[OH:37]", "reacting_atoms": [24], "template_id": "7f976c19a733cebd505e5ebc06f4a905", "template_set": ["bkms"], "num_examples": 31, "necessary_reagent": "[O]", "template_score": 0.008364604786038399, "rms_molwt": -517.3403382239999, "num_rings": -5, "plausibility": 1, "tforms": ["7f976c19a733cebd505e5ebc06f4a905"], "rank": 10, "score": -104212.80585192241}, {"smiles": "C[C@@H]1CC[C@@]2(C(=O)SCCNC(=O)CCNC(=O)[C@H](O)C(C)(C)COP(=O)(O)OP(=O)(O)OC[C@H]3O[C@@H](n4cnc5c(N)ncnc54)[C@H](O)[C@@H]3OP(=O)(O)O)CC[C@]3(C)C(=CC[C@@H]4[C@]3(C)CC[C@H]3[C@](C)(C(=O)O)[C@@H](O)[C@@H](O)C[C@]43C)[C@@H]2[C@@]1(C)O", "smiles_split": ["C[C@@H]1CC[C@@]2(C(=O)SCCNC(=O)CCNC(=O)[C@H](O)C(C)(C)COP(=O)(O)OP(=O)(O)OC[C@H]3O[C@@H](n4cnc5c(N)ncnc54)[C@H](O)[C@@H]3OP(=O)(O)O)CC[C@]3(C)C(=CC[C@@H]4[C@]3(C)CC[C@H]3[C@](C)(C(=O)O)[C@@H](O)[C@@H](O)C[C@]43C)[C@@H]2[C@@]1(C)O"], "mapped_smiles": "[CH3:1][C@@H:2]1[CH2:3][CH2:4][C@@:5]2([C:6](=[O:7])[S:947][CH2:946][CH2:945][NH:944][C:942]([CH2:941][CH2:940][NH:939][C:937]([C@@H:935]([C:901]([CH3:900])([CH3:902])[CH2:903][O:904][P:905]([OH:906])(=[O:907])[O:908][P:909]([OH:910])(=[O:911])[O:912][CH2:913][C@H:914]3[O:915][C@@H:916]([n:917]4[cH:918][n:919][c:920]5[c:921]([NH2:922])[n:923][cH:924][n:925][c:926]45)[C@H:927]([OH:928])[C@@H:929]3[O:930][P:931]([OH:932])([OH:933])=[O:934])[OH:936])=[O:938])=[O:943])[CH2:9][CH2:10][C@:11]3([CH3:12])[C:13](=[CH:14][CH2:15][C@@H:16]4[C@:17]3([CH3:18])[CH2:19][CH2:20][C@H:21]3[C@:22]([CH3:23])([C:24](=[O:25])[OH:26])[C@@H:27]([OH:28])[C@@H:29]([OH:30])[CH2:31][C@:32]43[CH3:33])[C@@H:34]2[C@@:35]1([CH3:36])[OH:37]", "reacting_atoms": [6, 5], "template_id": "b351fdcd4a380a8cdd48b391241915b9", "template_set": ["bkms"], "num_examples": 35, "necessary_reagent": "[O]", "template_score": 0.02012460120022297, "rms_molwt": -1267.4289980899996, "num_rings": -8, "plausibility": 1, "tforms": ["b351fdcd4a380a8cdd48b391241915b9"], "rank": 11, "score": -113857.96448614873}, {"smiles": "C[C@@H]1CC[C@@]2(C(=O)O)CC[C@]3(C)C(=CC[C@@H]4[C@]3(C)CC[C@H]3[C@](C)(C(=O)SCCNC(=O)CCNC(=O)[C@H](O)C(C)(C)COP(=O)(O)OP(=O)(O)OC[C@H]5O[C@@H](n6cnc7c(N)ncnc76)[C@H](O)[C@@H]5OP(=O)(O)O)[C@@H](O)[C@@H](O)C[C@]43C)[C@@H]2[C@@]1(C)O", "smiles_split": ["C[C@@H]1CC[C@@]2(C(=O)O)CC[C@]3(C)C(=CC[C@@H]4[C@]3(C)CC[C@H]3[C@](C)(C(=O)SCCNC(=O)CCNC(=O)[C@H](O)C(C)(C)COP(=O)(O)OP(=O)(O)OC[C@H]5O[C@@H](n6cnc7c(N)ncnc76)[C@H](O)[C@@H]5OP(=O)(O)O)[C@@H](O)[C@@H](O)C[C@]43C)[C@@H]2[C@@]1(C)O"], "mapped_smiles": "[CH3:1][C@@H:2]1[CH2:3][CH2:4][C@@:5]2([C:6](=[O:7])[OH:8])[CH2:9][CH2:10][C@:11]3([CH3:12])[C:13](=[CH:14][CH2:15][C@@H:16]4[C@:17]3([CH3:18])[CH2:19][CH2:20][C@H:21]3[C@:22]([CH3:23])([C:24](=[O:25])[S:947][CH2:946][CH2:945][NH:944][C:942]([CH2:941][CH2:940][NH:939][C:937]([C@@H:935]([C:901]([CH3:900])([CH3:902])[CH2:903][O:904][P:905]([OH:906])(=[O:907])[O:908][P:909]([OH:910])(=[O:911])[O:912][CH2:913][C@H:914]5[O:915][C@@H:916]([n:917]6[cH:918][n:919][c:920]7[c:921]([NH2:922])[n:923][cH:924][n:925][c:926]67)[C@H:927]([OH:928])[C@@H:929]5[O:930][P:931]([OH:932])([OH:933])=[O:934])[OH:936])=[O:938])=[O:943])[C@@H:27]([OH:28])[C@@H:29]([OH:30])[CH2:31][C@:32]43[CH3:33])[C@@H:34]2[C@@:35]1([CH3:36])[OH:37]", "reacting_atoms": [24], "template_id": "b351fdcd4a380a8cdd48b391241915b9", "template_set": ["bkms"], "num_examples": 35, "necessary_reagent": "[O]", "template_score": 0.02012460120022297, "rms_molwt": -1267.4289980899998, "num_rings": -8, "plausibility": 1, "tforms": ["b351fdcd4a380a8cdd48b391241915b9"], "rank": 12, "score": -113857.96448614873}, {"smiles": "C[C@@H]1CC[C@@]2(C(=O)O)CC[C@]3(C)C(=CC[C@@H]4[C@]3(C)CC[C@@H]3[C@]4(C)C[C@H](O)[C@H](O)[C@@]3(C)C#N)[C@@H]2[C@@]1(C)O", "smiles_split": ["C[C@@H]1CC[C@@]2(C(=O)O)CC[C@]3(C)C(=CC[C@@H]4[C@]3(C)CC[C@@H]3[C@]4(C)C[C@H](O)[C@H](O)[C@@]3(C)C#N)[C@@H]2[C@@]1(C)O"], "mapped_smiles": "[CH3:1][C@@H:2]1[CH2:3][CH2:4][C@@:5]2([C:6](=[O:7])[OH:8])[CH2:9][CH2:10][C@:11]3([CH3:12])[C:13](=[CH:14][CH2:15][C@@H:16]4[C@:17]3([CH3:18])[CH2:19][CH2:20][C@H:21]3[C@:22]([CH3:23])([C:24]#[N:900])[C@@H:27]([OH:28])[C@@H:29]([OH:30])[CH2:31][C@:32]43[CH3:33])[C@@H:34]2[C@@:35]1([CH3:36])[OH:37]", "reacting_atoms": [24], "template_id": "1c2adc62ec6fe83f25b06126207409e3", "template_set": ["bkms"], "num_examples": 10, "necessary_reagent": "[O]", "template_score": 0.005431109108030796, "rms_molwt": -499.32977353999996, "num_rings": -5, "plausibility": 1, "tforms": ["1c2adc62ec6fe83f25b06126207409e3"], "rank": 13, "score": -157163.9402514048}, {"smiles": "C[C@@H]1CC[C@@]2(C#N)CC[C@]3(C)C(=CC[C@@H]4[C@]3(C)CC[C@H]3[C@](C)(C(=O)O)[C@@H](O)[C@@H](O)C[C@]43C)[C@@H]2[C@@]1(C)O", "smiles_split": ["C[C@@H]1CC[C@@]2(C#N)CC[C@]3(C)C(=CC[C@@H]4[C@]3(C)CC[C@H]3[C@](C)(C(=O)O)[C@@H](O)[C@@H](O)C[C@]43C)[C@@H]2[C@@]1(C)O"], "mapped_smiles": "[CH3:1][C@@H:2]1[CH2:3][CH2:4][C@@:5]2([C:6]#[N:900])[CH2:9][CH2:10][C@:11]3([CH3:12])[C:13](=[CH:14][CH2:15][C@@H:16]4[C@:17]3([CH3:18])[CH2:19][CH2:20][C@H:21]3[C@:22]([CH3:23])([C:24](=[O:25])[OH:26])[C@@H:27]([OH:28])[C@@H:29]([OH:30])[CH2:31][C@:32]43[CH3:33])[C@@H:34]2[C@@:35]1([CH3:36])[OH:37]", "reacting_atoms": [6, 5], "template_id": "1c2adc62ec6fe83f25b06126207409e3", "template_set": ["bkms"], "num_examples": 10, "necessary_reagent": "[O]", "template_score": 0.005431109108030796, "rms_molwt": -499.32977353999985, "num_rings": -5, "plausibility": 1, "tforms": ["1c2adc62ec6fe83f25b06126207409e3"], "rank": 14, "score": -157163.9402514048}, {"smiles": "C[C@@H]1CC[C@@]2(C(=O)O)CC[C@]3(CO)C(=CC[C@@H]4[C@]3(C)CC[C@H]3[C@](C)(C(=O)O)[C@@H](O)[C@@H](O)C[C@]43C)[C@@H]2[C@@]1(C)O", "smiles_split": ["C[C@@H]1CC[C@@]2(C(=O)O)CC[C@]3(CO)C(=CC[C@@H]4[C@]3(C)CC[C@H]3[C@](C)(C(=O)O)[C@@H](O)[C@@H](O)C[C@]43C)[C@@H]2[C@@]1(C)O"], "mapped_smiles": "[CH3:1][C@@H:2]1[CH2:3][CH2:4][C@@:5]2([C:6](=[O:7])[OH:8])[CH2:9][CH2:10][C@:11]3([CH2:12][OH:900])[C:13](=[CH:14][CH2:15][C@@H:16]4[C@:17]3([CH3:18])[CH2:19][CH2:20][C@H:21]3[C@:22]([CH3:23])([C:24](=[O:25])[OH:26])[C@@H:27]([OH:28])[C@@H:29]([OH:30])[CH2:31][C@:32]43[CH3:33])[C@@H:34]2[C@@:35]1([CH3:36])[OH:37]", "reacting_atoms": [12, 11], "template_id": "c4db9adeb4ad4c2bdb38e6a73be29f53", "template_set": ["bkms"], "num_examples": 14, "necessary_reagent": "", "template_score": 0.0048889052122831345, "rms_molwt": -534.3192684319998, "num_rings": -5, "plausibility": 1, "tforms": ["c4db9adeb4ad4c2bdb38e6a73be29f53"], "rank": 15, "score": -181854.6142693276}]}