{"smiles": "CC(C)C[C@H](CC(=O)NO)C(=O)N[C@@H](Cc1ccc2ccccc2c1)C(=O)N[C@@H](C)C(N)=O", "sfscore": [0.5872074365615845, 0.4100281596183777], "chem_result": [{"smiles": "CC(C)C[C@H](CC(=O)NO)C(=O)N[C@@H](Cc1ccc2ccccc2c1)C(=O)N[C@@H](C)C(N)=O", "bw_confidence": 0.23998748843916898, "confidence": 0.952865086278075, "rclass": "6 6.3 6.3.1", "children": [{"smiles": "CC(C)C[C@H](CC(=O)NOCc1ccccc1)C(=O)N[C@@H](Cc1ccc2ccccc2c1)C(=O)N[C@@H](C)C(N)=O"}, {"smiles": "CO"}, {"smiles": "[Pd]"}]}, {"smiles": "CC(C)C[C@H](CC(=O)NO)C(=O)N[C@@H](Cc1ccc2ccccc2c1)C(=O)N[C@@H](C)C(N)=O", "bw_confidence": 0.03306504386555211, "confidence": 0.803132454685216, "rclass": "2 2.1 2.1.2", "children": [{"smiles": "CC(C)C[C@H](CC(=O)O)C(=O)N[C@@H](Cc1ccc2ccccc2c1)C(=O)N[C@@H](C)C(N)=O"}, {"smiles": "NO"}]}, {"smiles": "CC(C)C[C@H](CC(=O)NO)C(=O)N[C@@H](Cc1ccc2ccccc2c1)C(=O)N[C@@H](C)C(N)=O", "bw_confidence": 0.03081015027398721, "confidence": 0.5699682858052932, "rclass": "2 2.1 2.1.2", "children": [{"smiles": "CC(C)C[C@H](CC(=O)NO)C(=O)N[C@@H](Cc1ccc2ccccc2c1)C(=O)O"}, {"smiles": "C[C@H](N)C(N)=O"}]}, {"smiles": "CC(C)C[C@H](CC(=O)NO)C(=O)N[C@@H](Cc1ccc2ccccc2c1)C(=O)N[C@@H](C)C(N)=O", "bw_confidence": 0.030242335258823746, "confidence": 0.8315839821070853, "rclass": "7 7.6 7.6.1", "children": [{"smiles": "CC(C)=C[C@H](CC(=O)NO)C(=O)N[C@@H](Cc1ccc2ccccc2c1)C(=O)N[C@@H](C)C(N)=O"}, {"smiles": "CO"}, {"smiles": "[Pd]"}]}, {"smiles": "CC(C)C[C@H](CC(=O)NO)C(=O)N[C@@H](Cc1ccc2ccccc2c1)C(=O)N[C@@H](C)C(N)=O", "bw_confidence": 0.006849261486344316, "confidence": 0.8588624325180167, "rclass": "6 6.1 6.1.1", "children": [{"smiles": "CC(C)C[C@H](CC(=O)NO)C(=O)N[C@@H](Cc1ccc2ccccc2c1)C(=O)N[C@@H](C)C(=O)NC(=O)OC(C)(C)C"}, {"smiles": "ClCCl"}, {"smiles": "O=C(O)C(F)(F)F"}]}, {"smiles": "CC(C)C[C@H](CC(=O)NO)C(=O)N[C@@H](Cc1ccc2ccccc2c1)C(=O)N[C@@H](C)C(N)=O", "bw_confidence": 0.004751394743518781, "confidence": 0.31964320227449594, "rclass": "0 0 0", "children": [{"smiles": "CC(C)C[C@H](CC(=O)O)C(=O)N[C@@H](Cc1ccc2ccccc2c1)C(=O)N[C@@H](C)C(N)=O"}, {"smiles": "CCN(C(C)C)C(C)C"}, {"smiles": "CN(C)C(On1nnc2cccnc21)=[N+](C)C~F[P-](F)(F)(F)(F)F"}, {"smiles": "CN(C)C=O"}]}, {"smiles": "CC(C)C[C@H](CC(=O)NO)C(=O)N[C@@H](Cc1ccc2ccccc2c1)C(=O)N[C@@H](C)C(N)=O", "bw_confidence": 0.0035697247719540808, "confidence": 0.5783687115046514, "rclass": "11 11.9 11.9", "children": [{"smiles": "CC(C)C[C@H](CC(=O)NO)C(=O)N[C@@H](Cc1ccc2ccccc2c1)C(=O)N[C@@H](C)C(N)=O~O=C(O)C(F)(F)F"}, {"smiles": "ClCCl"}]}, {"smiles": "CC(C)C[C@H](CC(=O)NO)C(=O)N[C@@H](Cc1ccc2ccccc2c1)C(=O)N[C@@H](C)C(N)=O", "bw_confidence": 0.001954782492286197, "confidence": 0.4011375724239634, "rclass": "8 8.8 8.8.11", "children": [{"smiles": "CC(C)C[C@H](CC(N)=O)C(=O)N[C@@H](Cc1ccc2ccccc2c1)C(=O)N[C@@H](C)C(N)=O"}, {"smiles": "CC(C)C[C@H](CC(N)=O)C(=O)N[C@@H](Cc1ccc2ccccc2c1)C(=O)N[C@@H](C)C(N)=O"}]}, {"smiles": "CC(C)C[C@H](CC(=O)NO)C(=O)N[C@@H](Cc1ccc2ccccc2c1)C(=O)N[C@@H](C)C(N)=O", "bw_confidence": 0.0006137003838232532, "confidence": 0.904564552582233, "rclass": "2 2.1 2.1.2", "children": [{"smiles": "CC(C)C[C@H](CC(=O)O)C(=O)N[C@@H](Cc1ccc2ccccc2c1)C(=O)N[C@@H](C)C(N)=O"}, {"smiles": "CN(C)C=O"}, {"smiles": "CN1CCOCC1"}, {"smiles": "ClCCCl"}, {"smiles": "ON~Cl"}, {"smiles": "On1nnc2ccccc21"}]}], "chem_bw_confidence_list": [0.23998748843916898, 0.03306504386555211, 0.03081015027398721, 0.030242335258823746, 0.006849261486344316, 0.004751394743518781, 0.0035697247719540808, 0.001954782492286197, 0.0006137003838232532], "enzy_template_score_list": [0.3461848497390747, 0.08618113398551941, 0.08618113398551941, 0.08618113398551941, 0.08618113398551941, 0.08618113398551941, 0.07984275370836258, 0.07984275370836258, 0.07984275370836258, 0.07984275370836258, 0.07208363711833954, 0.07208363711833954, 0.07208363711833954, 0.07208363711833954, 0.07208363711833954], "enzy_result": [{"smiles": "CC(C)C[C@H](CC(=O)NO)C(=O)N[C@@H](Cc1ccc2ccccc2c1)C(=O)N[C@@H](C)C#N", "smiles_split": ["CC(C)C[C@H](CC(=O)NO)C(=O)N[C@@H](Cc1ccc2ccccc2c1)C(=O)N[C@@H](C)C#N"], "mapped_smiles": "[CH3:1][CH:2]([CH3:3])[CH2:4][C@H:5]([CH2:6][C:7](=[O:8])[NH:9][OH:10])[C:11](=[O:12])[NH:13][C@@H:14]([CH2:15][c:16]1[cH:17][cH:18][c:19]2[cH:20][cH:21][cH:22][cH:23][c:24]2[cH:25]1)[C:26](=[O:27])[NH:28][C@@H:29]([CH3:30])[C:31]#[N:32]", "reacting_atoms": [31, 32], "template_id": "3ddf75d3cf5e51694161c04b78f6681f", "template_set": ["bkms"], "num_examples": 9, "necessary_reagent": "[O]", "template_score": 0.3461848497390747, "rms_molwt": -438.22670544000005, "num_rings": -2, "plausibility": 1, "tforms": ["3ddf75d3cf5e51694161c04b78f6681f"], "rank": 1, "score": -1100.679802292641}, {"smiles": "CCc1cccc2ccc(C[C@H](NC(=O)[C@@H](CC(=O)NO)CC(C)C)C(=O)N[C@@H](C)C(N)=O)c(CC)c12", "smiles_split": ["CCc1cccc2ccc(C[C@H](NC(=O)[C@@H](CC(=O)NO)CC(C)C)C(=O)N[C@@H](C)C(N)=O)c(CC)c12"], "mapped_smiles": "[CH3:1][CH:2]([CH3:3])[CH2:4][C@H:5]([CH2:6][C:7](=[O:8])[NH:9][OH:10])[C:11](=[O:12])[NH:13][C@@H:14]([CH2:15][c:16]1[cH:17][cH:18][c:19]2[cH:20][cH:21][cH:22][c:23]([CH2:901][CH3:900])[c:24]2[c:25]1[CH2:902][CH3:903])[C:26](=[O:27])[NH:28][C@@H:29]([CH3:30])[C:31]([NH2:32])=[O:33]", "reacting_atoms": [23, 25], "template_id": "df3970a910bb475d030f75cb14f2a30c", "template_set": ["bkms"], "num_examples": 1, "necessary_reagent": "", "template_score": 0.08618113398551941, "rms_molwt": -512.29987038, "num_rings": -2, "plausibility": 1, "tforms": ["df3970a910bb475d030f75cb14f2a30c"], "rank": 2, "score": -5431.866646367463}, {"smiles": "CCc1cc(CC)c2cc(C[C@H](NC(=O)[C@@H](CC(=O)NO)CC(C)C)C(=O)N[C@@H](C)C(N)=O)ccc2c1", "smiles_split": ["CCc1cc(CC)c2cc(C[C@H](NC(=O)[C@@H](CC(=O)NO)CC(C)C)C(=O)N[C@@H](C)C(N)=O)ccc2c1"], "mapped_smiles": "[CH3:1][CH:2]([CH3:3])[CH2:4][C@H:5]([CH2:6][C:7](=[O:8])[NH:9][OH:10])[C:11](=[O:12])[NH:13][C@@H:14]([CH2:15][c:16]1[cH:17][cH:18][c:19]2[cH:20][c:21]([CH2:902][CH3:903])[cH:22][c:23]([CH2:901][CH3:900])[c:24]2[cH:25]1)[C:26](=[O:27])[NH:28][C@@H:29]([CH3:30])[C:31]([NH2:32])=[O:33]", "reacting_atoms": [23, 21], "template_id": "df3970a910bb475d030f75cb14f2a30c", "template_set": ["bkms"], "num_examples": 1, "necessary_reagent": "", "template_score": 0.08618113398551941, "rms_molwt": -512.29987038, "num_rings": -2, "plausibility": 1, "tforms": ["df3970a910bb475d030f75cb14f2a30c"], "rank": 3, "score": -5431.866646367463}, {"smiles": "CCc1cc2ccccc2c(CC)c1C[C@H](NC(=O)[C@@H](CC(=O)NO)CC(C)C)C(=O)N[C@@H](C)C(N)=O", "smiles_split": ["CCc1cc2ccccc2c(CC)c1C[C@H](NC(=O)[C@@H](CC(=O)NO)CC(C)C)C(=O)N[C@@H](C)C(N)=O"], "mapped_smiles": "[CH3:1][CH:2]([CH3:3])[CH2:4][C@H:5]([CH2:6][C:7](=[O:8])[NH:9][OH:10])[C:11](=[O:12])[NH:13][C@@H:14]([CH2:15][c:16]1[c:17]([CH2:902][CH3:903])[cH:18][c:19]2[cH:20][cH:21][cH:22][cH:23][c:24]2[c:25]1[CH2:901][CH3:900])[C:26](=[O:27])[NH:28][C@@H:29]([CH3:30])[C:31]([NH2:32])=[O:33]", "reacting_atoms": [25, 17], "template_id": "df3970a910bb475d030f75cb14f2a30c", "template_set": ["bkms"], "num_examples": 1, "necessary_reagent": "", "template_score": 0.08618113398551941, "rms_molwt": -512.29987038, "num_rings": -2, "plausibility": 1, "tforms": ["df3970a910bb475d030f75cb14f2a30c"], "rank": 4, "score": -5431.866646367463}, {"smiles": "CCc1cc(CC)c2ccc(C[C@H](NC(=O)[C@@H](CC(=O)NO)CC(C)C)C(=O)N[C@@H](C)C(N)=O)cc2c1", "smiles_split": ["CCc1cc(CC)c2ccc(C[C@H](NC(=O)[C@@H](CC(=O)NO)CC(C)C)C(=O)N[C@@H](C)C(N)=O)cc2c1"], "mapped_smiles": "[CH3:1][CH:2]([CH3:3])[CH2:4][C@H:5]([CH2:6][C:7](=[O:8])[NH:9][OH:10])[C:11](=[O:12])[NH:13][C@@H:14]([CH2:15][c:16]1[cH:17][cH:18][c:19]2[c:20]([CH2:902][CH3:903])[cH:21][c:22]([CH2:901][CH3:900])[cH:23][c:24]2[cH:25]1)[C:26](=[O:27])[NH:28][C@@H:29]([CH3:30])[C:31]([NH2:32])=[O:33]", "reacting_atoms": [22, 20], "template_id": "df3970a910bb475d030f75cb14f2a30c", "template_set": ["bkms"], "num_examples": 1, "necessary_reagent": "", "template_score": 0.08618113398551941, "rms_molwt": -512.29987038, "num_rings": -2, "plausibility": 1, "tforms": ["df3970a910bb475d030f75cb14f2a30c"], "rank": 5, "score": -5431.866646367463}, {"smiles": "CCc1cccc2cc(C[C@H](NC(=O)[C@@H](CC(=O)NO)CC(C)C)C(=O)N[C@@H](C)C(N)=O)cc(CC)c12", "smiles_split": ["CCc1cccc2cc(C[C@H](NC(=O)[C@@H](CC(=O)NO)CC(C)C)C(=O)N[C@@H](C)C(N)=O)cc(CC)c12"], "mapped_smiles": "[CH3:1][CH:2]([CH3:3])[CH2:4][C@H:5]([CH2:6][C:7](=[O:8])[NH:9][OH:10])[C:11](=[O:12])[NH:13][C@@H:14]([CH2:15][c:16]1[cH:17][c:18]([CH2:902][CH3:903])[c:19]2[c:20]([CH2:901][CH3:900])[cH:21][cH:22][cH:23][c:24]2[cH:25]1)[C:26](=[O:27])[NH:28][C@@H:29]([CH3:30])[C:31]([NH2:32])=[O:33]", "reacting_atoms": [20, 18], "template_id": "df3970a910bb475d030f75cb14f2a30c", "template_set": ["bkms"], "num_examples": 1, "necessary_reagent": "", "template_score": 0.08618113398551941, "rms_molwt": -512.29987038, "num_rings": -2, "plausibility": 1, "tforms": ["df3970a910bb475d030f75cb14f2a30c"], "rank": 6, "score": -5431.866646367463}, {"smiles": "CC(C)C[C@H](CC(=O)NO)C(=O)N[C@@H](Cc1ccc2ccccc2c1)C(=O)N[C@@H](C)C1(N)OOC1=O", "smiles_split": ["CC(C)C[C@H](CC(=O)NO)C(=O)N[C@@H](Cc1ccc2ccccc2c1)C(=O)N[C@@H](C)C1(N)OOC1=O"], "mapped_smiles": "[CH3:1][CH:2]([CH3:3])[CH2:4][C@H:5]([CH2:6][C:7](=[O:8])[NH:9][OH:10])[C:11](=[O:12])[NH:13][C@@H:14]([CH2:15][c:16]1[cH:17][cH:18][c:19]2[cH:20][cH:21][cH:22][cH:23][c:24]2[cH:25]1)[C:26](=[O:27])[NH:28][C@@H:29]([CH3:30])[C:31]1([NH2:32])[O:33][O:902][C:901]1=[O:900]", "reacting_atoms": [33, 31], "template_id": "ac1473f907190a5e32ebdd1e1b892dd1", "template_set": ["bkms"], "num_examples": 2, "necessary_reagent": "", "template_score": 0.07984275370836258, "rms_molwt": -500.22709936399997, "num_rings": -3, "plausibility": 1, "tforms": ["ac1473f907190a5e32ebdd1e1b892dd1"], "rank": 7, "score": -5736.2750998407755}, {"smiles": "CC(C)C[C@H](CC1(NO)OOC1=O)C(=O)N[C@@H](Cc1ccc2ccccc2c1)C(=O)N[C@@H](C)C(N)=O", "smiles_split": ["CC(C)C[C@H](CC1(NO)OOC1=O)C(=O)N[C@@H](Cc1ccc2ccccc2c1)C(=O)N[C@@H](C)C(N)=O"], "mapped_smiles": "[CH3:1][CH:2]([CH3:3])[CH2:4][C@H:5]([CH2:6][C:7]1([NH:9][OH:10])[O:8][O:902][C:901]1=[O:900])[C:11](=[O:12])[NH:13][C@@H:14]([CH2:15][c:16]1[cH:17][cH:18][c:19]2[cH:20][cH:21][cH:22][cH:23][c:24]2[cH:25]1)[C:26](=[O:27])[NH:28][C@@H:29]([CH3:30])[C:31]([NH2:32])=[O:33]", "reacting_atoms": [8, 7], "template_id": "ac1473f907190a5e32ebdd1e1b892dd1", "template_set": ["bkms"], "num_examples": 2, "necessary_reagent": "", "template_score": 0.07984275370836258, "rms_molwt": -500.22709936399997, "num_rings": -3, "plausibility": 1, "tforms": ["ac1473f907190a5e32ebdd1e1b892dd1"], "rank": 8, "score": -5736.2750998407755}, {"smiles": "CC(C)C[C@H](CC(=O)NO)C(=O)N[C@@H](Cc1ccc2ccccc2c1)C1(N[C@@H](C)C(N)=O)OOC1=O", "smiles_split": ["CC(C)C[C@H](CC(=O)NO)C(=O)N[C@@H](Cc1ccc2ccccc2c1)C1(N[C@@H](C)C(N)=O)OOC1=O"], "mapped_smiles": "[CH3:1][CH:2]([CH3:3])[CH2:4][C@H:5]([CH2:6][C:7](=[O:8])[NH:9][OH:10])[C:11](=[O:12])[NH:13][C@@H:14]([CH2:15][c:16]1[cH:17][cH:18][c:19]2[cH:20][cH:21][cH:22][cH:23][c:24]2[cH:25]1)[C:26]1([NH:28][C@@H:29]([CH3:30])[C:31]([NH2:32])=[O:33])[O:27][O:902][C:901]1=[O:900]", "reacting_atoms": [27, 26], "template_id": "ac1473f907190a5e32ebdd1e1b892dd1", "template_set": ["bkms"], "num_examples": 2, "necessary_reagent": "", "template_score": 0.07984275370836258, "rms_molwt": -500.22709936399997, "num_rings": -3, "plausibility": 1, "tforms": ["ac1473f907190a5e32ebdd1e1b892dd1"], "rank": 9, "score": -5736.2750998407755}, {"smiles": "CC(C)C[C@H](CC(=O)NO)C1(N[C@@H](Cc2ccc3ccccc3c2)C(=O)N[C@@H](C)C(N)=O)OOC1=O", "smiles_split": ["CC(C)C[C@H](CC(=O)NO)C1(N[C@@H](Cc2ccc3ccccc3c2)C(=O)N[C@@H](C)C(N)=O)OOC1=O"], "mapped_smiles": "[CH3:1][CH:2]([CH3:3])[CH2:4][C@H:5]([CH2:6][C:7](=[O:8])[NH:9][OH:10])[C:11]1([NH:13][C@@H:14]([CH2:15][c:16]2[cH:17][cH:18][c:19]3[cH:20][cH:21][cH:22][cH:23][c:24]3[cH:25]2)[C:26](=[O:27])[NH:28][C@@H:29]([CH3:30])[C:31]([NH2:32])=[O:33])[O:12][O:902][C:901]1=[O:900]", "reacting_atoms": [12, 11], "template_id": "ac1473f907190a5e32ebdd1e1b892dd1", "template_set": ["bkms"], "num_examples": 2, "necessary_reagent": "", "template_score": 0.07984275370836258, "rms_molwt": -500.2270993639999, "num_rings": -3, "plausibility": 1, "tforms": ["ac1473f907190a5e32ebdd1e1b892dd1"], "rank": 10, "score": -5736.2750998407755}, {"smiles": "CC(C)C[C@H](CC(=O)NO)C(=O)N[C@@H](Cc1cc(O)c2c(O)cccc2c1)C(=O)N[C@@H](C)C(N)=O", "smiles_split": ["CC(C)C[C@H](CC(=O)NO)C(=O)N[C@@H](Cc1cc(O)c2c(O)cccc2c1)C(=O)N[C@@H](C)C(N)=O"], "mapped_smiles": "[CH3:1][CH:2]([CH3:3])[CH2:4][C@H:5]([CH2:6][C:7](=[O:8])[NH:9][OH:10])[C:11](=[O:12])[NH:13][C@@H:14]([CH2:15][c:16]1[cH:17][c:18]([OH:901])[c:19]2[c:20]([OH:900])[cH:21][cH:22][cH:23][c:24]2[cH:25]1)[C:26](=[O:27])[NH:28][C@@H:29]([CH3:30])[C:31]([NH2:32])=[O:33]", "reacting_atoms": [20, 18], "template_id": "73d09a4a60edf230d6d5d6a545ec5635", "template_set": ["bkms"], "num_examples": 1, "necessary_reagent": "", "template_score": 0.07208363711833954, "rms_molwt": -488.22709936399997, "num_rings": -2, "plausibility": 1, "tforms": ["73d09a4a60edf230d6d5d6a545ec5635"], "rank": 11, "score": -5994.780536774991}, {"smiles": "CC(C)C[C@H](CC(=O)NO)C(=O)N[C@@H](Cc1ccc2c(O)cc(O)cc2c1)C(=O)N[C@@H](C)C(N)=O", "smiles_split": ["CC(C)C[C@H](CC(=O)NO)C(=O)N[C@@H](Cc1ccc2c(O)cc(O)cc2c1)C(=O)N[C@@H](C)C(N)=O"], "mapped_smiles": "[CH3:1][CH:2]([CH3:3])[CH2:4][C@H:5]([CH2:6][C:7](=[O:8])[NH:9][OH:10])[C:11](=[O:12])[NH:13][C@@H:14]([CH2:15][c:16]1[cH:17][cH:18][c:19]2[c:20]([OH:901])[cH:21][c:22]([OH:900])[cH:23][c:24]2[cH:25]1)[C:26](=[O:27])[NH:28][C@@H:29]([CH3:30])[C:31]([NH2:32])=[O:33]", "reacting_atoms": [22, 20], "template_id": "73d09a4a60edf230d6d5d6a545ec5635", "template_set": ["bkms"], "num_examples": 1, "necessary_reagent": "", "template_score": 0.07208363711833954, "rms_molwt": -488.22709936399997, "num_rings": -2, "plausibility": 1, "tforms": ["73d09a4a60edf230d6d5d6a545ec5635"], "rank": 12, "score": -5994.780536774991}, {"smiles": "CC(C)C[C@H](CC(=O)NO)C(=O)N[C@@H](Cc1c(O)cc2ccccc2c1O)C(=O)N[C@@H](C)C(N)=O", "smiles_split": ["CC(C)C[C@H](CC(=O)NO)C(=O)N[C@@H](Cc1c(O)cc2ccccc2c1O)C(=O)N[C@@H](C)C(N)=O"], "mapped_smiles": "[CH3:1][CH:2]([CH3:3])[CH2:4][C@H:5]([CH2:6][C:7](=[O:8])[NH:9][OH:10])[C:11](=[O:12])[NH:13][C@@H:14]([CH2:15][c:16]1[c:17]([OH:901])[cH:18][c:19]2[cH:20][cH:21][cH:22][cH:23][c:24]2[c:25]1[OH:900])[C:26](=[O:27])[NH:28][C@@H:29]([CH3:30])[C:31]([NH2:32])=[O:33]", "reacting_atoms": [25, 17], "template_id": "73d09a4a60edf230d6d5d6a545ec5635", "template_set": ["bkms"], "num_examples": 1, "necessary_reagent": "", "template_score": 0.07208363711833954, "rms_molwt": -488.22709936399997, "num_rings": -2, "plausibility": 1, "tforms": ["73d09a4a60edf230d6d5d6a545ec5635"], "rank": 13, "score": -5994.780536774991}, {"smiles": "CC(C)C[C@H](CC(=O)NO)C(=O)N[C@@H](Cc1ccc2cc(O)cc(O)c2c1)C(=O)N[C@@H](C)C(N)=O", "smiles_split": ["CC(C)C[C@H](CC(=O)NO)C(=O)N[C@@H](Cc1ccc2cc(O)cc(O)c2c1)C(=O)N[C@@H](C)C(N)=O"], "mapped_smiles": "[CH3:1][CH:2]([CH3:3])[CH2:4][C@H:5]([CH2:6][C:7](=[O:8])[NH:9][OH:10])[C:11](=[O:12])[NH:13][C@@H:14]([CH2:15][c:16]1[cH:17][cH:18][c:19]2[cH:20][c:21]([OH:901])[cH:22][c:23]([OH:900])[c:24]2[cH:25]1)[C:26](=[O:27])[NH:28][C@@H:29]([CH3:30])[C:31]([NH2:32])=[O:33]", "reacting_atoms": [23, 21], "template_id": "73d09a4a60edf230d6d5d6a545ec5635", "template_set": ["bkms"], "num_examples": 1, "necessary_reagent": "", "template_score": 0.07208363711833954, "rms_molwt": -488.22709936399997, "num_rings": -2, "plausibility": 1, "tforms": ["73d09a4a60edf230d6d5d6a545ec5635"], "rank": 14, "score": -5994.780536774991}, {"smiles": "CC(C)C[C@H](CC(=O)NO)C(=O)N[C@@H](Cc1ccc2cccc(O)c2c1O)C(=O)N[C@@H](C)C(N)=O", "smiles_split": ["CC(C)C[C@H](CC(=O)NO)C(=O)N[C@@H](Cc1ccc2cccc(O)c2c1O)C(=O)N[C@@H](C)C(N)=O"], "mapped_smiles": "[CH3:1][CH:2]([CH3:3])[CH2:4][C@H:5]([CH2:6][C:7](=[O:8])[NH:9][OH:10])[C:11](=[O:12])[NH:13][C@@H:14]([CH2:15][c:16]1[cH:17][cH:18][c:19]2[cH:20][cH:21][cH:22][c:23]([OH:900])[c:24]2[c:25]1[OH:901])[C:26](=[O:27])[NH:28][C@@H:29]([CH3:30])[C:31]([NH2:32])=[O:33]", "reacting_atoms": [23, 25], "template_id": "73d09a4a60edf230d6d5d6a545ec5635", "template_set": ["bkms"], "num_examples": 1, "necessary_reagent": "", "template_score": 0.07208363711833954, "rms_molwt": -488.22709936399997, "num_rings": -2, "plausibility": 1, "tforms": ["73d09a4a60edf230d6d5d6a545ec5635"], "rank": 15, "score": -5994.780536774991}]}