{"smiles": "CC[C@@H](C)[C@H](N)C(=O)NC(=O)CC[C@@H](N)C(=O)O", "sfscore": [0.43725961446762085, 0.6052015423774719], "chem_result": [{"smiles": "CC[C@@H](C)[C@H](N)C(=O)NC(=O)CC[C@@H](N)C(=O)O", "bw_confidence": 0.05528071616753322, "confidence": 0.8472160599588692, "rclass": "6 6.1 6.1.3", "children": [{"smiles": "CC[C@@H](C)[C@H](NC(=O)OCc1ccccc1)C(=O)NC(=O)CC[C@@H](NC(=O)OCc1ccccc1)C(=O)O"}, {"smiles": "CO"}, {"smiles": "[Pd]"}]}, {"smiles": "CC[C@@H](C)[C@H](N)C(=O)NC(=O)CC[C@@H](N)C(=O)O", "bw_confidence": 0.008975515323563645, "confidence": 0.15348641111127612, "rclass": "2 2.1 2.1.2", "children": [{"smiles": "CC[C@@H](C)[C@H](N)C(N)=O"}, {"smiles": "N[C@H](CCC(=O)O)C(=O)O"}]}, {"smiles": "CC[C@@H](C)[C@H](N)C(=O)NC(=O)CC[C@@H](N)C(=O)O", "bw_confidence": 0.008552482073379233, "confidence": 0.528261651155875, "rclass": "11 11.9 11.9", "children": [{"smiles": "CC[C@@H](C)[C@H](N)C(=O)NC(=O)CC[C@@H](N)C(=O)O~Cl"}, {"smiles": "O"}]}, {"smiles": "CC[C@@H](C)[C@H](N)C(=O)NC(=O)CC[C@@H](N)C(=O)O", "bw_confidence": 0.007403472999557198, "confidence": 0.11085993889767114, "rclass": "2 2.1 2.1.2", "children": [{"smiles": "CC[C@@H](C)[C@H](N)C(N)=O"}, {"smiles": "NC(=O)CC[C@@H](N)C(=O)O"}]}, {"smiles": "CC[C@@H](C)[C@H](N)C(=O)NC(=O)CC[C@@H](N)C(=O)O", "bw_confidence": 0.004783703392603929, "confidence": 0.12094903889769996, "rclass": "2 2.1 2.1.2", "children": [{"smiles": "CC[C@@H](C)[C@H](N)C(N)=O"}, {"smiles": "NC(=O)CC[C@H](N)C(=O)O"}]}, {"smiles": "CC[C@@H](C)[C@H](N)C(=O)NC(=O)CC[C@@H](N)C(=O)O", "bw_confidence": 0.002832896606371922, "confidence": 0.6851686324790915, "rclass": "8 8.3 8.3.2", "children": [{"smiles": "CC(C)=O"}, {"smiles": "CC(C)=O~O=S(=O)(O)O~O=[Cr](=O)=O"}, {"smiles": "CC[C@@H](C)[C@H](N)C(=O)NC(=O)CC[C@@H](N)CO"}]}, {"smiles": "CC[C@@H](C)[C@H](N)C(=O)NC(=O)CC[C@@H](N)C(=O)O", "bw_confidence": 0.0016330163539986584, "confidence": 0.7160913478740685, "rclass": "6 6.1 6.1.3", "children": [{"smiles": "CC[C@@H](C)[C@H](NC(=O)OCc1ccccc1)C(=O)NC(=O)CC[C@@H](NC(=O)OCc1ccccc1)C(=O)OCc1ccccc1"}, {"smiles": "CO"}, {"smiles": "[Pd]"}]}], "chem_bw_confidence_list": [0.05528071616753322, 0.008975515323563645, 0.008552482073379233, 0.007403472999557198, 0.004783703392603929, 0.002832896606371922, 0.0016330163539986584], "enzy_template_score_list": [0.14939817786216736, 0.14939817786216736, 0.1170237734913826, 0.1170237734913826, 0.050570402294397354, 0.041276149451732635, 0.041276149451732635, 0.036705903708934784, 0.036705903708934784, 0.03442088142037392, 0.03442088142037392, 0.025689473375678062, 0.025689473375678062, 0.024015076458454132, 0.024015076458454132], "enzy_result": [{"smiles": "CC[C@@H](C)[C@H](N)C(=O)O.NC(=O)CC[C@@H](N)C(=O)O", "smiles_split": ["CC[C@@H](C)[C@H](N)C(=O)O", "NC(=O)CC[C@@H](N)C(=O)O"], "mapped_smiles": "[CH3:1][CH2:2][C@@H:3]([CH3:4])[C@H:5]([NH2:6])[C:7](=[O:8])[OH:900].[NH2:9][C:10](=[O:11])[CH2:12][CH2:13][C@@H:14]([NH2:15])[C:16](=[O:17])[OH:18]", "reacting_atoms": [7, 9], "template_id": "e90495e032398914a2bc30231f78c717", "template_set": ["bkms", "bkms"], "num_examples": 54, "necessary_reagent": "", "template_score": 0.14939817786216736, "rms_molwt": -138.78399756394032, "num_rings": 0, "plausibility": 1, "tforms": ["e90495e032398914a2bc30231f78c717", "1733bcb93151c3ebcf2527f23abf11f2"], "rank": 1, "score": -0.48862711074929427}, {"smiles": "CC[C@@H](C)[C@H](N)C(N)=O.N[C@H](CCC(=O)O)C(=O)O", "smiles_split": ["CC[C@@H](C)[C@H](N)C(N)=O", "N[C@H](CCC(=O)O)C(=O)O"], "mapped_smiles": "[C:10](=[O:11])([CH2:12][CH2:13][C@@H:14]([NH2:15])[C:16](=[O:17])[OH:18])[OH:900].[CH3:1][CH2:2][C@@H:3]([CH3:4])[C@H:5]([NH2:6])[C:7](=[O:8])[NH2:9]", "reacting_atoms": [10, 9], "template_id": "e90495e032398914a2bc30231f78c717", "template_set": ["bkms", "bkms"], "num_examples": 54, "necessary_reagent": "", "template_score": 0.14939817786216736, "rms_molwt": -138.8405611528402, "num_rings": 0, "plausibility": 1, "tforms": ["e90495e032398914a2bc30231f78c717", "1733bcb93151c3ebcf2527f23abf11f2"], "rank": 2, "score": -415.03183564397244}, {"smiles": "CC[C@@H](CO)[C@H](N)C(=O)NC(=O)CC[C@@H](N)C(=O)O", "smiles_split": ["CC[C@@H](CO)[C@H](N)C(=O)NC(=O)CC[C@@H](N)C(=O)O"], "mapped_smiles": "[CH3:1][CH2:2][C@@H:3]([CH2:4][OH:900])[C@H:5]([NH2:6])[C:7](=[O:8])[NH:9][C:10](=[O:11])[CH2:12][CH2:13][C@@H:14]([NH2:15])[C:16](=[O:17])[OH:18]", "reacting_atoms": [4, 3], "template_id": "c4db9adeb4ad4c2bdb38e6a73be29f53", "template_set": ["bkms"], "num_examples": 14, "necessary_reagent": "", "template_score": 0.1170237734913826, "rms_molwt": -275.148120772, "num_rings": 0, "plausibility": 1, "tforms": ["c4db9adeb4ad4c2bdb38e6a73be29f53"], "rank": 3, "score": -1569.2380648455876}, {"smiles": "C[C@H](CCO)[C@H](N)C(=O)NC(=O)CC[C@@H](N)C(=O)O", "smiles_split": ["C[C@H](CCO)[C@H](N)C(=O)NC(=O)CC[C@@H](N)C(=O)O"], "mapped_smiles": "[CH2:1]([CH2:2][C@@H:3]([CH3:4])[C@H:5]([NH2:6])[C:7](=[O:8])[NH:9][C:10](=[O:11])[CH2:12][CH2:13][C@@H:14]([NH2:15])[C:16](=[O:17])[OH:18])[OH:900]", "reacting_atoms": [1], "template_id": "c4db9adeb4ad4c2bdb38e6a73be29f53", "template_set": ["bkms"], "num_examples": 14, "necessary_reagent": "", "template_score": 0.1170237734913826, "rms_molwt": -275.148120772, "num_rings": 0, "plausibility": 1, "tforms": ["c4db9adeb4ad4c2bdb38e6a73be29f53"], "rank": 4, "score": -1569.2380648455876}, {"smiles": "CC[C@@H](C)[C@H](N)C(=O)NC(=O)CCC(=O)C(=O)O", "smiles_split": ["CC[C@@H](C)[C@H](N)C(=O)NC(=O)CCC(=O)C(=O)O"], "mapped_smiles": "[CH3:1][CH2:2][C@@H:3]([CH3:4])[C@H:5]([NH2:6])[C:7](=[O:8])[NH:9][C:10](=[O:11])[CH2:12][CH2:13][C:14]([C:16](=[O:17])[OH:18])=[O:900]", "reacting_atoms": [14], "template_id": "be8a9537306313bfae1aebdd01a41172", "template_set": ["bkms", "bkms", "bkms", "bkms", "bkms", "bkms"], "num_examples": 29, "necessary_reagent": "[N]", "template_score": 0.050570402294397354, "rms_molwt": -258.12157167600003, "num_rings": 0, "plausibility": 1, "tforms": ["a485099369442f91c50bc99123e210e9", "a0b3d360cd327ee5aad4550ac2164139", "9a182abd3b298bfa9815b9ad158211ef", "148b27288429492bb3bfa579aa82280a", "be8a9537306313bfae1aebdd01a41172", "f2f891512d001a81944e9fa4a4f299f9"], "rank": 5, "score": -3198.2159009680795}, {"smiles": "CC[C@@H](CN)[C@H](N)C(=O)NC(=O)CC[C@@H](N)C(=O)O", "smiles_split": ["CC[C@@H](CN)[C@H](N)C(=O)NC(=O)CC[C@@H](N)C(=O)O"], "mapped_smiles": "[CH3:1][CH2:2][C@@H:3]([CH2:4][NH2:900])[C@H:5]([NH2:6])[C:7](=[O:8])[NH:9][C:10](=[O:11])[CH2:12][CH2:13][C@@H:14]([NH2:15])[C:16](=[O:17])[OH:18]", "reacting_atoms": [4, 3], "template_id": "325744bb86d6b4f432191511d003275d", "template_set": ["bkms"], "num_examples": 5, "necessary_reagent": "", "template_score": 0.041276149451732635, "rms_molwt": -274.164105184, "num_rings": 0, "plausibility": 1, "tforms": ["325744bb86d6b4f432191511d003275d"], "rank": 6, "score": -4449.013832292854}, {"smiles": "C[C@H](CCN)[C@H](N)C(=O)NC(=O)CC[C@@H](N)C(=O)O", "smiles_split": ["C[C@H](CCN)[C@H](N)C(=O)NC(=O)CC[C@@H](N)C(=O)O"], "mapped_smiles": "[CH2:1]([CH2:2][C@@H:3]([CH3:4])[C@H:5]([NH2:6])[C:7](=[O:8])[NH:9][C:10](=[O:11])[CH2:12][CH2:13][C@@H:14]([NH2:15])[C:16](=[O:17])[OH:18])[NH2:900]", "reacting_atoms": [1], "template_id": "325744bb86d6b4f432191511d003275d", "template_set": ["bkms"], "num_examples": 5, "necessary_reagent": "", "template_score": 0.041276149451732635, "rms_molwt": -274.164105184, "num_rings": 0, "plausibility": 1, "tforms": ["325744bb86d6b4f432191511d003275d"], "rank": 7, "score": -4449.013832292854}, {"smiles": "CC[C@@H](CC=O)[C@H](N)C(=O)NC(=O)CC[C@@H](N)C(=O)O", "smiles_split": ["CC[C@@H](CC=O)[C@H](N)C(=O)NC(=O)CC[C@@H](N)C(=O)O"], "mapped_smiles": "[CH3:1][CH2:2][C@@H:3]([CH2:4][CH:901]=[O:900])[C@H:5]([NH2:6])[C:7](=[O:8])[NH:9][C:10](=[O:11])[CH2:12][CH2:13][C@@H:14]([NH2:15])[C:16](=[O:17])[OH:18]", "reacting_atoms": [4, 3], "template_id": "582aecb34a38ba103c302ec59cd0f7e4", "template_set": ["bkms"], "num_examples": 4, "necessary_reagent": "", "template_score": 0.036705903708934784, "rms_molwt": -287.148120772, "num_rings": 0, "plausibility": 1, "tforms": ["582aecb34a38ba103c302ec59cd0f7e4"], "rank": 8, "score": -5363.86298403704}, {"smiles": "C[C@H](CCC=O)[C@H](N)C(=O)NC(=O)CC[C@@H](N)C(=O)O", "smiles_split": ["C[C@H](CCC=O)[C@H](N)C(=O)NC(=O)CC[C@@H](N)C(=O)O"], "mapped_smiles": "[CH2:1]([CH2:2][C@@H:3]([CH3:4])[C@H:5]([NH2:6])[C:7](=[O:8])[NH:9][C:10](=[O:11])[CH2:12][CH2:13][C@@H:14]([NH2:15])[C:16](=[O:17])[OH:18])[CH:901]=[O:900]", "reacting_atoms": [1], "template_id": "582aecb34a38ba103c302ec59cd0f7e4", "template_set": ["bkms"], "num_examples": 4, "necessary_reagent": "", "template_score": 0.036705903708934784, "rms_molwt": -287.148120772, "num_rings": 0, "plausibility": 1, "tforms": ["582aecb34a38ba103c302ec59cd0f7e4"], "rank": 9, "score": -5363.86298403704}, {"smiles": "CC[C@@H](CP(=O)(O)O)[C@H](N)C(=O)NC(=O)CC[C@@H](N)C(=O)O", "smiles_split": ["CC[C@@H](CP(=O)(O)O)[C@H](N)C(=O)NC(=O)CC[C@@H](N)C(=O)O"], "mapped_smiles": "[CH3:1][CH2:2][C@@H:3]([CH2:4][P:901]([OH:900])([OH:902])=[O:903])[C@H:5]([NH2:6])[C:7](=[O:8])[NH:9][C:10](=[O:11])[CH2:12][CH2:13][C@@H:14]([NH2:15])[C:16](=[O:17])[OH:18]", "reacting_atoms": [4, 3], "template_id": "3de39536900bec5a62a3e124ddfc42de", "template_set": ["bkms"], "num_examples": 1, "necessary_reagent": "", "template_score": 0.03442088142037392, "rms_molwt": -339.11953667399996, "num_rings": 0, "plausibility": 1, "tforms": ["3de39536900bec5a62a3e124ddfc42de"], "rank": 10, "score": -6518.667860126908}, {"smiles": "C[C@H](CCP(=O)(O)O)[C@H](N)C(=O)NC(=O)CC[C@@H](N)C(=O)O", "smiles_split": ["C[C@H](CCP(=O)(O)O)[C@H](N)C(=O)NC(=O)CC[C@@H](N)C(=O)O"], "mapped_smiles": "[CH2:1]([CH2:2][C@@H:3]([CH3:4])[C@H:5]([NH2:6])[C:7](=[O:8])[NH:9][C:10](=[O:11])[CH2:12][CH2:13][C@@H:14]([NH2:15])[C:16](=[O:17])[OH:18])[P:901]([OH:900])([OH:902])=[O:903]", "reacting_atoms": [1], "template_id": "3de39536900bec5a62a3e124ddfc42de", "template_set": ["bkms"], "num_examples": 1, "necessary_reagent": "", "template_score": 0.03442088142037392, "rms_molwt": -339.11953667399996, "num_rings": 0, "plausibility": 1, "tforms": ["3de39536900bec5a62a3e124ddfc42de"], "rank": 11, "score": -6518.667860126908}, {"smiles": "CC[C@@H](C=O)[C@H](N)C(=O)NC(=O)CC[C@@H](N)C(=O)O", "smiles_split": ["CC[C@@H](C=O)[C@H](N)C(=O)NC(=O)CC[C@@H](N)C(=O)O"], "mapped_smiles": "[CH3:1][CH2:2][C@@H:3]([CH:4]=[O:900])[C@H:5]([NH2:6])[C:7](=[O:8])[NH:9][C:10](=[O:11])[CH2:12][CH2:13][C@@H:14]([NH2:15])[C:16](=[O:17])[OH:18]", "reacting_atoms": [4, 3], "template_id": "3527c2da2742b9ae8713bab63608038d", "template_set": ["bkms"], "num_examples": 2, "necessary_reagent": "", "template_score": 0.025689473375678062, "rms_molwt": -273.132470708, "num_rings": 0, "plausibility": 1, "tforms": ["3527c2da2742b9ae8713bab63608038d"], "rank": 12, "score": -7148.381641346065}, {"smiles": "C[C@H](CC=O)[C@H](N)C(=O)NC(=O)CC[C@@H](N)C(=O)O", "smiles_split": ["C[C@H](CC=O)[C@H](N)C(=O)NC(=O)CC[C@@H](N)C(=O)O"], "mapped_smiles": "[CH:1]([CH2:2][C@@H:3]([CH3:4])[C@H:5]([NH2:6])[C:7](=[O:8])[NH:9][C:10](=[O:11])[CH2:12][CH2:13][C@@H:14]([NH2:15])[C:16](=[O:17])[OH:18])=[O:900]", "reacting_atoms": [1], "template_id": "3527c2da2742b9ae8713bab63608038d", "template_set": ["bkms"], "num_examples": 2, "necessary_reagent": "", "template_score": 0.025689473375678062, "rms_molwt": -273.132470708, "num_rings": 0, "plausibility": 1, "tforms": ["3527c2da2742b9ae8713bab63608038d"], "rank": 13, "score": -7148.381641346065}, {"smiles": "CCC[C@H](CC)[C@H](N)C(=O)NC(=O)CC[C@@H](N)C(=O)O", "smiles_split": ["CCC[C@H](CC)[C@H](N)C(=O)NC(=O)CC[C@@H](N)C(=O)O"], "mapped_smiles": "[CH3:1][CH2:2][C@@H:3]([CH2:4][CH2:901][CH3:900])[C@H:5]([NH2:6])[C:7](=[O:8])[NH:9][C:10](=[O:11])[CH2:12][CH2:13][C@@H:14]([NH2:15])[C:16](=[O:17])[OH:18]", "reacting_atoms": [4, 3], "template_id": "756109d5239ebeffbd761d014396a63d", "template_set": ["bkms"], "num_examples": 2, "necessary_reagent": "", "template_score": 0.024015076458454132, "rms_molwt": -287.18450628, "num_rings": 0, "plausibility": 1, "tforms": ["756109d5239ebeffbd761d014396a63d"], "rank": 14, "score": -8198.409800634749}, {"smiles": "CCCC[C@@H](C)[C@H](N)C(=O)NC(=O)CC[C@@H](N)C(=O)O", "smiles_split": ["CCCC[C@@H](C)[C@H](N)C(=O)NC(=O)CC[C@@H](N)C(=O)O"], "mapped_smiles": "[CH2:1]([CH2:2][C@@H:3]([CH3:4])[C@H:5]([NH2:6])[C:7](=[O:8])[NH:9][C:10](=[O:11])[CH2:12][CH2:13][C@@H:14]([NH2:15])[C:16](=[O:17])[OH:18])[CH2:901][CH3:900]", "reacting_atoms": [1], "template_id": "756109d5239ebeffbd761d014396a63d", "template_set": ["bkms"], "num_examples": 2, "necessary_reagent": "", "template_score": 0.024015076458454132, "rms_molwt": -287.18450628, "num_rings": 0, "plausibility": 1, "tforms": ["756109d5239ebeffbd761d014396a63d"], "rank": 15, "score": -8198.409800634749}]}