{"smiles": "C#CCOC(=O)[C@H](N)CC(N)=O", "sfscore": [0.544226348400116, 0.4613502621650696], "chem_result": [{"smiles": "C#CCOC(=O)[C@H](N)CC(N)=O", "bw_confidence": 0.3292612992764682, "confidence": 0.4152738316457528, "rclass": "6 6.1 6.1.1", "children": [{"smiles": "C#CCOC(=O)[C@@H](CC(N)=O)NC(=O)OC(C)(C)C"}, {"smiles": "ClCCl"}, {"smiles": "O=C(O)C(F)(F)F"}]}, {"smiles": "C#CCOC(=O)[C@H](N)CC(N)=O", "bw_confidence": 0.04681839528488023, "confidence": 0.4533384792760347, "rclass": "2 2.6 2.6.2", "children": [{"smiles": "C#CCO"}, {"smiles": "NC(=O)C[C@@H](N)C(=O)O"}]}, {"smiles": "C#CCOC(=O)[C@H](N)CC(N)=O", "bw_confidence": 0.016174211362540342, "confidence": 0.6907541308661549, "rclass": "3 3.11 3.11.91", "children": [{"smiles": "C#CCOC(=O)CN"}, {"smiles": "NC(=O)CI"}]}, {"smiles": "C#CCOC(=O)[C@H](N)CC(N)=O", "bw_confidence": 0.005492805471049342, "confidence": 0.17608265852108201, "rclass": "11 11.9 11.9", "children": [{"smiles": "C#CCOC(=O)[C@H](N)CC(N)=O~Cl"}, {"smiles": "CCN(CC)CC"}, {"smiles": "ClCCl"}]}, {"smiles": "C#CCOC(=O)[C@H](N)CC(N)=O", "bw_confidence": 0.0016446247531672628, "confidence": 0.19339844264765743, "rclass": "7 7.6 7.6.1", "children": [{"smiles": "C#CCOC(=O)/C(=C/C(N)=O)NC(=O)OCc1ccccc1"}, {"smiles": "CCOC(C)=O"}, {"smiles": "[H][H]"}, {"smiles": "[Pd]"}]}], "chem_bw_confidence_list": [0.3292612992764682, 0.04681839528488023, 0.016174211362540342, 0.005492805471049342, 0.0016446247531672628], "enzy_template_score_list": [0.14344742894172668, 0.14344742894172668, 0.10394492000341415, 0.08732812851667404, 0.08732812851667404, 0.05667047202587128, 0.06204432621598244, 0.06204432621598244, 4.5391872845357284e-05, 0.05948353186249733, 0.05948353186249733, 0.06156554073095322, 0.06156554073095322, 0.03558693081140518, 0.03558693081140518], "enzy_result": [{"smiles": "C#CCOC(=O)[C@H](N)CC(=O)NC(C)=O", "smiles_split": ["C#CCOC(=O)[C@H](N)CC(=O)NC(C)=O"], "mapped_smiles": "[CH:1]#[C:2][CH2:3][O:4][C:5](=[O:6])[C@H:7]([NH2:8])[CH2:9][C:10]([NH:11][C:901]([CH3:900])=[O:902])=[O:12]", "reacting_atoms": [11], "template_id": "d894f7b7841da60b74742d99a5a5bb35", "template_set": ["bkms"], "num_examples": 28, "necessary_reagent": "", "template_score": 0.14344742894172668, "rms_molwt": -212.079706864, "num_rings": 0, "plausibility": 1, "tforms": ["d894f7b7841da60b74742d99a5a5bb35"], "rank": 1, "score": -823.9220546381154}, {"smiles": "C#CCOC(=O)[C@@H](CC(N)=O)NC(C)=O", "smiles_split": ["C#CCOC(=O)[C@@H](CC(N)=O)NC(C)=O"], "mapped_smiles": "[CH:1]#[C:2][CH2:3][O:4][C:5](=[O:6])[C@H:7]([NH:8][C:901]([CH3:900])=[O:902])[CH2:9][C:10]([NH2:11])=[O:12]", "reacting_atoms": [8, 7], "template_id": "d894f7b7841da60b74742d99a5a5bb35", "template_set": ["bkms"], "num_examples": 28, "necessary_reagent": "", "template_score": 0.14344742894172668, "rms_molwt": -212.079706864, "num_rings": 0, "plausibility": 1, "tforms": ["d894f7b7841da60b74742d99a5a5bb35"], "rank": 2, "score": -823.9220546381154}, {"smiles": "C#CCOC(=O)[C@H](N)CC(=O)O", "smiles_split": ["C#CCOC(=O)[C@H](N)CC(=O)O"], "mapped_smiles": "[CH:1]#[C:2][CH2:3][O:4][C:5](=[O:6])[C@H:7]([NH2:8])[CH2:9][C:10](=[O:12])[OH:900]", "reacting_atoms": [10], "template_id": "58d4a0e180c40a8269da17ce55d18aaf", "template_set": ["bkms"], "num_examples": 12, "necessary_reagent": "[N]", "template_score": 0.10394492000341415, "rms_molwt": -171.053157768, "num_rings": 0, "plausibility": 1, "tforms": ["58d4a0e180c40a8269da17ce55d18aaf"], "rank": 3, "score": -828.6931074695793}, {"smiles": "C#CCOC(=O)[C@@H](CC(N)=O)NC", "smiles_split": ["C#CCOC(=O)[C@@H](CC(N)=O)NC"], "mapped_smiles": "[CH:1]#[C:2][CH2:3][O:4][C:5](=[O:6])[C@H:7]([NH:8][CH3:900])[CH2:9][C:10]([NH2:11])=[O:12]", "reacting_atoms": [8, 7], "template_id": "3da917dd3c393d47a13567247125cb57", "template_set": ["bkms"], "num_examples": 14, "necessary_reagent": "", "template_score": 0.08732812851667404, "rms_molwt": -184.084792244, "num_rings": 0, "plausibility": 1, "tforms": ["3da917dd3c393d47a13567247125cb57"], "rank": 4, "score": -1096.3744991258197}, {"smiles": "C#CCOC(=O)[C@H](N)CC(=O)NC", "smiles_split": ["C#CCOC(=O)[C@H](N)CC(=O)NC"], "mapped_smiles": "[CH:1]#[C:2][CH2:3][O:4][C:5](=[O:6])[C@H:7]([NH2:8])[CH2:9][C:10]([NH:11][CH3:900])=[O:12]", "reacting_atoms": [11], "template_id": "3da917dd3c393d47a13567247125cb57", "template_set": ["bkms"], "num_examples": 14, "necessary_reagent": "", "template_score": 0.08732812851667404, "rms_molwt": -184.084792244, "num_rings": 0, "plausibility": 1, "tforms": ["3da917dd3c393d47a13567247125cb57"], "rank": 5, "score": -1096.3744991258197}, {"smiles": "C#CCOC(=O)[C@H](N)CC#N", "smiles_split": ["C#CCOC(=O)[C@H](N)CC#N"], "mapped_smiles": "[CH:1]#[C:2][CH2:3][O:4][C:5](=[O:6])[C@H:7]([NH2:8])[CH2:9][C:10]#[N:11]", "reacting_atoms": [10, 11], "template_id": "3ddf75d3cf5e51694161c04b78f6681f", "template_set": ["bkms"], "num_examples": 9, "necessary_reagent": "[O]", "template_score": 0.05667047202587128, "rms_molwt": -152.058577496, "num_rings": 0, "plausibility": 1, "tforms": ["3ddf75d3cf5e51694161c04b78f6681f"], "rank": 6, "score": -1340.4819595139215}, {"smiles": "C#CCOC(=O)[C@@H](CC(N)=O)NC=O", "smiles_split": ["C#CCOC(=O)[C@@H](CC(N)=O)NC=O"], "mapped_smiles": "[CH:1]#[C:2][CH2:3][O:4][C:5](=[O:6])[C@H:7]([NH:8][CH:901]=[O:900])[CH2:9][C:10]([NH2:11])=[O:12]", "reacting_atoms": [8, 7], "template_id": "d54b0a0696dcc8c23caf14780ed73884", "template_set": ["bkms"], "num_examples": 6, "necessary_reagent": "", "template_score": 0.06204432621598244, "rms_molwt": -198.0640568, "num_rings": 0, "plausibility": 1, "tforms": ["d54b0a0696dcc8c23caf14780ed73884"], "rank": 7, "score": -1720.808546747787}, {"smiles": "C#CCOC(=O)[C@H](N)CC(=O)NC=O", "smiles_split": ["C#CCOC(=O)[C@H](N)CC(=O)NC=O"], "mapped_smiles": "[CH:1]#[C:2][CH2:3][O:4][C:5](=[O:6])[C@H:7]([NH2:8])[CH2:9][C:10]([NH:11][CH:901]=[O:900])=[O:12]", "reacting_atoms": [11], "template_id": "d54b0a0696dcc8c23caf14780ed73884", "template_set": ["bkms"], "num_examples": 6, "necessary_reagent": "", "template_score": 0.06204432621598244, "rms_molwt": -198.0640568, "num_rings": 0, "plausibility": 1, "tforms": ["d54b0a0696dcc8c23caf14780ed73884"], "rank": 8, "score": -1720.808546747787}, {"smiles": "C#CCO.NC(=O)C[C@@H](N)C(=O)O", "smiles_split": ["C#CCO", "NC(=O)C[C@@H](N)C(=O)O"], "mapped_smiles": "[CH:1]#[C:2][CH2:3][OH:900].[OH:4][C:5](=[O:6])[C@H:7]([NH2:8])[CH2:9][C:10]([NH2:11])=[O:12]", "reacting_atoms": [3, 4], "template_id": "ae8d9358572caa70ad53fa32d55bf70f", "template_set": ["bkms"], "num_examples": 2, "necessary_reagent": "", "template_score": 4.5391872845357284e-05, "rms_molwt": -101.43239502008096, "num_rings": 0, "plausibility": 1, "tforms": ["ae8d9358572caa70ad53fa32d55bf70f"], "rank": 9, "score": -1828.5211602254765}, {"smiles": "C#CCOC(=O)[C@H](N)CC(=O)Nc1nc(O)nc(O)n1", "smiles_split": ["C#CCOC(=O)[C@H](N)CC(=O)Nc1nc(O)nc(O)n1"], "mapped_smiles": "[CH:1]#[C:2][CH2:3][O:4][C:5](=[O:6])[C@H:7]([NH2:8])[CH2:9][C:10]([NH:11][c:906]1[n:905][c:903]([OH:904])[n:902][c:901]([OH:900])[n:907]1)=[O:12]", "reacting_atoms": [11], "template_id": "d8e66154803d5c21fcd07daf067fc696", "template_set": ["bkms"], "num_examples": 2, "necessary_reagent": "", "template_score": 0.05948353186249733, "rms_molwt": -281.076018452, "num_rings": -1, "plausibility": 1, "tforms": ["d8e66154803d5c21fcd07daf067fc696"], "rank": 10, "score": -3040.933053842862}, {"smiles": "C#CCOC(=O)[C@@H](CC(N)=O)Nc1nc(O)nc(O)n1", "smiles_split": ["C#CCOC(=O)[C@@H](CC(N)=O)Nc1nc(O)nc(O)n1"], "mapped_smiles": "[CH:1]#[C:2][CH2:3][O:4][C:5](=[O:6])[C@H:7]([NH:8][c:906]1[n:905][c:903]([OH:904])[n:902][c:901]([OH:900])[n:907]1)[CH2:9][C:10]([NH2:11])=[O:12]", "reacting_atoms": [8, 7], "template_id": "d8e66154803d5c21fcd07daf067fc696", "template_set": ["bkms"], "num_examples": 2, "necessary_reagent": "", "template_score": 0.05948353186249733, "rms_molwt": -281.076018452, "num_rings": -1, "plausibility": 1, "tforms": ["d8e66154803d5c21fcd07daf067fc696"], "rank": 11, "score": -3040.933053842862}, {"smiles": "C#CCOC(=O)[C@H](N)CC(=O)NC(=O)CC[C@H](N)C(=O)O", "smiles_split": ["C#CCOC(=O)[C@H](N)CC(=O)NC(=O)CC[C@H](N)C(=O)O"], "mapped_smiles": "[CH:1]#[C:2][CH2:3][O:4][C:5](=[O:6])[C@H:7]([NH2:8])[CH2:9][C:10]([NH:11][C:904]([CH2:903][CH2:902][C@H:901]([NH2:900])[C:906]([OH:907])=[O:908])=[O:905])=[O:12]", "reacting_atoms": [11], "template_id": "2fa1a6a80a242402bb52dbcbbcb2cb5e", "template_set": ["bkms"], "num_examples": 5, "necessary_reagent": "", "template_score": 0.06156554073095322, "rms_molwt": -299.111735264, "num_rings": 0, "plausibility": 1, "tforms": ["2fa1a6a80a242402bb52dbcbbcb2cb5e"], "rank": 12, "score": -3256.175074693305}, {"smiles": "C#CCOC(=O)[C@@H](CC(N)=O)NC(=O)CC[C@H](N)C(=O)O", "smiles_split": ["C#CCOC(=O)[C@@H](CC(N)=O)NC(=O)CC[C@H](N)C(=O)O"], "mapped_smiles": "[CH:1]#[C:2][CH2:3][O:4][C:5](=[O:6])[C@H:7]([NH:8][C:904]([CH2:903][CH2:902][C@H:901]([NH2:900])[C:906]([OH:907])=[O:908])=[O:905])[CH2:9][C:10]([NH2:11])=[O:12]", "reacting_atoms": [8, 7], "template_id": "2fa1a6a80a242402bb52dbcbbcb2cb5e", "template_set": ["bkms"], "num_examples": 5, "necessary_reagent": "", "template_score": 0.06156554073095322, "rms_molwt": -299.111735264, "num_rings": 0, "plausibility": 1, "tforms": ["2fa1a6a80a242402bb52dbcbbcb2cb5e"], "rank": 13, "score": -3256.175074693305}, {"smiles": "C#CCOC(=O)[C@H](N)CC(=O)NC(=N)N", "smiles_split": ["C#CCOC(=O)[C@H](N)CC(=O)NC(=N)N"], "mapped_smiles": "[CH:1]#[C:2][CH2:3][O:4][C:5](=[O:6])[C@H:7]([NH2:8])[CH2:9][C:10]([NH:11][C:901]([NH2:900])=[NH:902])=[O:12]", "reacting_atoms": [11], "template_id": "08add6c41136941e28a79944dc213b00", "template_set": ["bkms"], "num_examples": 9, "necessary_reagent": "", "template_score": 0.03558693081140518, "rms_molwt": -212.090940244, "num_rings": 0, "plausibility": 1, "tforms": ["08add6c41136941e28a79944dc213b00"], "rank": 14, "score": -3321.1490199189698}, {"smiles": "C#CCOC(=O)[C@@H](CC(N)=O)NC(=N)N", "smiles_split": ["C#CCOC(=O)[C@@H](CC(N)=O)NC(=N)N"], "mapped_smiles": "[CH:1]#[C:2][CH2:3][O:4][C:5](=[O:6])[C@H:7]([NH:8][C:901]([NH2:900])=[NH:902])[CH2:9][C:10]([NH2:11])=[O:12]", "reacting_atoms": [8, 7], "template_id": "08add6c41136941e28a79944dc213b00", "template_set": ["bkms"], "num_examples": 9, "necessary_reagent": "", "template_score": 0.03558693081140518, "rms_molwt": -212.090940244, "num_rings": 0, "plausibility": 1, "tforms": ["08add6c41136941e28a79944dc213b00"], "rank": 15, "score": -3321.1490199189698}]}