{"smiles": "CC(C)[C@H](NC(=O)C[C@H](N)C(=O)O)C(=O)O", "sfscore": [0.4464212954044342, 0.5935267806053162], "chem_result": [{"smiles": "CC(C)[C@H](NC(=O)C[C@H](N)C(=O)O)C(=O)O", "bw_confidence": 0.06636063446524036, "confidence": 0.21899287216697896, "rclass": "2 2.1 2.1.2", "children": [{"smiles": "CC(C)[C@H](N)C(=O)O"}, {"smiles": "N[C@@H](CC(=O)O)C(=O)O"}]}, {"smiles": "CC(C)[C@H](NC(=O)C[C@H](N)C(=O)O)C(=O)O", "bw_confidence": 0.04146949453340458, "confidence": 0.9491592762786494, "rclass": "6 6.1 6.1.3", "children": [{"smiles": "CC(C)[C@H](NC(=O)C[C@H](NC(=O)OCc1ccccc1)C(=O)OCc1ccccc1)C(=O)OCc1ccccc1"}, {"smiles": "CO"}, {"smiles": "[Pd]"}]}, {"smiles": "CC(C)[C@H](NC(=O)C[C@H](N)C(=O)O)C(=O)O", "bw_confidence": 0.010942662113112707, "confidence": 0.238028249899361, "rclass": "9 9.7 9.7.173", "children": [{"smiles": "CC(C)[C@H](NC(=O)C[C@H](N)C(N)=O)C(=O)O"}, {"smiles": "O"}]}, {"smiles": "CC(C)[C@H](NC(=O)C[C@H](N)C(=O)O)C(=O)O", "bw_confidence": 0.000715548479943423, "confidence": 0.4766235472187106, "rclass": "11 11.9 11.9", "children": [{"smiles": "CC(C)[C@H](NC(=O)C[C@H](N)C(=O)O)C(=O)O~Cc1ccc(S(=O)(=O)O)cc1"}, {"smiles": "O"}]}], "chem_bw_confidence_list": [0.06636063446524036, 0.04146949453340458, 0.010942662113112707, 0.000715548479943423], "enzy_template_score_list": [0.33460772037506104, 0.0012833360815420747, 0.0012972716940566897, 0.1097661554813385, 0.1097661554813385, 0.054513394832611084, 0.054513394832611084, 0.025098467245697975, 0.025098467245697975, 0.010028276592493057, 0.01539873331785202, 0.01539873331785202, 0.010402241721749306, 0.010402241721749306, 0.01334033440798521], "enzy_result": [{"smiles": "CC(C)[C@H](N)C(=O)O.N[C@@H](CC(=O)O)C(=O)O", "smiles_split": ["CC(C)[C@H](N)C(=O)O", "N[C@@H](CC(=O)O)C(=O)O"], "mapped_smiles": "[C:6](=[O:7])([CH2:8][C@H:9]([NH2:10])[C:11](=[O:12])[OH:13])[OH:900].[CH3:1][CH:2]([CH3:3])[C@H:4]([NH2:5])[C:14](=[O:15])[OH:16]", "reacting_atoms": [6, 5], "template_id": "593282ac9cb5e1ec3fd083ff8b6bcb5e", "template_set": ["bkms", "bkms", "bkms", "bkms"], "num_examples": 120, "necessary_reagent": "", "template_score": 0.33460772037506104, "rms_molwt": -125.31254064186444, "num_rings": 0, "plausibility": 1, "tforms": ["e90495e032398914a2bc30231f78c717", "593282ac9cb5e1ec3fd083ff8b6bcb5e", "1733bcb93151c3ebcf2527f23abf11f2", "c2ea18e2633e8c83f024e22d653faf93"], "rank": 1, "score": -0.011954296797206021}, {"smiles": "CC(C)[C@H](N)C(=O)O.NC(=O)C[C@H](N)C(=O)O", "smiles_split": ["CC(C)[C@H](N)C(=O)O", "NC(=O)C[C@H](N)C(=O)O"], "mapped_smiles": "[C:6](=[O:7])([CH2:8][C@H:9]([NH2:10])[C:11](=[O:12])[OH:13])[NH2:900].[CH3:1][CH:2]([CH3:3])[C@H:4]([NH2:5])[C:14](=[O:15])[OH:16]", "reacting_atoms": [6, 5], "template_id": "05e342818684cbb33e0b4e26897bb5a0", "template_set": ["bkms"], "num_examples": 1, "necessary_reagent": "", "template_score": 0.0012833360815420747, "rms_molwt": -124.79104937489801, "num_rings": 0, "plausibility": 1, "tforms": ["05e342818684cbb33e0b4e26897bb5a0"], "rank": 2, "score": -1.5584382211063308}, {"smiles": "CC(C)C(N)C(=O)O.N[C@@H](CC(=O)O)C(=O)O", "smiles_split": ["CC(C)C(N)C(=O)O", "N[C@@H](CC(=O)O)C(=O)O"], "mapped_smiles": "[C:6](=[O:7])([CH2:8][C@H:9]([NH2:10])[C:11](=[O:12])[OH:13])[OH:900].[CH3:1][CH:2]([CH3:3])[CH:4]([NH2:5])[C:14](=[O:15])[OH:16]", "reacting_atoms": [6, 4, 5], "template_id": "c93710e072bb92830379f9b55f156e05", "template_set": ["bkms", "bkms"], "num_examples": 2, "necessary_reagent": "", "template_score": 0.0012972716940566897, "rms_molwt": -125.31254064186444, "num_rings": 0, "plausibility": 1, "tforms": ["c93710e072bb92830379f9b55f156e05", "3ef47fe891b961a8844b12f1b5f4355d"], "rank": 3, "score": -3.083394186680838}, {"smiles": "CC(C)[C@H](NC(=O)C[C@H](N)C(=O)O)C(=O)NCC(=O)O", "smiles_split": ["CC(C)[C@H](NC(=O)C[C@H](N)C(=O)O)C(=O)NCC(=O)O"], "mapped_smiles": "[CH3:1][CH:2]([CH3:3])[C@H:4]([NH:5][C:6](=[O:7])[CH2:8][C@H:9]([NH2:10])[C:11](=[O:12])[OH:13])[C:14](=[O:15])[NH:904][CH2:903][C:901]([OH:900])=[O:902]", "reacting_atoms": [14], "template_id": "cf20c907782d8a7aaad2623a0b26f099", "template_set": ["bkms"], "num_examples": 25, "necessary_reagent": "[O]", "template_score": 0.1097661554813385, "rms_molwt": -289.127385328, "num_rings": 0, "plausibility": 1, "tforms": ["cf20c907782d8a7aaad2623a0b26f099"], "rank": 4, "score": -1711.6882464916598}, {"smiles": "CC(C)[C@H](NC(=O)C[C@H](N)C(=O)NCC(=O)O)C(=O)O", "smiles_split": ["CC(C)[C@H](NC(=O)C[C@H](N)C(=O)NCC(=O)O)C(=O)O"], "mapped_smiles": "[CH3:1][CH:2]([CH3:3])[C@H:4]([NH:5][C:6](=[O:7])[CH2:8][C@H:9]([NH2:10])[C:11](=[O:12])[NH:904][CH2:903][C:901]([OH:900])=[O:902])[C:14](=[O:15])[OH:16]", "reacting_atoms": [11], "template_id": "cf20c907782d8a7aaad2623a0b26f099", "template_set": ["bkms"], "num_examples": 25, "necessary_reagent": "[O]", "template_score": 0.1097661554813385, "rms_molwt": -289.127385328, "num_rings": 0, "plausibility": 1, "tforms": ["cf20c907782d8a7aaad2623a0b26f099"], "rank": 5, "score": -1711.6882464916598}, {"smiles": "CC(C)[C@@H](C=O)NC(=O)C[C@H](N)C(=O)O", "smiles_split": ["CC(C)[C@@H](C=O)NC(=O)C[C@H](N)C(=O)O"], "mapped_smiles": "[CH3:1][CH:2]([CH3:3])[C@H:4]([NH:5][C:6](=[O:7])[CH2:8][C@H:9]([NH2:10])[C:11](=[O:12])[OH:13])[CH:14]=[O:15]", "reacting_atoms": [14], "template_id": "da5e8ca58337efec4c4782fbb45ff9a8", "template_set": ["bkms"], "num_examples": 128, "necessary_reagent": "[O]", "template_score": 0.054513394832611084, "rms_molwt": -216.111006992, "num_rings": 0, "plausibility": 1, "tforms": ["da5e8ca58337efec4c4782fbb45ff9a8"], "rank": 6, "score": -2296.490628966139}, {"smiles": "CC(C)[C@H](NC(=O)C[C@H](N)C=O)C(=O)O", "smiles_split": ["CC(C)[C@H](NC(=O)C[C@H](N)C=O)C(=O)O"], "mapped_smiles": "[CH3:1][CH:2]([CH3:3])[C@H:4]([NH:5][C:6](=[O:7])[CH2:8][C@H:9]([NH2:10])[CH:11]=[O:12])[C:14](=[O:15])[OH:16]", "reacting_atoms": [11], "template_id": "da5e8ca58337efec4c4782fbb45ff9a8", "template_set": ["bkms"], "num_examples": 128, "necessary_reagent": "[O]", "template_score": 0.054513394832611084, "rms_molwt": -216.111006992, "num_rings": 0, "plausibility": 1, "tforms": ["da5e8ca58337efec4c4782fbb45ff9a8"], "rank": 7, "score": -2296.490628966139}, {"smiles": "CC(C)[C@H](NC(=O)C[C@H](N)C(=O)O)C(N)=O", "smiles_split": ["CC(C)[C@H](NC(=O)C[C@H](N)C(=O)O)C(N)=O"], "mapped_smiles": "[CH3:1][CH:2]([CH3:3])[C@H:4]([NH:5][C:6](=[O:7])[CH2:8][C@H:9]([NH2:10])[C:11](=[O:12])[OH:13])[C:14](=[O:15])[NH2:900]", "reacting_atoms": [14], "template_id": "7f976c19a733cebd505e5ebc06f4a905", "template_set": ["bkms", "bkms"], "num_examples": 35, "necessary_reagent": "[O]", "template_score": 0.025098467245697975, "rms_molwt": -231.121906024, "num_rings": 0, "plausibility": 1, "tforms": ["5a569ce6d3ce99bf922a1e35595d3d28", "7f976c19a733cebd505e5ebc06f4a905"], "rank": 8, "score": -5458.500658978791}, {"smiles": "CC(C)[C@H](NC(=O)C[C@H](N)C(N)=O)C(=O)O", "smiles_split": ["CC(C)[C@H](NC(=O)C[C@H](N)C(N)=O)C(=O)O"], "mapped_smiles": "[CH3:1][CH:2]([CH3:3])[C@H:4]([NH:5][C:6](=[O:7])[CH2:8][C@H:9]([NH2:10])[C:11](=[O:12])[NH2:900])[C:14](=[O:15])[OH:16]", "reacting_atoms": [11], "template_id": "7f976c19a733cebd505e5ebc06f4a905", "template_set": ["bkms", "bkms"], "num_examples": 35, "necessary_reagent": "[O]", "template_score": 0.025098467245697975, "rms_molwt": -231.121906024, "num_rings": 0, "plausibility": 1, "tforms": ["5a569ce6d3ce99bf922a1e35595d3d28", "7f976c19a733cebd505e5ebc06f4a905"], "rank": 9, "score": -5458.500658978791}, {"smiles": "CC(C)[C@H](NC(=O)CC(=O)C(=O)O)C(=O)O", "smiles_split": ["CC(C)[C@H](NC(=O)CC(=O)C(=O)O)C(=O)O"], "mapped_smiles": "[CH3:1][CH:2]([CH3:3])[C@H:4]([NH:5][C:6](=[O:7])[CH2:8][C:9]([C:11](=[O:12])[OH:13])=[O:900])[C:14](=[O:15])[OH:16]", "reacting_atoms": [9], "template_id": "be8a9537306313bfae1aebdd01a41172", "template_set": ["bkms", "bkms", "bkms", "bkms", "bkms", "bkms"], "num_examples": 25, "necessary_reagent": "[N]", "template_score": 0.010028276592493057, "rms_molwt": -231.074287136, "num_rings": 0, "plausibility": 1, "tforms": ["a0b3d360cd327ee5aad4550ac2164139", "dc9aca158420cf159aec01d7a19e264e", "9a182abd3b298bfa9815b9ad158211ef", "148b27288429492bb3bfa579aa82280a", "be8a9537306313bfae1aebdd01a41172", "f2f891512d001a81944e9fa4a4f299f9"], "rank": 10, "score": -13063.062111595891}, {"smiles": "CC(C)[C@H](NC(=O)C[C@H](N)C(=O)O)C(=O)N[C@H](C)C(=O)O", "smiles_split": ["CC(C)[C@H](NC(=O)C[C@H](N)C(=O)O)C(=O)N[C@H](C)C(=O)O"], "mapped_smiles": "[CH3:1][CH:2]([CH3:3])[C@H:4]([NH:5][C:6](=[O:7])[CH2:8][C@H:9]([NH2:10])[C:11](=[O:12])[OH:13])[C:14](=[O:15])[NH:902][C@H:901]([CH3:900])[C:903]([OH:904])=[O:905]", "reacting_atoms": [14], "template_id": "9661f7679d5eeaa0eb34e8b9c946a70a", "template_set": ["bkms"], "num_examples": 7, "necessary_reagent": "[O]", "template_score": 0.01539873331785202, "rms_molwt": -303.143035392, "num_rings": 0, "plausibility": 1, "tforms": ["9661f7679d5eeaa0eb34e8b9c946a70a"], "rank": 11, "score": -13732.829501176342}, {"smiles": "CC(C)[C@H](NC(=O)C[C@H](N)C(=O)N[C@H](C)C(=O)O)C(=O)O", "smiles_split": ["CC(C)[C@H](NC(=O)C[C@H](N)C(=O)N[C@H](C)C(=O)O)C(=O)O"], "mapped_smiles": "[CH3:1][CH:2]([CH3:3])[C@H:4]([NH:5][C:6](=[O:7])[CH2:8][C@H:9]([NH2:10])[C:11](=[O:12])[NH:902][C@H:901]([CH3:900])[C:903]([OH:904])=[O:905])[C:14](=[O:15])[OH:16]", "reacting_atoms": [11], "template_id": "9661f7679d5eeaa0eb34e8b9c946a70a", "template_set": ["bkms"], "num_examples": 7, "necessary_reagent": "[O]", "template_score": 0.01539873331785202, "rms_molwt": -303.143035392, "num_rings": 0, "plausibility": 1, "tforms": ["9661f7679d5eeaa0eb34e8b9c946a70a"], "rank": 12, "score": -13732.829501176342}, {"smiles": "CC(C)[C@H](NC(=O)C[C@H](N)C(=O)O)C(=O)N[C@@H](CS)C(=O)O", "smiles_split": ["CC(C)[C@H](NC(=O)C[C@H](N)C(=O)O)C(=O)N[C@@H](CS)C(=O)O"], "mapped_smiles": "[CH3:1][CH:2]([CH3:3])[C@H:4]([NH:5][C:6](=[O:7])[CH2:8][C@H:9]([NH2:10])[C:11](=[O:12])[OH:13])[C:14](=[O:15])[NH:906][C@H:903]([C:901]([OH:900])=[O:902])[CH2:904][SH:905]", "reacting_atoms": [14], "template_id": "45f22d82b2f4c949de6c3f191bcd7cf7", "template_set": ["bkms"], "num_examples": 1, "necessary_reagent": "[O]", "template_score": 0.010402241721749306, "rms_molwt": -335.115106392, "num_rings": 0, "plausibility": 1, "tforms": ["45f22d82b2f4c949de6c3f191bcd7cf7"], "rank": 13, "score": -21666.31957427056}, {"smiles": "CC(C)[C@H](NC(=O)C[C@H](N)C(=O)N[C@@H](CS)C(=O)O)C(=O)O", "smiles_split": ["CC(C)[C@H](NC(=O)C[C@H](N)C(=O)N[C@@H](CS)C(=O)O)C(=O)O"], "mapped_smiles": "[CH3:1][CH:2]([CH3:3])[C@H:4]([NH:5][C:6](=[O:7])[CH2:8][C@H:9]([NH2:10])[C:11](=[O:12])[NH:906][C@H:903]([C:901]([OH:900])=[O:902])[CH2:904][SH:905])[C:14](=[O:15])[OH:16]", "reacting_atoms": [11], "template_id": "45f22d82b2f4c949de6c3f191bcd7cf7", "template_set": ["bkms"], "num_examples": 1, "necessary_reagent": "[O]", "template_score": 0.010402241721749306, "rms_molwt": -335.115106392, "num_rings": 0, "plausibility": 1, "tforms": ["45f22d82b2f4c949de6c3f191bcd7cf7"], "rank": 14, "score": -21666.31957427056}, {"smiles": "CC(C)[C@H](NC(=O)C[C@H](N)C(=O)O)C(=O)N[C@@H](Cc1ccccc1)C(=O)O", "smiles_split": ["CC(C)[C@H](NC(=O)C[C@H](N)C(=O)O)C(=O)N[C@@H](Cc1ccccc1)C(=O)O"], "mapped_smiles": "[CH3:1][CH:2]([CH3:3])[C@H:4]([NH:5][C:6](=[O:7])[CH2:8][C@H:9]([NH2:10])[C:11](=[O:12])[OH:13])[C:14](=[O:15])[NH:911][C@H:903]([C:901]([OH:900])=[O:902])[CH2:904][c:905]1[cH:906][cH:907][cH:908][cH:909][cH:910]1", "reacting_atoms": [14, 4], "template_id": "087cc28f7028111362a2a11d6cbe4677", "template_set": ["bkms"], "num_examples": 1, "necessary_reagent": "[O]", "template_score": 0.01334033440798521, "rms_molwt": -379.17433552, "num_rings": -1, "plausibility": 1, "tforms": ["087cc28f7028111362a2a11d6cbe4677"], "rank": 15, "score": -22457.625248646636}]}