{"smiles": "CCCCC/C=C/C/C=C\\C/C=C/CC#CCCCC(=O)O", "sfscore": [0.5341846346855164, 0.47546499967575073], "chem_result": [{"smiles": "CCCCC/C=C/C/C=C\\C/C=C/CC#CCCCC(=O)O", "bw_confidence": 0.07280057999757887, "confidence": 0.5924459967076465, "rclass": "8 8.3 8.3.2", "children": [{"smiles": "CC(C)=O"}, {"smiles": "CC(C)=O~O=S(=O)(O)O~O=[Cr](=O)=O"}, {"smiles": "CCCCC/C=C/C/C=C\\C/C=C/CC#CCCCCO"}]}, {"smiles": "CCCCC/C=C/C/C=C\\C/C=C/CC#CCCCC(=O)O", "bw_confidence": 0.0340651598073499, "confidence": 0.6835999989849642, "rclass": "6 6.2 6.2.2", "children": [{"smiles": "CCCCC/C=C/C/C=C\\C/C=C/CC#CCCCC(=O)OC"}, {"smiles": "[Li]O"}]}, {"smiles": "CCCCC/C=C/C/C=C\\C/C=C/CC#CCCCC(=O)O", "bw_confidence": 0.029137336327219585, "confidence": 0.6084437456551642, "rclass": "3 3.9 3.9.22", "children": [{"smiles": "C#CCCCC(=O)O"}, {"smiles": "CCCCC/C=C/C/C=C\\C/C=C\\CBr"}]}, {"smiles": "CCCCC/C=C/C/C=C\\C/C=C/CC#CCCCC(=O)O", "bw_confidence": 0.015330575648037643, "confidence": 0.20247721557828186, "rclass": "0 0 0", "children": [{"smiles": "C#CCCCC(=O)O"}, {"smiles": "CCCCC/C=C/C/C=C\\C/C=C\\C/C=C\\CCCC(=O)O"}]}, {"smiles": "CCCCC/C=C/C/C=C\\C/C=C/CC#CCCCC(=O)O", "bw_confidence": 0.005999158473146992, "confidence": 0.7336505720822944, "rclass": "6 6.2 6.2.2", "children": [{"smiles": "CCCCC/C=C/C/C=C\\C/C=C/CC#CCCCC(=O)OC"}, {"smiles": "CO"}, {"smiles": "[OH-]~[Na+]"}]}, {"smiles": "CCCCC/C=C/C/C=C\\C/C=C/CC#CCCCC(=O)O", "bw_confidence": 0.005169001804883227, "confidence": 0.7182091500582201, "rclass": "6 6.2 6.2.1", "children": [{"smiles": "CCCCC/C=C/C/C=C\\C/C=C/CC#CCCCC(=O)OCC"}, {"smiles": "CCO"}, {"smiles": "[OH-]~[Na+]"}]}, {"smiles": "CCCCC/C=C/C/C=C\\C/C=C/CC#CCCCC(=O)O", "bw_confidence": 0.003271917064458271, "confidence": 0.26278386334224213, "rclass": "7 7.6 7.6.1", "children": [{"smiles": "CCCCC/C=C/C/C=C\\C/C=C/CC#CCCCC(=O)O"}, {"smiles": "CCCCC/C=C\\C/C=C\\C/C=C\\CCCC(=O)O"}]}, {"smiles": "CCCCC/C=C/C/C=C\\C/C=C/CC#CCCCC(=O)O", "bw_confidence": 0.0013434568464894335, "confidence": 0.6366185614712666, "rclass": "9 9.7 9.7.61", "children": [{"smiles": "CC(=O)O"}, {"smiles": "CCCCC/C=C/C/C=C\\C/C=C/CC#CCCCC(=O)OCC(Cl)(Cl)Cl"}, {"smiles": "[Zn]"}]}, {"smiles": "CCCCC/C=C/C/C=C\\C/C=C/CC#CCCCC(=O)O", "bw_confidence": 0.0010874277031214861, "confidence": 0.5179025903696313, "rclass": "9 9.7 9.7.61", "children": [{"smiles": "CCCCC/C=C/C/C=C\\C/C=C/C/C=C/CC#CCCCC(=O)OCC"}, {"smiles": "CCO"}, {"smiles": "[OH-]~[Na+]"}]}], "chem_bw_confidence_list": [0.07280057999757887, 0.0340651598073499, 0.029137336327219585, 0.015330575648037643, 0.005999158473146992, 0.005169001804883227, 0.003271917064458271, 0.0013434568464894335, 0.0010874277031214861], "enzy_template_score_list": [0.26828134059906006, 0.26828134059906006, 0.11107159405946732, 0.08574160933494568, 0.0767626091837883, 0.04745706915855408, 0.04745706915855408, 0.024380117654800415, 0.019106285646557808, 0.019106285646557808, 0.012946193106472492, 0.012946193106472492, 0.012946193106472492, 0.012946193106472492, 0.007712579797953367], "enzy_result": [{"smiles": "CCCCC/C=C/[C@@H](O)/C=C\\C/C=C/CC#CCCCC(=O)O", "smiles_split": ["CCCCC/C=C/[C@@H](O)/C=C\\C/C=C/CC#CCCCC(=O)O"], "mapped_smiles": "[CH3:1][CH2:2][CH2:3][CH2:4][CH2:5]/[CH:6]=[CH:7]/[C@H:8](/[CH:9]=[CH:10]\\[CH2:11]/[CH:12]=[CH:13]/[CH2:14][C:15]#[C:16][CH2:17][CH2:18][CH2:19][C:20](=[O:21])[OH:22])[OH:900]", "reacting_atoms": [8], "template_id": "5354fded46dceb8bab4f5c77f14ba16a", "template_set": ["bkms"], "num_examples": 1, "necessary_reagent": "", "template_score": 0.26828134059906006, "rms_molwt": -318.21949481999997, "num_rings": 0, "plausibility": 1, "tforms": ["5354fded46dceb8bab4f5c77f14ba16a"], "rank": 1, "score": -829.7567381142161}, {"smiles": "CCCCC/C=C/C/C=C\\[C@H](O)/C=C/CC#CCCCC(=O)O", "smiles_split": ["CCCCC/C=C/C/C=C\\[C@H](O)/C=C/CC#CCCCC(=O)O"], "mapped_smiles": "[CH3:1][CH2:2][CH2:3][CH2:4][CH2:5]/[CH:6]=[CH:7]/[CH2:8]/[CH:9]=[CH:10]\\[C@@H:11](/[CH:12]=[CH:13]/[CH2:14][C:15]#[C:16][CH2:17][CH2:18][CH2:19][C:20](=[O:21])[OH:22])[OH:900]", "reacting_atoms": [11], "template_id": "5354fded46dceb8bab4f5c77f14ba16a", "template_set": ["bkms"], "num_examples": 1, "necessary_reagent": "", "template_score": 0.26828134059906006, "rms_molwt": -318.21949481999997, "num_rings": 0, "plausibility": 1, "tforms": ["5354fded46dceb8bab4f5c77f14ba16a"], "rank": 2, "score": -829.7567381142161}, {"smiles": "CCCCC/C=C/C/C=C\\CCCCC#CCCCC(=O)O", "smiles_split": ["CCCCC/C=C/C/C=C\\CCCCC#CCCCC(=O)O"], "mapped_smiles": "[CH3:1][CH2:2][CH2:3][CH2:4][CH2:5]/[CH:6]=[CH:7]/[CH2:8]/[CH:9]=[CH:10]\\[CH2:11][CH2:12][CH2:13][CH2:14][C:15]#[C:16][CH2:17][CH2:18][CH2:19][C:20](=[O:21])[OH:22]", "reacting_atoms": [13, 12], "template_id": "5ef8f5a92031ac4f34fdeae5d0b79a21", "template_set": ["bkms", "bkms"], "num_examples": 14, "necessary_reagent": "", "template_score": 0.11107159405946732, "rms_molwt": -304.240230264, "num_rings": 0, "plausibility": 1, "tforms": ["5ef8f5a92031ac4f34fdeae5d0b79a21", "3aa723e94015ff28bf98f446c2f42c69"], "rank": 3, "score": -1858.0654683116975}, {"smiles": "CCCCCCCC/C=C\\C/C=C/CC#CCCCC(=O)O", "smiles_split": ["CCCCCCCC/C=C\\C/C=C/CC#CCCCC(=O)O"], "mapped_smiles": "[CH3:1][CH2:2][CH2:3][CH2:4][CH2:5][CH2:6][CH2:7][CH2:8]/[CH:9]=[CH:10]\\[CH2:11]/[CH:12]=[CH:13]/[CH2:14][C:15]#[C:16][CH2:17][CH2:18][CH2:19][C:20](=[O:21])[OH:22]", "reacting_atoms": [7, 6], "template_id": "3aa723e94015ff28bf98f446c2f42c69", "template_set": ["bkms"], "num_examples": 13, "necessary_reagent": "", "template_score": 0.08574160933494568, "rms_molwt": -304.240230264, "num_rings": 0, "plausibility": 1, "tforms": ["3aa723e94015ff28bf98f446c2f42c69"], "rank": 4, "score": -2406.979470446181}, {"smiles": "CCCCC/C=C/CCCC/C=C/CC#CCCCC(=O)O", "smiles_split": ["CCCCC/C=C/CCCC/C=C/CC#CCCCC(=O)O"], "mapped_smiles": "[CH3:1][CH2:2][CH2:3][CH2:4][CH2:5]/[CH:6]=[CH:7]/[CH2:8][CH2:9][CH2:10][CH2:11]/[CH:12]=[CH:13]/[CH2:14][C:15]#[C:16][CH2:17][CH2:18][CH2:19][C:20](=[O:21])[OH:22]", "reacting_atoms": [10, 9], "template_id": "4b5c01ce1dd3e508649493e134ba9f1c", "template_set": ["bkms", "bkms", "bkms"], "num_examples": 64, "necessary_reagent": "", "template_score": 0.0767626091837883, "rms_molwt": -304.240230264, "num_rings": 0, "plausibility": 1, "tforms": ["71d96988ab3623c8d39bf0ee6519c85b", "4b5c01ce1dd3e508649493e134ba9f1c", "b8752864a144b4d488d51a312d4ebfdc"], "rank": 5, "score": -2688.5262971990855}, {"smiles": "CCCCC/C=C/C[C@@H](O)CC/C=C/CC#CCCCC(=O)O", "smiles_split": ["CCCCC/C=C/C[C@@H](O)CC/C=C/CC#CCCCC(=O)O"], "mapped_smiles": "[CH3:1][CH2:2][CH2:3][CH2:4][CH2:5]/[CH:6]=[CH:7]/[CH2:8][C@H:9]([CH2:10][CH2:11]/[CH:12]=[CH:13]/[CH2:14][C:15]#[C:16][CH2:17][CH2:18][CH2:19][C:20](=[O:21])[OH:22])[OH:900]", "reacting_atoms": [9, 10], "template_id": "1ec8f596930c9a226f51fbd1da30461c", "template_set": ["bkms"], "num_examples": 1, "necessary_reagent": "", "template_score": 0.04745706915855408, "rms_molwt": -320.23514488399996, "num_rings": 0, "plausibility": 1, "tforms": ["1ec8f596930c9a226f51fbd1da30461c"], "rank": 6, "score": -4690.72898978761}, {"smiles": "CCCCC/C=C/CC[C@H](O)C/C=C/CC#CCCCC(=O)O", "smiles_split": ["CCCCC/C=C/CC[C@H](O)C/C=C/CC#CCCCC(=O)O"], "mapped_smiles": "[CH3:1][CH2:2][CH2:3][CH2:4][CH2:5]/[CH:6]=[CH:7]/[CH2:8][CH2:9][C@@H:10]([CH2:11]/[CH:12]=[CH:13]/[CH2:14][C:15]#[C:16][CH2:17][CH2:18][CH2:19][C:20](=[O:21])[OH:22])[OH:900]", "reacting_atoms": [10, 9], "template_id": "1ec8f596930c9a226f51fbd1da30461c", "template_set": ["bkms"], "num_examples": 1, "necessary_reagent": "", "template_score": 0.04745706915855408, "rms_molwt": -320.23514488399996, "num_rings": 0, "plausibility": 1, "tforms": ["1ec8f596930c9a226f51fbd1da30461c"], "rank": 7, "score": -4690.72898978761}, {"smiles": "CCCCC/C=C/CC1OC1C/C=C/CC#CCCCC(=O)O", "smiles_split": ["CCCCC/C=C/CC1OC1C/C=C/CC#CCCCC(=O)O"], "mapped_smiles": "[CH3:1][CH2:2][CH2:3][CH2:4][CH2:5]/[CH:6]=[CH:7]/[CH2:8][CH:9]1[CH:10]([CH2:11]/[CH:12]=[CH:13]/[CH2:14][C:15]#[C:16][CH2:17][CH2:18][CH2:19][C:20](=[O:21])[OH:22])[O:900]1", "reacting_atoms": [10, 9], "template_id": "f37b459db04d0833960add5ede2a1b07", "template_set": ["bkms", "bkms"], "num_examples": 3, "necessary_reagent": "", "template_score": 0.024380117654800415, "rms_molwt": -318.21949481999997, "num_rings": -1, "plausibility": 1, "tforms": ["f37b459db04d0833960add5ede2a1b07", "f50376c0409518f641b57885a7fb7b10"], "rank": 8, "score": -9261.825791502328}, {"smiles": "CCCCC/C=C/CC1C(=O)OC1C/C=C/CC#CCCCC(=O)O", "smiles_split": ["CCCCC/C=C/CC1C(=O)OC1C/C=C/CC#CCCCC(=O)O"], "mapped_smiles": "[CH3:1][CH2:2][CH2:3][CH2:4][CH2:5]/[CH:6]=[CH:7]/[CH2:8][CH:9]1[CH:10]([CH2:11]/[CH:12]=[CH:13]/[CH2:14][C:15]#[C:16][CH2:17][CH2:18][CH2:19][C:20](=[O:21])[OH:22])[O:902][C:901]1=[O:900]", "reacting_atoms": [10, 9], "template_id": "95b167a4e5e2cf14a7f1b2c6fb174cb0", "template_set": ["bkms"], "num_examples": 4, "necessary_reagent": "", "template_score": 0.019106285646557808, "rms_molwt": -346.21440943999994, "num_rings": -1, "plausibility": 1, "tforms": ["95b167a4e5e2cf14a7f1b2c6fb174cb0"], "rank": 9, "score": -13503.409546610716}, {"smiles": "CCCCC/C=C/CC1OC(=O)C1C/C=C/CC#CCCCC(=O)O", "smiles_split": ["CCCCC/C=C/CC1OC(=O)C1C/C=C/CC#CCCCC(=O)O"], "mapped_smiles": "[CH3:1][CH2:2][CH2:3][CH2:4][CH2:5]/[CH:6]=[CH:7]/[CH2:8][CH:9]1[CH:10]([CH2:11]/[CH:12]=[CH:13]/[CH2:14][C:15]#[C:16][CH2:17][CH2:18][CH2:19][C:20](=[O:21])[OH:22])[C:901](=[O:900])[O:902]1", "reacting_atoms": [9, 10], "template_id": "95b167a4e5e2cf14a7f1b2c6fb174cb0", "template_set": ["bkms"], "num_examples": 4, "necessary_reagent": "", "template_score": 0.019106285646557808, "rms_molwt": -346.21440943999994, "num_rings": -1, "plausibility": 1, "tforms": ["95b167a4e5e2cf14a7f1b2c6fb174cb0"], "rank": 10, "score": -13503.409546610716}, {"smiles": "CCCCC/C=C/C(O)/C=C\\C/C=C/CC#CCCCC(=O)O", "smiles_split": ["CCCCC/C=C/C(O)/C=C\\C/C=C/CC#CCCCC(=O)O"], "mapped_smiles": "CCCCC/C=C/C(O)/C=C\\C/C=C/CC#CCCCC(=O)O", "reacting_atoms": [-1], "template_id": "ca8668d005289b48d96320be1fddf1f5", "template_set": ["bkms", "bkms", "bkms", "bkms", "bkms", "bkms"], "num_examples": 36, "necessary_reagent": "", "template_score": 0.012946193106472492, "rms_molwt": -318.21949481999997, "num_rings": 0, "plausibility": 1, "tforms": ["1ba9caffb73999917c28d579e9e93a14", "81213fb75e46892b9fa5f6321771952e", "ac68fe35746afa88b330946a998468d3", "30e9d56bde10fbb0c5513016c230904e", "19859b775fcd1996c7213b40cc4bafbb", "ca8668d005289b48d96320be1fddf1f5"], "rank": 11, "score": -17040.395447376053}, {"smiles": "CCCCC/C=C/C/C=C\\C(O)/C=C/CC#CCCCC(=O)O", "smiles_split": ["CCCCC/C=C/C/C=C\\C(O)/C=C/CC#CCCCC(=O)O"], "mapped_smiles": "CCCCC/C=C/C/C=C\\C(O)/C=C/CC#CCCCC(=O)O", "reacting_atoms": [-1], "template_id": "ca8668d005289b48d96320be1fddf1f5", "template_set": ["bkms", "bkms", "bkms", "bkms", "bkms", "bkms"], "num_examples": 36, "necessary_reagent": "", "template_score": 0.012946193106472492, "rms_molwt": -318.21949481999997, "num_rings": 0, "plausibility": 1, "tforms": ["1ba9caffb73999917c28d579e9e93a14", "81213fb75e46892b9fa5f6321771952e", "ac68fe35746afa88b330946a998468d3", "30e9d56bde10fbb0c5513016c230904e", "19859b775fcd1996c7213b40cc4bafbb", "ca8668d005289b48d96320be1fddf1f5"], "rank": 12, "score": -17040.395447376053}, {"smiles": "CCCC[C@H](O)/C=C/C/C=C\\C/C=C/CC#CCCCC(=O)O", "smiles_split": ["CCCC[C@H](O)/C=C/C/C=C\\C/C=C/CC#CCCCC(=O)O"], "mapped_smiles": "[CH3:1][CH2:2][CH2:3][CH2:4][C@@H:5](/[CH:6]=[CH:7]/[CH2:8]/[CH:9]=[CH:10]\\[CH2:11]/[CH:12]=[CH:13]/[CH2:14][C:15]#[C:16][CH2:17][CH2:18][CH2:19][C:20](=[O:21])[OH:22])[OH:900]", "reacting_atoms": [5], "template_id": "ca8668d005289b48d96320be1fddf1f5", "template_set": ["bkms", "bkms"], "num_examples": 5, "necessary_reagent": "", "template_score": 0.012946193106472492, "rms_molwt": -318.21949481999997, "num_rings": 0, "plausibility": 1, "tforms": ["ac68fe35746afa88b330946a998468d3", "ca8668d005289b48d96320be1fddf1f5"], "rank": 13, "score": -17194.881015724335}, {"smiles": "CCCCC/C=C/C/C=C\\C/C=C/[C@@H](O)C#CCCCC(=O)O", "smiles_split": ["CCCCC/C=C/C/C=C\\C/C=C/[C@@H](O)C#CCCCC(=O)O"], "mapped_smiles": "[CH3:1][CH2:2][CH2:3][CH2:4][CH2:5]/[CH:6]=[CH:7]/[CH2:8]/[CH:9]=[CH:10]\\[CH2:11]/[CH:12]=[CH:13]/[C@H:14]([C:15]#[C:16][CH2:17][CH2:18][CH2:19][C:20](=[O:21])[OH:22])[OH:900]", "reacting_atoms": [14], "template_id": "ca8668d005289b48d96320be1fddf1f5", "template_set": ["bkms", "bkms"], "num_examples": 5, "necessary_reagent": "", "template_score": 0.012946193106472492, "rms_molwt": -318.21949481999997, "num_rings": 0, "plausibility": 1, "tforms": ["ac68fe35746afa88b330946a998468d3", "ca8668d005289b48d96320be1fddf1f5"], "rank": 14, "score": -17194.881015724335}, {"smiles": "CCCCC/C=C/CC#CC/C=C/CC#CCCCC(=O)O", "smiles_split": ["CCCCC/C=C/CC#CC/C=C/CC#CCCCC(=O)O"], "mapped_smiles": "[CH3:1][CH2:2][CH2:3][CH2:4][CH2:5]/[CH:6]=[CH:7]/[CH2:8][C:9]#[C:10][CH2:11]/[CH:12]=[CH:13]/[CH2:14][C:15]#[C:16][CH2:17][CH2:18][CH2:19][C:20](=[O:21])[OH:22]", "reacting_atoms": [10, 9], "template_id": "8e0207aa476abd4561c598202dae1a8d", "template_set": ["bkms"], "num_examples": 1, "necessary_reagent": "", "template_score": 0.007712579797953367, "rms_molwt": -300.208930136, "num_rings": 0, "plausibility": 1, "tforms": ["8e0207aa476abd4561c598202dae1a8d"], "rank": 15, "score": -26758.659078898094}]}