{"smiles": "CCCCC/C=C\\C/C=C\\C/C=C\\CCCCC(=O)OC[C@H](COC(=O)CCCCCCCCCCC/C=C\\C/C=C\\CCCCC)OC(=O)CCCCCCCCCCC/C=C\\C/C=C\\CCCCC", "sfscore": [0.4261046051979065, 0.6231597065925598], "chem_result": [{"smiles": "CCCCC/C=C\\C/C=C\\C/C=C\\CCCCC(=O)OC[C@H](COC(=O)CCCCCCCCCCC/C=C\\C/C=C\\CCCCC)OC(=O)CCCCCCCCCCC/C=C\\C/C=C\\CCCCC", "bw_confidence": 0.030359325118050277, "confidence": 0.54771187877785, "rclass": "0 0 0", "children": [{"smiles": "C(=NC1CCCCC1)=NC1CCCCC1"}, {"smiles": "CCCCC/C=C\\C/C=C\\CCCCC(=O)O"}, {"smiles": "CN(C)c1ccncc1"}, {"smiles": "ClCCl"}, {"smiles": "OCC(O)CO"}]}, {"smiles": "CCCCC/C=C\\C/C=C\\C/C=C\\CCCCC(=O)OC[C@H](COC(=O)CCCCCCCCCCC/C=C\\C/C=C\\CCCCC)OC(=O)CCCCCCCCCCC/C=C\\C/C=C\\CCCCC", "bw_confidence": 0.02405552050019008, "confidence": 0.014925818208960722, "rclass": "2 2.6 2.6.14", "children": [{"smiles": "CCCCC/C=C\\C/C=C\\CCCCC"}, {"smiles": "CCCCC/C=C\\C/C=C\\CCCCCCCCCCCC(=O)O[C@H](COC(=O)CCCC/C=C\\C/C=C\\CCCCC)COC(=O)CCCCCCCCCC/C=C\\C/C=C\\CCCCC"}]}, {"smiles": "CCCCC/C=C\\C/C=C\\C/C=C\\CCCCC(=O)OC[C@H](COC(=O)CCCCCCCCCCC/C=C\\C/C=C\\CCCCC)OC(=O)CCCCCCCCCCC/C=C\\C/C=C\\CCCCC", "bw_confidence": 0.023621294585556087, "confidence": 0.020309945388609627, "rclass": "11 11.5 11.5", "children": [{"smiles": "CCCCC/C=C\\C/C=C\\CCCCCCCCCCCC(=O)OC[C@@H](COC(=O)CCCC/C=C\\C/C=C\\CCCCC)OC(=O)CCCCCCCCCCC/C=C\\C/C=C\\CCCCC"}, {"smiles": "ClCCl"}, {"smiles": "O=[Cr](=O)([O-])Cl~c1cc[nH+]cc1"}]}, {"smiles": "CCCCC/C=C\\C/C=C\\C/C=C\\CCCCC(=O)OC[C@H](COC(=O)CCCCCCCCCCC/C=C\\C/C=C\\CCCCC)OC(=O)CCCCCCCCCCC/C=C\\C/C=C\\CCCCC", "bw_confidence": 0.019694876084713816, "confidence": 0.01068018320473877, "rclass": "11 11.5 11.5", "children": [{"smiles": "CCCCC/C=C\\C/C=C\\CCCCCCCCCCCC(=O)O[C@H](COC(=O)CCCC/C=C\\C/C=C\\CCCCC)COC(=O)CCCCCCCCCC/C=C\\C/C=C\\CCCCC"}, {"smiles": "ClCCl"}, {"smiles": "O=C(O)C(F)(F)F"}]}, {"smiles": "CCCCC/C=C\\C/C=C\\C/C=C\\CCCCC(=O)OC[C@H](COC(=O)CCCCCCCCCCC/C=C\\C/C=C\\CCCCC)OC(=O)CCCCCCCCCCC/C=C\\C/C=C\\CCCCC", "bw_confidence": 0.010973459483943926, "confidence": 0.0038777904564726655, "rclass": "11 11.5 11.5", "children": [{"smiles": "CCCCC/C=C\\C/C=C\\CCCCCCCCCCCC(=O)O[C@H](COC(=O)CCCC/C=C\\C/C=C\\CCCCC)COC(=O)CCCCCCCCCC/C=C\\C/C=C\\CCCCC"}, {"smiles": "ClCCl"}]}, {"smiles": "CCCCC/C=C\\C/C=C\\C/C=C\\CCCCC(=O)OC[C@H](COC(=O)CCCCCCCCCCC/C=C\\C/C=C\\CCCCC)OC(=O)CCCCCCCCCCC/C=C\\C/C=C\\CCCCC", "bw_confidence": 0.006422683400983767, "confidence": 0.05028178952583478, "rclass": "0 0 0", "children": [{"smiles": "CCCCC/C=C\\C/C=C\\CCCCCCCCCCCC(=O)OC[C@@H](COC(=O)CCCC/C=C\\C/C=C\\CCCCC)OC(=O)CCCCCCCCCCC/C=C\\C/C=C\\CCCCC"}, {"smiles": "CN(C)c1ccncc1"}, {"smiles": "ClCCl"}]}, {"smiles": "CCCCC/C=C\\C/C=C\\C/C=C\\CCCCC(=O)OC[C@H](COC(=O)CCCCCCCCCCC/C=C\\C/C=C\\CCCCC)OC(=O)CCCCCCCCCCC/C=C\\C/C=C\\CCCCC", "bw_confidence": 0.004969925762394367, "confidence": 0.08619576737773578, "rclass": "0 0 0", "children": [{"smiles": "CCCCC/C=C\\C/C=C\\C/C=C\\CCCCC(=O)OC[C@H](COC(=O)CCCCCCCCCC/C=C\\C/C=C\\CCCCC)OC(=O)CCCCCCCCCC/C=C\\C/C=C\\CCCCC"}, {"smiles": "CCCCC/C=C\\C/C=C\\CCCCCCCCCC(=O)O"}]}, {"smiles": "CCCCC/C=C\\C/C=C\\C/C=C\\CCCCC(=O)OC[C@H](COC(=O)CCCCCCCCCCC/C=C\\C/C=C\\CCCCC)OC(=O)CCCCCCCCCCC/C=C\\C/C=C\\CCCCC", "bw_confidence": 0.0019516866030625123, "confidence": 0.06858798475494593, "rclass": "11 11.5 11.5", "children": [{"smiles": "CCCCC/C=C\\C/C=C\\CCCCCCCCCCCC(=O)O[C@H](COC(=O)CCCC/C=C\\C/C=C\\CCCCC)COC(=O)CCCCCCCCCC/C=C\\C/C=C\\CCCCC"}, {"smiles": "ClCCl"}, {"smiles": "O=[Cr](=O)([O-])Cl~c1cc[nH+]cc1"}]}, {"smiles": "CCCCC/C=C\\C/C=C\\C/C=C\\CCCCC(=O)OC[C@H](COC(=O)CCCCCCCCCCC/C=C\\C/C=C\\CCCCC)OC(=O)CCCCCCCCCCC/C=C\\C/C=C\\CCCCC", "bw_confidence": 0.0014830242336434636, "confidence": 0.02482332635735845, "rclass": "0 0 0", "children": [{"smiles": "CCCCC/C=C\\C/C=C\\CCCCCCCCCC(=O)O"}, {"smiles": "CCCCC/C=C\\C/C=C\\CCCCCCCCCCCC(=O)O[C@H](COC(=O)CCCC/C=C\\C/C=C\\CCCCC)COC(=O)CCCCCCCCCC/C=C\\C/C=C\\CCCCC"}]}, {"smiles": "CCCCC/C=C\\C/C=C\\C/C=C\\CCCCC(=O)OC[C@H](COC(=O)CCCCCCCCCCC/C=C\\C/C=C\\CCCCC)OC(=O)CCCCCCCCCCC/C=C\\C/C=C\\CCCCC", "bw_confidence": 0.0006960233868156521, "confidence": 0.02238445781116124, "rclass": "0 0 0", "children": [{"smiles": "CCCCC/C=C\\C/C=C\\CCCCCCCCCCC(=O)O"}, {"smiles": "CCCCC/C=C\\C/C=C\\CCCCCCCCCCCC(=O)O[C@H](COC(=O)CCCC/C=C\\C/C=C\\CCCCC)COC(=O)CCCCCCCCCC/C=C\\C/C=C\\CCCCC"}]}, {"smiles": "CCCCC/C=C\\C/C=C\\C/C=C\\CCCCC(=O)OC[C@H](COC(=O)CCCCCCCCCCC/C=C\\C/C=C\\CCCCC)OC(=O)CCCCCCCCCCC/C=C\\C/C=C\\CCCCC", "bw_confidence": 0.000623055702046568, "confidence": 0.03551918708779498, "rclass": "11 11.5 11.5", "children": [{"smiles": "CCCCC/C=C\\C/C=C\\C/C=C\\CCCCC(=O)OC[C@H](COC(=O)CCCCCCCCCCC/C=C\\C/C=C\\CCCCC)OC(=O)CCCCCCCCCC/C=C\\C/C=C\\CCCCC"}, {"smiles": "CCOC(C)=O"}]}], "chem_bw_confidence_list": [0.030359325118050277, 0.02405552050019008, 0.023621294585556087, 0.019694876084713816, 0.010973459483943926, 0.006422683400983767, 0.004969925762394367, 0.0019516866030625123, 0.0014830242336434636, 0.0006960233868156521, 0.000623055702046568], "enzy_template_score_list": [0.6312759518623352, 0.6312759518623352, 0.6312759518623352, 0.6312759518623352, 0.6312759518623352, 0.6312759518623352, 0.6312759518623352, 0.09121605008840561, 0.09121605008840561, 0.09121605008840561, 0.01615256816148758, 0.01615256816148758, 0.01615256816148758, 0.01615256816148758, 0.01615256816148758], "enzy_result": [{"smiles": "CCCCC/C=C\\C/C=C\\CCCCCCCCCCCC(=O)OC[C@@H](COC(=O)CCCC/C=C\\CCCC/C=C\\CCCCC)OC(=O)CCCCCCCCCCC/C=C\\C/C=C\\CCCCC", "smiles_split": ["CCCCC/C=C\\C/C=C\\CCCCCCCCCCCC(=O)OC[C@@H](COC(=O)CCCC/C=C\\CCCC/C=C\\CCCCC)OC(=O)CCCCCCCCCCC/C=C\\C/C=C\\CCCCC"], "mapped_smiles": "[CH3:1][CH2:2][CH2:3][CH2:4][CH2:5]/[CH:6]=[CH:7]\\[CH2:8][CH2:9][CH2:10][CH2:11]/[CH:12]=[CH:13]\\[CH2:14][CH2:15][CH2:16][CH2:17][C:18](=[O:19])[O:20][CH2:21][C@H:22]([CH2:23][O:24][C:25](=[O:26])[CH2:27][CH2:28][CH2:29][CH2:30][CH2:31][CH2:32][CH2:33][CH2:34][CH2:35][CH2:36][CH2:37]/[CH:38]=[CH:39]\\[CH2:40]/[CH:41]=[CH:42]\\[CH2:43][CH2:44][CH2:45][CH2:46][CH3:47])[O:48][C:49](=[O:50])[CH2:51][CH2:52][CH2:53][CH2:54][CH2:55][CH2:56][CH2:57][CH2:58][CH2:59][CH2:60][CH2:61]/[CH:62]=[CH:63]\\[CH2:64]/[CH:65]=[CH:66]\\[CH2:67][CH2:68][CH2:69][CH2:70][CH3:71]", "reacting_atoms": [10, 9], "template_id": "b8752864a144b4d488d51a312d4ebfdc", "template_set": ["bkms", "bkms", "bkms"], "num_examples": 64, "necessary_reagent": "", "template_score": 0.6312759518623352, "rms_molwt": -990.861541368, "num_rings": 0, "plausibility": 1, "tforms": ["71d96988ab3623c8d39bf0ee6519c85b", "4b5c01ce1dd3e508649493e134ba9f1c", "b8752864a144b4d488d51a312d4ebfdc"], "rank": 1, "score": -1898.5568264643912}, {"smiles": "CCCCC/C=C\\C/C=C\\C/C=C\\CCCCC(=O)OC[C@H](COC(=O)CCCCCCCCCCC/C=C\\CCCCCCCC)OC(=O)CCCCCCCCCCC/C=C\\C/C=C\\CCCCC", "smiles_split": ["CCCCC/C=C\\C/C=C\\C/C=C\\CCCCC(=O)OC[C@H](COC(=O)CCCCCCCCCCC/C=C\\CCCCCCCC)OC(=O)CCCCCCCCCCC/C=C\\C/C=C\\CCCCC"], "mapped_smiles": "[CH3:1][CH2:2][CH2:3][CH2:4][CH2:5]/[CH:6]=[CH:7]\\[CH2:8]/[CH:9]=[CH:10]\\[CH2:11]/[CH:12]=[CH:13]\\[CH2:14][CH2:15][CH2:16][CH2:17][C:18](=[O:19])[O:20][CH2:21][C@H:22]([CH2:23][O:24][C:25](=[O:26])[CH2:27][CH2:28][CH2:29][CH2:30][CH2:31][CH2:32][CH2:33][CH2:34][CH2:35][CH2:36][CH2:37]/[CH:38]=[CH:39]\\[CH2:40][CH2:41][CH2:42][CH2:43][CH2:44][CH2:45][CH2:46][CH3:47])[O:48][C:49](=[O:50])[CH2:51][CH2:52][CH2:53][CH2:54][CH2:55][CH2:56][CH2:57][CH2:58][CH2:59][CH2:60][CH2:61]/[CH:62]=[CH:63]\\[CH2:64]/[CH:65]=[CH:66]\\[CH2:67][CH2:68][CH2:69][CH2:70][CH3:71]", "reacting_atoms": [41, 42], "template_id": "b8752864a144b4d488d51a312d4ebfdc", "template_set": ["bkms", "bkms", "bkms"], "num_examples": 64, "necessary_reagent": "", "template_score": 0.6312759518623352, "rms_molwt": -990.861541368, "num_rings": 0, "plausibility": 1, "tforms": ["71d96988ab3623c8d39bf0ee6519c85b", "4b5c01ce1dd3e508649493e134ba9f1c", "b8752864a144b4d488d51a312d4ebfdc"], "rank": 2, "score": -1898.5568264643912}, {"smiles": "CCCCC/C=C\\C/C=C\\CCCCCCCCCCCC(=O)OC[C@@H](COC(=O)CCCCCCC/C=C\\C/C=C\\CCCCC)OC(=O)CCCCCCCCCCC/C=C\\C/C=C\\CCCCC", "smiles_split": ["CCCCC/C=C\\C/C=C\\CCCCCCCCCCCC(=O)OC[C@@H](COC(=O)CCCCCCC/C=C\\C/C=C\\CCCCC)OC(=O)CCCCCCCCCCC/C=C\\C/C=C\\CCCCC"], "mapped_smiles": "[CH3:1][CH2:2][CH2:3][CH2:4][CH2:5]/[CH:6]=[CH:7]\\[CH2:8]/[CH:9]=[CH:10]\\[CH2:11][CH2:12][CH2:13][CH2:14][CH2:15][CH2:16][CH2:17][C:18](=[O:19])[O:20][CH2:21][C@H:22]([CH2:23][O:24][C:25](=[O:26])[CH2:27][CH2:28][CH2:29][CH2:30][CH2:31][CH2:32][CH2:33][CH2:34][CH2:35][CH2:36][CH2:37]/[CH:38]=[CH:39]\\[CH2:40]/[CH:41]=[CH:42]\\[CH2:43][CH2:44][CH2:45][CH2:46][CH3:47])[O:48][C:49](=[O:50])[CH2:51][CH2:52][CH2:53][CH2:54][CH2:55][CH2:56][CH2:57][CH2:58][CH2:59][CH2:60][CH2:61]/[CH:62]=[CH:63]\\[CH2:64]/[CH:65]=[CH:66]\\[CH2:67][CH2:68][CH2:69][CH2:70][CH3:71]", "reacting_atoms": [12, 13], "template_id": "b8752864a144b4d488d51a312d4ebfdc", "template_set": ["bkms", "bkms", "bkms"], "num_examples": 64, "necessary_reagent": "", "template_score": 0.6312759518623352, "rms_molwt": -990.861541368, "num_rings": 0, "plausibility": 1, "tforms": ["71d96988ab3623c8d39bf0ee6519c85b", "4b5c01ce1dd3e508649493e134ba9f1c", "b8752864a144b4d488d51a312d4ebfdc"], "rank": 3, "score": -1898.5568264643912}, {"smiles": "CCCCC/C=C\\C/C=C\\C/C=C\\CCCCC(=O)OC[C@H](COC(=O)CCCCCCCCCCC/C=C\\C/C=C\\CCCCC)OC(=O)CCCCCCCCCCCCCC/C=C\\CCCCC", "smiles_split": ["CCCCC/C=C\\C/C=C\\C/C=C\\CCCCC(=O)OC[C@H](COC(=O)CCCCCCCCCCC/C=C\\C/C=C\\CCCCC)OC(=O)CCCCCCCCCCCCCC/C=C\\CCCCC"], "mapped_smiles": "[CH3:1][CH2:2][CH2:3][CH2:4][CH2:5]/[CH:6]=[CH:7]\\[CH2:8]/[CH:9]=[CH:10]\\[CH2:11]/[CH:12]=[CH:13]\\[CH2:14][CH2:15][CH2:16][CH2:17][C:18](=[O:19])[O:20][CH2:21][C@H:22]([CH2:23][O:24][C:25](=[O:26])[CH2:27][CH2:28][CH2:29][CH2:30][CH2:31][CH2:32][CH2:33][CH2:34][CH2:35][CH2:36][CH2:37]/[CH:38]=[CH:39]\\[CH2:40]/[CH:41]=[CH:42]\\[CH2:43][CH2:44][CH2:45][CH2:46][CH3:47])[O:48][C:49](=[O:50])[CH2:51][CH2:52][CH2:53][CH2:54][CH2:55][CH2:56][CH2:57][CH2:58][CH2:59][CH2:60][CH2:61][CH2:62][CH2:63][CH2:64]/[CH:65]=[CH:66]\\[CH2:67][CH2:68][CH2:69][CH2:70][CH3:71]", "reacting_atoms": [63, 62], "template_id": "b8752864a144b4d488d51a312d4ebfdc", "template_set": ["bkms", "bkms", "bkms"], "num_examples": 64, "necessary_reagent": "", "template_score": 0.6312759518623352, "rms_molwt": -990.861541368, "num_rings": 0, "plausibility": 1, "tforms": ["71d96988ab3623c8d39bf0ee6519c85b", "4b5c01ce1dd3e508649493e134ba9f1c", "b8752864a144b4d488d51a312d4ebfdc"], "rank": 4, "score": -1898.5568264643912}, {"smiles": "CCCCC/C=C\\C/C=C\\C/C=C\\CCCCC(=O)OC[C@H](COC(=O)CCCCCCCCCCC/C=C\\C/C=C\\CCCCC)OC(=O)CCCCCCCCCCC/C=C\\CCCCCCCC", "smiles_split": ["CCCCC/C=C\\C/C=C\\C/C=C\\CCCCC(=O)OC[C@H](COC(=O)CCCCCCCCCCC/C=C\\C/C=C\\CCCCC)OC(=O)CCCCCCCCCCC/C=C\\CCCCCCCC"], "mapped_smiles": "[CH3:1][CH2:2][CH2:3][CH2:4][CH2:5]/[CH:6]=[CH:7]\\[CH2:8]/[CH:9]=[CH:10]\\[CH2:11]/[CH:12]=[CH:13]\\[CH2:14][CH2:15][CH2:16][CH2:17][C:18](=[O:19])[O:20][CH2:21][C@H:22]([CH2:23][O:24][C:25](=[O:26])[CH2:27][CH2:28][CH2:29][CH2:30][CH2:31][CH2:32][CH2:33][CH2:34][CH2:35][CH2:36][CH2:37]/[CH:38]=[CH:39]\\[CH2:40]/[CH:41]=[CH:42]\\[CH2:43][CH2:44][CH2:45][CH2:46][CH3:47])[O:48][C:49](=[O:50])[CH2:51][CH2:52][CH2:53][CH2:54][CH2:55][CH2:56][CH2:57][CH2:58][CH2:59][CH2:60][CH2:61]/[CH:62]=[CH:63]\\[CH2:64][CH2:65][CH2:66][CH2:67][CH2:68][CH2:69][CH2:70][CH3:71]", "reacting_atoms": [65, 66], "template_id": "b8752864a144b4d488d51a312d4ebfdc", "template_set": ["bkms", "bkms", "bkms"], "num_examples": 64, "necessary_reagent": "", "template_score": 0.6312759518623352, "rms_molwt": -990.861541368, "num_rings": 0, "plausibility": 1, "tforms": ["71d96988ab3623c8d39bf0ee6519c85b", "4b5c01ce1dd3e508649493e134ba9f1c", "b8752864a144b4d488d51a312d4ebfdc"], "rank": 5, "score": -1898.5568264643912}, {"smiles": "CCCCC/C=C\\C/C=C\\C/C=C\\CCCCC(=O)OC[C@H](COC(=O)CCCCCCCCCCCCCC/C=C\\CCCCC)OC(=O)CCCCCCCCCCC/C=C\\C/C=C\\CCCCC", "smiles_split": ["CCCCC/C=C\\C/C=C\\C/C=C\\CCCCC(=O)OC[C@H](COC(=O)CCCCCCCCCCCCCC/C=C\\CCCCC)OC(=O)CCCCCCCCCCC/C=C\\C/C=C\\CCCCC"], "mapped_smiles": "[CH3:1][CH2:2][CH2:3][CH2:4][CH2:5]/[CH:6]=[CH:7]\\[CH2:8]/[CH:9]=[CH:10]\\[CH2:11]/[CH:12]=[CH:13]\\[CH2:14][CH2:15][CH2:16][CH2:17][C:18](=[O:19])[O:20][CH2:21][C@H:22]([CH2:23][O:24][C:25](=[O:26])[CH2:27][CH2:28][CH2:29][CH2:30][CH2:31][CH2:32][CH2:33][CH2:34][CH2:35][CH2:36][CH2:37][CH2:38][CH2:39][CH2:40]/[CH:41]=[CH:42]\\[CH2:43][CH2:44][CH2:45][CH2:46][CH3:47])[O:48][C:49](=[O:50])[CH2:51][CH2:52][CH2:53][CH2:54][CH2:55][CH2:56][CH2:57][CH2:58][CH2:59][CH2:60][CH2:61]/[CH:62]=[CH:63]\\[CH2:64]/[CH:65]=[CH:66]\\[CH2:67][CH2:68][CH2:69][CH2:70][CH3:71]", "reacting_atoms": [39, 38], "template_id": "b8752864a144b4d488d51a312d4ebfdc", "template_set": ["bkms", "bkms", "bkms"], "num_examples": 64, "necessary_reagent": "", "template_score": 0.6312759518623352, "rms_molwt": -990.861541368, "num_rings": 0, "plausibility": 1, "tforms": ["71d96988ab3623c8d39bf0ee6519c85b", "4b5c01ce1dd3e508649493e134ba9f1c", "b8752864a144b4d488d51a312d4ebfdc"], "rank": 6, "score": -1898.5568264643912}, {"smiles": "CCCCC/C=C\\C/C=C\\CCCCCCCCCCCC(=O)OC[C@@H](COC(=O)CCCC/C=C\\C/C=C\\CCCCCCCC)OC(=O)CCCCCCCCCCC/C=C\\C/C=C\\CCCCC", "smiles_split": ["CCCCC/C=C\\C/C=C\\CCCCCCCCCCCC(=O)OC[C@@H](COC(=O)CCCC/C=C\\C/C=C\\CCCCCCCC)OC(=O)CCCCCCCCCCC/C=C\\C/C=C\\CCCCC"], "mapped_smiles": "[CH3:1][CH2:2][CH2:3][CH2:4][CH2:5][CH2:6][CH2:7][CH2:8]/[CH:9]=[CH:10]\\[CH2:11]/[CH:12]=[CH:13]\\[CH2:14][CH2:15][CH2:16][CH2:17][C:18](=[O:19])[O:20][CH2:21][C@H:22]([CH2:23][O:24][C:25](=[O:26])[CH2:27][CH2:28][CH2:29][CH2:30][CH2:31][CH2:32][CH2:33][CH2:34][CH2:35][CH2:36][CH2:37]/[CH:38]=[CH:39]\\[CH2:40]/[CH:41]=[CH:42]\\[CH2:43][CH2:44][CH2:45][CH2:46][CH3:47])[O:48][C:49](=[O:50])[CH2:51][CH2:52][CH2:53][CH2:54][CH2:55][CH2:56][CH2:57][CH2:58][CH2:59][CH2:60][CH2:61]/[CH:62]=[CH:63]\\[CH2:64]/[CH:65]=[CH:66]\\[CH2:67][CH2:68][CH2:69][CH2:70][CH3:71]", "reacting_atoms": [7, 6], "template_id": "b8752864a144b4d488d51a312d4ebfdc", "template_set": ["bkms", "bkms", "bkms"], "num_examples": 64, "necessary_reagent": "", "template_score": 0.6312759518623352, "rms_molwt": -990.861541368, "num_rings": 0, "plausibility": 1, "tforms": ["71d96988ab3623c8d39bf0ee6519c85b", "4b5c01ce1dd3e508649493e134ba9f1c", "b8752864a144b4d488d51a312d4ebfdc"], "rank": 7, "score": -1898.5568264643912}, {"smiles": "CCCCC/C=C\\C/C=C\\C/C=C\\CCCCC(=O)SCCNC(=O)CCNC(=O)[C@H](O)C(C)(C)COP(=O)(O)OP(=O)(O)OC[C@H]1O[C@@H](n2cnc3c(N)ncnc32)[C@H](O)[C@@H]1OP(=O)(O)O.CCCCC/C=C\\C/C=C\\CCCCCCCCCCCC(=O)OC[C@@H](CO)OC(=O)CCCCCCCCCCC/C=C\\C/C=C\\CCCCC", "smiles_split": ["CCCCC/C=C\\C/C=C\\C/C=C\\CCCCC(=O)SCCNC(=O)CCNC(=O)[C@H](O)C(C)(C)COP(=O)(O)OP(=O)(O)OC[C@H]1O[C@@H](n2cnc3c(N)ncnc32)[C@H](O)[C@@H]1OP(=O)(O)O", "CCCCC/C=C\\C/C=C\\CCCCCCCCCCCC(=O)OC[C@@H](CO)OC(=O)CCCCCCCCCCC/C=C\\C/C=C\\CCCCC"], "mapped_smiles": "[CH3:1][CH2:2][CH2:3][CH2:4][CH2:5]/[CH:6]=[CH:7]\\[CH2:8]/[CH:9]=[CH:10]\\[CH2:11]/[CH:12]=[CH:13]\\[CH2:14][CH2:15][CH2:16][CH2:17][C:18](=[O:19])[S:947][CH2:946][CH2:945][NH:944][C:942]([CH2:941][CH2:940][NH:939][C:937]([C@@H:935]([C:901]([CH3:900])([CH3:902])[CH2:903][O:904][P:905]([OH:906])(=[O:907])[O:908][P:909]([OH:910])(=[O:911])[O:912][CH2:913][C@H:914]1[O:915][C@@H:916]([n:917]2[cH:918][n:919][c:920]3[c:921]([NH2:922])[n:923][cH:924][n:925][c:926]23)[C@H:927]([OH:928])[C@@H:929]1[O:930][P:931]([OH:932])([OH:933])=[O:934])[OH:936])=[O:938])=[O:943].[OH:20][CH2:21][C@H:22]([CH2:23][O:24][C:25](=[O:26])[CH2:27][CH2:28][CH2:29][CH2:30][CH2:31][CH2:32][CH2:33][CH2:34][CH2:35][CH2:36][CH2:37]/[CH:38]=[CH:39]\\[CH2:40]/[CH:41]=[CH:42]\\[CH2:43][CH2:44][CH2:45][CH2:46][CH3:47])[O:48][C:49](=[O:50])[CH2:51][CH2:52][CH2:53][CH2:54][CH2:55][CH2:56][CH2:57][CH2:58][CH2:59][CH2:60][CH2:61]/[CH:62]=[CH:63]\\[CH2:64]/[CH:65]=[CH:66]\\[CH2:67][CH2:68][CH2:69][CH2:70][CH3:71]", "reacting_atoms": [18, 20], "template_id": "4f507fe3c79f4d542f14417d7122ff5c", "template_set": ["bkms"], "num_examples": 31, "necessary_reagent": "", "template_score": 0.09121605008840561, "rms_molwt": -890.5924280727152, "num_rings": -3, "plausibility": 1, "tforms": ["4f507fe3c79f4d542f14417d7122ff5c"], "rank": 8, "score": -20938.99346402078}, {"smiles": "CCCCC/C=C\\C/C=C\\C/C=C\\CCCCC(=O)OC[C@H](CO)OC(=O)CCCCCCCCCCC/C=C\\C/C=C\\CCCCC.CCCCC/C=C\\C/C=C\\CCCCCCCCCCCC(=O)SCCNC(=O)CCNC(=O)[C@H](O)C(C)(C)COP(=O)(O)OP(=O)(O)OC[C@H]1O[C@@H](n2cnc3c(N)ncnc32)[C@H](O)[C@@H]1OP(=O)(O)O", "smiles_split": ["CCCCC/C=C\\C/C=C\\C/C=C\\CCCCC(=O)OC[C@H](CO)OC(=O)CCCCCCCCCCC/C=C\\C/C=C\\CCCCC", "CCCCC/C=C\\C/C=C\\CCCCCCCCCCCC(=O)SCCNC(=O)CCNC(=O)[C@H](O)C(C)(C)COP(=O)(O)OP(=O)(O)OC[C@H]1O[C@@H](n2cnc3c(N)ncnc32)[C@H](O)[C@@H]1OP(=O)(O)O"], "mapped_smiles": "[C:25](=[O:26])([CH2:27][CH2:28][CH2:29][CH2:30][CH2:31][CH2:32][CH2:33][CH2:34][CH2:35][CH2:36][CH2:37]/[CH:38]=[CH:39]\\[CH2:40]/[CH:41]=[CH:42]\\[CH2:43][CH2:44][CH2:45][CH2:46][CH3:47])[S:947][CH2:946][CH2:945][NH:944][C:942]([CH2:941][CH2:940][NH:939][C:937]([C@@H:935]([C:901]([CH3:900])([CH3:902])[CH2:903][O:904][P:905]([OH:906])(=[O:907])[O:908][P:909]([OH:910])(=[O:911])[O:912][CH2:913][C@H:914]1[O:915][C@@H:916]([n:917]2[cH:918][n:919][c:920]3[c:921]([NH2:922])[n:923][cH:924][n:925][c:926]23)[C@H:927]([OH:928])[C@@H:929]1[O:930][P:931]([OH:932])([OH:933])=[O:934])[OH:936])=[O:938])=[O:943].[CH3:1][CH2:2][CH2:3][CH2:4][CH2:5]/[CH:6]=[CH:7]\\[CH2:8]/[CH:9]=[CH:10]\\[CH2:11]/[CH:12]=[CH:13]\\[CH2:14][CH2:15][CH2:16][CH2:17][C:18](=[O:19])[O:20][CH2:21][C@H:22]([CH2:23][OH:24])[O:48][C:49](=[O:50])[CH2:51][CH2:52][CH2:53][CH2:54][CH2:55][CH2:56][CH2:57][CH2:58][CH2:59][CH2:60][CH2:61]/[CH:62]=[CH:63]\\[CH2:64]/[CH:65]=[CH:66]\\[CH2:67][CH2:68][CH2:69][CH2:70][CH3:71]", "reacting_atoms": [25, 24], "template_id": "4f507fe3c79f4d542f14417d7122ff5c", "template_set": ["bkms"], "num_examples": 31, "necessary_reagent": "", "template_score": 0.09121605008840561, "rms_molwt": -902.1506390220123, "num_rings": -3, "plausibility": 1, "tforms": ["4f507fe3c79f4d542f14417d7122ff5c"], "rank": 9, "score": -21101.561796630027}, {"smiles": "CCCCC/C=C\\C/C=C\\C/C=C\\CCCCC(=O)OC[C@@H](O)COC(=O)CCCCCCCCCCC/C=C\\C/C=C\\CCCCC.CCCCC/C=C\\C/C=C\\CCCCCCCCCCCC(=O)SCCNC(=O)CCNC(=O)[C@H](O)C(C)(C)COP(=O)(O)OP(=O)(O)OC[C@H]1O[C@@H](n2cnc3c(N)ncnc32)[C@H](O)[C@@H]1OP(=O)(O)O", "smiles_split": ["CCCCC/C=C\\C/C=C\\C/C=C\\CCCCC(=O)OC[C@@H](O)COC(=O)CCCCCCCCCCC/C=C\\C/C=C\\CCCCC", "CCCCC/C=C\\C/C=C\\CCCCCCCCCCCC(=O)SCCNC(=O)CCNC(=O)[C@H](O)C(C)(C)COP(=O)(O)OP(=O)(O)OC[C@H]1O[C@@H](n2cnc3c(N)ncnc32)[C@H](O)[C@@H]1OP(=O)(O)O"], "mapped_smiles": "[C:49](=[O:50])([CH2:51][CH2:52][CH2:53][CH2:54][CH2:55][CH2:56][CH2:57][CH2:58][CH2:59][CH2:60][CH2:61]/[CH:62]=[CH:63]\\[CH2:64]/[CH:65]=[CH:66]\\[CH2:67][CH2:68][CH2:69][CH2:70][CH3:71])[S:947][CH2:946][CH2:945][NH:944][C:942]([CH2:941][CH2:940][NH:939][C:937]([C@@H:935]([C:901]([CH3:900])([CH3:902])[CH2:903][O:904][P:905]([OH:906])(=[O:907])[O:908][P:909]([OH:910])(=[O:911])[O:912][CH2:913][C@H:914]1[O:915][C@@H:916]([n:917]2[cH:918][n:919][c:920]3[c:921]([NH2:922])[n:923][cH:924][n:925][c:926]23)[C@H:927]([OH:928])[C@@H:929]1[O:930][P:931]([OH:932])([OH:933])=[O:934])[OH:936])=[O:938])=[O:943].[CH3:1][CH2:2][CH2:3][CH2:4][CH2:5]/[CH:6]=[CH:7]\\[CH2:8]/[CH:9]=[CH:10]\\[CH2:11]/[CH:12]=[CH:13]\\[CH2:14][CH2:15][CH2:16][CH2:17][C:18](=[O:19])[O:20][CH2:21][C@H:22]([CH2:23][O:24][C:25](=[O:26])[CH2:27][CH2:28][CH2:29][CH2:30][CH2:31][CH2:32][CH2:33][CH2:34][CH2:35][CH2:36][CH2:37]/[CH:38]=[CH:39]\\[CH2:40]/[CH:41]=[CH:42]\\[CH2:43][CH2:44][CH2:45][CH2:46][CH3:47])[OH:48]", "reacting_atoms": [49, 48], "template_id": "4f507fe3c79f4d542f14417d7122ff5c", "template_set": ["bkms"], "num_examples": 31, "necessary_reagent": "", "template_score": 0.09121605008840561, "rms_molwt": -902.1506390220123, "num_rings": -3, "plausibility": 1, "tforms": ["4f507fe3c79f4d542f14417d7122ff5c"], "rank": 10, "score": -21101.561796630027}, {"smiles": "CCCCC/C=C\\C/C=C\\CCCCCCCCCCCC(=O)OC[C@@H](COC(=O)CCCC/C=C\\C/C=C\\CC1OC1CCCCC)OC(=O)CCCCCCCCCCC/C=C\\C/C=C\\CCCCC", "smiles_split": ["CCCCC/C=C\\C/C=C\\CCCCCCCCCCCC(=O)OC[C@@H](COC(=O)CCCC/C=C\\C/C=C\\CC1OC1CCCCC)OC(=O)CCCCCCCCCCC/C=C\\C/C=C\\CCCCC"], "mapped_smiles": "[CH3:1][CH2:2][CH2:3][CH2:4][CH2:5][CH:6]1[CH:7]([CH2:8]/[CH:9]=[CH:10]\\[CH2:11]/[CH:12]=[CH:13]\\[CH2:14][CH2:15][CH2:16][CH2:17][C:18](=[O:19])[O:20][CH2:21][C@H:22]([CH2:23][O:24][C:25](=[O:26])[CH2:27][CH2:28][CH2:29][CH2:30][CH2:31][CH2:32][CH2:33][CH2:34][CH2:35][CH2:36][CH2:37]/[CH:38]=[CH:39]\\[CH2:40]/[CH:41]=[CH:42]\\[CH2:43][CH2:44][CH2:45][CH2:46][CH3:47])[O:48][C:49](=[O:50])[CH2:51][CH2:52][CH2:53][CH2:54][CH2:55][CH2:56][CH2:57][CH2:58][CH2:59][CH2:60][CH2:61]/[CH:62]=[CH:63]\\[CH2:64]/[CH:65]=[CH:66]\\[CH2:67][CH2:68][CH2:69][CH2:70][CH3:71])[O:900]1", "reacting_atoms": [7, 6], "template_id": "f37b459db04d0833960add5ede2a1b07", "template_set": ["bkms"], "num_examples": 2, "necessary_reagent": "", "template_score": 0.01615256816148758, "rms_molwt": -1004.840805924, "num_rings": -1, "plausibility": 1, "tforms": ["f37b459db04d0833960add5ede2a1b07"], "rank": 11, "score": -76091.7185443945}, {"smiles": "CCCCC/C=C\\C/C=C\\C/C=C\\CCCCC(=O)OC[C@H](COC(=O)CCCCCCCCCCC/C=C\\C/C=C\\CCCCC)OC(=O)CCCCCCCCCCCC1OC1C/C=C\\CCCCC", "smiles_split": ["CCCCC/C=C\\C/C=C\\C/C=C\\CCCCC(=O)OC[C@H](COC(=O)CCCCCCCCCCC/C=C\\C/C=C\\CCCCC)OC(=O)CCCCCCCCCCCC1OC1C/C=C\\CCCCC"], "mapped_smiles": "[CH3:1][CH2:2][CH2:3][CH2:4][CH2:5]/[CH:6]=[CH:7]\\[CH2:8]/[CH:9]=[CH:10]\\[CH2:11]/[CH:12]=[CH:13]\\[CH2:14][CH2:15][CH2:16][CH2:17][C:18](=[O:19])[O:20][CH2:21][C@H:22]([CH2:23][O:24][C:25](=[O:26])[CH2:27][CH2:28][CH2:29][CH2:30][CH2:31][CH2:32][CH2:33][CH2:34][CH2:35][CH2:36][CH2:37]/[CH:38]=[CH:39]\\[CH2:40]/[CH:41]=[CH:42]\\[CH2:43][CH2:44][CH2:45][CH2:46][CH3:47])[O:48][C:49](=[O:50])[CH2:51][CH2:52][CH2:53][CH2:54][CH2:55][CH2:56][CH2:57][CH2:58][CH2:59][CH2:60][CH2:61][CH:62]1[CH:63]([CH2:64]/[CH:65]=[CH:66]\\[CH2:67][CH2:68][CH2:69][CH2:70][CH3:71])[O:900]1", "reacting_atoms": [63, 62], "template_id": "f37b459db04d0833960add5ede2a1b07", "template_set": ["bkms"], "num_examples": 2, "necessary_reagent": "", "template_score": 0.01615256816148758, "rms_molwt": -1004.840805924, "num_rings": -1, "plausibility": 1, "tforms": ["f37b459db04d0833960add5ede2a1b07"], "rank": 12, "score": -76091.7185443945}, {"smiles": "CCCCC/C=C\\C/C=C\\C/C=C\\CCCCC(=O)OC[C@H](COC(=O)CCCCCCCCCCCC1OC1C/C=C\\CCCCC)OC(=O)CCCCCCCCCCC/C=C\\C/C=C\\CCCCC", "smiles_split": ["CCCCC/C=C\\C/C=C\\C/C=C\\CCCCC(=O)OC[C@H](COC(=O)CCCCCCCCCCCC1OC1C/C=C\\CCCCC)OC(=O)CCCCCCCCCCC/C=C\\C/C=C\\CCCCC"], "mapped_smiles": "[CH3:1][CH2:2][CH2:3][CH2:4][CH2:5]/[CH:6]=[CH:7]\\[CH2:8]/[CH:9]=[CH:10]\\[CH2:11]/[CH:12]=[CH:13]\\[CH2:14][CH2:15][CH2:16][CH2:17][C:18](=[O:19])[O:20][CH2:21][C@H:22]([CH2:23][O:24][C:25](=[O:26])[CH2:27][CH2:28][CH2:29][CH2:30][CH2:31][CH2:32][CH2:33][CH2:34][CH2:35][CH2:36][CH2:37][CH:38]1[CH:39]([CH2:40]/[CH:41]=[CH:42]\\[CH2:43][CH2:44][CH2:45][CH2:46][CH3:47])[O:900]1)[O:48][C:49](=[O:50])[CH2:51][CH2:52][CH2:53][CH2:54][CH2:55][CH2:56][CH2:57][CH2:58][CH2:59][CH2:60][CH2:61]/[CH:62]=[CH:63]\\[CH2:64]/[CH:65]=[CH:66]\\[CH2:67][CH2:68][CH2:69][CH2:70][CH3:71]", "reacting_atoms": [39, 38], "template_id": "f37b459db04d0833960add5ede2a1b07", "template_set": ["bkms"], "num_examples": 2, "necessary_reagent": "", "template_score": 0.01615256816148758, "rms_molwt": -1004.840805924, "num_rings": -1, "plausibility": 1, "tforms": ["f37b459db04d0833960add5ede2a1b07"], "rank": 13, "score": -76091.7185443945}, {"smiles": "CCCCC/C=C\\C/C=C\\CCCCCCCCCCCC(=O)OC[C@@H](COC(=O)CCCCC1OC1C/C=C\\C/C=C\\CCCCC)OC(=O)CCCCCCCCCCC/C=C\\C/C=C\\CCCCC", "smiles_split": ["CCCCC/C=C\\C/C=C\\CCCCCCCCCCCC(=O)OC[C@@H](COC(=O)CCCCC1OC1C/C=C\\C/C=C\\CCCCC)OC(=O)CCCCCCCCCCC/C=C\\C/C=C\\CCCCC"], "mapped_smiles": "[CH3:1][CH2:2][CH2:3][CH2:4][CH2:5]/[CH:6]=[CH:7]\\[CH2:8]/[CH:9]=[CH:10]\\[CH2:11][CH:12]1[CH:13]([CH2:14][CH2:15][CH2:16][CH2:17][C:18](=[O:19])[O:20][CH2:21][C@H:22]([CH2:23][O:24][C:25](=[O:26])[CH2:27][CH2:28][CH2:29][CH2:30][CH2:31][CH2:32][CH2:33][CH2:34][CH2:35][CH2:36][CH2:37]/[CH:38]=[CH:39]\\[CH2:40]/[CH:41]=[CH:42]\\[CH2:43][CH2:44][CH2:45][CH2:46][CH3:47])[O:48][C:49](=[O:50])[CH2:51][CH2:52][CH2:53][CH2:54][CH2:55][CH2:56][CH2:57][CH2:58][CH2:59][CH2:60][CH2:61]/[CH:62]=[CH:63]\\[CH2:64]/[CH:65]=[CH:66]\\[CH2:67][CH2:68][CH2:69][CH2:70][CH3:71])[O:900]1", "reacting_atoms": [12, 13], "template_id": "f37b459db04d0833960add5ede2a1b07", "template_set": ["bkms"], "num_examples": 2, "necessary_reagent": "", "template_score": 0.01615256816148758, "rms_molwt": -1004.8408059239998, "num_rings": -1, "plausibility": 1, "tforms": ["f37b459db04d0833960add5ede2a1b07"], "rank": 14, "score": -76091.7185443945}, {"smiles": "CCCCC/C=C\\C/C=C\\CCCCCCCCCCCC(=O)OC[C@@H](COC(=O)CCCC/C=C\\CC1OC1C/C=C\\CCCCC)OC(=O)CCCCCCCCCCC/C=C\\C/C=C\\CCCCC", "smiles_split": ["CCCCC/C=C\\C/C=C\\CCCCCCCCCCCC(=O)OC[C@@H](COC(=O)CCCC/C=C\\CC1OC1C/C=C\\CCCCC)OC(=O)CCCCCCCCCCC/C=C\\C/C=C\\CCCCC"], "mapped_smiles": "[CH3:1][CH2:2][CH2:3][CH2:4][CH2:5]/[CH:6]=[CH:7]\\[CH2:8][CH:9]1[CH:10]([CH2:11]/[CH:12]=[CH:13]\\[CH2:14][CH2:15][CH2:16][CH2:17][C:18](=[O:19])[O:20][CH2:21][C@H:22]([CH2:23][O:24][C:25](=[O:26])[CH2:27][CH2:28][CH2:29][CH2:30][CH2:31][CH2:32][CH2:33][CH2:34][CH2:35][CH2:36][CH2:37]/[CH:38]=[CH:39]\\[CH2:40]/[CH:41]=[CH:42]\\[CH2:43][CH2:44][CH2:45][CH2:46][CH3:47])[O:48][C:49](=[O:50])[CH2:51][CH2:52][CH2:53][CH2:54][CH2:55][CH2:56][CH2:57][CH2:58][CH2:59][CH2:60][CH2:61]/[CH:62]=[CH:63]\\[CH2:64]/[CH:65]=[CH:66]\\[CH2:67][CH2:68][CH2:69][CH2:70][CH3:71])[O:900]1", "reacting_atoms": [10, 9], "template_id": "f37b459db04d0833960add5ede2a1b07", "template_set": ["bkms", "bkms"], "num_examples": 3, "necessary_reagent": "", "template_score": 0.01615256816148758, "rms_molwt": -1004.8408059239998, "num_rings": -1, "plausibility": 1, "tforms": ["f37b459db04d0833960add5ede2a1b07", "f50376c0409518f641b57885a7fb7b10"], "rank": 15, "score": -76091.7185443945}]}