{"smiles": "CC(=O)N[C@@H]1[C@H](Oc2ccc3c(C)cc(=O)oc3c2)O[C@H](CO)[C@H](O)[C@H]1O", "sfscore": [0.4174862504005432, 0.636366069316864], "chem_result": [{"smiles": "CC(=O)N[C@@H]1[C@H](Oc2ccc3c(C)cc(=O)oc3c2)O[C@H](CO)[C@H](O)[C@H]1O", "bw_confidence": 0.2552394536189685, "confidence": 0.7119352445855509, "rclass": "6 6.3 6.3.6", "children": [{"smiles": "CC(=O)N[C@@H]1[C@H](Oc2ccc3c(C)cc(=O)oc3c2)O[C@H](COC(C)=O)[C@H](OC(C)=O)[C@H]1OC(C)=O"}, {"smiles": "CO"}, {"smiles": "C[O-]~[Na+]"}]}, {"smiles": "CC(=O)N[C@@H]1[C@H](Oc2ccc3c(C)cc(=O)oc3c2)O[C@H](CO)[C@H](O)[C@H]1O", "bw_confidence": 0.0467100448917005, "confidence": 0.09511582298062192, "rclass": "1 1.7 1.7.7", "children": [{"smiles": "CC(=O)N[C@H]1[C@H](O)[C@@H](O)[C@@H](CO)O[C@H]1O"}, {"smiles": "Cc1cc(=O)oc2cc(O)ccc12"}]}, {"smiles": "CC(=O)N[C@@H]1[C@H](Oc2ccc3c(C)cc(=O)oc3c2)O[C@H](CO)[C@H](O)[C@H]1O", "bw_confidence": 0.04612341168286563, "confidence": 0.25662139880209367, "rclass": "10 10.4 10.4.11", "children": [{"smiles": "CC(=O)N[C@H]1C=C[C@@H](CO)O[C@H]1Oc1ccc2c(C)cc(=O)oc2c1"}, {"smiles": "CC(C)=O"}, {"smiles": "C[N+]1([O-])CCOCC1"}, {"smiles": "O"}, {"smiles": "O=[Os](=O)(=O)=O"}]}, {"smiles": "CC(=O)N[C@@H]1[C@H](Oc2ccc3c(C)cc(=O)oc3c2)O[C@H](CO)[C@H](O)[C@H]1O", "bw_confidence": 0.040795053963516535, "confidence": 0.35948473386966195, "rclass": "2 2.1 2.1.7", "children": [{"smiles": "CC(=O)OC(C)=O"}, {"smiles": "Cc1cc(=O)oc2cc(O[C@@H]3O[C@H](CO)[C@H](O)[C@H](O)[C@H]3N)ccc12"}, {"smiles": "c1ccncc1"}]}, {"smiles": "CC(=O)N[C@@H]1[C@H](Oc2ccc3c(C)cc(=O)oc3c2)O[C@H](CO)[C@H](O)[C@H]1O", "bw_confidence": 0.03844492007624864, "confidence": 0.649603935857457, "rclass": "0 0 0", "children": [{"smiles": "CC(=O)N[C@@H]1[C@H](Oc2ccc3c(C)cc(=O)oc3c2)O[C@H](COC(=O)C(C)(C)C)[C@H](OC(=O)C(C)(C)C)[C@H]1OC(=O)C(C)(C)C"}, {"smiles": "CO"}, {"smiles": "C[O-]~[Na+]"}]}, {"smiles": "CC(=O)N[C@@H]1[C@H](Oc2ccc3c(C)cc(=O)oc3c2)O[C@H](CO)[C@H](O)[C@H]1O", "bw_confidence": 0.016676944780075764, "confidence": 0.08281069469929975, "rclass": "0 0 0", "children": [{"smiles": "CC(=O)N[C@@H]1[C@H](Oc2ccc(C(C)=O)c(O)c2)O[C@H](CO)[C@H](O)[C@H]1O"}, {"smiles": "CCOC(=O)CC(C)=O"}]}, {"smiles": "CC(=O)N[C@@H]1[C@H](Oc2ccc3c(C)cc(=O)oc3c2)O[C@H](CO)[C@H](O)[C@H]1O", "bw_confidence": 0.012446482163923358, "confidence": 0.8188756877272872, "rclass": "3 3.4 3.4.3", "children": [{"smiles": "CC(=O)N[C@@H]1[C@H](Oc2ccc3c(Br)cc(=O)oc3c2)O[C@H](CO)[C@H](O)[C@H]1O"}, {"smiles": "CN(C)C=O"}, {"smiles": "C[Sn](C)(C)C"}, {"smiles": "c1ccc([P](c2ccccc2)(c2ccccc2)[Pd]([P](c2ccccc2)(c2ccccc2)c2ccccc2)([P](c2ccccc2)(c2ccccc2)c2ccccc2)[P](c2ccccc2)(c2ccccc2)c2ccccc2)cc1"}]}, {"smiles": "CC(=O)N[C@@H]1[C@H](Oc2ccc3c(C)cc(=O)oc3c2)O[C@H](CO)[C@H](O)[C@H]1O", "bw_confidence": 0.011473012944893982, "confidence": 0.1767714893957554, "rclass": "1 1.7 1.7.7", "children": [{"smiles": "CC(=O)N[C@H]1C(O)O[C@H](CO)[C@H](O)[C@H]1O"}, {"smiles": "Cc1cc(=O)oc2cc(O)ccc12"}]}, {"smiles": "CC(=O)N[C@@H]1[C@H](Oc2ccc3c(C)cc(=O)oc3c2)O[C@H](CO)[C@H](O)[C@H]1O", "bw_confidence": 0.00012604154261300061, "confidence": 0.3645326414705367, "rclass": "11 11.9 11.9", "children": [{"smiles": "CC(=O)N[C@@H]1[C@H](Oc2ccc3c(C)cc(=O)oc3c2)O[C@H](CO)[C@H](O)[C@H]1O~CC(=O)OC[C@H]1O[C@@H](Oc2ccc3c(C)cc(=O)oc3c2)[C@H](NC(C)=O)[C@H](OC(C)=O)[C@H]1OC(C)=O"}, {"smiles": "CO"}, {"smiles": "C[O-]~[Na+]"}]}], "chem_bw_confidence_list": [0.2552394536189685, 0.0467100448917005, 0.04612341168286563, 0.040795053963516535, 0.03844492007624864, 0.016676944780075764, 0.012446482163923358, 0.011473012944893982, 0.00012604154261300061], "enzy_template_score_list": [0.36488986015319824, 0.36488986015319824, 0.36488986015319824, 0.0605585090816021, 0.1209995448589325, 0.0792912170290947, 0.0792912170290947, 0.0792912170290947, 0.011777334846556187, 0.02205713279545307, 0.02205713279545307, 0.020635822787880898, 0.020635822787880898, 0.04297497868537903, 0.04297497868537903], "enzy_result": [{"smiles": "CC(=O)N[C@@H]1[C@H](Oc2ccc3c(C)cc(=O)oc3c2)O[C@H](CO)[C@H](OP(=O)(O)O)[C@H]1O", "smiles_split": ["CC(=O)N[C@@H]1[C@H](Oc2ccc3c(C)cc(=O)oc3c2)O[C@H](CO)[C@H](OP(=O)(O)O)[C@H]1O"], "mapped_smiles": "[CH3:1][C:2](=[O:3])[NH:4][C@@H:5]1[C@H:6]([O:7][c:8]2[cH:9][cH:10][c:11]3[c:12]([CH3:13])[cH:14][c:15](=[O:16])[o:17][c:18]3[cH:19]2)[O:20][C@H:21]([CH2:22][OH:23])[C@H:24]([O:25][P:901]([OH:900])([OH:902])=[O:903])[C@H:26]1[OH:27]", "reacting_atoms": [25, 24], "template_id": "65bf7618263ef0544bfb3455ab5e0cbc", "template_set": ["bkms"], "num_examples": 167, "necessary_reagent": "", "template_score": 0.36488986015319824, "rms_molwt": -459.09304715399986, "num_rings": -3, "plausibility": 1, "tforms": ["65bf7618263ef0544bfb3455ab5e0cbc"], "rank": 1, "score": -1123.3480940798559}, {"smiles": "CC(=O)N[C@@H]1[C@H](Oc2ccc3c(C)cc(=O)oc3c2)O[C@H](COP(=O)(O)O)[C@H](O)[C@H]1O", "smiles_split": ["CC(=O)N[C@@H]1[C@H](Oc2ccc3c(C)cc(=O)oc3c2)O[C@H](COP(=O)(O)O)[C@H](O)[C@H]1O"], "mapped_smiles": "[CH3:1][C:2](=[O:3])[NH:4][C@@H:5]1[C@H:6]([O:7][c:8]2[cH:9][cH:10][c:11]3[c:12]([CH3:13])[cH:14][c:15](=[O:16])[o:17][c:18]3[cH:19]2)[O:20][C@H:21]([CH2:22][O:23][P:901]([OH:900])([OH:902])=[O:903])[C@H:24]([OH:25])[C@H:26]1[OH:27]", "reacting_atoms": [23], "template_id": "65bf7618263ef0544bfb3455ab5e0cbc", "template_set": ["bkms", "bkms"], "num_examples": 169, "necessary_reagent": "", "template_score": 0.36488986015319824, "rms_molwt": -459.09304715399986, "num_rings": -3, "plausibility": 1, "tforms": ["819c74c76e507baf44c4d3e6ed77777f", "65bf7618263ef0544bfb3455ab5e0cbc"], "rank": 2, "score": -1123.3480940798559}, {"smiles": "CC(=O)N[C@@H]1[C@H](Oc2ccc3c(C)cc(=O)oc3c2)O[C@H](CO)[C@H](O)[C@H]1OP(=O)(O)O", "smiles_split": ["CC(=O)N[C@@H]1[C@H](Oc2ccc3c(C)cc(=O)oc3c2)O[C@H](CO)[C@H](O)[C@H]1OP(=O)(O)O"], "mapped_smiles": "[CH3:1][C:2](=[O:3])[NH:4][C@@H:5]1[C@H:6]([O:7][c:8]2[cH:9][cH:10][c:11]3[c:12]([CH3:13])[cH:14][c:15](=[O:16])[o:17][c:18]3[cH:19]2)[O:20][C@H:21]([CH2:22][OH:23])[C@H:24]([OH:25])[C@H:26]1[O:27][P:901]([OH:900])([OH:902])=[O:903]", "reacting_atoms": [27, 26], "template_id": "65bf7618263ef0544bfb3455ab5e0cbc", "template_set": ["bkms"], "num_examples": 167, "necessary_reagent": "", "template_score": 0.36488986015319824, "rms_molwt": -459.09304715399986, "num_rings": -3, "plausibility": 1, "tforms": ["65bf7618263ef0544bfb3455ab5e0cbc"], "rank": 3, "score": -1123.3480940798559}, {"smiles": "Cc1cc(=O)oc2cc(O[C@@H]3O[C@H](CO)[C@H](O)[C@@H](O)[C@@H]3N)ccc12", "smiles_split": ["Cc1cc(=O)oc2cc(O[C@@H]3O[C@H](CO)[C@H](O)[C@@H](O)[C@@H]3N)ccc12"], "mapped_smiles": "[NH2:4][C@@H:5]1[C@H:6]([O:7][c:8]2[cH:9][cH:10][c:11]3[c:12]([CH3:13])[cH:14][c:15](=[O:16])[o:17][c:18]3[cH:19]2)[O:20][C@H:21]([CH2:22][OH:23])[C@H:24]([OH:25])[C@H:26]1[OH:27]", "reacting_atoms": [4], "template_id": "2e54384e348d1931c11e16a444403e5d", "template_set": ["bkms"], "num_examples": 41, "necessary_reagent": "[C]~[C]~[O]", "template_score": 0.0605585090816021, "rms_molwt": -337.11615194800004, "num_rings": -3, "plausibility": 1, "tforms": ["2e54384e348d1931c11e16a444403e5d"], "rank": 4, "score": -5099.992692153535}, {"smiles": "CC(=O)N[C@@H]1C(OP(=O)(O)OP(=O)(O)OC[C@H]2O[C@@H](n3ccc(=O)[nH]c3=O)[C@H](O)[C@@H]2O)O[C@H](CO)[C@H](O)[C@H]1O.Cc1cc(=O)oc2cc(O)ccc12", "smiles_split": ["CC(=O)N[C@@H]1C(OP(=O)(O)OP(=O)(O)OC[C@H]2O[C@@H](n3ccc(=O)[nH]c3=O)[C@H](O)[C@@H]2O)O[C@H](CO)[C@H](O)[C@H]1O", "Cc1cc(=O)oc2cc(O)ccc12"], "mapped_smiles": "[CH3:1][C:2](=[O:3])[NH:4][C@@H:5]1[CH:6]([O:924][P:921]([O:920][P:917]([O:916][CH2:915][C@@H:914]2[C@@H:901]([OH:900])[C@@H:902]([OH:903])[C@H:904]([n:905]3[cH:906][cH:907][c:908](=[O:909])[nH:910][c:911]3=[O:912])[O:913]2)([OH:918])=[O:919])([OH:922])=[O:923])[O:20][C@H:21]([CH2:22][OH:23])[C@H:24]([OH:25])[C@H:26]1[OH:27].[OH:7][c:8]1[cH:9][cH:10][c:11]2[c:12]([CH3:13])[cH:14][c:15](=[O:16])[o:17][c:18]2[cH:19]1", "reacting_atoms": [6, 7], "template_id": "86876aa219f979820998315681005c69", "template_set": ["bkms", "bkms"], "num_examples": 6, "necessary_reagent": "", "template_score": 0.1209995448589325, "rms_molwt": -446.95676502096, "num_rings": -5, "plausibility": 1, "tforms": ["b3c14e9dd551f89283de8ef412aad2f0", "86876aa219f979820998315681005c69"], "rank": 5, "score": -5385.092293765617}, {"smiles": "CC(=O)N[C@@H]1[C@H](Oc2ccc3c(C)cc(=O)oc3c2)O[C@H](COC(=O)CC(=O)O)[C@H](O)[C@H]1O", "smiles_split": ["CC(=O)N[C@@H]1[C@H](Oc2ccc3c(C)cc(=O)oc3c2)O[C@H](COC(=O)CC(=O)O)[C@H](O)[C@H]1O"], "mapped_smiles": "[CH3:1][C:2](=[O:3])[NH:4][C@@H:5]1[C@H:6]([O:7][c:8]2[cH:9][cH:10][c:11]3[c:12]([CH3:13])[cH:14][c:15](=[O:16])[o:17][c:18]3[cH:19]2)[O:20][C@H:21]([CH2:22][O:23][C:904]([CH2:903][C:901]([OH:900])=[O:902])=[O:905])[C@H:24]([OH:25])[C@H:26]1[OH:27]", "reacting_atoms": [23], "template_id": "68dcba590fd2f11581e0c0900147fbd9", "template_set": ["bkms"], "num_examples": 9, "necessary_reagent": "", "template_score": 0.0792912170290947, "rms_molwt": -465.1271105559999, "num_rings": -3, "plausibility": 1, "tforms": ["68dcba590fd2f11581e0c0900147fbd9"], "rank": 6, "score": -5597.569185567544}, {"smiles": "CC(=O)N[C@@H]1[C@H](Oc2ccc3c(C)cc(=O)oc3c2)O[C@H](CO)[C@H](O)[C@H]1OC(=O)CC(=O)O", "smiles_split": ["CC(=O)N[C@@H]1[C@H](Oc2ccc3c(C)cc(=O)oc3c2)O[C@H](CO)[C@H](O)[C@H]1OC(=O)CC(=O)O"], "mapped_smiles": "[CH3:1][C:2](=[O:3])[NH:4][C@@H:5]1[C@H:6]([O:7][c:8]2[cH:9][cH:10][c:11]3[c:12]([CH3:13])[cH:14][c:15](=[O:16])[o:17][c:18]3[cH:19]2)[O:20][C@H:21]([CH2:22][OH:23])[C@H:24]([OH:25])[C@H:26]1[O:27][C:904]([CH2:903][C:901]([OH:900])=[O:902])=[O:905]", "reacting_atoms": [27, 26], "template_id": "68dcba590fd2f11581e0c0900147fbd9", "template_set": ["bkms"], "num_examples": 9, "necessary_reagent": "", "template_score": 0.0792912170290947, "rms_molwt": -465.1271105559999, "num_rings": -3, "plausibility": 1, "tforms": ["68dcba590fd2f11581e0c0900147fbd9"], "rank": 7, "score": -5597.569185567544}, {"smiles": "CC(=O)N[C@@H]1[C@H](Oc2ccc3c(C)cc(=O)oc3c2)O[C@H](CO)[C@H](OC(=O)CC(=O)O)[C@H]1O", "smiles_split": ["CC(=O)N[C@@H]1[C@H](Oc2ccc3c(C)cc(=O)oc3c2)O[C@H](CO)[C@H](OC(=O)CC(=O)O)[C@H]1O"], "mapped_smiles": "[CH3:1][C:2](=[O:3])[NH:4][C@@H:5]1[C@H:6]([O:7][c:8]2[cH:9][cH:10][c:11]3[c:12]([CH3:13])[cH:14][c:15](=[O:16])[o:17][c:18]3[cH:19]2)[O:20][C@H:21]([CH2:22][OH:23])[C@H:24]([O:25][C:904]([CH2:903][C:901]([OH:900])=[O:902])=[O:905])[C@H:26]1[OH:27]", "reacting_atoms": [25, 24], "template_id": "68dcba590fd2f11581e0c0900147fbd9", "template_set": ["bkms"], "num_examples": 9, "necessary_reagent": "", "template_score": 0.0792912170290947, "rms_molwt": -465.1271105559999, "num_rings": -3, "plausibility": 1, "tforms": ["68dcba590fd2f11581e0c0900147fbd9"], "rank": 8, "score": -5597.569185567544}, {"smiles": "CC(=O)N[C@@H]1C(O)O[C@H](CO)[C@H](O)[C@H]1O.Cc1cc(=O)oc2cc(O)ccc12", "smiles_split": ["CC(=O)N[C@@H]1C(O)O[C@H](CO)[C@H](O)[C@H]1O", "Cc1cc(=O)oc2cc(O)ccc12"], "mapped_smiles": "[CH3:1][C:2](=[O:3])[NH:4][C@@H:5]1[CH:6]([OH:900])[O:20][C@H:21]([CH2:22][OH:23])[C@H:24]([OH:25])[C@H:26]1[OH:27].[OH:7][c:8]1[cH:9][cH:10][c:11]2[c:12]([CH3:13])[cH:14][c:15](=[O:16])[o:17][c:18]2[cH:19]1", "reacting_atoms": [6, 7], "template_id": "eee4f3ffeb59c84405247986d3d9b1cb", "template_set": ["bkms", "bkms"], "num_examples": 6, "necessary_reagent": "", "template_score": 0.011777334846556187, "rms_molwt": -199.84172199693094, "num_rings": -3, "plausibility": 1, "tforms": ["eee4f3ffeb59c84405247986d3d9b1cb", "cc4cb191396caa2d9689f115944d93d7"], "rank": 9, "score": -13830.585694058916}, {"smiles": "CC(=O)N[C@H]1C[C@@H](O)[C@@H](CO)O[C@H]1Oc1ccc2c(C)cc(=O)oc2c1", "smiles_split": ["CC(=O)N[C@H]1C[C@@H](O)[C@@H](CO)O[C@H]1Oc1ccc2c(C)cc(=O)oc2c1"], "mapped_smiles": "[CH3:1][C:2](=[O:3])[NH:4][C@@H:5]1[C@H:6]([O:7][c:8]2[cH:9][cH:10][c:11]3[c:12]([CH3:13])[cH:14][c:15](=[O:16])[o:17][c:18]3[cH:19]2)[O:20][C@H:21]([CH2:22][OH:23])[C@H:24]([OH:25])[CH2:26]1", "reacting_atoms": [26, 5], "template_id": "1e88af05e222f852e6c6826cd2d6b4d5", "template_set": ["bkms", "bkms", "bkms"], "num_examples": 112, "necessary_reagent": "[O]", "template_score": 0.02205713279545307, "rms_molwt": -363.131802012, "num_rings": -3, "plausibility": 1, "tforms": ["9f387abf2274fc73429ecccd1b168e7b", "a034de99c75fe18016182f108d443d26", "1e88af05e222f852e6c6826cd2d6b4d5"], "rank": 10, "score": -14183.436989054848}, {"smiles": "CC(=O)N[C@@H]1[C@H](Oc2ccc3c(C)cc(=O)oc3c2)O[C@H](CO)C[C@H]1O", "smiles_split": ["CC(=O)N[C@@H]1[C@H](Oc2ccc3c(C)cc(=O)oc3c2)O[C@H](CO)C[C@H]1O"], "mapped_smiles": "[CH3:1][C:2](=[O:3])[NH:4][C@@H:5]1[C@H:6]([O:7][c:8]2[cH:9][cH:10][c:11]3[c:12]([CH3:13])[cH:14][c:15](=[O:16])[o:17][c:18]3[cH:19]2)[O:20][C@H:21]([CH2:22][OH:23])[CH2:24][C@H:26]1[OH:27]", "reacting_atoms": [26, 24], "template_id": "1e88af05e222f852e6c6826cd2d6b4d5", "template_set": ["bkms", "bkms", "bkms"], "num_examples": 112, "necessary_reagent": "[O]", "template_score": 0.02205713279545307, "rms_molwt": -363.131802012, "num_rings": -3, "plausibility": 1, "tforms": ["9f387abf2274fc73429ecccd1b168e7b", "a034de99c75fe18016182f108d443d26", "1e88af05e222f852e6c6826cd2d6b4d5"], "rank": 11, "score": -14183.436989054848}, {"smiles": "CC(=O)N[C@H]1C(=O)[C@@H](O)[C@@H](CO)O[C@H]1Oc1ccc2c(C)cc(=O)oc2c1", "smiles_split": ["CC(=O)N[C@H]1C(=O)[C@@H](O)[C@@H](CO)O[C@H]1Oc1ccc2c(C)cc(=O)oc2c1"], "mapped_smiles": "[CH3:1][C:2](=[O:3])[NH:4][C@@H:5]1[C@H:6]([O:7][c:8]2[cH:9][cH:10][c:11]3[c:12]([CH3:13])[cH:14][c:15](=[O:16])[o:17][c:18]3[cH:19]2)[O:20][C@H:21]([CH2:22][OH:23])[C@H:24]([OH:25])[C:26]1=[O:27]", "reacting_atoms": [26, 5, 27], "template_id": "9d1cf9bfb3c450506eb1b20829d1d1cc", "template_set": ["bkms", "bkms", "bkms", "bkms"], "num_examples": 90, "necessary_reagent": "", "template_score": 0.020635822787880898, "rms_molwt": -377.111066568, "num_rings": -3, "plausibility": 1, "tforms": ["b590ea2ff6ab89045dfb94642c36bddd", "60c9970b3a1fdbabacebd3bd8eba0f23", "d207e8971f46bf66249602d3b3e93b2c", "9d1cf9bfb3c450506eb1b20829d1d1cc"], "rank": 12, "score": -15860.243259845645}, {"smiles": "CC(=O)N[C@@H]1[C@H](Oc2ccc3c(C)cc(=O)oc3c2)O[C@H](CO)C(=O)[C@H]1O", "smiles_split": ["CC(=O)N[C@@H]1[C@H](Oc2ccc3c(C)cc(=O)oc3c2)O[C@H](CO)C(=O)[C@H]1O"], "mapped_smiles": "[CH3:1][C:2](=[O:3])[NH:4][C@@H:5]1[C@H:6]([O:7][c:8]2[cH:9][cH:10][c:11]3[c:12]([CH3:13])[cH:14][c:15](=[O:16])[o:17][c:18]3[cH:19]2)[O:20][C@H:21]([CH2:22][OH:23])[C:24](=[O:25])[C@H:26]1[OH:27]", "reacting_atoms": [24, 25], "template_id": "9d1cf9bfb3c450506eb1b20829d1d1cc", "template_set": ["bkms", "bkms", "bkms", "bkms"], "num_examples": 90, "necessary_reagent": "", "template_score": 0.020635822787880898, "rms_molwt": -377.11106656799996, "num_rings": -3, "plausibility": 1, "tforms": ["b590ea2ff6ab89045dfb94642c36bddd", "60c9970b3a1fdbabacebd3bd8eba0f23", "d207e8971f46bf66249602d3b3e93b2c", "9d1cf9bfb3c450506eb1b20829d1d1cc"], "rank": 13, "score": -15860.243259845645}, {"smiles": "CC(=O)N[C@@H]1[C@H](Oc2ccc3c(C)cc(=O)oc3c2)O[C@H](CO)[C@H](O[C@@H]2O[C@@H](C)[C@@H](O)[C@@H](O)[C@@H]2O)[C@H]1O", "smiles_split": ["CC(=O)N[C@@H]1[C@H](Oc2ccc3c(C)cc(=O)oc3c2)O[C@H](CO)[C@H](O[C@@H]2O[C@@H](C)[C@@H](O)[C@@H](O)[C@@H]2O)[C@H]1O"], "mapped_smiles": "[CH3:1][C:2](=[O:3])[NH:4][C@@H:5]1[C@H:6]([O:7][c:8]2[cH:9][cH:10][c:11]3[c:12]([CH3:13])[cH:14][c:15](=[O:16])[o:17][c:18]3[cH:19]2)[O:20][C@H:21]([CH2:22][OH:23])[C@H:24]([O:25][C@@H:903]2[O:902][C@@H:901]([CH3:900])[C@@H:908]([OH:909])[C@@H:906]([OH:907])[C@@H:904]2[OH:905])[C@H:26]1[OH:27]", "reacting_atoms": [25, 24], "template_id": "3014739aa1c1dc39058e0828389a819b", "template_set": ["bkms"], "num_examples": 5, "necessary_reagent": "", "template_score": 0.04297497868537903, "rms_molwt": -525.1846254319998, "num_rings": -4, "plausibility": 1, "tforms": ["3014739aa1c1dc39058e0828389a819b"], "rank": 14, "score": -16095.264448823327}, {"smiles": "CC(=O)N[C@@H]1[C@H](Oc2ccc3c(C)cc(=O)oc3c2)O[C@H](CO[C@@H]2O[C@@H](C)[C@@H](O)[C@@H](O)[C@@H]2O)[C@H](O)[C@H]1O", "smiles_split": ["CC(=O)N[C@@H]1[C@H](Oc2ccc3c(C)cc(=O)oc3c2)O[C@H](CO[C@@H]2O[C@@H](C)[C@@H](O)[C@@H](O)[C@@H]2O)[C@H](O)[C@H]1O"], "mapped_smiles": "[CH3:1][C:2](=[O:3])[NH:4][C@@H:5]1[C@H:6]([O:7][c:8]2[cH:9][cH:10][c:11]3[c:12]([CH3:13])[cH:14][c:15](=[O:16])[o:17][c:18]3[cH:19]2)[O:20][C@H:21]([CH2:22][O:23][C@@H:903]2[O:902][C@@H:901]([CH3:900])[C@@H:908]([OH:909])[C@@H:906]([OH:907])[C@@H:904]2[OH:905])[C@H:24]([OH:25])[C@H:26]1[OH:27]", "reacting_atoms": [23], "template_id": "3014739aa1c1dc39058e0828389a819b", "template_set": ["bkms"], "num_examples": 5, "necessary_reagent": "", "template_score": 0.04297497868537903, "rms_molwt": -525.1846254319998, "num_rings": -4, "plausibility": 1, "tforms": ["3014739aa1c1dc39058e0828389a819b"], "rank": 15, "score": -16095.264448823327}]}