{"smiles": "CCCCC/C=C\\C/C=C\\C/C=C\\C/C=C\\C/C=C\\CCC(=O)O[C@@H](COC(=O)CCCCCCCCCCC/C=C\\CCCCCCCC)COC(=O)CCCCCCCCCCCCC", "sfscore": [0.42316970229148865, 0.6278530955314636], "chem_result": [{"smiles": "CCCCC/C=C\\C/C=C\\C/C=C\\C/C=C\\C/C=C\\CCC(=O)O[C@@H](COC(=O)CCCCCCCCCCC/C=C\\CCCCCCCC)COC(=O)CCCCCCCCCCCCC", "bw_confidence": 0.02490175558108133, "confidence": 0.14331759596174024, "rclass": "8 8.1 8.1.10", "children": [{"smiles": "CCCCC/C=C\\C/C=C\\C/C=C\\C/C=C\\C/C=C\\CCC(=O)O[C@@H](COC(=O)CCCCCCCCCCC/C=C\\CCCCCCCC)COC(O)CCCCCCCCCCCC"}, {"smiles": "ClCCl"}, {"smiles": "O=[Cr](=O)([O-])Cl~c1cc[nH+]cc1"}]}, {"smiles": "CCCCC/C=C\\C/C=C\\C/C=C\\C/C=C\\C/C=C\\CCC(=O)O[C@@H](COC(=O)CCCCCCCCCCC/C=C\\CCCCCCCC)COC(=O)CCCCCCCCCCCCC", "bw_confidence": 0.02407865627978918, "confidence": 0.030549232449627123, "rclass": "2 2.6 2.6.2", "children": [{"smiles": "CCCCC/C=C\\C/C=C\\C/C=C\\C/C=C\\C/C=C\\CCC(=O)O"}, {"smiles": "CCCCCCCC/C=C\\CCCCCCCCCCCC(=O)OC[C@@H](O)COC(=O)CCCCCCCCCCCCC"}]}, {"smiles": "CCCCC/C=C\\C/C=C\\C/C=C\\C/C=C\\C/C=C\\CCC(=O)O[C@@H](COC(=O)CCCCCCCCCCC/C=C\\CCCCCCCC)COC(=O)CCCCCCCCCCCCC", "bw_confidence": 0.01629296209853781, "confidence": 0.01745347791180444, "rclass": "11 11.5 11.5", "children": [{"smiles": "CCCCC/C=C\\C/C=C\\C/C=C\\C/C=C\\C/C=C\\CCC(=O)O[C@@H](COC(=O)CCCCCCCCCCC/C=C\\CCCCCCCC)COC(=O)CCCCCCCCCCCCC"}, {"smiles": "ClCCl"}, {"smiles": "O=C(O)C(F)(F)F"}]}, {"smiles": "CCCCC/C=C\\C/C=C\\C/C=C\\C/C=C\\C/C=C\\CCC(=O)O[C@@H](COC(=O)CCCCCCCCCCC/C=C\\CCCCCCCC)COC(=O)CCCCCCCCCCCCC", "bw_confidence": 0.014595051942482857, "confidence": 0.07795858396991774, "rclass": "0 0 0", "children": [{"smiles": "CCCCC/C=C\\C/C=C\\C/C=C\\C/C=C\\C/C=C\\CCC(=O)O[C@@H](CO)COC(=O)CCCCCCCCCCC/C=C\\CCCCCCCC"}, {"smiles": "ClCCl"}]}, {"smiles": "CCCCC/C=C\\C/C=C\\C/C=C\\C/C=C\\C/C=C\\CCC(=O)O[C@@H](COC(=O)CCCCCCCCCCC/C=C\\CCCCCCCC)COC(=O)CCCCCCCCCCCCC", "bw_confidence": 0.008104152730328258, "confidence": 0.019870766078341835, "rclass": "2 2.6 2.6.2", "children": [{"smiles": "CCCCC/C=C\\C/C=C\\C/C=C\\C/C=C\\C/C=C\\CCC(=O)O"}, {"smiles": "CCCCCCCC/C=C\\CCCCCCCCCCCC(=O)OC[C@@H](O)COC(=O)CCCCCCCCCCCCCC"}]}, {"smiles": "CCCCC/C=C\\C/C=C\\C/C=C\\C/C=C\\C/C=C\\CCC(=O)O[C@@H](COC(=O)CCCCCCCCCCC/C=C\\CCCCCCCC)COC(=O)CCCCCCCCCCCCC", "bw_confidence": 0.006767606139189449, "confidence": 0.5090707794380848, "rclass": "0 0 0", "children": [{"smiles": "C(=NC1CCCCC1)=NC1CCCCC1"}, {"smiles": "CCCCC/C=C\\C/C=C\\C/C=C\\C/C=C\\C/C=C\\CCC(=O)O"}, {"smiles": "CN(C)c1ccncc1"}, {"smiles": "ClCCl"}]}, {"smiles": "CCCCC/C=C\\C/C=C\\C/C=C\\C/C=C\\C/C=C\\CCC(=O)O[C@@H](COC(=O)CCCCCCCCCCC/C=C\\CCCCCCCC)COC(=O)CCCCCCCCCCCCC", "bw_confidence": 0.005001103670534544, "confidence": 0.02900581695572431, "rclass": "0 0 0", "children": [{"smiles": "CCCCC/C=C\\C/C=C\\C/C=C\\C/C=C\\C/C=C\\CCC(=O)O[C@@H](COC(=O)CCCCCCCCCCC/C=C\\CCCCCCCC)COC(=O)CCCCCCCCCCCCC"}, {"smiles": "CN(C)c1ccncc1"}, {"smiles": "ClCCl"}]}, {"smiles": "CCCCC/C=C\\C/C=C\\C/C=C\\C/C=C\\C/C=C\\CCC(=O)O[C@@H](COC(=O)CCCCCCCCCCC/C=C\\CCCCCCCC)COC(=O)CCCCCCCCCCCCC", "bw_confidence": 0.003970220973163965, "confidence": 0.0313434053858299, "rclass": "0 0 0", "children": [{"smiles": "CCCCC/C=C\\C/C=C\\C/C=C\\C/C=C\\C/C=C\\CCC(=O)O"}, {"smiles": "CCCCCCCC/C=C\\CCCCCCCCCCCC(=O)OC[C@@H](COC(=O)CCCCCCCCCCCCC)OC(=O)CCCCCCCCCCCC"}]}, {"smiles": "CCCCC/C=C\\C/C=C\\C/C=C\\C/C=C\\C/C=C\\CCC(=O)O[C@@H](COC(=O)CCCCCCCCCCC/C=C\\CCCCCCCC)COC(=O)CCCCCCCCCCCCC", "bw_confidence": 0.003425081471876725, "confidence": 0.02446280863201345, "rclass": "0 0 0", "children": [{"smiles": "CCCCC/C=C\\C/C=C\\C/C=C\\C/C=C\\C/C=C\\CCC(=O)O"}, {"smiles": "CCCCCCCC/C=C\\CCCCCCCCCCCC(=O)OC[C@@H](COC(=O)CCCCCCCCCCCCCC)OC(=O)CCCCCCCCCCCC"}]}, {"smiles": "CCCCC/C=C\\C/C=C\\C/C=C\\C/C=C\\C/C=C\\CCC(=O)O[C@@H](COC(=O)CCCCCCCCCCC/C=C\\CCCCCCCC)COC(=O)CCCCCCCCCCCCC", "bw_confidence": 0.00187529854603185, "confidence": 0.06576459028702776, "rclass": "2 2.6 2.6.9", "children": [{"smiles": "C(=NC1CCCCC1)=NC1CCCCC1"}, {"smiles": "CCCCC/C=C\\C/C=C\\C/C=C\\C/C=C\\C/C=C\\CCC(=O)O[C@@H](CO)COC(=O)CCCCCCCCCC/C=C\\CCCCCCCC"}, {"smiles": "CCCCCCCCCCCCC(=O)O"}, {"smiles": "CN(C)c1ccncc1"}, {"smiles": "ClCCl"}]}, {"smiles": "CCCCC/C=C\\C/C=C\\C/C=C\\C/C=C\\C/C=C\\CCC(=O)O[C@@H](COC(=O)CCCCCCCCCCC/C=C\\CCCCCCCC)COC(=O)CCCCCCCCCCCCC", "bw_confidence": 0.0011805846796932669, "confidence": 0.022999987200161234, "rclass": "0 0 0", "children": [{"smiles": "C(=NC1CCCCC1)=NC1CCCCC1"}, {"smiles": "CCCCC/C=C\\C/C=C\\C/C=C\\C/C=C\\C/C=C\\CCC(=O)O[C@@H](COC(=O)CCCCCCCCCCCC)COC(=O)CCCCCCCCCCC/C=C\\CCCCCCCC"}, {"smiles": "CN(C)c1ccncc1"}, {"smiles": "ClCCl"}]}, {"smiles": "CCCCC/C=C\\C/C=C\\C/C=C\\C/C=C\\C/C=C\\CCC(=O)O[C@@H](COC(=O)CCCCCCCCCCC/C=C\\CCCCCCCC)COC(=O)CCCCCCCCCCCCC", "bw_confidence": 0.000386708789278411, "confidence": 0.018120330666551426, "rclass": "11 11.5 11.5", "children": [{"smiles": "CCCCC/C=C\\C/C=C\\C/C=C\\C/C=C\\C/C=C\\CCC(=O)O[C@@H](COC(=O)CCCCCCCCCCC/C=C\\CCCCCCCC)COC(=O)CCCCCCCCCCCCC"}, {"smiles": "CCN=C=NCCCN(C)C~Cl"}, {"smiles": "CN(C)c1ccncc1"}, {"smiles": "ClCCl"}]}], "chem_bw_confidence_list": [0.02490175558108133, 0.02407865627978918, 0.01629296209853781, 0.014595051942482857, 0.008104152730328258, 0.006767606139189449, 0.005001103670534544, 0.003970220973163965, 0.003425081471876725, 0.00187529854603185, 0.0011805846796932669, 0.000386708789278411], "enzy_template_score_list": [0.8004822731018066, 0.8004822731018066, 0.8004822731018066, 0.8004822731018066, 0.8004822731018066, 0.040483877062797546, 0.047269728034734726, 0.047269728034734726, 0.047269728034734726, 0.007669225335121155, 0.007669225335121155, 0.007669225335121155, 0.007669225335121155, 0.007669225335121155, 0.0043676262721419334], "enzy_result": [{"smiles": "CCCCCCCC/C=C\\C/C=C\\C/C=C\\C/C=C\\CCC(=O)O[C@@H](COC(=O)CCCCCCCCCCC/C=C\\CCCCCCCC)COC(=O)CCCCCCCCCCCCC", "smiles_split": ["CCCCCCCC/C=C\\C/C=C\\C/C=C\\C/C=C\\CCC(=O)O[C@@H](COC(=O)CCCCCCCCCCC/C=C\\CCCCCCCC)COC(=O)CCCCCCCCCCCCC"], "mapped_smiles": "[CH3:1][CH2:2][CH2:3][CH2:4][CH2:5][CH2:6][CH2:7][CH2:8]/[CH:9]=[CH:10]\\[CH2:11]/[CH:12]=[CH:13]\\[CH2:14]/[CH:15]=[CH:16]\\[CH2:17]/[CH:18]=[CH:19]\\[CH2:20][CH2:21][C:22](=[O:23])[O:24][C@@H:25]([CH2:26][O:27][C:28](=[O:29])[CH2:30][CH2:31][CH2:32][CH2:33][CH2:34][CH2:35][CH2:36][CH2:37][CH2:38][CH2:39][CH2:40]/[CH:41]=[CH:42]\\[CH2:43][CH2:44][CH2:45][CH2:46][CH2:47][CH2:48][CH2:49][CH3:50])[CH2:51][O:52][C:53](=[O:54])[CH2:55][CH2:56][CH2:57][CH2:58][CH2:59][CH2:60][CH2:61][CH2:62][CH2:63][CH2:64][CH2:65][CH2:66][CH3:67]", "reacting_atoms": [7, 6], "template_id": "b8752864a144b4d488d51a312d4ebfdc", "template_set": ["bkms", "bkms", "bkms"], "num_examples": 64, "necessary_reagent": "", "template_score": 0.8004822731018066, "rms_molwt": -936.8145911759999, "num_rings": 0, "plausibility": 1, "tforms": ["71d96988ab3623c8d39bf0ee6519c85b", "4b5c01ce1dd3e508649493e134ba9f1c", "b8752864a144b4d488d51a312d4ebfdc"], "rank": 1, "score": -1372.7190574414585}, {"smiles": "CCCCC/C=C\\C/C=C\\CCCC/C=C\\C/C=C\\CCC(=O)O[C@@H](COC(=O)CCCCCCCCCCC/C=C\\CCCCCCCC)COC(=O)CCCCCCCCCCCCC", "smiles_split": ["CCCCC/C=C\\C/C=C\\CCCC/C=C\\C/C=C\\CCC(=O)O[C@@H](COC(=O)CCCCCCCCCCC/C=C\\CCCCCCCC)COC(=O)CCCCCCCCCCCCC"], "mapped_smiles": "[CH3:1][CH2:2][CH2:3][CH2:4][CH2:5]/[CH:6]=[CH:7]\\[CH2:8]/[CH:9]=[CH:10]\\[CH2:11][CH2:12][CH2:13][CH2:14]/[CH:15]=[CH:16]\\[CH2:17]/[CH:18]=[CH:19]\\[CH2:20][CH2:21][C:22](=[O:23])[O:24][C@@H:25]([CH2:26][O:27][C:28](=[O:29])[CH2:30][CH2:31][CH2:32][CH2:33][CH2:34][CH2:35][CH2:36][CH2:37][CH2:38][CH2:39][CH2:40]/[CH:41]=[CH:42]\\[CH2:43][CH2:44][CH2:45][CH2:46][CH2:47][CH2:48][CH2:49][CH3:50])[CH2:51][O:52][C:53](=[O:54])[CH2:55][CH2:56][CH2:57][CH2:58][CH2:59][CH2:60][CH2:61][CH2:62][CH2:63][CH2:64][CH2:65][CH2:66][CH3:67]", "reacting_atoms": [13, 12], "template_id": "b8752864a144b4d488d51a312d4ebfdc", "template_set": ["bkms", "bkms", "bkms"], "num_examples": 64, "necessary_reagent": "", "template_score": 0.8004822731018066, "rms_molwt": -936.8145911759999, "num_rings": 0, "plausibility": 1, "tforms": ["71d96988ab3623c8d39bf0ee6519c85b", "4b5c01ce1dd3e508649493e134ba9f1c", "b8752864a144b4d488d51a312d4ebfdc"], "rank": 2, "score": -1372.7190574414585}, {"smiles": "CCCCC/C=C\\C/C=C\\C/C=C\\CCCC/C=C\\CCC(=O)O[C@@H](COC(=O)CCCCCCCCCCC/C=C\\CCCCCCCC)COC(=O)CCCCCCCCCCCCC", "smiles_split": ["CCCCC/C=C\\C/C=C\\C/C=C\\CCCC/C=C\\CCC(=O)O[C@@H](COC(=O)CCCCCCCCCCC/C=C\\CCCCCCCC)COC(=O)CCCCCCCCCCCCC"], "mapped_smiles": "[CH3:1][CH2:2][CH2:3][CH2:4][CH2:5]/[CH:6]=[CH:7]\\[CH2:8]/[CH:9]=[CH:10]\\[CH2:11]/[CH:12]=[CH:13]\\[CH2:14][CH2:15][CH2:16][CH2:17]/[CH:18]=[CH:19]\\[CH2:20][CH2:21][C:22](=[O:23])[O:24][C@@H:25]([CH2:26][O:27][C:28](=[O:29])[CH2:30][CH2:31][CH2:32][CH2:33][CH2:34][CH2:35][CH2:36][CH2:37][CH2:38][CH2:39][CH2:40]/[CH:41]=[CH:42]\\[CH2:43][CH2:44][CH2:45][CH2:46][CH2:47][CH2:48][CH2:49][CH3:50])[CH2:51][O:52][C:53](=[O:54])[CH2:55][CH2:56][CH2:57][CH2:58][CH2:59][CH2:60][CH2:61][CH2:62][CH2:63][CH2:64][CH2:65][CH2:66][CH3:67]", "reacting_atoms": [16, 15], "template_id": "b8752864a144b4d488d51a312d4ebfdc", "template_set": ["bkms", "bkms", "bkms"], "num_examples": 64, "necessary_reagent": "", "template_score": 0.8004822731018066, "rms_molwt": -936.8145911759999, "num_rings": 0, "plausibility": 1, "tforms": ["71d96988ab3623c8d39bf0ee6519c85b", "4b5c01ce1dd3e508649493e134ba9f1c", "b8752864a144b4d488d51a312d4ebfdc"], "rank": 3, "score": -1372.7190574414585}, {"smiles": "CCCCC/C=C\\CCCC/C=C\\C/C=C\\C/C=C\\CCC(=O)O[C@@H](COC(=O)CCCCCCCCCCC/C=C\\CCCCCCCC)COC(=O)CCCCCCCCCCCCC", "smiles_split": ["CCCCC/C=C\\CCCC/C=C\\C/C=C\\C/C=C\\CCC(=O)O[C@@H](COC(=O)CCCCCCCCCCC/C=C\\CCCCCCCC)COC(=O)CCCCCCCCCCCCC"], "mapped_smiles": "[CH3:1][CH2:2][CH2:3][CH2:4][CH2:5]/[CH:6]=[CH:7]\\[CH2:8][CH2:9][CH2:10][CH2:11]/[CH:12]=[CH:13]\\[CH2:14]/[CH:15]=[CH:16]\\[CH2:17]/[CH:18]=[CH:19]\\[CH2:20][CH2:21][C:22](=[O:23])[O:24][C@@H:25]([CH2:26][O:27][C:28](=[O:29])[CH2:30][CH2:31][CH2:32][CH2:33][CH2:34][CH2:35][CH2:36][CH2:37][CH2:38][CH2:39][CH2:40]/[CH:41]=[CH:42]\\[CH2:43][CH2:44][CH2:45][CH2:46][CH2:47][CH2:48][CH2:49][CH3:50])[CH2:51][O:52][C:53](=[O:54])[CH2:55][CH2:56][CH2:57][CH2:58][CH2:59][CH2:60][CH2:61][CH2:62][CH2:63][CH2:64][CH2:65][CH2:66][CH3:67]", "reacting_atoms": [10, 9], "template_id": "b8752864a144b4d488d51a312d4ebfdc", "template_set": ["bkms", "bkms", "bkms"], "num_examples": 64, "necessary_reagent": "", "template_score": 0.8004822731018066, "rms_molwt": -936.8145911759999, "num_rings": 0, "plausibility": 1, "tforms": ["71d96988ab3623c8d39bf0ee6519c85b", "4b5c01ce1dd3e508649493e134ba9f1c", "b8752864a144b4d488d51a312d4ebfdc"], "rank": 4, "score": -1372.7190574414585}, {"smiles": "CCCCC/C=C\\C/C=C\\C/C=C\\C/C=C\\CCCCCC(=O)O[C@@H](COC(=O)CCCCCCCCCCC/C=C\\CCCCCCCC)COC(=O)CCCCCCCCCCCCC", "smiles_split": ["CCCCC/C=C\\C/C=C\\C/C=C\\C/C=C\\CCCCCC(=O)O[C@@H](COC(=O)CCCCCCCCCCC/C=C\\CCCCCCCC)COC(=O)CCCCCCCCCCCCC"], "mapped_smiles": "[CH3:1][CH2:2][CH2:3][CH2:4][CH2:5]/[CH:6]=[CH:7]\\[CH2:8]/[CH:9]=[CH:10]\\[CH2:11]/[CH:12]=[CH:13]\\[CH2:14]/[CH:15]=[CH:16]\\[CH2:17][CH2:18][CH2:19][CH2:20][CH2:21][C:22](=[O:23])[O:24][C@@H:25]([CH2:26][O:27][C:28](=[O:29])[CH2:30][CH2:31][CH2:32][CH2:33][CH2:34][CH2:35][CH2:36][CH2:37][CH2:38][CH2:39][CH2:40]/[CH:41]=[CH:42]\\[CH2:43][CH2:44][CH2:45][CH2:46][CH2:47][CH2:48][CH2:49][CH3:50])[CH2:51][O:52][C:53](=[O:54])[CH2:55][CH2:56][CH2:57][CH2:58][CH2:59][CH2:60][CH2:61][CH2:62][CH2:63][CH2:64][CH2:65][CH2:66][CH3:67]", "reacting_atoms": [18, 19], "template_id": "b8752864a144b4d488d51a312d4ebfdc", "template_set": ["bkms", "bkms", "bkms"], "num_examples": 64, "necessary_reagent": "", "template_score": 0.8004822731018066, "rms_molwt": -936.8145911759999, "num_rings": 0, "plausibility": 1, "tforms": ["71d96988ab3623c8d39bf0ee6519c85b", "4b5c01ce1dd3e508649493e134ba9f1c", "b8752864a144b4d488d51a312d4ebfdc"], "rank": 5, "score": -1372.7190574414585}, {"smiles": "CCCCC/C=C\\C/C=C\\C/C=C\\C/C=C\\C/C=C\\CCC(=O)O[C@H](COC(=O)CCCCCCCCCCCCC)COC(=O)CCCCCCCCCCCCCCCCCCCCC", "smiles_split": ["CCCCC/C=C\\C/C=C\\C/C=C\\C/C=C\\C/C=C\\CCC(=O)O[C@H](COC(=O)CCCCCCCCCCCCC)COC(=O)CCCCCCCCCCCCCCCCCCCCC"], "mapped_smiles": "[CH3:1][CH2:2][CH2:3][CH2:4][CH2:5]/[CH:6]=[CH:7]\\[CH2:8]/[CH:9]=[CH:10]\\[CH2:11]/[CH:12]=[CH:13]\\[CH2:14]/[CH:15]=[CH:16]\\[CH2:17]/[CH:18]=[CH:19]\\[CH2:20][CH2:21][C:22](=[O:23])[O:24][C@@H:25]([CH2:26][O:27][C:28](=[O:29])[CH2:30][CH2:31][CH2:32][CH2:33][CH2:34][CH2:35][CH2:36][CH2:37][CH2:38][CH2:39][CH2:40][CH2:41][CH2:42][CH2:43][CH2:44][CH2:45][CH2:46][CH2:47][CH2:48][CH2:49][CH3:50])[CH2:51][O:52][C:53](=[O:54])[CH2:55][CH2:56][CH2:57][CH2:58][CH2:59][CH2:60][CH2:61][CH2:62][CH2:63][CH2:64][CH2:65][CH2:66][CH3:67]", "reacting_atoms": [42, 41], "template_id": "4b5c01ce1dd3e508649493e134ba9f1c", "template_set": ["bkms"], "num_examples": 15, "necessary_reagent": "", "template_score": 0.040483877062797546, "rms_molwt": -936.8145911759999, "num_rings": 0, "plausibility": 1, "tforms": ["4b5c01ce1dd3e508649493e134ba9f1c"], "rank": 6, "score": -27142.58986920695}, {"smiles": "CCCCC/C=C\\C/C=C\\C/C=C\\C/C=C\\C/C=C\\CCC(=O)O[C@H](CO)COC(=O)CCCCCCCCCCC/C=C\\CCCCCCCC.CCCCCCCCCCCCCC(=O)SCCNC(=O)CCNC(=O)[C@H](O)C(C)(C)COP(=O)(O)OP(=O)(O)OC[C@H]1O[C@@H](n2cnc3c(N)ncnc32)[C@H](O)[C@@H]1OP(=O)(O)O", "smiles_split": ["CCCCC/C=C\\C/C=C\\C/C=C\\C/C=C\\C/C=C\\CCC(=O)O[C@H](CO)COC(=O)CCCCCCCCCCC/C=C\\CCCCCCCC", "CCCCCCCCCCCCCC(=O)SCCNC(=O)CCNC(=O)[C@H](O)C(C)(C)COP(=O)(O)OP(=O)(O)OC[C@H]1O[C@@H](n2cnc3c(N)ncnc32)[C@H](O)[C@@H]1OP(=O)(O)O"], "mapped_smiles": "[C:53](=[O:54])([CH2:55][CH2:56][CH2:57][CH2:58][CH2:59][CH2:60][CH2:61][CH2:62][CH2:63][CH2:64][CH2:65][CH2:66][CH3:67])[S:947][CH2:946][CH2:945][NH:944][C:942]([CH2:941][CH2:940][NH:939][C:937]([C@@H:935]([C:901]([CH3:900])([CH3:902])[CH2:903][O:904][P:905]([OH:906])(=[O:907])[O:908][P:909]([OH:910])(=[O:911])[O:912][CH2:913][C@H:914]1[O:915][C@@H:916]([n:917]2[cH:918][n:919][c:920]3[c:921]([NH2:922])[n:923][cH:924][n:925][c:926]23)[C@H:927]([OH:928])[C@@H:929]1[O:930][P:931]([OH:932])([OH:933])=[O:934])[OH:936])=[O:938])=[O:943].[CH3:1][CH2:2][CH2:3][CH2:4][CH2:5]/[CH:6]=[CH:7]\\[CH2:8]/[CH:9]=[CH:10]\\[CH2:11]/[CH:12]=[CH:13]\\[CH2:14]/[CH:15]=[CH:16]\\[CH2:17]/[CH:18]=[CH:19]\\[CH2:20][CH2:21][C:22](=[O:23])[O:24][C@@H:25]([CH2:26][O:27][C:28](=[O:29])[CH2:30][CH2:31][CH2:32][CH2:33][CH2:34][CH2:35][CH2:36][CH2:37][CH2:38][CH2:39][CH2:40]/[CH:41]=[CH:42]\\[CH2:43][CH2:44][CH2:45][CH2:46][CH2:47][CH2:48][CH2:49][CH3:50])[CH2:51][OH:52]", "reacting_atoms": [53, 52], "template_id": "4f507fe3c79f4d542f14417d7122ff5c", "template_set": ["bkms"], "num_examples": 31, "necessary_reagent": "", "template_score": 0.047269728034734726, "rms_molwt": -860.2871081739725, "num_rings": -3, "plausibility": 1, "tforms": ["4f507fe3c79f4d542f14417d7122ff5c"], "rank": 7, "score": -38359.201039490385}, {"smiles": "CCCCC/C=C\\C/C=C\\C/C=C\\C/C=C\\C/C=C\\CCC(=O)SCCNC(=O)CCNC(=O)[C@H](O)C(C)(C)COP(=O)(O)OP(=O)(O)OC[C@H]1O[C@@H](n2cnc3c(N)ncnc32)[C@H](O)[C@@H]1OP(=O)(O)O.CCCCCCCC/C=C\\CCCCCCCCCCCC(=O)OC[C@H](O)COC(=O)CCCCCCCCCCCCC", "smiles_split": ["CCCCC/C=C\\C/C=C\\C/C=C\\C/C=C\\C/C=C\\CCC(=O)SCCNC(=O)CCNC(=O)[C@H](O)C(C)(C)COP(=O)(O)OP(=O)(O)OC[C@H]1O[C@@H](n2cnc3c(N)ncnc32)[C@H](O)[C@@H]1OP(=O)(O)O", "CCCCCCCC/C=C\\CCCCCCCCCCCC(=O)OC[C@H](O)COC(=O)CCCCCCCCCCCCC"], "mapped_smiles": "[CH3:1][CH2:2][CH2:3][CH2:4][CH2:5]/[CH:6]=[CH:7]\\[CH2:8]/[CH:9]=[CH:10]\\[CH2:11]/[CH:12]=[CH:13]\\[CH2:14]/[CH:15]=[CH:16]\\[CH2:17]/[CH:18]=[CH:19]\\[CH2:20][CH2:21][C:22](=[O:23])[S:947][CH2:946][CH2:945][NH:944][C:942]([CH2:941][CH2:940][NH:939][C:937]([C@@H:935]([C:901]([CH3:900])([CH3:902])[CH2:903][O:904][P:905]([OH:906])(=[O:907])[O:908][P:909]([OH:910])(=[O:911])[O:912][CH2:913][C@H:914]1[O:915][C@@H:916]([n:917]2[cH:918][n:919][c:920]3[c:921]([NH2:922])[n:923][cH:924][n:925][c:926]23)[C@H:927]([OH:928])[C@@H:929]1[O:930][P:931]([OH:932])([OH:933])=[O:934])[OH:936])=[O:938])=[O:943].[OH:24][C@@H:25]([CH2:26][O:27][C:28](=[O:29])[CH2:30][CH2:31][CH2:32][CH2:33][CH2:34][CH2:35][CH2:36][CH2:37][CH2:38][CH2:39][CH2:40]/[CH:41]=[CH:42]\\[CH2:43][CH2:44][CH2:45][CH2:46][CH2:47][CH2:48][CH2:49][CH3:50])[CH2:51][O:52][C:53](=[O:54])[CH2:55][CH2:56][CH2:57][CH2:58][CH2:59][CH2:60][CH2:61][CH2:62][CH2:63][CH2:64][CH2:65][CH2:66][CH3:67]", "reacting_atoms": [22, 24], "template_id": "4f507fe3c79f4d542f14417d7122ff5c", "template_set": ["bkms"], "num_examples": 31, "necessary_reagent": "", "template_score": 0.047269728034734726, "rms_molwt": -881.0766591679441, "num_rings": -3, "plausibility": 1, "tforms": ["4f507fe3c79f4d542f14417d7122ff5c"], "rank": 8, "score": -38997.88823465435}, {"smiles": "CCCCC/C=C\\C/C=C\\C/C=C\\C/C=C\\C/C=C\\CCC(=O)O[C@@H](CO)COC(=O)CCCCCCCCCCCCC.CCCCCCCC/C=C\\CCCCCCCCCCCC(=O)SCCNC(=O)CCNC(=O)[C@H](O)C(C)(C)COP(=O)(O)OP(=O)(O)OC[C@H]1O[C@@H](n2cnc3c(N)ncnc32)[C@H](O)[C@@H]1OP(=O)(O)O", "smiles_split": ["CCCCC/C=C\\C/C=C\\C/C=C\\C/C=C\\C/C=C\\CCC(=O)O[C@@H](CO)COC(=O)CCCCCCCCCCCCC", "CCCCCCCC/C=C\\CCCCCCCCCCCC(=O)SCCNC(=O)CCNC(=O)[C@H](O)C(C)(C)COP(=O)(O)OP(=O)(O)OC[C@H]1O[C@@H](n2cnc3c(N)ncnc32)[C@H](O)[C@@H]1OP(=O)(O)O"], "mapped_smiles": "[C:28](=[O:29])([CH2:30][CH2:31][CH2:32][CH2:33][CH2:34][CH2:35][CH2:36][CH2:37][CH2:38][CH2:39][CH2:40]/[CH:41]=[CH:42]\\[CH2:43][CH2:44][CH2:45][CH2:46][CH2:47][CH2:48][CH2:49][CH3:50])[S:947][CH2:946][CH2:945][NH:944][C:942]([CH2:941][CH2:940][NH:939][C:937]([C@@H:935]([C:901]([CH3:900])([CH3:902])[CH2:903][O:904][P:905]([OH:906])(=[O:907])[O:908][P:909]([OH:910])(=[O:911])[O:912][CH2:913][C@H:914]1[O:915][C@@H:916]([n:917]2[cH:918][n:919][c:920]3[c:921]([NH2:922])[n:923][cH:924][n:925][c:926]23)[C@H:927]([OH:928])[C@@H:929]1[O:930][P:931]([OH:932])([OH:933])=[O:934])[OH:936])=[O:938])=[O:943].[CH3:1][CH2:2][CH2:3][CH2:4][CH2:5]/[CH:6]=[CH:7]\\[CH2:8]/[CH:9]=[CH:10]\\[CH2:11]/[CH:12]=[CH:13]\\[CH2:14]/[CH:15]=[CH:16]\\[CH2:17]/[CH:18]=[CH:19]\\[CH2:20][CH2:21][C:22](=[O:23])[O:24][C@@H:25]([CH2:26][OH:27])[CH2:51][O:52][C:53](=[O:54])[CH2:55][CH2:56][CH2:57][CH2:58][CH2:59][CH2:60][CH2:61][CH2:62][CH2:63][CH2:64][CH2:65][CH2:66][CH3:67]", "reacting_atoms": [28, 27], "template_id": "4f507fe3c79f4d542f14417d7122ff5c", "template_set": ["bkms"], "num_examples": 31, "necessary_reagent": "", "template_score": 0.047269728034734726, "rms_molwt": -883.2010735248039, "num_rings": -3, "plausibility": 1, "tforms": ["4f507fe3c79f4d542f14417d7122ff5c"], "rank": 9, "score": -38997.88823465435}, {"smiles": "CCCCC/C=C\\C/C=C\\C/C=C\\CC1OC1C/C=C\\CCC(=O)O[C@@H](COC(=O)CCCCCCCCCCC/C=C\\CCCCCCCC)COC(=O)CCCCCCCCCCCCC", "smiles_split": ["CCCCC/C=C\\C/C=C\\C/C=C\\CC1OC1C/C=C\\CCC(=O)O[C@@H](COC(=O)CCCCCCCCCCC/C=C\\CCCCCCCC)COC(=O)CCCCCCCCCCCCC"], "mapped_smiles": "[CH3:1][CH2:2][CH2:3][CH2:4][CH2:5]/[CH:6]=[CH:7]\\[CH2:8]/[CH:9]=[CH:10]\\[CH2:11]/[CH:12]=[CH:13]\\[CH2:14][CH:15]1[CH:16]([CH2:17]/[CH:18]=[CH:19]\\[CH2:20][CH2:21][C:22](=[O:23])[O:24][C@@H:25]([CH2:26][O:27][C:28](=[O:29])[CH2:30][CH2:31][CH2:32][CH2:33][CH2:34][CH2:35][CH2:36][CH2:37][CH2:38][CH2:39][CH2:40]/[CH:41]=[CH:42]\\[CH2:43][CH2:44][CH2:45][CH2:46][CH2:47][CH2:48][CH2:49][CH3:50])[CH2:51][O:52][C:53](=[O:54])[CH2:55][CH2:56][CH2:57][CH2:58][CH2:59][CH2:60][CH2:61][CH2:62][CH2:63][CH2:64][CH2:65][CH2:66][CH3:67])[O:900]1", "reacting_atoms": [16, 15], "template_id": "f37b459db04d0833960add5ede2a1b07", "template_set": ["bkms", "bkms"], "num_examples": 3, "necessary_reagent": "", "template_score": 0.007669225335121155, "rms_molwt": -950.793855732, "num_rings": -1, "plausibility": 1, "tforms": ["f37b459db04d0833960add5ede2a1b07", "f50376c0409518f641b57885a7fb7b10"], "rank": 10, "score": -147170.1290900823}, {"smiles": "CCCCC/C=C\\C/C=C\\C/C=C\\C/C=C\\CC1OC1CCC(=O)O[C@@H](COC(=O)CCCCCCCCCCC/C=C\\CCCCCCCC)COC(=O)CCCCCCCCCCCCC", "smiles_split": ["CCCCC/C=C\\C/C=C\\C/C=C\\C/C=C\\CC1OC1CCC(=O)O[C@@H](COC(=O)CCCCCCCCCCC/C=C\\CCCCCCCC)COC(=O)CCCCCCCCCCCCC"], "mapped_smiles": "[CH3:1][CH2:2][CH2:3][CH2:4][CH2:5]/[CH:6]=[CH:7]\\[CH2:8]/[CH:9]=[CH:10]\\[CH2:11]/[CH:12]=[CH:13]\\[CH2:14]/[CH:15]=[CH:16]\\[CH2:17][CH:18]1[CH:19]([CH2:20][CH2:21][C:22](=[O:23])[O:24][C@@H:25]([CH2:26][O:27][C:28](=[O:29])[CH2:30][CH2:31][CH2:32][CH2:33][CH2:34][CH2:35][CH2:36][CH2:37][CH2:38][CH2:39][CH2:40]/[CH:41]=[CH:42]\\[CH2:43][CH2:44][CH2:45][CH2:46][CH2:47][CH2:48][CH2:49][CH3:50])[CH2:51][O:52][C:53](=[O:54])[CH2:55][CH2:56][CH2:57][CH2:58][CH2:59][CH2:60][CH2:61][CH2:62][CH2:63][CH2:64][CH2:65][CH2:66][CH3:67])[O:900]1", "reacting_atoms": [18, 19], "template_id": "f37b459db04d0833960add5ede2a1b07", "template_set": ["bkms"], "num_examples": 2, "necessary_reagent": "", "template_score": 0.007669225335121155, "rms_molwt": -950.793855732, "num_rings": -1, "plausibility": 1, "tforms": ["f37b459db04d0833960add5ede2a1b07"], "rank": 11, "score": -147170.1290900823}, {"smiles": "CCCCC/C=C\\C/C=C\\CC1OC1C/C=C\\C/C=C\\CCC(=O)O[C@@H](COC(=O)CCCCCCCCCCC/C=C\\CCCCCCCC)COC(=O)CCCCCCCCCCCCC", "smiles_split": ["CCCCC/C=C\\C/C=C\\CC1OC1C/C=C\\C/C=C\\CCC(=O)O[C@@H](COC(=O)CCCCCCCCCCC/C=C\\CCCCCCCC)COC(=O)CCCCCCCCCCCCC"], "mapped_smiles": "[CH3:1][CH2:2][CH2:3][CH2:4][CH2:5]/[CH:6]=[CH:7]\\[CH2:8]/[CH:9]=[CH:10]\\[CH2:11][CH:12]1[CH:13]([CH2:14]/[CH:15]=[CH:16]\\[CH2:17]/[CH:18]=[CH:19]\\[CH2:20][CH2:21][C:22](=[O:23])[O:24][C@@H:25]([CH2:26][O:27][C:28](=[O:29])[CH2:30][CH2:31][CH2:32][CH2:33][CH2:34][CH2:35][CH2:36][CH2:37][CH2:38][CH2:39][CH2:40]/[CH:41]=[CH:42]\\[CH2:43][CH2:44][CH2:45][CH2:46][CH2:47][CH2:48][CH2:49][CH3:50])[CH2:51][O:52][C:53](=[O:54])[CH2:55][CH2:56][CH2:57][CH2:58][CH2:59][CH2:60][CH2:61][CH2:62][CH2:63][CH2:64][CH2:65][CH2:66][CH3:67])[O:900]1", "reacting_atoms": [13, 12], "template_id": "f37b459db04d0833960add5ede2a1b07", "template_set": ["bkms", "bkms"], "num_examples": 3, "necessary_reagent": "", "template_score": 0.007669225335121155, "rms_molwt": -950.793855732, "num_rings": -1, "plausibility": 1, "tforms": ["f37b459db04d0833960add5ede2a1b07", "f50376c0409518f641b57885a7fb7b10"], "rank": 12, "score": -147170.1290900823}, {"smiles": "CCCCC/C=C\\CC1OC1C/C=C\\C/C=C\\C/C=C\\CCC(=O)O[C@@H](COC(=O)CCCCCCCCCCC/C=C\\CCCCCCCC)COC(=O)CCCCCCCCCCCCC", "smiles_split": ["CCCCC/C=C\\CC1OC1C/C=C\\C/C=C\\C/C=C\\CCC(=O)O[C@@H](COC(=O)CCCCCCCCCCC/C=C\\CCCCCCCC)COC(=O)CCCCCCCCCCCCC"], "mapped_smiles": "[CH3:1][CH2:2][CH2:3][CH2:4][CH2:5]/[CH:6]=[CH:7]\\[CH2:8][CH:9]1[CH:10]([CH2:11]/[CH:12]=[CH:13]\\[CH2:14]/[CH:15]=[CH:16]\\[CH2:17]/[CH:18]=[CH:19]\\[CH2:20][CH2:21][C:22](=[O:23])[O:24][C@@H:25]([CH2:26][O:27][C:28](=[O:29])[CH2:30][CH2:31][CH2:32][CH2:33][CH2:34][CH2:35][CH2:36][CH2:37][CH2:38][CH2:39][CH2:40]/[CH:41]=[CH:42]\\[CH2:43][CH2:44][CH2:45][CH2:46][CH2:47][CH2:48][CH2:49][CH3:50])[CH2:51][O:52][C:53](=[O:54])[CH2:55][CH2:56][CH2:57][CH2:58][CH2:59][CH2:60][CH2:61][CH2:62][CH2:63][CH2:64][CH2:65][CH2:66][CH3:67])[O:900]1", "reacting_atoms": [10, 9], "template_id": "f37b459db04d0833960add5ede2a1b07", "template_set": ["bkms", "bkms"], "num_examples": 3, "necessary_reagent": "", "template_score": 0.007669225335121155, "rms_molwt": -950.793855732, "num_rings": -1, "plausibility": 1, "tforms": ["f37b459db04d0833960add5ede2a1b07", "f50376c0409518f641b57885a7fb7b10"], "rank": 13, "score": -147170.1290900823}, {"smiles": "CCCCCCCC/C=C\\CCCCCCCCCCCC(=O)OC[C@@H](COC(=O)CCCCCCCCCCCCC)OC(=O)CC/C=C\\C/C=C\\C/C=C\\C/C=C\\CC1OC1CCCCC", "smiles_split": ["CCCCCCCC/C=C\\CCCCCCCCCCCC(=O)OC[C@@H](COC(=O)CCCCCCCCCCCCC)OC(=O)CC/C=C\\C/C=C\\C/C=C\\C/C=C\\CC1OC1CCCCC"], "mapped_smiles": "[CH3:1][CH2:2][CH2:3][CH2:4][CH2:5][CH:6]1[CH:7]([CH2:8]/[CH:9]=[CH:10]\\[CH2:11]/[CH:12]=[CH:13]\\[CH2:14]/[CH:15]=[CH:16]\\[CH2:17]/[CH:18]=[CH:19]\\[CH2:20][CH2:21][C:22](=[O:23])[O:24][C@@H:25]([CH2:26][O:27][C:28](=[O:29])[CH2:30][CH2:31][CH2:32][CH2:33][CH2:34][CH2:35][CH2:36][CH2:37][CH2:38][CH2:39][CH2:40]/[CH:41]=[CH:42]\\[CH2:43][CH2:44][CH2:45][CH2:46][CH2:47][CH2:48][CH2:49][CH3:50])[CH2:51][O:52][C:53](=[O:54])[CH2:55][CH2:56][CH2:57][CH2:58][CH2:59][CH2:60][CH2:61][CH2:62][CH2:63][CH2:64][CH2:65][CH2:66][CH3:67])[O:900]1", "reacting_atoms": [7, 6], "template_id": "f37b459db04d0833960add5ede2a1b07", "template_set": ["bkms"], "num_examples": 2, "necessary_reagent": "", "template_score": 0.007669225335121155, "rms_molwt": -950.793855732, "num_rings": -1, "plausibility": 1, "tforms": ["f37b459db04d0833960add5ede2a1b07"], "rank": 14, "score": -147170.1290900823}, {"smiles": "CCCCC/C=C\\C/C=C\\C/C=C\\C[C@H]1O[C@H]1C/C=C\\CCC(=O)O[C@@H](COC(=O)CCCCCCCCCCC/C=C\\CCCCCCCC)COC(=O)CCCCCCCCCCCCC", "smiles_split": ["CCCCC/C=C\\C/C=C\\C/C=C\\C[C@H]1O[C@H]1C/C=C\\CCC(=O)O[C@@H](COC(=O)CCCCCCCCCCC/C=C\\CCCCCCCC)COC(=O)CCCCCCCCCCCCC"], "mapped_smiles": "[CH3:1][CH2:2][CH2:3][CH2:4][CH2:5]/[CH:6]=[CH:7]\\[CH2:8]/[CH:9]=[CH:10]\\[CH2:11]/[CH:12]=[CH:13]\\[CH2:14][C@@H:15]1[C@H:16]([CH2:17]/[CH:18]=[CH:19]\\[CH2:20][CH2:21][C:22](=[O:23])[O:24][C@@H:25]([CH2:26][O:27][C:28](=[O:29])[CH2:30][CH2:31][CH2:32][CH2:33][CH2:34][CH2:35][CH2:36][CH2:37][CH2:38][CH2:39][CH2:40]/[CH:41]=[CH:42]\\[CH2:43][CH2:44][CH2:45][CH2:46][CH2:47][CH2:48][CH2:49][CH3:50])[CH2:51][O:52][C:53](=[O:54])[CH2:55][CH2:56][CH2:57][CH2:58][CH2:59][CH2:60][CH2:61][CH2:62][CH2:63][CH2:64][CH2:65][CH2:66][CH3:67])[O:900]1", "reacting_atoms": [16, 15], "template_id": "ad3007caa2d9d24b2943dff1eedecddc", "template_set": ["bkms"], "num_examples": 1, "necessary_reagent": "", "template_score": 0.0043676262721419334, "rms_molwt": -950.793855732, "num_rings": -1, "plausibility": 1, "tforms": ["ad3007caa2d9d24b2943dff1eedecddc"], "rank": 15, "score": -262083.06555252624}]}