{"smiles": "CC/C=C\\C/C=C\\C/C=C\\CCCCCCCC(=O)OC[C@@H](COC(=O)CCCCCCCCC/C=C\\C/C=C\\CCCC)OC(=O)CCCCCCCCCCC/C=C\\CCCCCCCC", "sfscore": [0.4185980558395386, 0.6341216564178467], "chem_result": [{"smiles": "CC/C=C\\C/C=C\\C/C=C\\CCCCCCCC(=O)OC[C@@H](COC(=O)CCCCCCCCC/C=C\\C/C=C\\CCCC)OC(=O)CCCCCCCCCCC/C=C\\CCCCCCCC", "bw_confidence": 0.03150931426353053, "confidence": 0.015733220024416458, "rclass": "11 11.5 11.5", "children": [{"smiles": "CC/C=C\\C/C=C\\CCCCCCCCC(=O)OC[C@@H](COC(=O)CCCCCCCCC/C=C\\C/C=C\\CCCC)OC(=O)CCCCCCCCCCC/C=C\\CCCC"}, {"smiles": "ClCCl"}, {"smiles": "O=[Cr](=O)([O-])Cl~c1cc[nH+]cc1"}]}, {"smiles": "CC/C=C\\C/C=C\\C/C=C\\CCCCCCCC(=O)OC[C@@H](COC(=O)CCCCCCCCC/C=C\\C/C=C\\CCCC)OC(=O)CCCCCCCCCCC/C=C\\CCCCCCCC", "bw_confidence": 0.020419306018410962, "confidence": 0.02446240036825504, "rclass": "0 0 0", "children": [{"smiles": "CC/C=C\\C/C=C\\CCCCCCCC(=O)OC[C@@H](COC(=O)CCCCCCCCC/C=C\\C/C=C\\CCCC)OC(=O)CCCCCCCCCC/C=C\\CCCC"}, {"smiles": "CC/C=C\\C/C=C\\CCCCCCCCC(=O)O"}]}, {"smiles": "CC/C=C\\C/C=C\\C/C=C\\CCCCCCCC(=O)OC[C@@H](COC(=O)CCCCCCCCC/C=C\\C/C=C\\CCCC)OC(=O)CCCCCCCCCCC/C=C\\CCCCCCCC", "bw_confidence": 0.014710925229861721, "confidence": 0.47939548599259824, "rclass": "0 0 0", "children": [{"smiles": "C(=NC1CCCCC1)=NC1CCCCC1"}, {"smiles": "CC/C=C\\C/C=C\\CCCCCCCCC(=O)O"}, {"smiles": "CN(C)c1ccncc1"}, {"smiles": "ClCCl"}, {"smiles": "OCC(O)CO"}]}, {"smiles": "CC/C=C\\C/C=C\\C/C=C\\CCCCCCCC(=O)OC[C@@H](COC(=O)CCCCCCCCC/C=C\\C/C=C\\CCCC)OC(=O)CCCCCCCCCCC/C=C\\CCCCCCCC", "bw_confidence": 0.011214356046389236, "confidence": 0.01076062860692682, "rclass": "0 0 0", "children": [{"smiles": "CC/C=C\\C/C=C\\CCCCCCCC(=O)OC[C@@H](COC(=O)CCCCCCCCC/C=C\\C/C=C\\CCCC)OC(=O)CCCCCCCCCCC/C=C\\CCCC"}, {"smiles": "ClCCl"}, {"smiles": "O=C(O)C(F)(F)F"}]}, {"smiles": "CC/C=C\\C/C=C\\C/C=C\\CCCCCCCC(=O)OC[C@@H](COC(=O)CCCCCCCCC/C=C\\C/C=C\\CCCC)OC(=O)CCCCCCCCCCC/C=C\\CCCCCCCC", "bw_confidence": 0.01094419627381141, "confidence": 0.08445566725870184, "rclass": "2 2.6 2.6.2", "children": [{"smiles": "CC/C=C\\C/C=C\\CCCCCCCCC(=O)OC[C@H](O)COC(=O)CCCCCCCCC/C=C\\C/C=C\\CCCC"}, {"smiles": "CCCCCCCC/C=C\\CCCCCCCCCC(=O)O"}]}, {"smiles": "CC/C=C\\C/C=C\\C/C=C\\CCCCCCCC(=O)OC[C@@H](COC(=O)CCCCCCCCC/C=C\\C/C=C\\CCCC)OC(=O)CCCCCCCCCCC/C=C\\CCCCCCCC", "bw_confidence": 0.0060680833216681775, "confidence": 0.007355409990741138, "rclass": "0 0 0", "children": [{"smiles": "CC/C=C\\C/C=C\\CCCCCCCCC(=O)OC[C@@H](COC(=O)CCCCCCCCC/C=C\\C/C=C\\CCCC)OC(=O)CCCCCCCCCCC/C=C\\CCCC"}, {"smiles": "CN(C)c1ccncc1"}, {"smiles": "ClCCl"}]}, {"smiles": "CC/C=C\\C/C=C\\C/C=C\\CCCCCCCC(=O)OC[C@@H](COC(=O)CCCCCCCCC/C=C\\C/C=C\\CCCC)OC(=O)CCCCCCCCCCC/C=C\\CCCCCCCC", "bw_confidence": 0.0017772918785613117, "confidence": 0.030185477603040536, "rclass": "2 2.6 2.6.14", "children": [{"smiles": "CC/C=C\\C/C=C\\CCCCCCCCC(=O)OC[C@H](O)COC(=O)CCCCCCCCC/C=C\\C/C=C\\CCCC"}, {"smiles": "CCCC/C=C\\C/C=C\\CCCCCCCCCCC(=O)OC[C@@H](O)COC(=O)CCCCCCCCC/C=C\\CCCCCCCC"}]}, {"smiles": "CC/C=C\\C/C=C\\C/C=C\\CCCCCCCC(=O)OC[C@@H](COC(=O)CCCCCCCCC/C=C\\C/C=C\\CCCC)OC(=O)CCCCCCCCCCC/C=C\\CCCCCCCC", "bw_confidence": 0.0014737921081280124, "confidence": 0.06792854954692656, "rclass": "1 1.7 1.7.9", "children": [{"smiles": "CC/C=C\\C/C=C\\CCCCCCCCC(=O)OC[C@@H](COC(=O)CCCCCCCCC/C=C\\C/C=C\\CCCC)OS(C)(=O)=O"}, {"smiles": "CCCC/C=C\\C/C=C\\CCCCCCCCC(=O)O"}]}, {"smiles": "CC/C=C\\C/C=C\\C/C=C\\CCCCCCCC(=O)OC[C@@H](COC(=O)CCCCCCCCC/C=C\\C/C=C\\CCCC)OC(=O)CCCCCCCCCCC/C=C\\CCCCCCCC", "bw_confidence": 0.0009271354975633738, "confidence": 0.23279214715519234, "rclass": "7 7.9 7.9.8", "children": [{"smiles": "CC(=O)[O-]~CC(=O)[O-]~[Pb+2]~[Pd]"}, {"smiles": "CCC#CC/C=C\\C/C=C\\CCCCCCCCC(=O)OC[C@@H](COC(=O)CCCCCCCCC/C=C\\C/C=C\\CCCC)OC(=O)CCCCCCCCCC/C=C\\CCCC"}, {"smiles": "CCO"}]}, {"smiles": "CC/C=C\\C/C=C\\C/C=C\\CCCCCCCC(=O)OC[C@@H](COC(=O)CCCCCCCCC/C=C\\C/C=C\\CCCC)OC(=O)CCCCCCCCCCC/C=C\\CCCCCCCC", "bw_confidence": 0.0008167094897810939, "confidence": 0.0136586577504842, "rclass": "11 11.7 11.7", "children": [{"smiles": "CC/C=C\\C/C=C\\CCCCCCCCC(=O)OC[C@@H](COC(=O)CCCCCCCCC/C=C\\C/C=C\\CCCC)OC(=O)CCCCCCCCCC/C=C\\CCCC"}, {"smiles": "CC/C=C\\C/C=C\\CCCCCCCCC(=O)OC[C@H](COC(=O)CCCCCCCCC/C=C\\C/C=C\\CCCC)OC(=O)CCCCCCCCCC/C=C\\CCCC"}]}, {"smiles": "CC/C=C\\C/C=C\\C/C=C\\CCCCCCCC(=O)OC[C@@H](COC(=O)CCCCCCCCC/C=C\\C/C=C\\CCCC)OC(=O)CCCCCCCCCCC/C=C\\CCCCCCCC", "bw_confidence": 0.0007885011585278842, "confidence": 0.009880249240779891, "rclass": "0 0 0", "children": [{"smiles": "CC/C=C\\C/C=C\\CCCCCCCCC(=O)OC[C@H](COC(=O)CCCCCCCCC/C=C\\C/C=C\\CCCC)OC(=O)CCCCCCCCCC/C=C\\CCCC"}, {"smiles": "CCCCCCCC/C=C\\CCCCCCCCC(=O)O"}]}], "chem_bw_confidence_list": [0.03150931426353053, 0.020419306018410962, 0.014710925229861721, 0.011214356046389236, 0.01094419627381141, 0.0060680833216681775, 0.0017772918785613117, 0.0014737921081280124, 0.0009271354975633738, 0.0008167094897810939, 0.0007885011585278842], "enzy_template_score_list": [0.8176040053367615, 0.8176040053367615, 0.8176040053367615, 0.8176040053367615, 0.8176040053367615, 0.10972500592470169, 0.013613415881991386, 0.013613415881991386, 0.013613415881991386, 0.013613415881991386, 0.013613415881991386, 0.013613415881991386, 0.013613415881991386, 0.013613415881991386, 0.013613415881991386], "enzy_result": [{"smiles": "CC/C=C\\C/C=C\\C/C=C\\CCCCCCCC(=O)OC[C@@H](COC(=O)CCCCCCCCCCCC/C=C\\CCCC)OC(=O)CCCCCCCCCCC/C=C\\CCCCCCCC", "smiles_split": ["CC/C=C\\C/C=C\\C/C=C\\CCCCCCCC(=O)OC[C@@H](COC(=O)CCCCCCCCCCCC/C=C\\CCCC)OC(=O)CCCCCCCCCCC/C=C\\CCCCCCCC"], "mapped_smiles": "[CH3:1][CH2:2]/[CH:3]=[CH:4]\\[CH2:5]/[CH:6]=[CH:7]\\[CH2:8]/[CH:9]=[CH:10]\\[CH2:11][CH2:12][CH2:13][CH2:14][CH2:15][CH2:16][CH2:17][C:18](=[O:19])[O:20][CH2:21][C@@H:22]([CH2:23][O:24][C:25](=[O:26])[CH2:27][CH2:28][CH2:29][CH2:30][CH2:31][CH2:32][CH2:33][CH2:34][CH2:35][CH2:36][CH2:37][CH2:38]/[CH:39]=[CH:40]\\[CH2:41][CH2:42][CH2:43][CH3:44])[O:45][C:46](=[O:47])[CH2:48][CH2:49][CH2:50][CH2:51][CH2:52][CH2:53][CH2:54][CH2:55][CH2:56][CH2:57][CH2:58]/[CH:59]=[CH:60]\\[CH2:61][CH2:62][CH2:63][CH2:64][CH2:65][CH2:66][CH2:67][CH3:68]", "reacting_atoms": [37, 36], "template_id": "b8752864a144b4d488d51a312d4ebfdc", "template_set": ["bkms", "bkms", "bkms"], "num_examples": 64, "necessary_reagent": "", "template_score": 0.8176040053367615, "rms_molwt": -950.83024124, "num_rings": 0, "plausibility": 1, "tforms": ["71d96988ab3623c8d39bf0ee6519c85b", "4b5c01ce1dd3e508649493e134ba9f1c", "b8752864a144b4d488d51a312d4ebfdc"], "rank": 1, "score": -1374.1184275451947}, {"smiles": "CC/C=C\\C/C=C\\C/C=C\\CCCCCCCC(=O)OC[C@@H](COC(=O)CCCCCCCCC/C=C\\CCCCCCC)OC(=O)CCCCCCCCCCC/C=C\\CCCCCCCC", "smiles_split": ["CC/C=C\\C/C=C\\C/C=C\\CCCCCCCC(=O)OC[C@@H](COC(=O)CCCCCCCCC/C=C\\CCCCCCC)OC(=O)CCCCCCCCCCC/C=C\\CCCCCCCC"], "mapped_smiles": "[CH3:1][CH2:2]/[CH:3]=[CH:4]\\[CH2:5]/[CH:6]=[CH:7]\\[CH2:8]/[CH:9]=[CH:10]\\[CH2:11][CH2:12][CH2:13][CH2:14][CH2:15][CH2:16][CH2:17][C:18](=[O:19])[O:20][CH2:21][C@@H:22]([CH2:23][O:24][C:25](=[O:26])[CH2:27][CH2:28][CH2:29][CH2:30][CH2:31][CH2:32][CH2:33][CH2:34][CH2:35]/[CH:36]=[CH:37]\\[CH2:38][CH2:39][CH2:40][CH2:41][CH2:42][CH2:43][CH3:44])[O:45][C:46](=[O:47])[CH2:48][CH2:49][CH2:50][CH2:51][CH2:52][CH2:53][CH2:54][CH2:55][CH2:56][CH2:57][CH2:58]/[CH:59]=[CH:60]\\[CH2:61][CH2:62][CH2:63][CH2:64][CH2:65][CH2:66][CH2:67][CH3:68]", "reacting_atoms": [39, 40], "template_id": "b8752864a144b4d488d51a312d4ebfdc", "template_set": ["bkms", "bkms", "bkms"], "num_examples": 64, "necessary_reagent": "", "template_score": 0.8176040053367615, "rms_molwt": -950.83024124, "num_rings": 0, "plausibility": 1, "tforms": ["71d96988ab3623c8d39bf0ee6519c85b", "4b5c01ce1dd3e508649493e134ba9f1c", "b8752864a144b4d488d51a312d4ebfdc"], "rank": 2, "score": -1374.1184275451947}, {"smiles": "CC/C=C\\C/C=C\\CCCCCCCCCCC(=O)OC[C@@H](COC(=O)CCCCCCCCC/C=C\\C/C=C\\CCCC)OC(=O)CCCCCCCCCCC/C=C\\CCCCCCCC", "smiles_split": ["CC/C=C\\C/C=C\\CCCCCCCCCCC(=O)OC[C@@H](COC(=O)CCCCCCCCC/C=C\\C/C=C\\CCCC)OC(=O)CCCCCCCCCCC/C=C\\CCCCCCCC"], "mapped_smiles": "[CH3:1][CH2:2]/[CH:3]=[CH:4]\\[CH2:5]/[CH:6]=[CH:7]\\[CH2:8][CH2:9][CH2:10][CH2:11][CH2:12][CH2:13][CH2:14][CH2:15][CH2:16][CH2:17][C:18](=[O:19])[O:20][CH2:21][C@@H:22]([CH2:23][O:24][C:25](=[O:26])[CH2:27][CH2:28][CH2:29][CH2:30][CH2:31][CH2:32][CH2:33][CH2:34][CH2:35]/[CH:36]=[CH:37]\\[CH2:38]/[CH:39]=[CH:40]\\[CH2:41][CH2:42][CH2:43][CH3:44])[O:45][C:46](=[O:47])[CH2:48][CH2:49][CH2:50][CH2:51][CH2:52][CH2:53][CH2:54][CH2:55][CH2:56][CH2:57][CH2:58]/[CH:59]=[CH:60]\\[CH2:61][CH2:62][CH2:63][CH2:64][CH2:65][CH2:66][CH2:67][CH3:68]", "reacting_atoms": [9, 10], "template_id": "b8752864a144b4d488d51a312d4ebfdc", "template_set": ["bkms", "bkms", "bkms"], "num_examples": 64, "necessary_reagent": "", "template_score": 0.8176040053367615, "rms_molwt": -950.83024124, "num_rings": 0, "plausibility": 1, "tforms": ["71d96988ab3623c8d39bf0ee6519c85b", "4b5c01ce1dd3e508649493e134ba9f1c", "b8752864a144b4d488d51a312d4ebfdc"], "rank": 3, "score": -1374.1184275451947}, {"smiles": "CC/C=C\\CCCC/C=C\\CCCCCCCC(=O)OC[C@@H](COC(=O)CCCCCCCCC/C=C\\C/C=C\\CCCC)OC(=O)CCCCCCCCCCC/C=C\\CCCCCCCC", "smiles_split": ["CC/C=C\\CCCC/C=C\\CCCCCCCC(=O)OC[C@@H](COC(=O)CCCCCCCCC/C=C\\C/C=C\\CCCC)OC(=O)CCCCCCCCCCC/C=C\\CCCCCCCC"], "mapped_smiles": "[CH3:1][CH2:2]/[CH:3]=[CH:4]\\[CH2:5][CH2:6][CH2:7][CH2:8]/[CH:9]=[CH:10]\\[CH2:11][CH2:12][CH2:13][CH2:14][CH2:15][CH2:16][CH2:17][C:18](=[O:19])[O:20][CH2:21][C@@H:22]([CH2:23][O:24][C:25](=[O:26])[CH2:27][CH2:28][CH2:29][CH2:30][CH2:31][CH2:32][CH2:33][CH2:34][CH2:35]/[CH:36]=[CH:37]\\[CH2:38]/[CH:39]=[CH:40]\\[CH2:41][CH2:42][CH2:43][CH3:44])[O:45][C:46](=[O:47])[CH2:48][CH2:49][CH2:50][CH2:51][CH2:52][CH2:53][CH2:54][CH2:55][CH2:56][CH2:57][CH2:58]/[CH:59]=[CH:60]\\[CH2:61][CH2:62][CH2:63][CH2:64][CH2:65][CH2:66][CH2:67][CH3:68]", "reacting_atoms": [7, 6], "template_id": "b8752864a144b4d488d51a312d4ebfdc", "template_set": ["bkms", "bkms", "bkms"], "num_examples": 64, "necessary_reagent": "", "template_score": 0.8176040053367615, "rms_molwt": -950.83024124, "num_rings": 0, "plausibility": 1, "tforms": ["71d96988ab3623c8d39bf0ee6519c85b", "4b5c01ce1dd3e508649493e134ba9f1c", "b8752864a144b4d488d51a312d4ebfdc"], "rank": 4, "score": -1374.1184275451947}, {"smiles": "CCCC/C=C\\C/C=C\\CCCCCCCCCC(=O)OC[C@H](COC(=O)CCCCCCC/C=C\\C/C=C\\CCCCC)OC(=O)CCCCCCCCCCC/C=C\\CCCCCCCC", "smiles_split": ["CCCC/C=C\\C/C=C\\CCCCCCCCCC(=O)OC[C@H](COC(=O)CCCCCCC/C=C\\C/C=C\\CCCCC)OC(=O)CCCCCCCCCCC/C=C\\CCCCCCCC"], "mapped_smiles": "[CH3:1][CH2:2][CH2:3][CH2:4][CH2:5]/[CH:6]=[CH:7]\\[CH2:8]/[CH:9]=[CH:10]\\[CH2:11][CH2:12][CH2:13][CH2:14][CH2:15][CH2:16][CH2:17][C:18](=[O:19])[O:20][CH2:21][C@@H:22]([CH2:23][O:24][C:25](=[O:26])[CH2:27][CH2:28][CH2:29][CH2:30][CH2:31][CH2:32][CH2:33][CH2:34][CH2:35]/[CH:36]=[CH:37]\\[CH2:38]/[CH:39]=[CH:40]\\[CH2:41][CH2:42][CH2:43][CH3:44])[O:45][C:46](=[O:47])[CH2:48][CH2:49][CH2:50][CH2:51][CH2:52][CH2:53][CH2:54][CH2:55][CH2:56][CH2:57][CH2:58]/[CH:59]=[CH:60]\\[CH2:61][CH2:62][CH2:63][CH2:64][CH2:65][CH2:66][CH2:67][CH3:68]", "reacting_atoms": [4, 3], "template_id": "b8752864a144b4d488d51a312d4ebfdc", "template_set": ["bkms", "bkms", "bkms"], "num_examples": 64, "necessary_reagent": "", "template_score": 0.8176040053367615, "rms_molwt": -950.83024124, "num_rings": 0, "plausibility": 1, "tforms": ["71d96988ab3623c8d39bf0ee6519c85b", "4b5c01ce1dd3e508649493e134ba9f1c", "b8752864a144b4d488d51a312d4ebfdc"], "rank": 5, "score": -1374.1184275451947}, {"smiles": "CC/C=C\\C/C=C\\C/C=C\\CCCCCCCC(=O)OC[C@@H](COC(=O)CCCCCCCCC/C=C\\C/C=C\\CCCC)OC(=O)CCCCCCCCCCCCCCCCCCCCC", "smiles_split": ["CC/C=C\\C/C=C\\C/C=C\\CCCCCCCC(=O)OC[C@@H](COC(=O)CCCCCCCCC/C=C\\C/C=C\\CCCC)OC(=O)CCCCCCCCCCCCCCCCCCCCC"], "mapped_smiles": "[CH3:1][CH2:2]/[CH:3]=[CH:4]\\[CH2:5]/[CH:6]=[CH:7]\\[CH2:8]/[CH:9]=[CH:10]\\[CH2:11][CH2:12][CH2:13][CH2:14][CH2:15][CH2:16][CH2:17][C:18](=[O:19])[O:20][CH2:21][C@@H:22]([CH2:23][O:24][C:25](=[O:26])[CH2:27][CH2:28][CH2:29][CH2:30][CH2:31][CH2:32][CH2:33][CH2:34][CH2:35]/[CH:36]=[CH:37]\\[CH2:38]/[CH:39]=[CH:40]\\[CH2:41][CH2:42][CH2:43][CH3:44])[O:45][C:46](=[O:47])[CH2:48][CH2:49][CH2:50][CH2:51][CH2:52][CH2:53][CH2:54][CH2:55][CH2:56][CH2:57][CH2:58][CH2:59][CH2:60][CH2:61][CH2:62][CH2:63][CH2:64][CH2:65][CH2:66][CH2:67][CH3:68]", "reacting_atoms": [60, 59], "template_id": "4b5c01ce1dd3e508649493e134ba9f1c", "template_set": ["bkms"], "num_examples": 15, "necessary_reagent": "", "template_score": 0.10972500592470169, "rms_molwt": -950.83024124, "num_rings": 0, "plausibility": 1, "tforms": ["4b5c01ce1dd3e508649493e134ba9f1c"], "rank": 6, "score": -10239.094732325557}, {"smiles": "CC/C=C\\CC1OC(=O)C1C/C=C\\CCCCCCCC(=O)OC[C@@H](COC(=O)CCCCCCCCC/C=C\\C/C=C\\CCCC)OC(=O)CCCCCCCCCCC/C=C\\CCCCCCCC", "smiles_split": ["CC/C=C\\CC1OC(=O)C1C/C=C\\CCCCCCCC(=O)OC[C@@H](COC(=O)CCCCCCCCC/C=C\\C/C=C\\CCCC)OC(=O)CCCCCCCCCCC/C=C\\CCCCCCCC"], "mapped_smiles": "[CH3:1][CH2:2]/[CH:3]=[CH:4]\\[CH2:5][CH:6]1[CH:7]([CH2:8]/[CH:9]=[CH:10]\\[CH2:11][CH2:12][CH2:13][CH2:14][CH2:15][CH2:16][CH2:17][C:18](=[O:19])[O:20][CH2:21][C@@H:22]([CH2:23][O:24][C:25](=[O:26])[CH2:27][CH2:28][CH2:29][CH2:30][CH2:31][CH2:32][CH2:33][CH2:34][CH2:35]/[CH:36]=[CH:37]\\[CH2:38]/[CH:39]=[CH:40]\\[CH2:41][CH2:42][CH2:43][CH3:44])[O:45][C:46](=[O:47])[CH2:48][CH2:49][CH2:50][CH2:51][CH2:52][CH2:53][CH2:54][CH2:55][CH2:56][CH2:57][CH2:58]/[CH:59]=[CH:60]\\[CH2:61][CH2:62][CH2:63][CH2:64][CH2:65][CH2:66][CH2:67][CH3:68])[C:901](=[O:900])[O:902]1", "reacting_atoms": [6, 7], "template_id": "95b167a4e5e2cf14a7f1b2c6fb174cb0", "template_set": ["bkms"], "num_examples": 4, "necessary_reagent": "", "template_score": 0.013613415881991386, "rms_molwt": -992.804420416, "num_rings": -1, "plausibility": 1, "tforms": ["95b167a4e5e2cf14a7f1b2c6fb174cb0"], "rank": 7, "score": -88626.78392034495}, {"smiles": "CC/C=C\\CC1C(=O)OC1C/C=C\\CCCCCCCC(=O)OC[C@@H](COC(=O)CCCCCCCCC/C=C\\C/C=C\\CCCC)OC(=O)CCCCCCCCCCC/C=C\\CCCCCCCC", "smiles_split": ["CC/C=C\\CC1C(=O)OC1C/C=C\\CCCCCCCC(=O)OC[C@@H](COC(=O)CCCCCCCCC/C=C\\C/C=C\\CCCC)OC(=O)CCCCCCCCCCC/C=C\\CCCCCCCC"], "mapped_smiles": "[CH3:1][CH2:2]/[CH:3]=[CH:4]\\[CH2:5][CH:6]1[CH:7]([CH2:8]/[CH:9]=[CH:10]\\[CH2:11][CH2:12][CH2:13][CH2:14][CH2:15][CH2:16][CH2:17][C:18](=[O:19])[O:20][CH2:21][C@@H:22]([CH2:23][O:24][C:25](=[O:26])[CH2:27][CH2:28][CH2:29][CH2:30][CH2:31][CH2:32][CH2:33][CH2:34][CH2:35]/[CH:36]=[CH:37]\\[CH2:38]/[CH:39]=[CH:40]\\[CH2:41][CH2:42][CH2:43][CH3:44])[O:45][C:46](=[O:47])[CH2:48][CH2:49][CH2:50][CH2:51][CH2:52][CH2:53][CH2:54][CH2:55][CH2:56][CH2:57][CH2:58]/[CH:59]=[CH:60]\\[CH2:61][CH2:62][CH2:63][CH2:64][CH2:65][CH2:66][CH2:67][CH3:68])[O:902][C:901]1=[O:900]", "reacting_atoms": [7, 6], "template_id": "95b167a4e5e2cf14a7f1b2c6fb174cb0", "template_set": ["bkms"], "num_examples": 4, "necessary_reagent": "", "template_score": 0.013613415881991386, "rms_molwt": -992.804420416, "num_rings": -1, "plausibility": 1, "tforms": ["95b167a4e5e2cf14a7f1b2c6fb174cb0"], "rank": 8, "score": -88626.78392034495}, {"smiles": "CCCC/C=C\\C/C=C\\CCCCCCCCCC(=O)OC[C@H](COC(=O)CCCCCCC/C=C\\C/C=C\\CC1C(=O)OC1CC)OC(=O)CCCCCCCCCCC/C=C\\CCCCCCCC", "smiles_split": ["CCCC/C=C\\C/C=C\\CCCCCCCCCC(=O)OC[C@H](COC(=O)CCCCCCC/C=C\\C/C=C\\CC1C(=O)OC1CC)OC(=O)CCCCCCCCCCC/C=C\\CCCCCCCC"], "mapped_smiles": "[CH3:1][CH2:2][CH:3]1[CH:4]([CH2:5]/[CH:6]=[CH:7]\\[CH2:8]/[CH:9]=[CH:10]\\[CH2:11][CH2:12][CH2:13][CH2:14][CH2:15][CH2:16][CH2:17][C:18](=[O:19])[O:20][CH2:21][C@@H:22]([CH2:23][O:24][C:25](=[O:26])[CH2:27][CH2:28][CH2:29][CH2:30][CH2:31][CH2:32][CH2:33][CH2:34][CH2:35]/[CH:36]=[CH:37]\\[CH2:38]/[CH:39]=[CH:40]\\[CH2:41][CH2:42][CH2:43][CH3:44])[O:45][C:46](=[O:47])[CH2:48][CH2:49][CH2:50][CH2:51][CH2:52][CH2:53][CH2:54][CH2:55][CH2:56][CH2:57][CH2:58]/[CH:59]=[CH:60]\\[CH2:61][CH2:62][CH2:63][CH2:64][CH2:65][CH2:66][CH2:67][CH3:68])[C:901](=[O:900])[O:902]1", "reacting_atoms": [3, 4], "template_id": "95b167a4e5e2cf14a7f1b2c6fb174cb0", "template_set": ["bkms"], "num_examples": 4, "necessary_reagent": "", "template_score": 0.013613415881991386, "rms_molwt": -992.804420416, "num_rings": -1, "plausibility": 1, "tforms": ["95b167a4e5e2cf14a7f1b2c6fb174cb0"], "rank": 9, "score": -88626.78392034495}, {"smiles": "CC/C=C\\C/C=C\\C/C=C\\CCCCCCCC(=O)OC[C@@H](COC(=O)CCCCCCCCC/C=C\\C/C=C\\CCCC)OC(=O)CCCCCCCCCCCC1C(=O)OC1CCCCCCCC", "smiles_split": ["CC/C=C\\C/C=C\\C/C=C\\CCCCCCCC(=O)OC[C@@H](COC(=O)CCCCCCCCC/C=C\\C/C=C\\CCCC)OC(=O)CCCCCCCCCCCC1C(=O)OC1CCCCCCCC"], "mapped_smiles": "[CH3:1][CH2:2]/[CH:3]=[CH:4]\\[CH2:5]/[CH:6]=[CH:7]\\[CH2:8]/[CH:9]=[CH:10]\\[CH2:11][CH2:12][CH2:13][CH2:14][CH2:15][CH2:16][CH2:17][C:18](=[O:19])[O:20][CH2:21][C@@H:22]([CH2:23][O:24][C:25](=[O:26])[CH2:27][CH2:28][CH2:29][CH2:30][CH2:31][CH2:32][CH2:33][CH2:34][CH2:35]/[CH:36]=[CH:37]\\[CH2:38]/[CH:39]=[CH:40]\\[CH2:41][CH2:42][CH2:43][CH3:44])[O:45][C:46](=[O:47])[CH2:48][CH2:49][CH2:50][CH2:51][CH2:52][CH2:53][CH2:54][CH2:55][CH2:56][CH2:57][CH2:58][CH:59]1[CH:60]([CH2:61][CH2:62][CH2:63][CH2:64][CH2:65][CH2:66][CH2:67][CH3:68])[O:902][C:901]1=[O:900]", "reacting_atoms": [60, 59], "template_id": "95b167a4e5e2cf14a7f1b2c6fb174cb0", "template_set": ["bkms"], "num_examples": 4, "necessary_reagent": "", "template_score": 0.013613415881991386, "rms_molwt": -992.804420416, "num_rings": -1, "plausibility": 1, "tforms": ["95b167a4e5e2cf14a7f1b2c6fb174cb0"], "rank": 10, "score": -88626.78392034495}, {"smiles": "CC/C=C\\C/C=C\\C/C=C\\CCCCCCCC(=O)OC[C@@H](COC(=O)CCCCCCCCC/C=C\\CC1OC(=O)C1CCCC)OC(=O)CCCCCCCCCCC/C=C\\CCCCCCCC", "smiles_split": ["CC/C=C\\C/C=C\\C/C=C\\CCCCCCCC(=O)OC[C@@H](COC(=O)CCCCCCCCC/C=C\\CC1OC(=O)C1CCCC)OC(=O)CCCCCCCCCCC/C=C\\CCCCCCCC"], "mapped_smiles": "[CH3:1][CH2:2]/[CH:3]=[CH:4]\\[CH2:5]/[CH:6]=[CH:7]\\[CH2:8]/[CH:9]=[CH:10]\\[CH2:11][CH2:12][CH2:13][CH2:14][CH2:15][CH2:16][CH2:17][C:18](=[O:19])[O:20][CH2:21][C@@H:22]([CH2:23][O:24][C:25](=[O:26])[CH2:27][CH2:28][CH2:29][CH2:30][CH2:31][CH2:32][CH2:33][CH2:34][CH2:35]/[CH:36]=[CH:37]\\[CH2:38][CH:39]1[CH:40]([CH2:41][CH2:42][CH2:43][CH3:44])[C:901](=[O:900])[O:902]1)[O:45][C:46](=[O:47])[CH2:48][CH2:49][CH2:50][CH2:51][CH2:52][CH2:53][CH2:54][CH2:55][CH2:56][CH2:57][CH2:58]/[CH:59]=[CH:60]\\[CH2:61][CH2:62][CH2:63][CH2:64][CH2:65][CH2:66][CH2:67][CH3:68]", "reacting_atoms": [39, 40], "template_id": "95b167a4e5e2cf14a7f1b2c6fb174cb0", "template_set": ["bkms"], "num_examples": 4, "necessary_reagent": "", "template_score": 0.013613415881991386, "rms_molwt": -992.804420416, "num_rings": -1, "plausibility": 1, "tforms": ["95b167a4e5e2cf14a7f1b2c6fb174cb0"], "rank": 11, "score": -88626.78392034495}, {"smiles": "CC/C=C\\C/C=C\\C/C=C\\CCCCCCCC(=O)OC[C@@H](COC(=O)CCCCCCCCC/C=C\\C/C=C\\CCCC)OC(=O)CCCCCCCCCCCC1OC(=O)C1CCCCCCCC", "smiles_split": ["CC/C=C\\C/C=C\\C/C=C\\CCCCCCCC(=O)OC[C@@H](COC(=O)CCCCCCCCC/C=C\\C/C=C\\CCCC)OC(=O)CCCCCCCCCCCC1OC(=O)C1CCCCCCCC"], "mapped_smiles": "[CH3:1][CH2:2]/[CH:3]=[CH:4]\\[CH2:5]/[CH:6]=[CH:7]\\[CH2:8]/[CH:9]=[CH:10]\\[CH2:11][CH2:12][CH2:13][CH2:14][CH2:15][CH2:16][CH2:17][C:18](=[O:19])[O:20][CH2:21][C@@H:22]([CH2:23][O:24][C:25](=[O:26])[CH2:27][CH2:28][CH2:29][CH2:30][CH2:31][CH2:32][CH2:33][CH2:34][CH2:35]/[CH:36]=[CH:37]\\[CH2:38]/[CH:39]=[CH:40]\\[CH2:41][CH2:42][CH2:43][CH3:44])[O:45][C:46](=[O:47])[CH2:48][CH2:49][CH2:50][CH2:51][CH2:52][CH2:53][CH2:54][CH2:55][CH2:56][CH2:57][CH2:58][CH:59]1[CH:60]([CH2:61][CH2:62][CH2:63][CH2:64][CH2:65][CH2:66][CH2:67][CH3:68])[C:901](=[O:900])[O:902]1", "reacting_atoms": [59, 60], "template_id": "95b167a4e5e2cf14a7f1b2c6fb174cb0", "template_set": ["bkms"], "num_examples": 4, "necessary_reagent": "", "template_score": 0.013613415881991386, "rms_molwt": -992.804420416, "num_rings": -1, "plausibility": 1, "tforms": ["95b167a4e5e2cf14a7f1b2c6fb174cb0"], "rank": 12, "score": -88626.78392034495}, {"smiles": "CC/C=C\\C/C=C\\CC1C(=O)OC1CCCCCCCC(=O)OC[C@@H](COC(=O)CCCCCCCCC/C=C\\C/C=C\\CCCC)OC(=O)CCCCCCCCCCC/C=C\\CCCCCCCC", "smiles_split": ["CC/C=C\\C/C=C\\CC1C(=O)OC1CCCCCCCC(=O)OC[C@@H](COC(=O)CCCCCCCCC/C=C\\C/C=C\\CCCC)OC(=O)CCCCCCCCCCC/C=C\\CCCCCCCC"], "mapped_smiles": "[CH3:1][CH2:2]/[CH:3]=[CH:4]\\[CH2:5]/[CH:6]=[CH:7]\\[CH2:8][CH:9]1[CH:10]([CH2:11][CH2:12][CH2:13][CH2:14][CH2:15][CH2:16][CH2:17][C:18](=[O:19])[O:20][CH2:21][C@@H:22]([CH2:23][O:24][C:25](=[O:26])[CH2:27][CH2:28][CH2:29][CH2:30][CH2:31][CH2:32][CH2:33][CH2:34][CH2:35]/[CH:36]=[CH:37]\\[CH2:38]/[CH:39]=[CH:40]\\[CH2:41][CH2:42][CH2:43][CH3:44])[O:45][C:46](=[O:47])[CH2:48][CH2:49][CH2:50][CH2:51][CH2:52][CH2:53][CH2:54][CH2:55][CH2:56][CH2:57][CH2:58]/[CH:59]=[CH:60]\\[CH2:61][CH2:62][CH2:63][CH2:64][CH2:65][CH2:66][CH2:67][CH3:68])[O:902][C:901]1=[O:900]", "reacting_atoms": [10, 9], "template_id": "95b167a4e5e2cf14a7f1b2c6fb174cb0", "template_set": ["bkms"], "num_examples": 4, "necessary_reagent": "", "template_score": 0.013613415881991386, "rms_molwt": -992.804420416, "num_rings": -1, "plausibility": 1, "tforms": ["95b167a4e5e2cf14a7f1b2c6fb174cb0"], "rank": 13, "score": -88626.78392034495}, {"smiles": "CCCC/C=C\\C/C=C\\CCCCCCCCCC(=O)OC[C@H](COC(=O)CCCCCCC/C=C\\C/C=C\\CC1OC(=O)C1CC)OC(=O)CCCCCCCCCCC/C=C\\CCCCCCCC", "smiles_split": ["CCCC/C=C\\C/C=C\\CCCCCCCCCC(=O)OC[C@H](COC(=O)CCCCCCC/C=C\\C/C=C\\CC1OC(=O)C1CC)OC(=O)CCCCCCCCCCC/C=C\\CCCCCCCC"], "mapped_smiles": "[CH3:1][CH2:2][CH:3]1[CH:4]([CH2:5]/[CH:6]=[CH:7]\\[CH2:8]/[CH:9]=[CH:10]\\[CH2:11][CH2:12][CH2:13][CH2:14][CH2:15][CH2:16][CH2:17][C:18](=[O:19])[O:20][CH2:21][C@@H:22]([CH2:23][O:24][C:25](=[O:26])[CH2:27][CH2:28][CH2:29][CH2:30][CH2:31][CH2:32][CH2:33][CH2:34][CH2:35]/[CH:36]=[CH:37]\\[CH2:38]/[CH:39]=[CH:40]\\[CH2:41][CH2:42][CH2:43][CH3:44])[O:45][C:46](=[O:47])[CH2:48][CH2:49][CH2:50][CH2:51][CH2:52][CH2:53][CH2:54][CH2:55][CH2:56][CH2:57][CH2:58]/[CH:59]=[CH:60]\\[CH2:61][CH2:62][CH2:63][CH2:64][CH2:65][CH2:66][CH2:67][CH3:68])[O:902][C:901]1=[O:900]", "reacting_atoms": [4, 3], "template_id": "95b167a4e5e2cf14a7f1b2c6fb174cb0", "template_set": ["bkms"], "num_examples": 4, "necessary_reagent": "", "template_score": 0.013613415881991386, "rms_molwt": -992.804420416, "num_rings": -1, "plausibility": 1, "tforms": ["95b167a4e5e2cf14a7f1b2c6fb174cb0"], "rank": 14, "score": -88626.78392034495}, {"smiles": "CC/C=C\\C/C=C\\C/C=C\\CCCCCCCC(=O)OC[C@@H](COC(=O)CCCCCCCCCC1C(=O)OC1C/C=C\\CCCC)OC(=O)CCCCCCCCCCC/C=C\\CCCCCCCC", "smiles_split": ["CC/C=C\\C/C=C\\C/C=C\\CCCCCCCC(=O)OC[C@@H](COC(=O)CCCCCCCCCC1C(=O)OC1C/C=C\\CCCC)OC(=O)CCCCCCCCCCC/C=C\\CCCCCCCC"], "mapped_smiles": "[CH3:1][CH2:2]/[CH:3]=[CH:4]\\[CH2:5]/[CH:6]=[CH:7]\\[CH2:8]/[CH:9]=[CH:10]\\[CH2:11][CH2:12][CH2:13][CH2:14][CH2:15][CH2:16][CH2:17][C:18](=[O:19])[O:20][CH2:21][C@@H:22]([CH2:23][O:24][C:25](=[O:26])[CH2:27][CH2:28][CH2:29][CH2:30][CH2:31][CH2:32][CH2:33][CH2:34][CH2:35][CH:36]1[CH:37]([CH2:38]/[CH:39]=[CH:40]\\[CH2:41][CH2:42][CH2:43][CH3:44])[O:902][C:901]1=[O:900])[O:45][C:46](=[O:47])[CH2:48][CH2:49][CH2:50][CH2:51][CH2:52][CH2:53][CH2:54][CH2:55][CH2:56][CH2:57][CH2:58]/[CH:59]=[CH:60]\\[CH2:61][CH2:62][CH2:63][CH2:64][CH2:65][CH2:66][CH2:67][CH3:68]", "reacting_atoms": [37, 36], "template_id": "95b167a4e5e2cf14a7f1b2c6fb174cb0", "template_set": ["bkms"], "num_examples": 4, "necessary_reagent": "", "template_score": 0.013613415881991386, "rms_molwt": -992.804420416, "num_rings": -1, "plausibility": 1, "tforms": ["95b167a4e5e2cf14a7f1b2c6fb174cb0"], "rank": 15, "score": -88626.78392034495}]}