{"smiles": "O=C(O)CCC1(CCC(=O)O)CCCCCCCCC(CCC(=O)O)(CCC(=O)O)C(=O)C1=O", "sfscore": [0.5092029571533203, 0.5085872411727905], "chem_result": [{"smiles": "O=C(O)CCC1(CCC(=O)O)CCCCCCCCC(CCC(=O)O)(CCC(=O)O)C(=O)C1=O", "bw_confidence": 0.0882378004310107, "confidence": 0.01726648232966656, "rclass": "3 3.11 3.11.92", "children": [{"smiles": "C=CC(=O)O"}, {"smiles": "O=C(O)CCC1CCCCCCCCC(CCC(=O)O)(CCC(=O)O)C(=O)C1=O"}]}, {"smiles": "O=C(O)CCC1(CCC(=O)O)CCCCCCCCC(CCC(=O)O)(CCC(=O)O)C(=O)C1=O", "bw_confidence": 0.07304933076170796, "confidence": 0.3284575185890483, "rclass": "6 6.2 6.2.3", "children": [{"smiles": "CC(C)(C)OC(=O)CCC1(CCC(=O)OC(C)(C)C)CCCCCCCCC(CCC(=O)OC(C)(C)C)(CCC(=O)OC(C)(C)C)C(=O)C1=O"}, {"smiles": "O=C(O)C(F)(F)F"}]}, {"smiles": "O=C(O)CCC1(CCC(=O)O)CCCCCCCCC(CCC(=O)O)(CCC(=O)O)C(=O)C1=O", "bw_confidence": 0.03489572236781832, "confidence": 0.6753586287136087, "rclass": "7 7.6 7.6.1", "children": [{"smiles": "O=C(O)/C=C/C1(CCC(=O)O)CCCCCCCCC(CCC(=O)O)(CCC(=O)O)C(=O)C1=O"}, {"smiles": "[H][H]"}, {"smiles": "[Pd]"}]}, {"smiles": "O=C(O)CCC1(CCC(=O)O)CCCCCCCCC(CCC(=O)O)(CCC(=O)O)C(=O)C1=O", "bw_confidence": 0.01711491773891805, "confidence": 0.10393025550881599, "rclass": "9 9.4 9.4.1", "children": [{"smiles": "N#CCCC1(CCC(=O)O)CCCCCCCCC(CCC(=O)O)(CCC(=O)O)C(=O)C1=O"}, {"smiles": "O"}, {"smiles": "O=S(=O)(O)O"}]}, {"smiles": "O=C(O)CCC1(CCC(=O)O)CCCCCCCCC(CCC(=O)O)(CCC(=O)O)C(=O)C1=O", "bw_confidence": 0.016850933419445414, "confidence": 0.015999762077615432, "rclass": "0 0 0", "children": [{"smiles": "C=CC(=O)O"}, {"smiles": "O=C(O)CCC1(CCC(=O)O)CCCCCCCCC(CCC(=O)O)(CCC(=O)O)C(=O)C1=O"}]}, {"smiles": "O=C(O)CCC1(CCC(=O)O)CCCCCCCCC(CCC(=O)O)(CCC(=O)O)C(=O)C1=O", "bw_confidence": 0.014327596179739709, "confidence": 0.10352711849288529, "rclass": "0 0 0", "children": [{"smiles": "O"}, {"smiles": "O=C(O)CCC1(CCC(=O)O)CCCCCCCCC(CCC(=O)O)(CCC(=O)O)C(=O)C1=O"}]}, {"smiles": "O=C(O)CCC1(CCC(=O)O)CCCCCCCCC(CCC(=O)O)(CCC(=O)O)C(=O)C1=O", "bw_confidence": 0.0077883192822594885, "confidence": 0.4004979733904144, "rclass": "6 6.2 6.2.1", "children": [{"smiles": "CCOC(=O)CCC1(CCC(=O)OCC)CCCCCCCCC(CCC(=O)OCC)(CCC(=O)OCC)C(=O)C1=O"}, {"smiles": "[OH-]~[Na+]"}]}, {"smiles": "O=C(O)CCC1(CCC(=O)O)CCCCCCCCC(CCC(=O)O)(CCC(=O)O)C(=O)C1=O", "bw_confidence": 0.005310220143034018, "confidence": 0.11672743301130743, "rclass": "8 8.1 8.1.5", "children": [{"smiles": "O=C(O)CCC1(CCC(=O)O)CCCCCCCCC(CCC(=O)O)(CCC(=O)O)C(O)C1=O"}, {"smiles": "O=O"}]}], "chem_bw_confidence_list": [0.0882378004310107, 0.07304933076170796, 0.03489572236781832, 0.01711491773891805, 0.016850933419445414, 0.014327596179739709, 0.0077883192822594885, 0.005310220143034018], "enzy_template_score_list": [0.6010496020317078, 0.09025952965021133, 0.042730025947093964, 0.08074787259101868, 0.019068269059062004, 0.014938420616090298, 0.01631772518157959, 0.008458354510366917, 0.005395328160375357, 0.004315931349992752, 0.00446923216804862, 0.004500896669924259, 0.0027279239147901535, 0.002881679916754365, 0.00312973465770483], "enzy_result": [{"smiles": "O=CCCC1(CCC(=O)O)CCCCCCCCC(CCC(=O)O)(CCC(=O)O)C(=O)C1=O", "smiles_split": ["O=CCCC1(CCC(=O)O)CCCCCCCCC(CCC(=O)O)(CCC(=O)O)C(=O)C1=O"], "mapped_smiles": "[O:1]=[C:2]([OH:3])[CH2:4][CH2:5][C:6]1([CH2:7][CH2:8][C:9](=[O:10])[OH:11])[CH2:12][CH2:13][CH2:14][CH2:15][CH2:16][CH2:17][CH2:18][CH2:19][C:20]([CH2:21][CH2:22][C:23](=[O:24])[OH:25])([CH2:26][CH2:27][CH:28]=[O:29])[C:31](=[O:32])[C:33]1=[O:34]", "reacting_atoms": [28], "template_id": "da5e8ca58337efec4c4782fbb45ff9a8", "template_set": ["bkms"], "num_examples": 128, "necessary_reagent": "[O]", "template_score": 0.6010496020317078, "rms_molwt": -468.2359327319998, "num_rings": -1, "plausibility": 1, "tforms": ["da5e8ca58337efec4c4782fbb45ff9a8"], "rank": 1, "score": -701.6232148356303}, {"smiles": "NC(=O)CCC1(CCC(=O)O)CCCCCCCCC(CCC(=O)O)(CCC(=O)O)C(=O)C1=O", "smiles_split": ["NC(=O)CCC1(CCC(=O)O)CCCCCCCCC(CCC(=O)O)(CCC(=O)O)C(=O)C1=O"], "mapped_smiles": "[O:1]=[C:2]([OH:3])[CH2:4][CH2:5][C:6]1([CH2:7][CH2:8][C:9](=[O:10])[OH:11])[CH2:12][CH2:13][CH2:14][CH2:15][CH2:16][CH2:17][CH2:18][CH2:19][C:20]([CH2:21][CH2:22][C:23](=[O:24])[OH:25])([CH2:26][CH2:27][C:28](=[O:29])[NH2:900])[C:31](=[O:32])[C:33]1=[O:34]", "reacting_atoms": [28], "template_id": "7f976c19a733cebd505e5ebc06f4a905", "template_set": ["bkms"], "num_examples": 31, "necessary_reagent": "[O]", "template_score": 0.09025952965021133, "rms_molwt": -483.24683176399986, "num_rings": -1, "plausibility": 1, "tforms": ["7f976c19a733cebd505e5ebc06f4a905"], "rank": 2, "score": -4864.571640609091}, {"smiles": "O=C(O)CCC1(CCCO)CCCCCCCCC(CCC(=O)O)(CCC(=O)O)C(=O)C1=O", "smiles_split": ["O=C(O)CCC1(CCCO)CCCCCCCCC(CCC(=O)O)(CCC(=O)O)C(=O)C1=O"], "mapped_smiles": "[O:1]=[C:2]([OH:3])[CH2:4][CH2:5][C:6]1([CH2:7][CH2:8][C:9](=[O:10])[OH:11])[CH2:12][CH2:13][CH2:14][CH2:15][CH2:16][CH2:17][CH2:18][CH2:19][C:20]([CH2:21][CH2:22][C:23](=[O:24])[OH:25])([CH2:26][CH2:27][CH2:28][OH:30])[C:31](=[O:32])[C:33]1=[O:34]", "reacting_atoms": [28], "template_id": "57d5ceca0661c2bb946aa826fd543e23", "template_set": ["bkms", "bkms"], "num_examples": 27, "necessary_reagent": "[O]", "template_score": 0.042730025947093964, "rms_molwt": -470.2515827959998, "num_rings": -1, "plausibility": 1, "tforms": ["4c59603d7f0119a8d94c5c6c1844ed6f", "57d5ceca0661c2bb946aa826fd543e23"], "rank": 3, "score": -9869.180855993447}, {"smiles": "CC(C)(COP(=O)(O)OP(=O)(O)OC[C@H]1O[C@@H](n2cnc3c(N)ncnc32)[C@H](O)[C@@H]1OP(=O)(O)O)[C@@H](O)C(=O)NCCC(=O)NCCSC(=O)CCC1(CCC(=O)O)CCCCCCCCC(CCC(=O)O)(CCC(=O)O)C(=O)C1=O", "smiles_split": ["CC(C)(COP(=O)(O)OP(=O)(O)OC[C@H]1O[C@@H](n2cnc3c(N)ncnc32)[C@H](O)[C@@H]1OP(=O)(O)O)[C@@H](O)C(=O)NCCC(=O)NCCSC(=O)CCC1(CCC(=O)O)CCCCCCCCC(CCC(=O)O)(CCC(=O)O)C(=O)C1=O"], "mapped_smiles": "[O:1]=[C:2]([OH:3])[CH2:4][CH2:5][C:6]1([CH2:7][CH2:8][C:9](=[O:10])[OH:11])[CH2:12][CH2:13][CH2:14][CH2:15][CH2:16][CH2:17][CH2:18][CH2:19][C:20]([CH2:21][CH2:22][C:23](=[O:24])[OH:25])([CH2:26][CH2:27][C:28](=[O:29])[S:947][CH2:946][CH2:945][NH:944][C:942]([CH2:941][CH2:940][NH:939][C:937]([C@@H:935]([C:901]([CH3:900])([CH3:902])[CH2:903][O:904][P:905]([OH:906])(=[O:907])[O:908][P:909]([OH:910])(=[O:911])[O:912][CH2:913][C@H:914]2[O:915][C@@H:916]([n:917]3[cH:918][n:919][c:920]4[c:921]([NH2:922])[n:923][cH:924][n:925][c:926]34)[C@H:927]([OH:928])[C@@H:929]2[O:930][P:931]([OH:932])([OH:933])=[O:934])[OH:936])=[O:938])=[O:943])[C:31](=[O:32])[C:33]1=[O:34]", "reacting_atoms": [28], "template_id": "b351fdcd4a380a8cdd48b391241915b9", "template_set": ["bkms", "bkms"], "num_examples": 36, "necessary_reagent": "[O]", "template_score": 0.08074787259101868, "rms_molwt": -1233.3354916299998, "num_rings": -4, "plausibility": 1, "tforms": ["b351fdcd4a380a8cdd48b391241915b9", "0d9f04336c8d40824228689fa927bef2"], "rank": 4, "score": -19555.843949393875}, {"smiles": "N#CCCC1(CCC(=O)O)CCCCCCCCC(CCC(=O)O)(CCC(=O)O)C(=O)C1=O", "smiles_split": ["N#CCCC1(CCC(=O)O)CCCCCCCCC(CCC(=O)O)(CCC(=O)O)C(=O)C1=O"], "mapped_smiles": "[O:1]=[C:2]([OH:3])[CH2:4][CH2:5][C:6]1([CH2:7][CH2:8][C:9](=[O:10])[OH:11])[CH2:12][CH2:13][CH2:14][CH2:15][CH2:16][CH2:17][CH2:18][CH2:19][C:20]([CH2:21][CH2:22][C:23](=[O:24])[OH:25])([CH2:26][CH2:27][C:28]#[N:900])[C:31](=[O:32])[C:33]1=[O:34]", "reacting_atoms": [28], "template_id": "1c2adc62ec6fe83f25b06126207409e3", "template_set": ["bkms"], "num_examples": 10, "necessary_reagent": "[O]", "template_score": 0.019068269059062004, "rms_molwt": -465.2362670799999, "num_rings": -1, "plausibility": 1, "tforms": ["1c2adc62ec6fe83f25b06126207409e3"], "rank": 5, "score": -22115.817264113408}, {"smiles": "O=C(O)CCC1(CCC(=O)O)CCCCCCCCC(CCC(=O)O)(CCC(=O)C(=O)O)C(=O)C1=O", "smiles_split": ["O=C(O)CCC1(CCC(=O)O)CCCCCCCCC(CCC(=O)O)(CCC(=O)C(=O)O)C(=O)C1=O"], "mapped_smiles": "[O:1]=[C:2]([OH:3])[CH2:4][CH2:5][C:6]1([CH2:7][CH2:8][C:9](=[O:10])[OH:11])[CH2:12][CH2:13][CH2:14][CH2:15][CH2:16][CH2:17][CH2:18][CH2:19][C:20]([CH2:21][CH2:22][C:23](=[O:24])[OH:25])([CH2:26][CH2:27][C:28](=[O:29])[C:901]([OH:30])=[O:900])[C:31](=[O:32])[C:33]1=[O:34]", "reacting_atoms": [30, 28], "template_id": "0ccb5de8a62dc4b58c02a22defa509a5", "template_set": ["bkms"], "num_examples": 7, "necessary_reagent": "", "template_score": 0.014938420616090298, "rms_molwt": -512.2257619719999, "num_rings": -1, "plausibility": 1, "tforms": ["0ccb5de8a62dc4b58c02a22defa509a5"], "rank": 6, "score": -31701.424906430046}, {"smiles": "O=C(O)CC[C@H](NC(=O)CCC1(CCC(=O)O)CCCCCCCCC(CCC(=O)O)(CCC(=O)O)C(=O)C1=O)C(=O)O", "smiles_split": ["O=C(O)CC[C@H](NC(=O)CCC1(CCC(=O)O)CCCCCCCCC(CCC(=O)O)(CCC(=O)O)C(=O)C1=O)C(=O)O"], "mapped_smiles": "[O:1]=[C:2]([OH:3])[CH2:4][CH2:5][C:6]1([CH2:7][CH2:8][C:9](=[O:10])[OH:11])[CH2:12][CH2:13][CH2:14][CH2:15][CH2:16][CH2:17][CH2:18][CH2:19][C:20]([CH2:21][CH2:22][C:23](=[O:24])[OH:25])([CH2:26][CH2:27][C:28](=[O:29])[NH:906][C@@H:905]([CH2:904][CH2:903][C:901]([OH:900])=[O:902])[C:907]([OH:908])=[O:909])[C:31](=[O:32])[C:33]1=[O:34]", "reacting_atoms": [28], "template_id": "1df4fa8b8bf19640b076bc7d62f10e67", "template_set": ["bkms"], "num_examples": 7, "necessary_reagent": "[O]", "template_score": 0.01631772518157959, "rms_molwt": -613.2734404359999, "num_rings": -1, "plausibility": 1, "tforms": ["1df4fa8b8bf19640b076bc7d62f10e67"], "rank": 7, "score": -37291.28452037824}, {"smiles": "COC(=O)CCC1(CCC(=O)O)CCCCCCCCC(CCC(=O)O)(CCC(=O)O)C(=O)C1=O", "smiles_split": ["COC(=O)CCC1(CCC(=O)O)CCCCCCCCC(CCC(=O)O)(CCC(=O)O)C(=O)C1=O"], "mapped_smiles": "[O:1]=[C:2]([OH:3])[CH2:4][CH2:5][C:6]1([CH2:7][CH2:8][C:9](=[O:10])[OH:11])[CH2:12][CH2:13][CH2:14][CH2:15][CH2:16][CH2:17][CH2:18][CH2:19][C:20]([CH2:21][CH2:22][C:23](=[O:24])[OH:25])([CH2:26][CH2:27][C:28](=[O:29])[O:30][CH3:900])[C:31](=[O:32])[C:33]1=[O:34]", "reacting_atoms": [30], "template_id": "65bb356581e29066c131db28a1b55b46", "template_set": ["bkms", "bkms"], "num_examples": 26, "necessary_reagent": "", "template_score": 0.008458354510366917, "rms_molwt": -498.24649741599984, "num_rings": -1, "plausibility": 1, "tforms": ["65bb356581e29066c131db28a1b55b46", "a090a3516f516a1ef9b165a0c4bf67c4"], "rank": 8, "score": -53875.11290051834}, {"smiles": "O=C(O)CCC1(CCC(=O)O)CCCCCCCCC(CCC(=O)O)(CCC(=O)Cl)C(=O)C1=O", "smiles_split": ["O=C(O)CCC1(CCC(=O)O)CCCCCCCCC(CCC(=O)O)(CCC(=O)Cl)C(=O)C1=O"], "mapped_smiles": "[O:1]=[C:2]([OH:3])[CH2:4][CH2:5][C:6]1([CH2:7][CH2:8][C:9](=[O:10])[OH:11])[CH2:12][CH2:13][CH2:14][CH2:15][CH2:16][CH2:17][CH2:18][CH2:19][C:20]([CH2:21][CH2:22][C:23](=[O:24])[OH:25])([CH2:26][CH2:27][C:28](=[O:29])[Cl:900])[C:31](=[O:32])[C:33]1=[O:34]", "reacting_atoms": [28], "template_id": "7e37d8710e2394e809680451fac94838", "template_set": ["bkms"], "num_examples": 3, "necessary_reagent": "[O]", "template_score": 0.005395328160375357, "rms_molwt": -502.1969603799999, "num_rings": -1, "plausibility": 1, "tforms": ["7e37d8710e2394e809680451fac94838"], "rank": 9, "score": -81380.39711018928}, {"smiles": "CCCC1(CCC(=O)O)CCCCCCCCC(CCC(=O)O)(CCC(=O)O)C(=O)C1=O", "smiles_split": ["CCCC1(CCC(=O)O)CCCCCCCCC(CCC(=O)O)(CCC(=O)O)C(=O)C1=O"], "mapped_smiles": "[O:1]=[C:2]([OH:3])[CH2:4][CH2:5][C:6]1([CH2:7][CH2:8][C:9](=[O:10])[OH:11])[CH2:12][CH2:13][CH2:14][CH2:15][CH2:16][CH2:17][CH2:18][CH2:19][C:20]([CH2:21][CH2:22][C:23](=[O:24])[OH:25])([CH2:26][CH2:27][CH3:28])[C:31](=[O:32])[C:33]1=[O:34]", "reacting_atoms": [28], "template_id": "187811ebea1847a15769af976afcc238", "template_set": ["bkms"], "num_examples": 15, "necessary_reagent": "[O]", "template_score": 0.004315931349992752, "rms_molwt": -454.25666817599983, "num_rings": -1, "plausibility": 1, "tforms": ["187811ebea1847a15769af976afcc238"], "rank": 10, "score": -93747.52713567718}, {"smiles": "CNC(=O)CCC1(CCC(=O)O)CCCCCCCCC(CCC(=O)O)(CCC(=O)O)C(=O)C1=O", "smiles_split": ["CNC(=O)CCC1(CCC(=O)O)CCCCCCCCC(CCC(=O)O)(CCC(=O)O)C(=O)C1=O"], "mapped_smiles": "[O:1]=[C:2]([OH:3])[CH2:4][CH2:5][C:6]1([CH2:7][CH2:8][C:9](=[O:10])[OH:11])[CH2:12][CH2:13][CH2:14][CH2:15][CH2:16][CH2:17][CH2:18][CH2:19][C:20]([CH2:21][CH2:22][C:23](=[O:24])[OH:25])([CH2:26][CH2:27][C:28](=[O:29])[NH:901][CH3:900])[C:31](=[O:32])[C:33]1=[O:34]", "reacting_atoms": [28], "template_id": "a5952fd787886925893e3e41a058ae34", "template_set": ["bkms"], "num_examples": 2, "necessary_reagent": "[O]", "template_score": 0.00446923216804862, "rms_molwt": -497.26248182799986, "num_rings": -1, "plausibility": 1, "tforms": ["a5952fd787886925893e3e41a058ae34"], "rank": 11, "score": -102186.41301824126}, {"smiles": "CC(CCCC1(CCC(=O)O)CCCCCCCCC(CCC(=O)O)(CCC(=O)O)C(=O)C1=O)C(=O)O", "smiles_split": ["CC(CCCC1(CCC(=O)O)CCCCCCCCC(CCC(=O)O)(CCC(=O)O)C(=O)C1=O)C(=O)O"], "mapped_smiles": "[O:1]=[C:2]([OH:3])[CH2:4][CH2:5][C:6]1([CH2:7][CH2:8][C:9](=[O:10])[OH:11])[CH2:12][CH2:13][CH2:14][CH2:15][CH2:16][CH2:17][CH2:18][CH2:19][C:20]([CH2:21][CH2:22][C:23](=[O:24])[OH:25])([CH2:26][CH2:27][CH2:28][CH:901]([CH3:900])[C:902](=[O:29])[OH:30])[C:31](=[O:32])[C:33]1=[O:34]", "reacting_atoms": [28, 29, 30], "template_id": "efba6146432ce58ab25db4c252a2d0c9", "template_set": ["bkms"], "num_examples": 1, "necessary_reagent": "", "template_score": 0.004500896669924259, "rms_molwt": -526.2777975439998, "num_rings": -1, "plausibility": 1, "tforms": ["efba6146432ce58ab25db4c252a2d0c9"], "rank": 12, "score": -109243.48694990047}, {"smiles": "CC(=O)CCC1(CCC(=O)O)CCCCCCCCC(CCC(=O)O)(CCC(=O)O)C(=O)C1=O", "smiles_split": ["CC(=O)CCC1(CCC(=O)O)CCCCCCCCC(CCC(=O)O)(CCC(=O)O)C(=O)C1=O"], "mapped_smiles": "[O:1]=[C:2]([OH:3])[CH2:4][CH2:5][C:6]1([CH2:7][CH2:8][C:9](=[O:10])[OH:11])[CH2:12][CH2:13][CH2:14][CH2:15][CH2:16][CH2:17][CH2:18][CH2:19][C:20]([CH2:21][CH2:22][C:23](=[O:24])[OH:25])([CH2:26][CH2:27][C:28](=[O:29])[CH3:900])[C:31](=[O:32])[C:33]1=[O:34]", "reacting_atoms": [28], "template_id": "8a644e13d9b8f212158aaf0a513976b5", "template_set": ["bkms"], "num_examples": 2, "necessary_reagent": "[O]", "template_score": 0.0027279239147901535, "rms_molwt": -482.2515827959998, "num_rings": -1, "plausibility": 1, "tforms": ["8a644e13d9b8f212158aaf0a513976b5"], "rank": 13, "score": -160955.34990935016}, {"smiles": "CCOC(=O)CCC1(CCC(=O)O)CCCCCCCCC(CCC(=O)O)(CCC(=O)O)C(=O)C1=O", "smiles_split": ["CCOC(=O)CCC1(CCC(=O)O)CCCCCCCCC(CCC(=O)O)(CCC(=O)O)C(=O)C1=O"], "mapped_smiles": "[O:1]=[C:2]([OH:3])[CH2:4][CH2:5][C:6]1([CH2:7][CH2:8][C:9](=[O:10])[OH:11])[CH2:12][CH2:13][CH2:14][CH2:15][CH2:16][CH2:17][CH2:18][CH2:19][C:20]([CH2:21][CH2:22][C:23](=[O:24])[OH:25])([CH2:26][CH2:27][C:28](=[O:29])[O:30][CH2:901][CH3:900])[C:31](=[O:32])[C:33]1=[O:34]", "reacting_atoms": [30], "template_id": "82d049e47ce93c64006a7dd7640ba35f", "template_set": ["bkms"], "num_examples": 1, "necessary_reagent": "", "template_score": 0.002881679916754365, "rms_molwt": -512.2621474799998, "num_rings": -1, "plausibility": 1, "tforms": ["82d049e47ce93c64006a7dd7640ba35f"], "rank": 14, "score": -164337.89770622196}, {"smiles": "O=C(O)CCC1(CCC(=O)O)CCCCCCCCC(CCC(=O)O)(CCC(=O)CC(=O)C(=O)O)C(=O)C1=O", "smiles_split": ["O=C(O)CCC1(CCC(=O)O)CCCCCCCCC(CCC(=O)O)(CCC(=O)CC(=O)C(=O)O)C(=O)C1=O"], "mapped_smiles": "[O:1]=[C:2]([OH:3])[CH2:4][CH2:5][C:6]1([CH2:7][CH2:8][C:9](=[O:10])[OH:11])[CH2:12][CH2:13][CH2:14][CH2:15][CH2:16][CH2:17][CH2:18][CH2:19][C:20]([CH2:21][CH2:22][C:23](=[O:24])[OH:25])([CH2:26][CH2:27][C:28](=[O:29])[CH2:905][C:903]([C:901]([OH:900])=[O:902])=[O:904])[C:31](=[O:32])[C:33]1=[O:34]", "reacting_atoms": [28], "template_id": "70f71c2cee984548c9e32f69fa4c7629", "template_set": ["bkms"], "num_examples": 2, "necessary_reagent": "[O]", "template_score": 0.00312973465770483, "rms_molwt": -554.2363266559998, "num_rings": -1, "plausibility": 1, "tforms": ["70f71c2cee984548c9e32f69fa4c7629"], "rank": 15, "score": -169240.88499092273}]}