{"smiles": "CCC[C@H]1N(C(=O)c2cnccc2C(F)(F)F)CCC[C@@]1(Oc1ccc(C(F)(F)F)cc1)C(=O)N1CCN(c2ccccc2OCCO)CC1", "sfscore": [0.7018873691558838, 0.2864544689655304], "chem_result": [{"smiles": "CCC[C@H]1N(C(=O)c2cnccc2C(F)(F)F)CCC[C@@]1(Oc1ccc(C(F)(F)F)cc1)C(=O)N1CCN(c2ccccc2OCCO)CC1", "bw_confidence": 0.27452448205008156, "confidence": 0.7128453913103145, "rclass": "2 2.1 2.1.2", "children": [{"smiles": "CCC[C@H]1NCCC[C@@]1(Oc1ccc(C(F)(F)F)cc1)C(=O)N1CCN(c2ccccc2OCCO)CC1"}, {"smiles": "O=C(O)c1cnccc1C(F)(F)F"}]}, {"smiles": "CCC[C@H]1N(C(=O)c2cnccc2C(F)(F)F)CCC[C@@]1(Oc1ccc(C(F)(F)F)cc1)C(=O)N1CCN(c2ccccc2OCCO)CC1", "bw_confidence": 0.16212501316830433, "confidence": 0.9233108576192512, "rclass": "1 1.7 1.7.9", "children": [{"smiles": "CCC[C@H]1N(C(=O)c2cnccc2C(F)(F)F)CCC[C@@]1(Oc1ccc(C(F)(F)F)cc1)C(=O)N1CCN(c2ccccc2O)CC1"}, {"smiles": "CN(C)C=O"}, {"smiles": "O=C([O-])[O-]~[K+]~[K+]"}, {"smiles": "OCCBr"}]}, {"smiles": "CCC[C@H]1N(C(=O)c2cnccc2C(F)(F)F)CCC[C@@]1(Oc1ccc(C(F)(F)F)cc1)C(=O)N1CCN(c2ccccc2OCCO)CC1", "bw_confidence": 0.0933882226130563, "confidence": 0.8597312447829533, "rclass": "9 9.7 9.7.326", "children": [{"smiles": "CCC[C@H]1N(C(=O)c2cnccc2C(F)(F)F)CCC[C@@]1(Oc1ccc(C(F)(F)F)cc1)C(=O)N1CCN(c2ccccc2OCCOC(C)(C)C)CC1"}, {"smiles": "ClCCl"}, {"smiles": "O=C(O)C(F)(F)F"}]}, {"smiles": "CCC[C@H]1N(C(=O)c2cnccc2C(F)(F)F)CCC[C@@]1(Oc1ccc(C(F)(F)F)cc1)C(=O)N1CCN(c2ccccc2OCCO)CC1", "bw_confidence": 0.09163867534854064, "confidence": 0.9250772875042861, "rclass": "6 6.3 6.3.1", "children": [{"smiles": "CCC[C@H]1N(C(=O)c2cnccc2C(F)(F)F)CCC[C@@]1(Oc1ccc(C(F)(F)F)cc1)C(=O)N1CCN(c2ccccc2OCCOCc2ccccc2)CC1"}, {"smiles": "CO"}, {"smiles": "[Pd]"}]}, {"smiles": "CCC[C@H]1N(C(=O)c2cnccc2C(F)(F)F)CCC[C@@]1(Oc1ccc(C(F)(F)F)cc1)C(=O)N1CCN(c2ccccc2OCCO)CC1", "bw_confidence": 0.057938320490449224, "confidence": 0.8859962665965698, "rclass": "7 7.9 7.9.1", "children": [{"smiles": "CCC[C@H]1N(C(=O)c2cnccc2C(F)(F)F)CCC[C@@]1(Oc1ccc(C(F)(F)F)cc1)C(=O)N1CCN(c2ccccc2OCC=O)CC1"}, {"smiles": "CO"}, {"smiles": "[BH4-]~[Na+]"}]}, {"smiles": "CCC[C@H]1N(C(=O)c2cnccc2C(F)(F)F)CCC[C@@]1(Oc1ccc(C(F)(F)F)cc1)C(=O)N1CCN(c2ccccc2OCCO)CC1", "bw_confidence": 0.032903382927891585, "confidence": 0.8954568332837367, "rclass": "8 8.8 8.8.11", "children": [{"smiles": "CCC[C@H]1N(C(=O)c2cnccc2C(F)(F)F)CCC[C@@]1(Oc1ccc(C(F)(F)F)cc1)C(=O)N1CCN(c2ccccc2OCCO)CC1"}, {"smiles": "ClCCl"}, {"smiles": "O=[Mn]=O"}]}, {"smiles": "CCC[C@H]1N(C(=O)c2cnccc2C(F)(F)F)CCC[C@@]1(Oc1ccc(C(F)(F)F)cc1)C(=O)N1CCN(c2ccccc2OCCO)CC1", "bw_confidence": 0.017247383410225914, "confidence": 0.9427890622303468, "rclass": "6 6.3 6.3.2", "children": [{"smiles": "C1CCOC1"}, {"smiles": "CCCC[N+](CCCC)(CCCC)CCCC~[F-]"}, {"smiles": "CCC[C@H]1N(C(=O)c2cnccc2C(F)(F)F)CCC[C@@]1(Oc1ccc(C(F)(F)F)cc1)C(=O)N1CCN(c2ccccc2OCCO[Si](C)(C)C(C)(C)C)CC1"}]}, {"smiles": "CCC[C@H]1N(C(=O)c2cnccc2C(F)(F)F)CCC[C@@]1(Oc1ccc(C(F)(F)F)cc1)C(=O)N1CCN(c2ccccc2OCCO)CC1", "bw_confidence": 0.012244493337555536, "confidence": 0.8473359507222308, "rclass": "10 10.4 10.4.3", "children": [{"smiles": "B1C2CCCC1CCC2"}, {"smiles": "C1CCOC1"}, {"smiles": "C=COc1ccccc1N1CCN(C(=O)[C@]2(Oc3ccc(C(F)(F)F)cc3)CCCN(C(=O)c3cnccc3C(F)(F)F)[C@@H]2CCC)CC1"}, {"smiles": "OO"}, {"smiles": "[OH-]~[Na+]"}]}, {"smiles": "CCC[C@H]1N(C(=O)c2cnccc2C(F)(F)F)CCC[C@@]1(Oc1ccc(C(F)(F)F)cc1)C(=O)N1CCN(c2ccccc2OCCO)CC1", "bw_confidence": 0.00768042019556376, "confidence": 0.39400139246549365, "rclass": "11 11.9 11.9", "children": [{"smiles": "CCC[C@H]1N(C(=O)c2cnccc2C(F)(F)F)CCC[C@@]1(Oc1ccc(C(F)(F)F)cc1)C(=O)N1CCN(c2ccccc2OCCO)CC1~Cl"}, {"smiles": "CCO"}]}], "chem_bw_confidence_list": [0.27452448205008156, 0.16212501316830433, 0.0933882226130563, 0.09163867534854064, 0.057938320490449224, 0.032903382927891585, 0.017247383410225914, 0.012244493337555536, 0.00768042019556376], "enzy_template_score_list": [0.24381385743618011, 0.24381385743618011, 0.24381385743618011, 0.24381385743618011, 0.24381385743618011, 0.24381385743618011, 0.24381385743618011, 0.1318800151348114, 0.1318800151348114, 0.1318800151348114, 0.1318800151348114, 0.1318800151348114, 0.1318800151348114, 0.1318800151348114, 0.0559973418712616], "enzy_result": [{"smiles": "CCC[C@H]1N(C(=O)c2cnccc2C(F)(F)F)CCC[C@@]1(Oc1ccc(C(F)(F)F)c(O)c1)C(=O)N1CCN(c2ccccc2OCCO)CC1", "smiles_split": ["CCC[C@H]1N(C(=O)c2cnccc2C(F)(F)F)CCC[C@@]1(Oc1ccc(C(F)(F)F)c(O)c1)C(=O)N1CCN(c2ccccc2OCCO)CC1"], "mapped_smiles": "[CH3:1][CH2:2][CH2:3][C@H:4]1[N:5]([C:6](=[O:7])[c:8]2[cH:9][n:10][cH:11][cH:12][c:13]2[C:14]([F:15])([F:16])[F:17])[CH2:18][CH2:19][CH2:20][C@@:21]1([O:22][c:23]1[cH:24][cH:25][c:26]([C:27]([F:28])([F:29])[F:30])[c:31]([OH:900])[cH:32]1)[C:33](=[O:34])[N:35]1[CH2:36][CH2:37][N:38]([c:39]2[cH:40][cH:41][cH:42][cH:43][c:44]2[O:45][CH2:46][CH2:47][OH:48])[CH2:49][CH2:50]1", "reacting_atoms": [31], "template_id": "f53e9cbdf728108a37f743b6e04eb4f2", "template_set": ["bkms"], "num_examples": 56, "necessary_reagent": "", "template_score": 0.24381385743618011, "rms_molwt": -724.269554256, "num_rings": -5, "plausibility": 1, "tforms": ["f53e9cbdf728108a37f743b6e04eb4f2"], "rank": 1, "score": -3190.9380675652083}, {"smiles": "CCC[C@H]1N(C(=O)c2cnccc2C(F)(F)F)CCC[C@@]1(Oc1ccc(C(F)(F)F)cc1)C(=O)N1CCN(c2ccc(O)cc2OCCO)CC1", "smiles_split": ["CCC[C@H]1N(C(=O)c2cnccc2C(F)(F)F)CCC[C@@]1(Oc1ccc(C(F)(F)F)cc1)C(=O)N1CCN(c2ccc(O)cc2OCCO)CC1"], "mapped_smiles": "[CH3:1][CH2:2][CH2:3][C@H:4]1[N:5]([C:6](=[O:7])[c:8]2[cH:9][n:10][cH:11][cH:12][c:13]2[C:14]([F:15])([F:16])[F:17])[CH2:18][CH2:19][CH2:20][C@@:21]1([O:22][c:23]1[cH:24][cH:25][c:26]([C:27]([F:28])([F:29])[F:30])[cH:31][cH:32]1)[C:33](=[O:34])[N:35]1[CH2:36][CH2:37][N:38]([c:39]2[cH:40][cH:41][c:42]([OH:900])[cH:43][c:44]2[O:45][CH2:46][CH2:47][OH:48])[CH2:49][CH2:50]1", "reacting_atoms": [42], "template_id": "f53e9cbdf728108a37f743b6e04eb4f2", "template_set": ["bkms"], "num_examples": 56, "necessary_reagent": "", "template_score": 0.24381385743618011, "rms_molwt": -724.2695542560001, "num_rings": -5, "plausibility": 1, "tforms": ["f53e9cbdf728108a37f743b6e04eb4f2"], "rank": 2, "score": -3190.9380675652083}, {"smiles": "CCC[C@H]1N(C(=O)c2cnccc2C(F)(F)F)CCC[C@@]1(Oc1ccc(C(F)(F)F)cc1)C(=O)N1CCN(c2cccc(O)c2OCCO)CC1", "smiles_split": ["CCC[C@H]1N(C(=O)c2cnccc2C(F)(F)F)CCC[C@@]1(Oc1ccc(C(F)(F)F)cc1)C(=O)N1CCN(c2cccc(O)c2OCCO)CC1"], "mapped_smiles": "[CH3:1][CH2:2][CH2:3][C@H:4]1[N:5]([C:6](=[O:7])[c:8]2[cH:9][n:10][cH:11][cH:12][c:13]2[C:14]([F:15])([F:16])[F:17])[CH2:18][CH2:19][CH2:20][C@@:21]1([O:22][c:23]1[cH:24][cH:25][c:26]([C:27]([F:28])([F:29])[F:30])[cH:31][cH:32]1)[C:33](=[O:34])[N:35]1[CH2:36][CH2:37][N:38]([c:39]2[cH:40][cH:41][cH:42][c:43]([OH:900])[c:44]2[O:45][CH2:46][CH2:47][OH:48])[CH2:49][CH2:50]1", "reacting_atoms": [43], "template_id": "f53e9cbdf728108a37f743b6e04eb4f2", "template_set": ["bkms"], "num_examples": 56, "necessary_reagent": "", "template_score": 0.24381385743618011, "rms_molwt": -724.2695542560001, "num_rings": -5, "plausibility": 1, "tforms": ["f53e9cbdf728108a37f743b6e04eb4f2"], "rank": 3, "score": -3190.9380675652083}, {"smiles": "CCC[C@H]1N(C(=O)c2cnccc2C(F)(F)F)CCC[C@@]1(Oc1ccc(C(F)(F)F)cc1O)C(=O)N1CCN(c2ccccc2OCCO)CC1", "smiles_split": ["CCC[C@H]1N(C(=O)c2cnccc2C(F)(F)F)CCC[C@@]1(Oc1ccc(C(F)(F)F)cc1O)C(=O)N1CCN(c2ccccc2OCCO)CC1"], "mapped_smiles": "[CH3:1][CH2:2][CH2:3][C@H:4]1[N:5]([C:6](=[O:7])[c:8]2[cH:9][n:10][cH:11][cH:12][c:13]2[C:14]([F:15])([F:16])[F:17])[CH2:18][CH2:19][CH2:20][C@@:21]1([O:22][c:23]1[cH:24][cH:25][c:26]([C:27]([F:28])([F:29])[F:30])[cH:31][c:32]1[OH:900])[C:33](=[O:34])[N:35]1[CH2:36][CH2:37][N:38]([c:39]2[cH:40][cH:41][cH:42][cH:43][c:44]2[O:45][CH2:46][CH2:47][OH:48])[CH2:49][CH2:50]1", "reacting_atoms": [32], "template_id": "f53e9cbdf728108a37f743b6e04eb4f2", "template_set": ["bkms"], "num_examples": 56, "necessary_reagent": "", "template_score": 0.24381385743618011, "rms_molwt": -724.269554256, "num_rings": -5, "plausibility": 1, "tforms": ["f53e9cbdf728108a37f743b6e04eb4f2"], "rank": 4, "score": -3190.9380675652083}, {"smiles": "CCC[C@H]1N(C(=O)c2cnccc2C(F)(F)F)CCC[C@@]1(Oc1ccc(C(F)(F)F)cc1)C(=O)N1CCN(c2c(O)cccc2OCCO)CC1", "smiles_split": ["CCC[C@H]1N(C(=O)c2cnccc2C(F)(F)F)CCC[C@@]1(Oc1ccc(C(F)(F)F)cc1)C(=O)N1CCN(c2c(O)cccc2OCCO)CC1"], "mapped_smiles": "[CH3:1][CH2:2][CH2:3][C@H:4]1[N:5]([C:6](=[O:7])[c:8]2[cH:9][n:10][cH:11][cH:12][c:13]2[C:14]([F:15])([F:16])[F:17])[CH2:18][CH2:19][CH2:20][C@@:21]1([O:22][c:23]1[cH:24][cH:25][c:26]([C:27]([F:28])([F:29])[F:30])[cH:31][cH:32]1)[C:33](=[O:34])[N:35]1[CH2:36][CH2:37][N:38]([c:39]2[c:40]([OH:900])[cH:41][cH:42][cH:43][c:44]2[O:45][CH2:46][CH2:47][OH:48])[CH2:49][CH2:50]1", "reacting_atoms": [40], "template_id": "f53e9cbdf728108a37f743b6e04eb4f2", "template_set": ["bkms"], "num_examples": 56, "necessary_reagent": "", "template_score": 0.24381385743618011, "rms_molwt": -724.2695542560001, "num_rings": -5, "plausibility": 1, "tforms": ["f53e9cbdf728108a37f743b6e04eb4f2"], "rank": 5, "score": -3190.9380675652083}, {"smiles": "CCC[C@H]1N(C(=O)c2cnccc2C(F)(F)F)CCC[C@@]1(Oc1ccc(C(F)(F)F)cc1)C(=O)N1CCN(c2cc(O)ccc2OCCO)CC1", "smiles_split": ["CCC[C@H]1N(C(=O)c2cnccc2C(F)(F)F)CCC[C@@]1(Oc1ccc(C(F)(F)F)cc1)C(=O)N1CCN(c2cc(O)ccc2OCCO)CC1"], "mapped_smiles": "[CH3:1][CH2:2][CH2:3][C@H:4]1[N:5]([C:6](=[O:7])[c:8]2[cH:9][n:10][cH:11][cH:12][c:13]2[C:14]([F:15])([F:16])[F:17])[CH2:18][CH2:19][CH2:20][C@@:21]1([O:22][c:23]1[cH:24][cH:25][c:26]([C:27]([F:28])([F:29])[F:30])[cH:31][cH:32]1)[C:33](=[O:34])[N:35]1[CH2:36][CH2:37][N:38]([c:39]2[cH:40][c:41]([OH:900])[cH:42][cH:43][c:44]2[O:45][CH2:46][CH2:47][OH:48])[CH2:49][CH2:50]1", "reacting_atoms": [41], "template_id": "f53e9cbdf728108a37f743b6e04eb4f2", "template_set": ["bkms"], "num_examples": 56, "necessary_reagent": "", "template_score": 0.24381385743618011, "rms_molwt": -724.2695542560001, "num_rings": -5, "plausibility": 1, "tforms": ["f53e9cbdf728108a37f743b6e04eb4f2"], "rank": 6, "score": -3190.9380675652083}, {"smiles": "CCC[C@H]1N(C(=O)c2cncc(O)c2C(F)(F)F)CCC[C@@]1(Oc1ccc(C(F)(F)F)cc1)C(=O)N1CCN(c2ccccc2OCCO)CC1", "smiles_split": ["CCC[C@H]1N(C(=O)c2cncc(O)c2C(F)(F)F)CCC[C@@]1(Oc1ccc(C(F)(F)F)cc1)C(=O)N1CCN(c2ccccc2OCCO)CC1"], "mapped_smiles": "[CH3:1][CH2:2][CH2:3][C@H:4]1[N:5]([C:6](=[O:7])[c:8]2[cH:9][n:10][cH:11][c:12]([OH:900])[c:13]2[C:14]([F:15])([F:16])[F:17])[CH2:18][CH2:19][CH2:20][C@@:21]1([O:22][c:23]1[cH:24][cH:25][c:26]([C:27]([F:28])([F:29])[F:30])[cH:31][cH:32]1)[C:33](=[O:34])[N:35]1[CH2:36][CH2:37][N:38]([c:39]2[cH:40][cH:41][cH:42][cH:43][c:44]2[O:45][CH2:46][CH2:47][OH:48])[CH2:49][CH2:50]1", "reacting_atoms": [12], "template_id": "f53e9cbdf728108a37f743b6e04eb4f2", "template_set": ["bkms"], "num_examples": 56, "necessary_reagent": "", "template_score": 0.24381385743618011, "rms_molwt": -724.2695542560001, "num_rings": -5, "plausibility": 1, "tforms": ["f53e9cbdf728108a37f743b6e04eb4f2"], "rank": 7, "score": -3190.9380675652083}, {"smiles": "CCC[C@H]1N(C(=O)c2cnccc2C(F)(F)F)CCC[C@@]1(Oc1ccc(C(F)(F)F)cc1)C(=O)N1CCN(c2ccc(C(=O)O)cc2OCCO)CC1", "smiles_split": ["CCC[C@H]1N(C(=O)c2cnccc2C(F)(F)F)CCC[C@@]1(Oc1ccc(C(F)(F)F)cc1)C(=O)N1CCN(c2ccc(C(=O)O)cc2OCCO)CC1"], "mapped_smiles": "[CH3:1][CH2:2][CH2:3][C@H:4]1[N:5]([C:6](=[O:7])[c:8]2[cH:9][n:10][cH:11][cH:12][c:13]2[C:14]([F:15])([F:16])[F:17])[CH2:18][CH2:19][CH2:20][C@@:21]1([O:22][c:23]1[cH:24][cH:25][c:26]([C:27]([F:28])([F:29])[F:30])[cH:31][cH:32]1)[C:33](=[O:34])[N:35]1[CH2:36][CH2:37][N:38]([c:39]2[cH:40][cH:41][c:42]([C:901]([OH:900])=[O:902])[cH:43][c:44]2[O:45][CH2:46][CH2:47][OH:48])[CH2:49][CH2:50]1", "reacting_atoms": [42], "template_id": "7b224edf0386a32c82063499cfe171fd", "template_set": ["bkms"], "num_examples": 23, "necessary_reagent": "", "template_score": 0.1318800151348114, "rms_molwt": -752.2644688760001, "num_rings": -5, "plausibility": 1, "tforms": ["7b224edf0386a32c82063499cfe171fd"], "rank": 8, "score": -6227.333738215547}, {"smiles": "CCC[C@H]1N(C(=O)c2cnccc2C(F)(F)F)CCC[C@@]1(Oc1ccc(C(F)(F)F)cc1)C(=O)N1CCN(c2c(OCCO)cccc2C(=O)O)CC1", "smiles_split": ["CCC[C@H]1N(C(=O)c2cnccc2C(F)(F)F)CCC[C@@]1(Oc1ccc(C(F)(F)F)cc1)C(=O)N1CCN(c2c(OCCO)cccc2C(=O)O)CC1"], "mapped_smiles": "[CH3:1][CH2:2][CH2:3][C@H:4]1[N:5]([C:6](=[O:7])[c:8]2[cH:9][n:10][cH:11][cH:12][c:13]2[C:14]([F:15])([F:16])[F:17])[CH2:18][CH2:19][CH2:20][C@@:21]1([O:22][c:23]1[cH:24][cH:25][c:26]([C:27]([F:28])([F:29])[F:30])[cH:31][cH:32]1)[C:33](=[O:34])[N:35]1[CH2:36][CH2:37][N:38]([c:39]2[c:40]([C:901]([OH:900])=[O:902])[cH:41][cH:42][cH:43][c:44]2[O:45][CH2:46][CH2:47][OH:48])[CH2:49][CH2:50]1", "reacting_atoms": [40], "template_id": "7b224edf0386a32c82063499cfe171fd", "template_set": ["bkms"], "num_examples": 23, "necessary_reagent": "", "template_score": 0.1318800151348114, "rms_molwt": -752.2644688760001, "num_rings": -5, "plausibility": 1, "tforms": ["7b224edf0386a32c82063499cfe171fd"], "rank": 9, "score": -6227.333738215547}, {"smiles": "CCC[C@H]1N(C(=O)c2cnccc2C(F)(F)F)CCC[C@@]1(Oc1ccc(C(F)(F)F)cc1)C(=O)N1CCN(c2cc(C(=O)O)ccc2OCCO)CC1", "smiles_split": ["CCC[C@H]1N(C(=O)c2cnccc2C(F)(F)F)CCC[C@@]1(Oc1ccc(C(F)(F)F)cc1)C(=O)N1CCN(c2cc(C(=O)O)ccc2OCCO)CC1"], "mapped_smiles": "[CH3:1][CH2:2][CH2:3][C@H:4]1[N:5]([C:6](=[O:7])[c:8]2[cH:9][n:10][cH:11][cH:12][c:13]2[C:14]([F:15])([F:16])[F:17])[CH2:18][CH2:19][CH2:20][C@@:21]1([O:22][c:23]1[cH:24][cH:25][c:26]([C:27]([F:28])([F:29])[F:30])[cH:31][cH:32]1)[C:33](=[O:34])[N:35]1[CH2:36][CH2:37][N:38]([c:39]2[cH:40][c:41]([C:901]([OH:900])=[O:902])[cH:42][cH:43][c:44]2[O:45][CH2:46][CH2:47][OH:48])[CH2:49][CH2:50]1", "reacting_atoms": [41], "template_id": "7b224edf0386a32c82063499cfe171fd", "template_set": ["bkms"], "num_examples": 23, "necessary_reagent": "", "template_score": 0.1318800151348114, "rms_molwt": -752.2644688760001, "num_rings": -5, "plausibility": 1, "tforms": ["7b224edf0386a32c82063499cfe171fd"], "rank": 10, "score": -6227.333738215547}, {"smiles": "CCC[C@H]1N(C(=O)c2cncc(C(=O)O)c2C(F)(F)F)CCC[C@@]1(Oc1ccc(C(F)(F)F)cc1)C(=O)N1CCN(c2ccccc2OCCO)CC1", "smiles_split": ["CCC[C@H]1N(C(=O)c2cncc(C(=O)O)c2C(F)(F)F)CCC[C@@]1(Oc1ccc(C(F)(F)F)cc1)C(=O)N1CCN(c2ccccc2OCCO)CC1"], "mapped_smiles": "[CH3:1][CH2:2][CH2:3][C@H:4]1[N:5]([C:6](=[O:7])[c:8]2[cH:9][n:10][cH:11][c:12]([C:901]([OH:900])=[O:902])[c:13]2[C:14]([F:15])([F:16])[F:17])[CH2:18][CH2:19][CH2:20][C@@:21]1([O:22][c:23]1[cH:24][cH:25][c:26]([C:27]([F:28])([F:29])[F:30])[cH:31][cH:32]1)[C:33](=[O:34])[N:35]1[CH2:36][CH2:37][N:38]([c:39]2[cH:40][cH:41][cH:42][cH:43][c:44]2[O:45][CH2:46][CH2:47][OH:48])[CH2:49][CH2:50]1", "reacting_atoms": [12], "template_id": "7b224edf0386a32c82063499cfe171fd", "template_set": ["bkms"], "num_examples": 23, "necessary_reagent": "", "template_score": 0.1318800151348114, "rms_molwt": -752.264468876, "num_rings": -5, "plausibility": 1, "tforms": ["7b224edf0386a32c82063499cfe171fd"], "rank": 11, "score": -6227.333738215547}, {"smiles": "CCC[C@H]1N(C(=O)c2cnccc2C(F)(F)F)CCC[C@@]1(Oc1ccc(C(F)(F)F)cc1C(=O)O)C(=O)N1CCN(c2ccccc2OCCO)CC1", "smiles_split": ["CCC[C@H]1N(C(=O)c2cnccc2C(F)(F)F)CCC[C@@]1(Oc1ccc(C(F)(F)F)cc1C(=O)O)C(=O)N1CCN(c2ccccc2OCCO)CC1"], "mapped_smiles": "[CH3:1][CH2:2][CH2:3][C@H:4]1[N:5]([C:6](=[O:7])[c:8]2[cH:9][n:10][cH:11][cH:12][c:13]2[C:14]([F:15])([F:16])[F:17])[CH2:18][CH2:19][CH2:20][C@@:21]1([O:22][c:23]1[cH:24][cH:25][c:26]([C:27]([F:28])([F:29])[F:30])[cH:31][c:32]1[C:901]([OH:900])=[O:902])[C:33](=[O:34])[N:35]1[CH2:36][CH2:37][N:38]([c:39]2[cH:40][cH:41][cH:42][cH:43][c:44]2[O:45][CH2:46][CH2:47][OH:48])[CH2:49][CH2:50]1", "reacting_atoms": [32], "template_id": "7b224edf0386a32c82063499cfe171fd", "template_set": ["bkms"], "num_examples": 23, "necessary_reagent": "", "template_score": 0.1318800151348114, "rms_molwt": -752.2644688759999, "num_rings": -5, "plausibility": 1, "tforms": ["7b224edf0386a32c82063499cfe171fd"], "rank": 12, "score": -6227.333738215547}, {"smiles": "CCC[C@H]1N(C(=O)c2cnccc2C(F)(F)F)CCC[C@@]1(Oc1ccc(C(F)(F)F)c(C(=O)O)c1)C(=O)N1CCN(c2ccccc2OCCO)CC1", "smiles_split": ["CCC[C@H]1N(C(=O)c2cnccc2C(F)(F)F)CCC[C@@]1(Oc1ccc(C(F)(F)F)c(C(=O)O)c1)C(=O)N1CCN(c2ccccc2OCCO)CC1"], "mapped_smiles": "[CH3:1][CH2:2][CH2:3][C@H:4]1[N:5]([C:6](=[O:7])[c:8]2[cH:9][n:10][cH:11][cH:12][c:13]2[C:14]([F:15])([F:16])[F:17])[CH2:18][CH2:19][CH2:20][C@@:21]1([O:22][c:23]1[cH:24][cH:25][c:26]([C:27]([F:28])([F:29])[F:30])[c:31]([C:901]([OH:900])=[O:902])[cH:32]1)[C:33](=[O:34])[N:35]1[CH2:36][CH2:37][N:38]([c:39]2[cH:40][cH:41][cH:42][cH:43][c:44]2[O:45][CH2:46][CH2:47][OH:48])[CH2:49][CH2:50]1", "reacting_atoms": [31], "template_id": "7b224edf0386a32c82063499cfe171fd", "template_set": ["bkms"], "num_examples": 23, "necessary_reagent": "", "template_score": 0.1318800151348114, "rms_molwt": -752.2644688759999, "num_rings": -5, "plausibility": 1, "tforms": ["7b224edf0386a32c82063499cfe171fd"], "rank": 13, "score": -6227.333738215547}, {"smiles": "CCC[C@H]1N(C(=O)c2cnccc2C(F)(F)F)CCC[C@@]1(Oc1ccc(C(F)(F)F)cc1)C(=O)N1CCN(c2cccc(C(=O)O)c2OCCO)CC1", "smiles_split": ["CCC[C@H]1N(C(=O)c2cnccc2C(F)(F)F)CCC[C@@]1(Oc1ccc(C(F)(F)F)cc1)C(=O)N1CCN(c2cccc(C(=O)O)c2OCCO)CC1"], "mapped_smiles": "[CH3:1][CH2:2][CH2:3][C@H:4]1[N:5]([C:6](=[O:7])[c:8]2[cH:9][n:10][cH:11][cH:12][c:13]2[C:14]([F:15])([F:16])[F:17])[CH2:18][CH2:19][CH2:20][C@@:21]1([O:22][c:23]1[cH:24][cH:25][c:26]([C:27]([F:28])([F:29])[F:30])[cH:31][cH:32]1)[C:33](=[O:34])[N:35]1[CH2:36][CH2:37][N:38]([c:39]2[cH:40][cH:41][cH:42][c:43]([C:901]([OH:900])=[O:902])[c:44]2[O:45][CH2:46][CH2:47][OH:48])[CH2:49][CH2:50]1", "reacting_atoms": [43], "template_id": "7b224edf0386a32c82063499cfe171fd", "template_set": ["bkms"], "num_examples": 23, "necessary_reagent": "", "template_score": 0.1318800151348114, "rms_molwt": -752.2644688760001, "num_rings": -5, "plausibility": 1, "tforms": ["7b224edf0386a32c82063499cfe171fd"], "rank": 14, "score": -6227.333738215547}, {"smiles": "CCC[C@H]1N(C(=O)c2cncc(Cl)c2C(F)(F)F)CCC[C@@]1(Oc1ccc(C(F)(F)F)cc1)C(=O)N1CCN(c2ccccc2OCCO)CC1", "smiles_split": ["CCC[C@H]1N(C(=O)c2cncc(Cl)c2C(F)(F)F)CCC[C@@]1(Oc1ccc(C(F)(F)F)cc1)C(=O)N1CCN(c2ccccc2OCCO)CC1"], "mapped_smiles": "[CH3:1][CH2:2][CH2:3][C@H:4]1[N:5]([C:6](=[O:7])[c:8]2[cH:9][n:10][cH:11][c:12]([Cl:900])[c:13]2[C:14]([F:15])([F:16])[F:17])[CH2:18][CH2:19][CH2:20][C@@:21]1([O:22][c:23]1[cH:24][cH:25][c:26]([C:27]([F:28])([F:29])[F:30])[cH:31][cH:32]1)[C:33](=[O:34])[N:35]1[CH2:36][CH2:37][N:38]([c:39]2[cH:40][cH:41][cH:42][cH:43][c:44]2[O:45][CH2:46][CH2:47][OH:48])[CH2:49][CH2:50]1", "reacting_atoms": [12], "template_id": "13444016d1e7c68bbdf8f2aa3af2798d", "template_set": ["bkms"], "num_examples": 9, "necessary_reagent": "", "template_score": 0.0559973418712616, "rms_molwt": -742.235667284, "num_rings": -5, "plausibility": 1, "tforms": ["13444016d1e7c68bbdf8f2aa3af2798d"], "rank": 15, "score": -13893.425885850818}]}