{"smiles": "CCCCCCCCCC[C@@H](O)[C@@H]1CC[C@H]([C@H](O)CCCC[C@H](O)CCCCCCC[C@H](O)CC2=C[C@H](C)OC2=O)O1", "sfscore": [0.5093004703521729, 0.5083643198013306], "chem_result": [{"smiles": "CCCCCCCCCC[C@@H](O)[C@@H]1CC[C@H]([C@H](O)CCCC[C@H](O)CCCCCCC[C@H](O)CC2=C[C@H](C)OC2=O)O1", "bw_confidence": 0.034043270559223605, "confidence": 0.5679678873492117, "rclass": "0 0 0", "children": [{"smiles": "C1CCOC1"}, {"smiles": "CCCCCCCCCC[C@@H](O[Si](c1ccccc1)(c1ccccc1)C(C)(C)C)[C@@H]1CC[C@H]([C@H](O)CCCC[C@H](O)CCCCCCC[C@H](O)CC2=C[C@H](C)OC2=O)O1"}, {"smiles": "CCCC[N+](CCCC)(CCCC)CCCC~[F-]"}]}, {"smiles": "CCCCCCCCCC[C@@H](O)[C@@H]1CC[C@H]([C@H](O)CCCC[C@H](O)CCCCCCC[C@H](O)CC2=C[C@H](C)OC2=O)O1", "bw_confidence": 0.008904962409254868, "confidence": 0.5392625304010745, "rclass": "7 7.4 7.4.1", "children": [{"smiles": "CCCCCCCCCC[C@@H](OC(=O)c1ccc([N+](=O)[O-])cc1)[C@@H]1CC[C@H]([C@H](O)CCCC[C@H](O)CCCCCCC[C@H](O)CC2=C[C@H](C)OC2=O)O1"}, {"smiles": "CO"}, {"smiles": "O=C([O-])[O-]~[K+]~[K+]"}]}, {"smiles": "CCCCCCCCCC[C@@H](O)[C@@H]1CC[C@H]([C@H](O)CCCC[C@H](O)CCCCCCC[C@H](O)CC2=C[C@H](C)OC2=O)O1", "bw_confidence": 0.008181251782141772, "confidence": 0.19611497418948512, "rclass": "6 6.3 6.3.2", "children": [{"smiles": "C1CCOC1"}, {"smiles": "CCCCCCCCCC[C@@H](O[Si](C)(C)C(C)(C)C)[C@@H]1CC[C@H]([C@H](O)CCCC[C@@H](CCCCCCC[C@H](CC2=C[C@H](C)OC2=O)O[Si](C)(C)C(C)(C)C)O[Si](C)(C)C(C)(C)C)O1"}, {"smiles": "CCCC[N+](CCCC)(CCCC)CCCC~[F-]"}]}, {"smiles": "CCCCCCCCCC[C@@H](O)[C@@H]1CC[C@H]([C@H](O)CCCC[C@H](O)CCCCCCC[C@H](O)CC2=C[C@H](C)OC2=O)O1", "bw_confidence": 0.00774338293988313, "confidence": 0.6672808056516679, "rclass": "9 9.7 9.7.326", "children": [{"smiles": "CCCCCCCCCC[C@@H](OC=O)[C@@H]1CC[C@H]([C@H](O)CCCC[C@H](O)CCCCCCC[C@H](O)CC2=C[C@H](C)OC2=O)O1"}, {"smiles": "CO"}, {"smiles": "[OH-]~[Na+]"}]}, {"smiles": "CCCCCCCCCC[C@@H](O)[C@@H]1CC[C@H]([C@H](O)CCCC[C@H](O)CCCCCCC[C@H](O)CC2=C[C@H](C)OC2=O)O1", "bw_confidence": 0.005322035434163542, "confidence": 0.2108264955036513, "rclass": "3 3.7 3.7.2", "children": [{"smiles": "C1CCOC1"}, {"smiles": "CCCCCCCCCC[Mg]Br"}, {"smiles": "C[C@H]1C=C(C[C@@H](O)CCCCCCC[C@@H](O)CCCC[C@@H](O)[C@H]2CC[C@@H](C=O)O2)C(=O)O1"}]}, {"smiles": "CCCCCCCCCC[C@@H](O)[C@@H]1CC[C@H]([C@H](O)CCCC[C@H](O)CCCCCCC[C@H](O)CC2=C[C@H](C)OC2=O)O1", "bw_confidence": 0.004802162938371027, "confidence": 0.3977917465030494, "rclass": "6 6.3 6.3.6", "children": [{"smiles": "CCCCCCCCCC[C@@H](OC(C)=O)[C@@H]1CC[C@H]([C@H](O)CCCC[C@H](O)CCCCCCC[C@H](O)CC2=C[C@H](C)OC2=O)O1"}, {"smiles": "CO"}, {"smiles": "C[O-]~[Na+]"}]}, {"smiles": "CCCCCCCCCC[C@@H](O)[C@@H]1CC[C@H]([C@H](O)CCCC[C@H](O)CCCCCCC[C@H](O)CC2=C[C@H](C)OC2=O)O1", "bw_confidence": 0.0042786192459614075, "confidence": 0.6089147521651038, "rclass": "6 6.3 6.3.2", "children": [{"smiles": "C1CCOC1"}, {"smiles": "CCCCCCCCCC[C@@H](O[Si](C)(C)C(C)(C)C)[C@@H]1CC[C@H]([C@H](O)CCCC[C@H](O)CCCCCCC[C@H](O)CC2=C[C@H](C)OC2=O)O1"}, {"smiles": "CCCC[N+](CCCC)(CCCC)CCCC~[F-]"}]}, {"smiles": "CCCCCCCCCC[C@@H](O)[C@@H]1CC[C@H]([C@H](O)CCCC[C@H](O)CCCCCCC[C@H](O)CC2=C[C@H](C)OC2=O)O1", "bw_confidence": 0.0030062963287394973, "confidence": 0.05041982997275019, "rclass": "11 11.5 11.5", "children": [{"smiles": "CCCCCCCCCC[C@@H](O)[C@@H]1CC[C@H]([C@H](O)CCCC[C@H](O)CCCCCCC[C@H](O)CC2=C[C@H](C)OC2=O)O1"}, {"smiles": "CCOC(C)=O"}]}, {"smiles": "CCCCCCCCCC[C@@H](O)[C@@H]1CC[C@H]([C@H](O)CCCC[C@H](O)CCCCCCC[C@H](O)CC2=C[C@H](C)OC2=O)O1", "bw_confidence": 0.0009878557723747223, "confidence": 0.05913291077022958, "rclass": "10 10.4 10.4.3", "children": [{"smiles": "C1CCOC1"}, {"smiles": "CCCCCCCCCC[C@@H](O)[C@@H]1CC[C@H]([C@H](O)CCCC/C=C/CCCCCC[C@H](O)CC2=C[C@H](C)OC2=O)O1"}, {"smiles": "OO"}, {"smiles": "[OH-]~[Na+]"}]}, {"smiles": "CCCCCCCCCC[C@@H](O)[C@@H]1CC[C@H]([C@H](O)CCCC[C@H](O)CCCCCCC[C@H](O)CC2=C[C@H](C)OC2=O)O1", "bw_confidence": 0.000206836777694074, "confidence": 0.09569695273681852, "rclass": "11 11.9 11.9", "children": [{"smiles": "CCCCCCCCCC[C@@H](O)[C@@H]1CC[C@H]([C@H](O)CCCC[C@H](O)CCCCCCC[C@H](O)CC2=C[C@H](C)OC2=O)O1~CCCCCCCCCC[C@@H](O)[C@@H]1CC[C@H]([C@H](O)CCCC[C@H](O)CCCCCCC[C@H](O)CC2=C[C@H](C)OC2=O)O1"}, {"smiles": "CCOC(C)=O"}]}, {"smiles": "CCCCCCCCCC[C@@H](O)[C@@H]1CC[C@H]([C@H](O)CCCC[C@H](O)CCCCCCC[C@H](O)CC2=C[C@H](C)OC2=O)O1", "bw_confidence": 0.00018956205774849059, "confidence": 0.03906329228605912, "rclass": "0 0 0", "children": [{"smiles": "C=CC[C@@H](O)CCCC[C@H](O)CCCCCCC[C@H](O)CC1=C[C@H](C)OC1=O"}, {"smiles": "CCCCCCCCCC[C@@H](O)[C@@H]1CC[C@H]([C@H](O)CCCC[C@H](O)CCCCCCC[C@H](O)CC2=C[C@H](C)OC2=O)O1"}]}], "chem_bw_confidence_list": [0.034043270559223605, 0.008904962409254868, 0.008181251782141772, 0.00774338293988313, 0.005322035434163542, 0.004802162938371027, 0.0042786192459614075, 0.0030062963287394973, 0.0009878557723747223, 0.000206836777694074, 0.00018956205774849059], "enzy_template_score_list": [0.13819801807403564, 0.13819801807403564, 0.13819801807403564, 0.13819801807403564, 0.13819801807403564, 0.13819801807403564, 0.13819801807403564, 0.13819801807403564, 0.13819801807403564, 0.13819801807403564, 0.13819801807403564, 0.13819801807403564, 0.13819801807403564, 0.13819801807403564, 0.13819801807403564], "enzy_result": [{"smiles": "CCCCCCCCCC[C@@H](O)[C@@H]1CC[C@H]([C@H](O)CCCC[C@H](O)CCCC/C=C/C[C@H](O)CC2=C[C@H](C)OC2=O)O1", "smiles_split": ["CCCCCCCCCC[C@@H](O)[C@@H]1CC[C@H]([C@H](O)CCCC[C@H](O)CCCC/C=C/C[C@H](O)CC2=C[C@H](C)OC2=O)O1"], "mapped_smiles": "[CH3:1][CH2:2][CH2:3][CH2:4][CH2:5][CH2:6][CH2:7][CH2:8][CH2:9][CH2:10][C@@H:11]([OH:12])[C@@H:13]1[CH2:14][CH2:15][C@H:16]([C@H:17]([OH:18])[CH2:19][CH2:20][CH2:21][CH2:22][C@H:23]([OH:24])[CH2:25][CH2:26][CH2:27][CH2:28]/[CH:29]=[CH:30]/[CH2:31][C@H:32]([OH:33])[CH2:34][C:35]2=[CH:36][C@H:37]([CH3:38])[O:39][C:40]2=[O:41])[O:42]1", "reacting_atoms": [30, 29], "template_id": "a6b14edb1da18d74714adbb4a8d12fca", "template_set": ["bkms"], "num_examples": 2, "necessary_reagent": "", "template_score": 0.13819801807403564, "rms_molwt": -594.449554324, "num_rings": -2, "plausibility": 1, "tforms": ["a6b14edb1da18d74714adbb4a8d12fca"], "rank": 1, "score": -4877.095957388225}, {"smiles": "CCCCCCCCCC[C@@H](O)[C@@H]1CC[C@H]([C@H](O)CCCC[C@H](O)/C=C/CCCCC[C@H](O)CC2=C[C@H](C)OC2=O)O1", "smiles_split": ["CCCCCCCCCC[C@@H](O)[C@@H]1CC[C@H]([C@H](O)CCCC[C@H](O)/C=C/CCCCC[C@H](O)CC2=C[C@H](C)OC2=O)O1"], "mapped_smiles": "[CH3:1][CH2:2][CH2:3][CH2:4][CH2:5][CH2:6][CH2:7][CH2:8][CH2:9][CH2:10][C@@H:11]([OH:12])[C@@H:13]1[CH2:14][CH2:15][C@H:16]([C@H:17]([OH:18])[CH2:19][CH2:20][CH2:21][CH2:22][C@H:23]([OH:24])/[CH:25]=[CH:26]/[CH2:27][CH2:28][CH2:29][CH2:30][CH2:31][C@H:32]([OH:33])[CH2:34][C:35]2=[CH:36][C@H:37]([CH3:38])[O:39][C:40]2=[O:41])[O:42]1", "reacting_atoms": [26, 25], "template_id": "a6b14edb1da18d74714adbb4a8d12fca", "template_set": ["bkms"], "num_examples": 2, "necessary_reagent": "", "template_score": 0.13819801807403564, "rms_molwt": -594.449554324, "num_rings": -2, "plausibility": 1, "tforms": ["a6b14edb1da18d74714adbb4a8d12fca"], "rank": 2, "score": -4877.095957388225}, {"smiles": "CCCCCCCCCC[C@@H](O)[C@@H]1CC[C@H]([C@H](O)C/C=C/C[C@H](O)CCCCCCC[C@H](O)CC2=C[C@H](C)OC2=O)O1", "smiles_split": ["CCCCCCCCCC[C@@H](O)[C@@H]1CC[C@H]([C@H](O)C/C=C/C[C@H](O)CCCCCCC[C@H](O)CC2=C[C@H](C)OC2=O)O1"], "mapped_smiles": "[CH3:1][CH2:2][CH2:3][CH2:4][CH2:5][CH2:6][CH2:7][CH2:8][CH2:9][CH2:10][C@@H:11]([OH:12])[C@@H:13]1[CH2:14][CH2:15][C@H:16]([C@H:17]([OH:18])[CH2:19]/[CH:20]=[CH:21]/[CH2:22][C@H:23]([OH:24])[CH2:25][CH2:26][CH2:27][CH2:28][CH2:29][CH2:30][CH2:31][C@H:32]([OH:33])[CH2:34][C:35]2=[CH:36][C@H:37]([CH3:38])[O:39][C:40]2=[O:41])[O:42]1", "reacting_atoms": [21, 20], "template_id": "a6b14edb1da18d74714adbb4a8d12fca", "template_set": ["bkms"], "num_examples": 2, "necessary_reagent": "", "template_score": 0.13819801807403564, "rms_molwt": -594.449554324, "num_rings": -2, "plausibility": 1, "tforms": ["a6b14edb1da18d74714adbb4a8d12fca"], "rank": 3, "score": -4877.095957388225}, {"smiles": "CCCCCCC/C=C/C[C@@H](O)[C@@H]1CC[C@H]([C@H](O)CCCC[C@H](O)CCCCCCC[C@H](O)CC2=C[C@H](C)OC2=O)O1", "smiles_split": ["CCCCCCC/C=C/C[C@@H](O)[C@@H]1CC[C@H]([C@H](O)CCCC[C@H](O)CCCCCCC[C@H](O)CC2=C[C@H](C)OC2=O)O1"], "mapped_smiles": "[CH3:1][CH2:2][CH2:3][CH2:4][CH2:5][CH2:6][CH2:7]/[CH:8]=[CH:9]/[CH2:10][C@@H:11]([OH:12])[C@@H:13]1[CH2:14][CH2:15][C@H:16]([C@H:17]([OH:18])[CH2:19][CH2:20][CH2:21][CH2:22][C@H:23]([OH:24])[CH2:25][CH2:26][CH2:27][CH2:28][CH2:29][CH2:30][CH2:31][C@H:32]([OH:33])[CH2:34][C:35]2=[CH:36][C@H:37]([CH3:38])[O:39][C:40]2=[O:41])[O:42]1", "reacting_atoms": [9, 8], "template_id": "a6b14edb1da18d74714adbb4a8d12fca", "template_set": ["bkms"], "num_examples": 2, "necessary_reagent": "", "template_score": 0.13819801807403564, "rms_molwt": -594.449554324, "num_rings": -2, "plausibility": 1, "tforms": ["a6b14edb1da18d74714adbb4a8d12fca"], "rank": 4, "score": -4877.095957388225}, {"smiles": "CCCCCCCCCC[C@@H](O)[C@@H]1CC[C@H]([C@H](O)CCCC[C@H](O)CC/C=C/CCC[C@H](O)CC2=C[C@H](C)OC2=O)O1", "smiles_split": ["CCCCCCCCCC[C@@H](O)[C@@H]1CC[C@H]([C@H](O)CCCC[C@H](O)CC/C=C/CCC[C@H](O)CC2=C[C@H](C)OC2=O)O1"], "mapped_smiles": "[CH3:1][CH2:2][CH2:3][CH2:4][CH2:5][CH2:6][CH2:7][CH2:8][CH2:9][CH2:10][C@@H:11]([OH:12])[C@@H:13]1[CH2:14][CH2:15][C@H:16]([C@H:17]([OH:18])[CH2:19][CH2:20][CH2:21][CH2:22][C@H:23]([OH:24])[CH2:25][CH2:26]/[CH:27]=[CH:28]/[CH2:29][CH2:30][CH2:31][C@H:32]([OH:33])[CH2:34][C:35]2=[CH:36][C@H:37]([CH3:38])[O:39][C:40]2=[O:41])[O:42]1", "reacting_atoms": [28, 27], "template_id": "a6b14edb1da18d74714adbb4a8d12fca", "template_set": ["bkms"], "num_examples": 2, "necessary_reagent": "", "template_score": 0.13819801807403564, "rms_molwt": -594.449554324, "num_rings": -2, "plausibility": 1, "tforms": ["a6b14edb1da18d74714adbb4a8d12fca"], "rank": 5, "score": -4877.095957388225}, {"smiles": "CCCCCCCCCC[C@@H](O)[C@@H]1C=C[C@H]([C@H](O)CCCC[C@H](O)CCCCCCC[C@H](O)CC2=C[C@H](C)OC2=O)O1", "smiles_split": ["CCCCCCCCCC[C@@H](O)[C@@H]1C=C[C@H]([C@H](O)CCCC[C@H](O)CCCCCCC[C@H](O)CC2=C[C@H](C)OC2=O)O1"], "mapped_smiles": "[CH3:1][CH2:2][CH2:3][CH2:4][CH2:5][CH2:6][CH2:7][CH2:8][CH2:9][CH2:10][C@@H:11]([OH:12])[C@@H:13]1[CH:14]=[CH:15][C@H:16]([C@H:17]([OH:18])[CH2:19][CH2:20][CH2:21][CH2:22][C@H:23]([OH:24])[CH2:25][CH2:26][CH2:27][CH2:28][CH2:29][CH2:30][CH2:31][C@H:32]([OH:33])[CH2:34][C:35]2=[CH:36][C@H:37]([CH3:38])[O:39][C:40]2=[O:41])[O:42]1", "reacting_atoms": [15, 14], "template_id": "a6b14edb1da18d74714adbb4a8d12fca", "template_set": ["bkms", "bkms", "bkms", "bkms"], "num_examples": 7, "necessary_reagent": "", "template_score": 0.13819801807403564, "rms_molwt": -594.449554324, "num_rings": -2, "plausibility": 1, "tforms": ["47da3301404a636ec96c4db14791d759", "a6b14edb1da18d74714adbb4a8d12fca", "8b5c16661ec481a55be458db21412d79", "9ddf4c3521804c0c8b37800139d9e362"], "rank": 6, "score": -4877.095957388225}, {"smiles": "CCCCCC/C=C/CC[C@@H](O)[C@@H]1CC[C@H]([C@H](O)CCCC[C@H](O)CCCCCCC[C@H](O)CC2=C[C@H](C)OC2=O)O1", "smiles_split": ["CCCCCC/C=C/CC[C@@H](O)[C@@H]1CC[C@H]([C@H](O)CCCC[C@H](O)CCCCCCC[C@H](O)CC2=C[C@H](C)OC2=O)O1"], "mapped_smiles": "[CH3:1][CH2:2][CH2:3][CH2:4][CH2:5][CH2:6]/[CH:7]=[CH:8]/[CH2:9][CH2:10][C@@H:11]([OH:12])[C@@H:13]1[CH2:14][CH2:15][C@H:16]([C@H:17]([OH:18])[CH2:19][CH2:20][CH2:21][CH2:22][C@H:23]([OH:24])[CH2:25][CH2:26][CH2:27][CH2:28][CH2:29][CH2:30][CH2:31][C@H:32]([OH:33])[CH2:34][C:35]2=[CH:36][C@H:37]([CH3:38])[O:39][C:40]2=[O:41])[O:42]1", "reacting_atoms": [8, 7], "template_id": "a6b14edb1da18d74714adbb4a8d12fca", "template_set": ["bkms"], "num_examples": 2, "necessary_reagent": "", "template_score": 0.13819801807403564, "rms_molwt": -594.449554324, "num_rings": -2, "plausibility": 1, "tforms": ["a6b14edb1da18d74714adbb4a8d12fca"], "rank": 7, "score": -4877.095957388225}, {"smiles": "CCCCC/C=C/CCC[C@@H](O)[C@@H]1CC[C@H]([C@H](O)CCCC[C@H](O)CCCCCCC[C@H](O)CC2=C[C@H](C)OC2=O)O1", "smiles_split": ["CCCCC/C=C/CCC[C@@H](O)[C@@H]1CC[C@H]([C@H](O)CCCC[C@H](O)CCCCCCC[C@H](O)CC2=C[C@H](C)OC2=O)O1"], "mapped_smiles": "[CH3:1][CH2:2][CH2:3][CH2:4][CH2:5]/[CH:6]=[CH:7]/[CH2:8][CH2:9][CH2:10][C@@H:11]([OH:12])[C@@H:13]1[CH2:14][CH2:15][C@H:16]([C@H:17]([OH:18])[CH2:19][CH2:20][CH2:21][CH2:22][C@H:23]([OH:24])[CH2:25][CH2:26][CH2:27][CH2:28][CH2:29][CH2:30][CH2:31][C@H:32]([OH:33])[CH2:34][C:35]2=[CH:36][C@H:37]([CH3:38])[O:39][C:40]2=[O:41])[O:42]1", "reacting_atoms": [7, 6], "template_id": "a6b14edb1da18d74714adbb4a8d12fca", "template_set": ["bkms"], "num_examples": 2, "necessary_reagent": "", "template_score": 0.13819801807403564, "rms_molwt": -594.449554324, "num_rings": -2, "plausibility": 1, "tforms": ["a6b14edb1da18d74714adbb4a8d12fca"], "rank": 8, "score": -4877.095957388225}, {"smiles": "CCCCCCCCCC[C@@H](O)[C@@H]1CC[C@H]([C@H](O)CCCC[C@H](O)CCC/C=C/CC[C@H](O)CC2=C[C@H](C)OC2=O)O1", "smiles_split": ["CCCCCCCCCC[C@@H](O)[C@@H]1CC[C@H]([C@H](O)CCCC[C@H](O)CCC/C=C/CC[C@H](O)CC2=C[C@H](C)OC2=O)O1"], "mapped_smiles": "[CH3:1][CH2:2][CH2:3][CH2:4][CH2:5][CH2:6][CH2:7][CH2:8][CH2:9][CH2:10][C@@H:11]([OH:12])[C@@H:13]1[CH2:14][CH2:15][C@H:16]([C@H:17]([OH:18])[CH2:19][CH2:20][CH2:21][CH2:22][C@H:23]([OH:24])[CH2:25][CH2:26][CH2:27]/[CH:28]=[CH:29]/[CH2:30][CH2:31][C@H:32]([OH:33])[CH2:34][C:35]2=[CH:36][C@H:37]([CH3:38])[O:39][C:40]2=[O:41])[O:42]1", "reacting_atoms": [29, 28], "template_id": "a6b14edb1da18d74714adbb4a8d12fca", "template_set": ["bkms"], "num_examples": 2, "necessary_reagent": "", "template_score": 0.13819801807403564, "rms_molwt": -594.449554324, "num_rings": -2, "plausibility": 1, "tforms": ["a6b14edb1da18d74714adbb4a8d12fca"], "rank": 9, "score": -4877.095957388225}, {"smiles": "CC/C=C/CCCCCC[C@@H](O)[C@@H]1CC[C@H]([C@H](O)CCCC[C@H](O)CCCCCCC[C@H](O)CC2=C[C@H](C)OC2=O)O1", "smiles_split": ["CC/C=C/CCCCCC[C@@H](O)[C@@H]1CC[C@H]([C@H](O)CCCC[C@H](O)CCCCCCC[C@H](O)CC2=C[C@H](C)OC2=O)O1"], "mapped_smiles": "[CH3:1][CH2:2]/[CH:3]=[CH:4]/[CH2:5][CH2:6][CH2:7][CH2:8][CH2:9][CH2:10][C@@H:11]([OH:12])[C@@H:13]1[CH2:14][CH2:15][C@H:16]([C@H:17]([OH:18])[CH2:19][CH2:20][CH2:21][CH2:22][C@H:23]([OH:24])[CH2:25][CH2:26][CH2:27][CH2:28][CH2:29][CH2:30][CH2:31][C@H:32]([OH:33])[CH2:34][C:35]2=[CH:36][C@H:37]([CH3:38])[O:39][C:40]2=[O:41])[O:42]1", "reacting_atoms": [4, 3], "template_id": "a6b14edb1da18d74714adbb4a8d12fca", "template_set": ["bkms"], "num_examples": 2, "necessary_reagent": "", "template_score": 0.13819801807403564, "rms_molwt": -594.449554324, "num_rings": -2, "plausibility": 1, "tforms": ["a6b14edb1da18d74714adbb4a8d12fca"], "rank": 10, "score": -4877.095957388225}, {"smiles": "CCCCCCCC/C=C/[C@@H](O)[C@@H]1CC[C@H]([C@H](O)CCCC[C@H](O)CCCCCCC[C@H](O)CC2=C[C@H](C)OC2=O)O1", "smiles_split": ["CCCCCCCC/C=C/[C@@H](O)[C@@H]1CC[C@H]([C@H](O)CCCC[C@H](O)CCCCCCC[C@H](O)CC2=C[C@H](C)OC2=O)O1"], "mapped_smiles": "[CH3:1][CH2:2][CH2:3][CH2:4][CH2:5][CH2:6][CH2:7][CH2:8]/[CH:9]=[CH:10]/[C@@H:11]([OH:12])[C@@H:13]1[CH2:14][CH2:15][C@H:16]([C@H:17]([OH:18])[CH2:19][CH2:20][CH2:21][CH2:22][C@H:23]([OH:24])[CH2:25][CH2:26][CH2:27][CH2:28][CH2:29][CH2:30][CH2:31][C@H:32]([OH:33])[CH2:34][C:35]2=[CH:36][C@H:37]([CH3:38])[O:39][C:40]2=[O:41])[O:42]1", "reacting_atoms": [10, 9], "template_id": "a6b14edb1da18d74714adbb4a8d12fca", "template_set": ["bkms"], "num_examples": 2, "necessary_reagent": "", "template_score": 0.13819801807403564, "rms_molwt": -594.449554324, "num_rings": -2, "plausibility": 1, "tforms": ["a6b14edb1da18d74714adbb4a8d12fca"], "rank": 11, "score": -4877.095957388225}, {"smiles": "C/C=C/CCCCCCC[C@@H](O)[C@@H]1CC[C@H]([C@H](O)CCCC[C@H](O)CCCCCCC[C@H](O)CC2=C[C@H](C)OC2=O)O1", "smiles_split": ["C/C=C/CCCCCCC[C@@H](O)[C@@H]1CC[C@H]([C@H](O)CCCC[C@H](O)CCCCCCC[C@H](O)CC2=C[C@H](C)OC2=O)O1"], "mapped_smiles": "[CH3:1]/[CH:2]=[CH:3]/[CH2:4][CH2:5][CH2:6][CH2:7][CH2:8][CH2:9][CH2:10][C@@H:11]([OH:12])[C@@H:13]1[CH2:14][CH2:15][C@H:16]([C@H:17]([OH:18])[CH2:19][CH2:20][CH2:21][CH2:22][C@H:23]([OH:24])[CH2:25][CH2:26][CH2:27][CH2:28][CH2:29][CH2:30][CH2:31][C@H:32]([OH:33])[CH2:34][C:35]2=[CH:36][C@H:37]([CH3:38])[O:39][C:40]2=[O:41])[O:42]1", "reacting_atoms": [3, 2], "template_id": "a6b14edb1da18d74714adbb4a8d12fca", "template_set": ["bkms"], "num_examples": 2, "necessary_reagent": "", "template_score": 0.13819801807403564, "rms_molwt": -594.449554324, "num_rings": -2, "plausibility": 1, "tforms": ["a6b14edb1da18d74714adbb4a8d12fca"], "rank": 12, "score": -4877.095957388225}, {"smiles": "CCC/C=C/CCCCC[C@@H](O)[C@@H]1CC[C@H]([C@H](O)CCCC[C@H](O)CCCCCCC[C@H](O)CC2=C[C@H](C)OC2=O)O1", "smiles_split": ["CCC/C=C/CCCCC[C@@H](O)[C@@H]1CC[C@H]([C@H](O)CCCC[C@H](O)CCCCCCC[C@H](O)CC2=C[C@H](C)OC2=O)O1"], "mapped_smiles": "[CH3:1][CH2:2][CH2:3]/[CH:4]=[CH:5]/[CH2:6][CH2:7][CH2:8][CH2:9][CH2:10][C@@H:11]([OH:12])[C@@H:13]1[CH2:14][CH2:15][C@H:16]([C@H:17]([OH:18])[CH2:19][CH2:20][CH2:21][CH2:22][C@H:23]([OH:24])[CH2:25][CH2:26][CH2:27][CH2:28][CH2:29][CH2:30][CH2:31][C@H:32]([OH:33])[CH2:34][C:35]2=[CH:36][C@H:37]([CH3:38])[O:39][C:40]2=[O:41])[O:42]1", "reacting_atoms": [5, 4], "template_id": "a6b14edb1da18d74714adbb4a8d12fca", "template_set": ["bkms"], "num_examples": 2, "necessary_reagent": "", "template_score": 0.13819801807403564, "rms_molwt": -594.449554324, "num_rings": -2, "plausibility": 1, "tforms": ["a6b14edb1da18d74714adbb4a8d12fca"], "rank": 13, "score": -4877.095957388225}, {"smiles": "CCCC/C=C/CCCC[C@@H](O)[C@@H]1CC[C@H]([C@H](O)CCCC[C@H](O)CCCCCCC[C@H](O)CC2=C[C@H](C)OC2=O)O1", "smiles_split": ["CCCC/C=C/CCCC[C@@H](O)[C@@H]1CC[C@H]([C@H](O)CCCC[C@H](O)CCCCCCC[C@H](O)CC2=C[C@H](C)OC2=O)O1"], "mapped_smiles": "[CH3:1][CH2:2][CH2:3][CH2:4]/[CH:5]=[CH:6]/[CH2:7][CH2:8][CH2:9][CH2:10][C@@H:11]([OH:12])[C@@H:13]1[CH2:14][CH2:15][C@H:16]([C@H:17]([OH:18])[CH2:19][CH2:20][CH2:21][CH2:22][C@H:23]([OH:24])[CH2:25][CH2:26][CH2:27][CH2:28][CH2:29][CH2:30][CH2:31][C@H:32]([OH:33])[CH2:34][C:35]2=[CH:36][C@H:37]([CH3:38])[O:39][C:40]2=[O:41])[O:42]1", "reacting_atoms": [6, 5], "template_id": "a6b14edb1da18d74714adbb4a8d12fca", "template_set": ["bkms"], "num_examples": 2, "necessary_reagent": "", "template_score": 0.13819801807403564, "rms_molwt": -594.449554324, "num_rings": -2, "plausibility": 1, "tforms": ["a6b14edb1da18d74714adbb4a8d12fca"], "rank": 14, "score": -4877.095957388225}, {"smiles": "CCCCCCCCCC[C@@H](O)[C@@H]1CC[C@H]([C@H](O)CCCC[C@H](O)C/C=C/CCCC[C@H](O)CC2=C[C@H](C)OC2=O)O1", "smiles_split": ["CCCCCCCCCC[C@@H](O)[C@@H]1CC[C@H]([C@H](O)CCCC[C@H](O)C/C=C/CCCC[C@H](O)CC2=C[C@H](C)OC2=O)O1"], "mapped_smiles": "[CH3:1][CH2:2][CH2:3][CH2:4][CH2:5][CH2:6][CH2:7][CH2:8][CH2:9][CH2:10][C@@H:11]([OH:12])[C@@H:13]1[CH2:14][CH2:15][C@H:16]([C@H:17]([OH:18])[CH2:19][CH2:20][CH2:21][CH2:22][C@H:23]([OH:24])[CH2:25]/[CH:26]=[CH:27]/[CH2:28][CH2:29][CH2:30][CH2:31][C@H:32]([OH:33])[CH2:34][C:35]2=[CH:36][C@H:37]([CH3:38])[O:39][C:40]2=[O:41])[O:42]1", "reacting_atoms": [27, 26], "template_id": "a6b14edb1da18d74714adbb4a8d12fca", "template_set": ["bkms"], "num_examples": 2, "necessary_reagent": "", "template_score": 0.13819801807403564, "rms_molwt": -594.449554324, "num_rings": -2, "plausibility": 1, "tforms": ["a6b14edb1da18d74714adbb4a8d12fca"], "rank": 15, "score": -4877.095957388225}]}