{"smiles": "CCCCC/C=C\\C/C=C\\CCCCCCCCCCCC(=O)O[C@@H](COC(=O)CCCCCCC/C=C\\CCCCCC)COC(=O)CCCCCCCCCCCCCCCCCCCCCCC", "sfscore": [0.4261046051979065, 0.6231597065925598], "chem_result": [{"smiles": "CCCCC/C=C\\C/C=C\\CCCCCCCCCCCC(=O)O[C@@H](COC(=O)CCCCCCC/C=C\\CCCCCC)COC(=O)CCCCCCCCCCCCCCCCCCCCCCC", "bw_confidence": 0.011118689310831292, "confidence": 0.013957077245360626, "rclass": "11 11.5 11.5", "children": [{"smiles": "CCCCC/C=C\\C/C=C\\CCCCCCCCCCCC(=O)O[C@@H](COC(=O)CCCCCCC/C=C\\CCCCCC)COC(=O)CCCCCCCCCCCCCCCCCCCCCC"}, {"smiles": "ClCCl"}, {"smiles": "O=[Cr](=O)([O-])Cl~c1cc[nH+]cc1"}]}, {"smiles": "CCCCC/C=C\\C/C=C\\CCCCCCCCCCCC(=O)O[C@@H](COC(=O)CCCCCCC/C=C\\CCCCCC)COC(=O)CCCCCCCCCCCCCCCCCCCCCCC", "bw_confidence": 0.007836789215427471, "confidence": 0.006168766629011618, "rclass": "11 11.5 11.5", "children": [{"smiles": "CCCCC/C=C\\C/C=C\\CCCCCCCCCCCC(=O)O[C@@H](COC(=O)CCCCCCC/C=C\\CCCCCC)COC(=O)CCCCCCCCCCCCCCCCCCCCCCCC"}, {"smiles": "ClCCl"}, {"smiles": "O=C(O)C(F)(F)F"}]}, {"smiles": "CCCCC/C=C\\C/C=C\\CCCCCCCCCCCC(=O)O[C@@H](COC(=O)CCCCCCC/C=C\\CCCCCC)COC(=O)CCCCCCCCCCCCCCCCCCCCCCC", "bw_confidence": 0.006042112137615312, "confidence": 0.5000170164633096, "rclass": "0 0 0", "children": [{"smiles": "CCCCC/C=C\\C/C=C\\CCCCCCCCCCCC(=O)Cl"}, {"smiles": "CCN(CC)CC"}, {"smiles": "ClCCl"}, {"smiles": "OCC(O)CO"}]}, {"smiles": "CCCCC/C=C\\C/C=C\\CCCCCCCCCCCC(=O)O[C@@H](COC(=O)CCCCCCC/C=C\\CCCCCC)COC(=O)CCCCCCCCCCCCCCCCCCCCCCC", "bw_confidence": 0.003798560910310369, "confidence": 0.08509371227729653, "rclass": "0 0 0", "children": [{"smiles": "CCCCC/C=C\\C/C=C\\CCCCCCCCCCCC(=O)O[C@@H](CO)COC(=O)CCCCCCCC/C=C\\CCCCCC"}, {"smiles": "ClCCl"}]}, {"smiles": "CCCCC/C=C\\C/C=C\\CCCCCCCCCCCC(=O)O[C@@H](COC(=O)CCCCCCC/C=C\\CCCCCC)COC(=O)CCCCCCCCCCCCCCCCCCCCCCC", "bw_confidence": 0.003295103414843323, "confidence": 0.0017091054673007255, "rclass": "11 11.5 11.5", "children": [{"smiles": "CCCCC/C=C\\C/C=C\\CCCCCCCCCCCC(=O)O[C@@H](COC(=O)CCCCCCC/C=C\\CCCCCC)COC(=O)CCCCCCCCCCCCCCCCCCCCCCCC"}, {"smiles": "ClCCl"}]}, {"smiles": "CCCCC/C=C\\C/C=C\\CCCCCCCCCCCC(=O)O[C@@H](COC(=O)CCCCCCC/C=C\\CCCCCC)COC(=O)CCCCCCCCCCCCCCCCCCCCCCC", "bw_confidence": 0.000547942454670855, "confidence": 0.016379427619208197, "rclass": "11 11.5 11.5", "children": [{"smiles": "CCCCC/C=C\\C/C=C\\CCCCCCCCCCCC(=O)O[C@@H](COC(=O)CCCCCCC/C=C\\CCCCCC)COC(=O)CCCCCCCCCCCCCCCCCCCCCCC"}, {"smiles": "CCN(CC)CC"}, {"smiles": "ClCCl"}, {"smiles": "O=C(OC(=O)C(F)(F)F)C(F)(F)F"}]}, {"smiles": "CCCCC/C=C\\C/C=C\\CCCCCCCCCCCC(=O)O[C@@H](COC(=O)CCCCCCC/C=C\\CCCCCC)COC(=O)CCCCCCCCCCCCCCCCCCCCCCC", "bw_confidence": 0.0005422683103774974, "confidence": 0.013078535130818114, "rclass": "0 0 0", "children": [{"smiles": "CCCCC/C=C\\C/C=C\\CCCCCCCCCCCC(=O)O"}, {"smiles": "CCCCCC/C=C\\CCCCCCCCCC(=O)OC[C@H](COC(=O)CCCCCCC/C=C\\CCCCCC)OC(=O)CCCCCCCCCCCCCCCCCCCCC"}]}, {"smiles": "CCCCC/C=C\\C/C=C\\CCCCCCCCCCCC(=O)O[C@@H](COC(=O)CCCCCCC/C=C\\CCCCCC)COC(=O)CCCCCCCCCCCCCCCCCCCCCCC", "bw_confidence": 0.0004992278333255982, "confidence": 0.016588481547417877, "rclass": "7 7.6 7.6.1", "children": [{"smiles": "CCCCC/C=C\\C/C=C\\CCCCCCCCCCCC(=O)O[C@@H](COC(=O)CCCCCCC/C=C\\CCCCCC)COC(=O)CCCCCCCC/C=C\\CCCCCC"}, {"smiles": "CCOC(C)=O"}, {"smiles": "[H][H]"}]}, {"smiles": "CCCCC/C=C\\C/C=C\\CCCCCCCCCCCC(=O)O[C@@H](COC(=O)CCCCCCC/C=C\\CCCCCC)COC(=O)CCCCCCCCCCCCCCCCCCCCCCC", "bw_confidence": 3.433446934680217e-05, "confidence": 0.025444453525160917, "rclass": "11 11.7 11.7", "children": [{"smiles": "CCCCC/C=C\\C/C=C\\CCCCCCCCCC(=O)O[C@@H](COC(=O)CCCCCCCC/C=C\\CCCCCC)COC(=O)CCCCCCCCCCCCCCCCCCCCC"}, {"smiles": "CCCCC/C=C\\C/C=C\\CCCCCCCCCCCC(=O)O[C@@H](COC(=O)CCCCCCC/C=C\\CCCCCC)COC(=O)CCCCCCCCCCCCCCCCCCCCCC"}]}, {"smiles": "CCCCC/C=C\\C/C=C\\CCCCCCCCCCCC(=O)O[C@@H](COC(=O)CCCCCCC/C=C\\CCCCCC)COC(=O)CCCCCCCCCCCCCCCCCCCCCCC", "bw_confidence": 3.002148977422203e-05, "confidence": 0.022781250308798563, "rclass": "11 11.7 11.7", "children": [{"smiles": "CCCCC/C=C\\C/C=C\\CCCCCCCCCCC(=O)O[C@@H](COC(=O)CCCCCCCC/C=C\\CCCCCC)COC(=O)CCCCCCCCCCCCCCCCCCCCC"}, {"smiles": "CCCCC/C=C\\C/C=C\\CCCCCCCCCCCC(=O)O[C@@H](COC(=O)CCCCCCC/C=C\\CCCCCC)COC(=O)CCCCCCCCCCCCCCCCCCCCCC"}]}, {"smiles": "CCCCC/C=C\\C/C=C\\CCCCCCCCCCCC(=O)O[C@@H](COC(=O)CCCCCCC/C=C\\CCCCCC)COC(=O)CCCCCCCCCCCCCCCCCCCCCCC", "bw_confidence": 2.810452604052116e-05, "confidence": 0.022127964996236496, "rclass": "11 11.7 11.7", "children": [{"smiles": "CCCCC/C=C\\C/C=C\\CCCCCCCCCC(=O)O[C@@H](COC(=O)CCCCCCC/C=C\\CCCCCC)COC(=O)CCCCCCCCC/C=C\\CCCCCC"}, {"smiles": "CCCCC/C=C\\C/C=C\\CCCCCCCCCCCC(=O)O[C@@H](COC(=O)CCCCCCC/C=C\\CCCCCC)COC(=O)CCCCCCCCCCCCCCCCCC"}]}, {"smiles": "CCCCC/C=C\\C/C=C\\CCCCCCCCCCCC(=O)O[C@@H](COC(=O)CCCCCCC/C=C\\CCCCCC)COC(=O)CCCCCCCCCCCCCCCCCCCCCCC", "bw_confidence": 1.7245728772270827e-05, "confidence": 0.010465317669571353, "rclass": "11 11.7 11.7", "children": [{"smiles": "CCCCC/C=C\\C/C=C\\CCCCCCCCC(=O)O[C@H](COC(=O)CCCCCCC/C=C\\CCCCCC)COC(=O)CCCCCCCCCCCCCCCCCCCCCCCC"}, {"smiles": "CCCCC/C=C\\C/C=C\\CCCCCCCCCCCC(=O)O[C@@H](COC(=O)CCCCCCC/C=C\\CCCCCC)COC(=O)CCCCCCCCCCCCCCCCCCCCC"}]}], "chem_bw_confidence_list": [0.011118689310831292, 0.007836789215427471, 0.006042112137615312, 0.003798560910310369, 0.003295103414843323, 0.000547942454670855, 0.0005422683103774974, 0.0004992278333255982, 3.433446934680217e-05, 3.002148977422203e-05, 2.810452604052116e-05, 1.7245728772270827e-05], "enzy_template_score_list": [0.7940630912780762, 0.7940630912780762, 0.06303655356168747, 0.033305924385786057, 0.033305924385786057, 0.033305924385786057, 0.007321271579712629, 0.007321271579712629, 0.005821799859404564, 0.005821799859404564, 0.005821799859404564, 0.005821799859404564, 0.005821799859404564, 0.005821799859404564, 0.0038288698997348547], "enzy_result": [{"smiles": "CCCCC/C=C\\CCCCCCCCCCCCCCC(=O)O[C@@H](COC(=O)CCCCCCC/C=C\\CCCCCC)COC(=O)CCCCCCCCCCCCCCCCCCCCCCC", "smiles_split": ["CCCCC/C=C\\CCCCCCCCCCCCCCC(=O)O[C@@H](COC(=O)CCCCCCC/C=C\\CCCCCC)COC(=O)CCCCCCCCCCCCCCCCCCCCCCC"], "mapped_smiles": "[CH3:1][CH2:2][CH2:3][CH2:4][CH2:5]/[CH:6]=[CH:7]\\[CH2:8][CH2:9][CH2:10][CH2:11][CH2:12][CH2:13][CH2:14][CH2:15][CH2:16][CH2:17][CH2:18][CH2:19][CH2:20][CH2:21][C:22](=[O:23])[O:24][C@@H:25]([CH2:26][O:27][C:28](=[O:29])[CH2:30][CH2:31][CH2:32][CH2:33][CH2:34][CH2:35][CH2:36]/[CH:37]=[CH:38]\\[CH2:39][CH2:40][CH2:41][CH2:42][CH2:43][CH3:44])[CH2:45][O:46][C:47](=[O:48])[CH2:49][CH2:50][CH2:51][CH2:52][CH2:53][CH2:54][CH2:55][CH2:56][CH2:57][CH2:58][CH2:59][CH2:60][CH2:61][CH2:62][CH2:63][CH2:64][CH2:65][CH2:66][CH2:67][CH2:68][CH2:69][CH2:70][CH3:71]", "reacting_atoms": [9, 10], "template_id": "b8752864a144b4d488d51a312d4ebfdc", "template_set": ["bkms", "bkms", "bkms"], "num_examples": 64, "necessary_reagent": "", "template_score": 0.7940630912780762, "rms_molwt": -998.924141624, "num_rings": 0, "plausibility": 1, "tforms": ["71d96988ab3623c8d39bf0ee6519c85b", "4b5c01ce1dd3e508649493e134ba9f1c", "b8752864a144b4d488d51a312d4ebfdc"], "rank": 1, "score": -1509.34262145592}, {"smiles": "CCCCCC/C=C\\CCCCCCCC(=O)OC[C@@H](COC(=O)CCCCCCCCCCCCCCCCCCCCCCC)OC(=O)CCCCCCCCCCC/C=C\\CCCCCCCC", "smiles_split": ["CCCCCC/C=C\\CCCCCCCC(=O)OC[C@@H](COC(=O)CCCCCCCCCCCCCCCCCCCCCCC)OC(=O)CCCCCCCCCCC/C=C\\CCCCCCCC"], "mapped_smiles": "[CH3:1][CH2:2][CH2:3][CH2:4][CH2:5][CH2:6][CH2:7][CH2:8]/[CH:9]=[CH:10]\\[CH2:11][CH2:12][CH2:13][CH2:14][CH2:15][CH2:16][CH2:17][CH2:18][CH2:19][CH2:20][CH2:21][C:22](=[O:23])[O:24][C@@H:25]([CH2:26][O:27][C:28](=[O:29])[CH2:30][CH2:31][CH2:32][CH2:33][CH2:34][CH2:35][CH2:36]/[CH:37]=[CH:38]\\[CH2:39][CH2:40][CH2:41][CH2:42][CH2:43][CH3:44])[CH2:45][O:46][C:47](=[O:48])[CH2:49][CH2:50][CH2:51][CH2:52][CH2:53][CH2:54][CH2:55][CH2:56][CH2:57][CH2:58][CH2:59][CH2:60][CH2:61][CH2:62][CH2:63][CH2:64][CH2:65][CH2:66][CH2:67][CH2:68][CH2:69][CH2:70][CH3:71]", "reacting_atoms": [7, 6], "template_id": "b8752864a144b4d488d51a312d4ebfdc", "template_set": ["bkms", "bkms", "bkms"], "num_examples": 64, "necessary_reagent": "", "template_score": 0.7940630912780762, "rms_molwt": -998.924141624, "num_rings": 0, "plausibility": 1, "tforms": ["71d96988ab3623c8d39bf0ee6519c85b", "4b5c01ce1dd3e508649493e134ba9f1c", "b8752864a144b4d488d51a312d4ebfdc"], "rank": 2, "score": -1509.34262145592}, {"smiles": "CCCCC/C=C\\C/C=C\\CCCCCCCCCCCC(=O)O[C@@H](COC(=O)CCCCCCCCCCCCCCC)COC(=O)CCCCCCCCCCCCCCCCCCCCCCC", "smiles_split": ["CCCCC/C=C\\C/C=C\\CCCCCCCCCCCC(=O)O[C@@H](COC(=O)CCCCCCCCCCCCCCC)COC(=O)CCCCCCCCCCCCCCCCCCCCCCC"], "mapped_smiles": "[CH3:1][CH2:2][CH2:3][CH2:4][CH2:5]/[CH:6]=[CH:7]\\[CH2:8]/[CH:9]=[CH:10]\\[CH2:11][CH2:12][CH2:13][CH2:14][CH2:15][CH2:16][CH2:17][CH2:18][CH2:19][CH2:20][CH2:21][C:22](=[O:23])[O:24][C@@H:25]([CH2:26][O:27][C:28](=[O:29])[CH2:30][CH2:31][CH2:32][CH2:33][CH2:34][CH2:35][CH2:36][CH2:37][CH2:38][CH2:39][CH2:40][CH2:41][CH2:42][CH2:43][CH3:44])[CH2:45][O:46][C:47](=[O:48])[CH2:49][CH2:50][CH2:51][CH2:52][CH2:53][CH2:54][CH2:55][CH2:56][CH2:57][CH2:58][CH2:59][CH2:60][CH2:61][CH2:62][CH2:63][CH2:64][CH2:65][CH2:66][CH2:67][CH2:68][CH2:69][CH2:70][CH3:71]", "reacting_atoms": [38, 37], "template_id": "4b5c01ce1dd3e508649493e134ba9f1c", "template_set": ["bkms"], "num_examples": 15, "necessary_reagent": "", "template_score": 0.06303655356168747, "rms_molwt": -998.924141624, "num_rings": 0, "plausibility": 1, "tforms": ["4b5c01ce1dd3e508649493e134ba9f1c"], "rank": 3, "score": -19012.988497510094}, {"smiles": "CCCCC/C=C\\C/C=C\\CCCCCCCCCCCC(=O)O[C@@H](CO)COC(=O)CCCCCCCCCCCCCCCCCCCCCCC.CCCCCC/C=C\\CCCCCCCC(=O)SCCNC(=O)CCNC(=O)[C@H](O)C(C)(C)COP(=O)(O)OP(=O)(O)OC[C@H]1O[C@@H](n2cnc3c(N)ncnc32)[C@H](O)[C@@H]1OP(=O)(O)O", "smiles_split": ["CCCCC/C=C\\C/C=C\\CCCCCCCCCCCC(=O)O[C@@H](CO)COC(=O)CCCCCCCCCCCCCCCCCCCCCCC", "CCCCCC/C=C\\CCCCCCCC(=O)SCCNC(=O)CCNC(=O)[C@H](O)C(C)(C)COP(=O)(O)OP(=O)(O)OC[C@H]1O[C@@H](n2cnc3c(N)ncnc32)[C@H](O)[C@@H]1OP(=O)(O)O"], "mapped_smiles": "[C:28](=[O:29])([CH2:30][CH2:31][CH2:32][CH2:33][CH2:34][CH2:35][CH2:36]/[CH:37]=[CH:38]\\[CH2:39][CH2:40][CH2:41][CH2:42][CH2:43][CH3:44])[S:947][CH2:946][CH2:945][NH:944][C:942]([CH2:941][CH2:940][NH:939][C:937]([C@@H:935]([C:901]([CH3:900])([CH3:902])[CH2:903][O:904][P:905]([OH:906])(=[O:907])[O:908][P:909]([OH:910])(=[O:911])[O:912][CH2:913][C@H:914]1[O:915][C@@H:916]([n:917]2[cH:918][n:919][c:920]3[c:921]([NH2:922])[n:923][cH:924][n:925][c:926]23)[C@H:927]([OH:928])[C@@H:929]1[O:930][P:931]([OH:932])([OH:933])=[O:934])[OH:936])=[O:938])=[O:943].[CH3:1][CH2:2][CH2:3][CH2:4][CH2:5]/[CH:6]=[CH:7]\\[CH2:8]/[CH:9]=[CH:10]\\[CH2:11][CH2:12][CH2:13][CH2:14][CH2:15][CH2:16][CH2:17][CH2:18][CH2:19][CH2:20][CH2:21][C:22](=[O:23])[O:24][C@@H:25]([CH2:26][OH:27])[CH2:45][O:46][C:47](=[O:48])[CH2:49][CH2:50][CH2:51][CH2:52][CH2:53][CH2:54][CH2:55][CH2:56][CH2:57][CH2:58][CH2:59][CH2:60][CH2:61][CH2:62][CH2:63][CH2:64][CH2:65][CH2:66][CH2:67][CH2:68][CH2:69][CH2:70][CH3:71]", "reacting_atoms": [28, 27], "template_id": "4f507fe3c79f4d542f14417d7122ff5c", "template_set": ["bkms"], "num_examples": 31, "necessary_reagent": "", "template_score": 0.033305924385786057, "rms_molwt": -890.3161288484783, "num_rings": -3, "plausibility": 1, "tforms": ["4f507fe3c79f4d542f14417d7122ff5c"], "rank": 4, "score": -57194.28476937925}, {"smiles": "CCCCC/C=C\\C/C=C\\CCCCCCCCCCCC(=O)SCCNC(=O)CCNC(=O)[C@H](O)C(C)(C)COP(=O)(O)OP(=O)(O)OC[C@H]1O[C@@H](n2cnc3c(N)ncnc32)[C@H](O)[C@@H]1OP(=O)(O)O.CCCCCC/C=C\\CCCCCCCC(=O)OC[C@H](O)COC(=O)CCCCCCCCCCCCCCCCCCCCCCC", "smiles_split": ["CCCCC/C=C\\C/C=C\\CCCCCCCCCCCC(=O)SCCNC(=O)CCNC(=O)[C@H](O)C(C)(C)COP(=O)(O)OP(=O)(O)OC[C@H]1O[C@@H](n2cnc3c(N)ncnc32)[C@H](O)[C@@H]1OP(=O)(O)O", "CCCCCC/C=C\\CCCCCCCC(=O)OC[C@H](O)COC(=O)CCCCCCCCCCCCCCCCCCCCCCC"], "mapped_smiles": "[CH3:1][CH2:2][CH2:3][CH2:4][CH2:5]/[CH:6]=[CH:7]\\[CH2:8]/[CH:9]=[CH:10]\\[CH2:11][CH2:12][CH2:13][CH2:14][CH2:15][CH2:16][CH2:17][CH2:18][CH2:19][CH2:20][CH2:21][C:22](=[O:23])[S:947][CH2:946][CH2:945][NH:944][C:942]([CH2:941][CH2:940][NH:939][C:937]([C@@H:935]([C:901]([CH3:900])([CH3:902])[CH2:903][O:904][P:905]([OH:906])(=[O:907])[O:908][P:909]([OH:910])(=[O:911])[O:912][CH2:913][C@H:914]1[O:915][C@@H:916]([n:917]2[cH:918][n:919][c:920]3[c:921]([NH2:922])[n:923][cH:924][n:925][c:926]23)[C@H:927]([OH:928])[C@@H:929]1[O:930][P:931]([OH:932])([OH:933])=[O:934])[OH:936])=[O:938])=[O:943].[OH:24][C@@H:25]([CH2:26][O:27][C:28](=[O:29])[CH2:30][CH2:31][CH2:32][CH2:33][CH2:34][CH2:35][CH2:36]/[CH:37]=[CH:38]\\[CH2:39][CH2:40][CH2:41][CH2:42][CH2:43][CH3:44])[CH2:45][O:46][C:47](=[O:48])[CH2:49][CH2:50][CH2:51][CH2:52][CH2:53][CH2:54][CH2:55][CH2:56][CH2:57][CH2:58][CH2:59][CH2:60][CH2:61][CH2:62][CH2:63][CH2:64][CH2:65][CH2:66][CH2:67][CH2:68][CH2:69][CH2:70][CH3:71]", "reacting_atoms": [22, 24], "template_id": "4f507fe3c79f4d542f14417d7122ff5c", "template_set": ["bkms"], "num_examples": 31, "necessary_reagent": "", "template_score": 0.033305924385786057, "rms_molwt": -905.1600323045806, "num_rings": -3, "plausibility": 1, "tforms": ["4f507fe3c79f4d542f14417d7122ff5c"], "rank": 5, "score": -57791.55370347375}, {"smiles": "CCCCC/C=C\\C/C=C\\CCCCCCCCCCCC(=O)O[C@H](CO)COC(=O)CCCCCCC/C=C\\CCCCCC.CCCCCCCCCCCCCCCCCCCCCCCC(=O)SCCNC(=O)CCNC(=O)[C@H](O)C(C)(C)COP(=O)(O)OP(=O)(O)OC[C@H]1O[C@@H](n2cnc3c(N)ncnc32)[C@H](O)[C@@H]1OP(=O)(O)O", "smiles_split": ["CCCCC/C=C\\C/C=C\\CCCCCCCCCCCC(=O)O[C@H](CO)COC(=O)CCCCCCC/C=C\\CCCCCC", "CCCCCCCCCCCCCCCCCCCCCCCC(=O)SCCNC(=O)CCNC(=O)[C@H](O)C(C)(C)COP(=O)(O)OP(=O)(O)OC[C@H]1O[C@@H](n2cnc3c(N)ncnc32)[C@H](O)[C@@H]1OP(=O)(O)O"], "mapped_smiles": "[C:47](=[O:48])([CH2:49][CH2:50][CH2:51][CH2:52][CH2:53][CH2:54][CH2:55][CH2:56][CH2:57][CH2:58][CH2:59][CH2:60][CH2:61][CH2:62][CH2:63][CH2:64][CH2:65][CH2:66][CH2:67][CH2:68][CH2:69][CH2:70][CH3:71])[S:947][CH2:946][CH2:945][NH:944][C:942]([CH2:941][CH2:940][NH:939][C:937]([C@@H:935]([C:901]([CH3:900])([CH3:902])[CH2:903][O:904][P:905]([OH:906])(=[O:907])[O:908][P:909]([OH:910])(=[O:911])[O:912][CH2:913][C@H:914]1[O:915][C@@H:916]([n:917]2[cH:918][n:919][c:920]3[c:921]([NH2:922])[n:923][cH:924][n:925][c:926]23)[C@H:927]([OH:928])[C@@H:929]1[O:930][P:931]([OH:932])([OH:933])=[O:934])[OH:936])=[O:938])=[O:943].[CH3:1][CH2:2][CH2:3][CH2:4][CH2:5]/[CH:6]=[CH:7]\\[CH2:8]/[CH:9]=[CH:10]\\[CH2:11][CH2:12][CH2:13][CH2:14][CH2:15][CH2:16][CH2:17][CH2:18][CH2:19][CH2:20][CH2:21][C:22](=[O:23])[O:24][C@@H:25]([CH2:26][O:27][C:28](=[O:29])[CH2:30][CH2:31][CH2:32][CH2:33][CH2:34][CH2:35][CH2:36]/[CH:37]=[CH:38]\\[CH2:39][CH2:40][CH2:41][CH2:42][CH2:43][CH3:44])[CH2:45][OH:46]", "reacting_atoms": [47, 46], "template_id": "4f507fe3c79f4d542f14417d7122ff5c", "template_set": ["bkms"], "num_examples": 31, "necessary_reagent": "", "template_score": 0.033305924385786057, "rms_molwt": -912.8994904278914, "num_rings": -3, "plausibility": 1, "tforms": ["4f507fe3c79f4d542f14417d7122ff5c"], "rank": 6, "score": -58085.13893032802}, {"smiles": "CCCCCC/C=C\\CCCCCCCC(=O)OC[C@@H](COC(=O)CCCCCCCCCCCCCCCCCCCCCCC)OC(=O)CCCCCCCCCCC/C=C\\CC1OC1CCCCC", "smiles_split": ["CCCCCC/C=C\\CCCCCCCC(=O)OC[C@@H](COC(=O)CCCCCCCCCCCCCCCCCCCCCCC)OC(=O)CCCCCCCCCCC/C=C\\CC1OC1CCCCC"], "mapped_smiles": "[CH3:1][CH2:2][CH2:3][CH2:4][CH2:5][CH:6]1[CH:7]([CH2:8]/[CH:9]=[CH:10]\\[CH2:11][CH2:12][CH2:13][CH2:14][CH2:15][CH2:16][CH2:17][CH2:18][CH2:19][CH2:20][CH2:21][C:22](=[O:23])[O:24][C@@H:25]([CH2:26][O:27][C:28](=[O:29])[CH2:30][CH2:31][CH2:32][CH2:33][CH2:34][CH2:35][CH2:36]/[CH:37]=[CH:38]\\[CH2:39][CH2:40][CH2:41][CH2:42][CH2:43][CH3:44])[CH2:45][O:46][C:47](=[O:48])[CH2:49][CH2:50][CH2:51][CH2:52][CH2:53][CH2:54][CH2:55][CH2:56][CH2:57][CH2:58][CH2:59][CH2:60][CH2:61][CH2:62][CH2:63][CH2:64][CH2:65][CH2:66][CH2:67][CH2:68][CH2:69][CH2:70][CH3:71])[O:900]1", "reacting_atoms": [7, 6], "template_id": "f37b459db04d0833960add5ede2a1b07", "template_set": ["bkms"], "num_examples": 2, "necessary_reagent": "", "template_score": 0.007321271579712629, "rms_molwt": -1012.90340618, "num_rings": -1, "plausibility": 1, "tforms": ["f37b459db04d0833960add5ede2a1b07"], "rank": 7, "score": -167877.48643539648}, {"smiles": "CCCCC/C=C\\CC1OC1CCCCCCCCCCCC(=O)O[C@@H](COC(=O)CCCCCCC/C=C\\CCCCCC)COC(=O)CCCCCCCCCCCCCCCCCCCCCCC", "smiles_split": ["CCCCC/C=C\\CC1OC1CCCCCCCCCCCC(=O)O[C@@H](COC(=O)CCCCCCC/C=C\\CCCCCC)COC(=O)CCCCCCCCCCCCCCCCCCCCCCC"], "mapped_smiles": "[CH3:1][CH2:2][CH2:3][CH2:4][CH2:5]/[CH:6]=[CH:7]\\[CH2:8][CH:9]1[CH:10]([CH2:11][CH2:12][CH2:13][CH2:14][CH2:15][CH2:16][CH2:17][CH2:18][CH2:19][CH2:20][CH2:21][C:22](=[O:23])[O:24][C@@H:25]([CH2:26][O:27][C:28](=[O:29])[CH2:30][CH2:31][CH2:32][CH2:33][CH2:34][CH2:35][CH2:36]/[CH:37]=[CH:38]\\[CH2:39][CH2:40][CH2:41][CH2:42][CH2:43][CH3:44])[CH2:45][O:46][C:47](=[O:48])[CH2:49][CH2:50][CH2:51][CH2:52][CH2:53][CH2:54][CH2:55][CH2:56][CH2:57][CH2:58][CH2:59][CH2:60][CH2:61][CH2:62][CH2:63][CH2:64][CH2:65][CH2:66][CH2:67][CH2:68][CH2:69][CH2:70][CH3:71])[O:900]1", "reacting_atoms": [9, 10], "template_id": "f37b459db04d0833960add5ede2a1b07", "template_set": ["bkms"], "num_examples": 2, "necessary_reagent": "", "template_score": 0.007321271579712629, "rms_molwt": -1012.90340618, "num_rings": -1, "plausibility": 1, "tforms": ["f37b459db04d0833960add5ede2a1b07"], "rank": 8, "score": -167877.48643539648}, {"smiles": "CCCCCC/C=C\\CCCCCCCC(=O)OC[C@@H](COC(=O)CCCCCCCCCCCCCCCCCCCCCCC)OC(=O)CCCCCCCCCCC/C=C\\CC1C(=O)OC1CCCCC", "smiles_split": ["CCCCCC/C=C\\CCCCCCCC(=O)OC[C@@H](COC(=O)CCCCCCCCCCCCCCCCCCCCCCC)OC(=O)CCCCCCCCCCC/C=C\\CC1C(=O)OC1CCCCC"], "mapped_smiles": "[CH3:1][CH2:2][CH2:3][CH2:4][CH2:5][CH:6]1[CH:7]([CH2:8]/[CH:9]=[CH:10]\\[CH2:11][CH2:12][CH2:13][CH2:14][CH2:15][CH2:16][CH2:17][CH2:18][CH2:19][CH2:20][CH2:21][C:22](=[O:23])[O:24][C@@H:25]([CH2:26][O:27][C:28](=[O:29])[CH2:30][CH2:31][CH2:32][CH2:33][CH2:34][CH2:35][CH2:36]/[CH:37]=[CH:38]\\[CH2:39][CH2:40][CH2:41][CH2:42][CH2:43][CH3:44])[CH2:45][O:46][C:47](=[O:48])[CH2:49][CH2:50][CH2:51][CH2:52][CH2:53][CH2:54][CH2:55][CH2:56][CH2:57][CH2:58][CH2:59][CH2:60][CH2:61][CH2:62][CH2:63][CH2:64][CH2:65][CH2:66][CH2:67][CH2:68][CH2:69][CH2:70][CH3:71])[C:901](=[O:900])[O:902]1", "reacting_atoms": [6, 7], "template_id": "95b167a4e5e2cf14a7f1b2c6fb174cb0", "template_set": ["bkms"], "num_examples": 4, "necessary_reagent": "", "template_score": 0.005821799859404564, "rms_molwt": -1040.8983208, "num_rings": -1, "plausibility": 1, "tforms": ["95b167a4e5e2cf14a7f1b2c6fb174cb0"], "rank": 9, "score": -220403.34097873725}, {"smiles": "CCCCC/C=C\\CC1C(=O)OC1CCCCCCCCCCCC(=O)O[C@@H](COC(=O)CCCCCCC/C=C\\CCCCCC)COC(=O)CCCCCCCCCCCCCCCCCCCCCCC", "smiles_split": ["CCCCC/C=C\\CC1C(=O)OC1CCCCCCCCCCCC(=O)O[C@@H](COC(=O)CCCCCCC/C=C\\CCCCCC)COC(=O)CCCCCCCCCCCCCCCCCCCCCCC"], "mapped_smiles": "[CH3:1][CH2:2][CH2:3][CH2:4][CH2:5]/[CH:6]=[CH:7]\\[CH2:8][CH:9]1[CH:10]([CH2:11][CH2:12][CH2:13][CH2:14][CH2:15][CH2:16][CH2:17][CH2:18][CH2:19][CH2:20][CH2:21][C:22](=[O:23])[O:24][C@@H:25]([CH2:26][O:27][C:28](=[O:29])[CH2:30][CH2:31][CH2:32][CH2:33][CH2:34][CH2:35][CH2:36]/[CH:37]=[CH:38]\\[CH2:39][CH2:40][CH2:41][CH2:42][CH2:43][CH3:44])[CH2:45][O:46][C:47](=[O:48])[CH2:49][CH2:50][CH2:51][CH2:52][CH2:53][CH2:54][CH2:55][CH2:56][CH2:57][CH2:58][CH2:59][CH2:60][CH2:61][CH2:62][CH2:63][CH2:64][CH2:65][CH2:66][CH2:67][CH2:68][CH2:69][CH2:70][CH3:71])[O:902][C:901]1=[O:900]", "reacting_atoms": [10, 9], "template_id": "95b167a4e5e2cf14a7f1b2c6fb174cb0", "template_set": ["bkms"], "num_examples": 4, "necessary_reagent": "", "template_score": 0.005821799859404564, "rms_molwt": -1040.8983208, "num_rings": -1, "plausibility": 1, "tforms": ["95b167a4e5e2cf14a7f1b2c6fb174cb0"], "rank": 10, "score": -220403.34097873725}, {"smiles": "CCCCC/C=C\\C/C=C\\CCCCCCCCCCCC(=O)O[C@H](COC(=O)CCCCCCCCCCCCCCCCCCCCCCC)COC(=O)CCCCCCCC1C(=O)OC1CCCCCC", "smiles_split": ["CCCCC/C=C\\C/C=C\\CCCCCCCCCCCC(=O)O[C@H](COC(=O)CCCCCCCCCCCCCCCCCCCCCCC)COC(=O)CCCCCCCC1C(=O)OC1CCCCCC"], "mapped_smiles": "[CH3:1][CH2:2][CH2:3][CH2:4][CH2:5]/[CH:6]=[CH:7]\\[CH2:8]/[CH:9]=[CH:10]\\[CH2:11][CH2:12][CH2:13][CH2:14][CH2:15][CH2:16][CH2:17][CH2:18][CH2:19][CH2:20][CH2:21][C:22](=[O:23])[O:24][C@@H:25]([CH2:26][O:27][C:28](=[O:29])[CH2:30][CH2:31][CH2:32][CH2:33][CH2:34][CH2:35][CH2:36][CH:37]1[CH:38]([CH2:39][CH2:40][CH2:41][CH2:42][CH2:43][CH3:44])[O:902][C:901]1=[O:900])[CH2:45][O:46][C:47](=[O:48])[CH2:49][CH2:50][CH2:51][CH2:52][CH2:53][CH2:54][CH2:55][CH2:56][CH2:57][CH2:58][CH2:59][CH2:60][CH2:61][CH2:62][CH2:63][CH2:64][CH2:65][CH2:66][CH2:67][CH2:68][CH2:69][CH2:70][CH3:71]", "reacting_atoms": [38, 37], "template_id": "95b167a4e5e2cf14a7f1b2c6fb174cb0", "template_set": ["bkms"], "num_examples": 4, "necessary_reagent": "", "template_score": 0.005821799859404564, "rms_molwt": -1040.8983208, "num_rings": -1, "plausibility": 1, "tforms": ["95b167a4e5e2cf14a7f1b2c6fb174cb0"], "rank": 11, "score": -220403.34097873725}, {"smiles": "CCCCC/C=C\\CC1OC(=O)C1CCCCCCCCCCCC(=O)O[C@@H](COC(=O)CCCCCCC/C=C\\CCCCCC)COC(=O)CCCCCCCCCCCCCCCCCCCCCCC", "smiles_split": ["CCCCC/C=C\\CC1OC(=O)C1CCCCCCCCCCCC(=O)O[C@@H](COC(=O)CCCCCCC/C=C\\CCCCCC)COC(=O)CCCCCCCCCCCCCCCCCCCCCCC"], "mapped_smiles": "[CH3:1][CH2:2][CH2:3][CH2:4][CH2:5]/[CH:6]=[CH:7]\\[CH2:8][CH:9]1[CH:10]([CH2:11][CH2:12][CH2:13][CH2:14][CH2:15][CH2:16][CH2:17][CH2:18][CH2:19][CH2:20][CH2:21][C:22](=[O:23])[O:24][C@@H:25]([CH2:26][O:27][C:28](=[O:29])[CH2:30][CH2:31][CH2:32][CH2:33][CH2:34][CH2:35][CH2:36]/[CH:37]=[CH:38]\\[CH2:39][CH2:40][CH2:41][CH2:42][CH2:43][CH3:44])[CH2:45][O:46][C:47](=[O:48])[CH2:49][CH2:50][CH2:51][CH2:52][CH2:53][CH2:54][CH2:55][CH2:56][CH2:57][CH2:58][CH2:59][CH2:60][CH2:61][CH2:62][CH2:63][CH2:64][CH2:65][CH2:66][CH2:67][CH2:68][CH2:69][CH2:70][CH3:71])[C:901](=[O:900])[O:902]1", "reacting_atoms": [9, 10], "template_id": "95b167a4e5e2cf14a7f1b2c6fb174cb0", "template_set": ["bkms"], "num_examples": 4, "necessary_reagent": "", "template_score": 0.005821799859404564, "rms_molwt": -1040.8983208, "num_rings": -1, "plausibility": 1, "tforms": ["95b167a4e5e2cf14a7f1b2c6fb174cb0"], "rank": 12, "score": -220403.34097873725}, {"smiles": "CCCCC/C=C\\C/C=C\\CCCCCCCCCCCC(=O)O[C@H](COC(=O)CCCCCCCCCCCCCCCCCCCCCCC)COC(=O)CCCCCCCC1OC(=O)C1CCCCCC", "smiles_split": ["CCCCC/C=C\\C/C=C\\CCCCCCCCCCCC(=O)O[C@H](COC(=O)CCCCCCCCCCCCCCCCCCCCCCC)COC(=O)CCCCCCCC1OC(=O)C1CCCCCC"], "mapped_smiles": "[CH3:1][CH2:2][CH2:3][CH2:4][CH2:5]/[CH:6]=[CH:7]\\[CH2:8]/[CH:9]=[CH:10]\\[CH2:11][CH2:12][CH2:13][CH2:14][CH2:15][CH2:16][CH2:17][CH2:18][CH2:19][CH2:20][CH2:21][C:22](=[O:23])[O:24][C@@H:25]([CH2:26][O:27][C:28](=[O:29])[CH2:30][CH2:31][CH2:32][CH2:33][CH2:34][CH2:35][CH2:36][CH:37]1[CH:38]([CH2:39][CH2:40][CH2:41][CH2:42][CH2:43][CH3:44])[C:901](=[O:900])[O:902]1)[CH2:45][O:46][C:47](=[O:48])[CH2:49][CH2:50][CH2:51][CH2:52][CH2:53][CH2:54][CH2:55][CH2:56][CH2:57][CH2:58][CH2:59][CH2:60][CH2:61][CH2:62][CH2:63][CH2:64][CH2:65][CH2:66][CH2:67][CH2:68][CH2:69][CH2:70][CH3:71]", "reacting_atoms": [37, 38], "template_id": "95b167a4e5e2cf14a7f1b2c6fb174cb0", "template_set": ["bkms"], "num_examples": 4, "necessary_reagent": "", "template_score": 0.005821799859404564, "rms_molwt": -1040.8983208, "num_rings": -1, "plausibility": 1, "tforms": ["95b167a4e5e2cf14a7f1b2c6fb174cb0"], "rank": 13, "score": -220403.34097873725}, {"smiles": "CCCCCC/C=C\\CCCCCCCC(=O)OC[C@@H](COC(=O)CCCCCCCCCCCCCCCCCCCCCCC)OC(=O)CCCCCCCCCCC/C=C\\CC1OC(=O)C1CCCCC", "smiles_split": ["CCCCCC/C=C\\CCCCCCCC(=O)OC[C@@H](COC(=O)CCCCCCCCCCCCCCCCCCCCCCC)OC(=O)CCCCCCCCCCC/C=C\\CC1OC(=O)C1CCCCC"], "mapped_smiles": "[CH3:1][CH2:2][CH2:3][CH2:4][CH2:5][CH:6]1[CH:7]([CH2:8]/[CH:9]=[CH:10]\\[CH2:11][CH2:12][CH2:13][CH2:14][CH2:15][CH2:16][CH2:17][CH2:18][CH2:19][CH2:20][CH2:21][C:22](=[O:23])[O:24][C@@H:25]([CH2:26][O:27][C:28](=[O:29])[CH2:30][CH2:31][CH2:32][CH2:33][CH2:34][CH2:35][CH2:36]/[CH:37]=[CH:38]\\[CH2:39][CH2:40][CH2:41][CH2:42][CH2:43][CH3:44])[CH2:45][O:46][C:47](=[O:48])[CH2:49][CH2:50][CH2:51][CH2:52][CH2:53][CH2:54][CH2:55][CH2:56][CH2:57][CH2:58][CH2:59][CH2:60][CH2:61][CH2:62][CH2:63][CH2:64][CH2:65][CH2:66][CH2:67][CH2:68][CH2:69][CH2:70][CH3:71])[O:902][C:901]1=[O:900]", "reacting_atoms": [7, 6], "template_id": "95b167a4e5e2cf14a7f1b2c6fb174cb0", "template_set": ["bkms"], "num_examples": 4, "necessary_reagent": "", "template_score": 0.005821799859404564, "rms_molwt": -1040.8983208, "num_rings": -1, "plausibility": 1, "tforms": ["95b167a4e5e2cf14a7f1b2c6fb174cb0"], "rank": 14, "score": -220403.34097873725}, {"smiles": "CCCCC/C=C\\C[C@H]1O[C@H]1CCCCCCCCCCCC(=O)O[C@@H](COC(=O)CCCCCCC/C=C\\CCCCCC)COC(=O)CCCCCCCCCCCCCCCCCCCCCCC", "smiles_split": ["CCCCC/C=C\\C[C@H]1O[C@H]1CCCCCCCCCCCC(=O)O[C@@H](COC(=O)CCCCCCC/C=C\\CCCCCC)COC(=O)CCCCCCCCCCCCCCCCCCCCCCC"], "mapped_smiles": "[CH3:1][CH2:2][CH2:3][CH2:4][CH2:5]/[CH:6]=[CH:7]\\[CH2:8][C@@H:9]1[C@H:10]([CH2:11][CH2:12][CH2:13][CH2:14][CH2:15][CH2:16][CH2:17][CH2:18][CH2:19][CH2:20][CH2:21][C:22](=[O:23])[O:24][C@@H:25]([CH2:26][O:27][C:28](=[O:29])[CH2:30][CH2:31][CH2:32][CH2:33][CH2:34][CH2:35][CH2:36]/[CH:37]=[CH:38]\\[CH2:39][CH2:40][CH2:41][CH2:42][CH2:43][CH3:44])[CH2:45][O:46][C:47](=[O:48])[CH2:49][CH2:50][CH2:51][CH2:52][CH2:53][CH2:54][CH2:55][CH2:56][CH2:57][CH2:58][CH2:59][CH2:60][CH2:61][CH2:62][CH2:63][CH2:64][CH2:65][CH2:66][CH2:67][CH2:68][CH2:69][CH2:70][CH3:71])[O:900]1", "reacting_atoms": [10, 9], "template_id": "ad3007caa2d9d24b2943dff1eedecddc", "template_set": ["bkms"], "num_examples": 1, "necessary_reagent": "", "template_score": 0.0038288698997348547, "rms_molwt": -1012.90340618, "num_rings": -1, "plausibility": 1, "tforms": ["ad3007caa2d9d24b2943dff1eedecddc"], "rank": 15, "score": -325181.2422248353}]}