{"smiles": "O=S(=O)(O)O/N=C(\\CCc1ccccc1)S[C@@H]1O[C@H](CO)[C@@H](O)[C@H](O)[C@H]1O", "sfscore": [0.4398765563964844, 0.5984387397766113], "chem_result": [{"smiles": "O=S(=O)(O)O/N=C(\\CCc1ccccc1)S[C@@H]1O[C@H](CO)[C@@H](O)[C@H](O)[C@H]1O", "bw_confidence": 0.10102459264945121, "confidence": 0.2211932312782905, "rclass": "6 6.3 6.3.6", "children": [{"smiles": "CC(=O)OC[C@H]1O[C@@H](S/C(CCc2ccccc2)=N\\OS(=O)(=O)O)[C@H](OC(C)=O)[C@@H](OC(C)=O)[C@@H]1OC(C)=O"}, {"smiles": "CO"}, {"smiles": "C[O-]~[Na+]"}]}, {"smiles": "O=S(=O)(O)O/N=C(\\CCc1ccccc1)S[C@@H]1O[C@H](CO)[C@@H](O)[C@H](O)[C@H]1O", "bw_confidence": 0.06673620654602924, "confidence": 0.15992055057498822, "rclass": "0 0 0", "children": [{"smiles": "O=S(=O)(O)Cl"}, {"smiles": "OC[C@H]1O[C@@H](S/C(CCc2ccccc2)=N\\O)[C@H](O)[C@@H](O)[C@@H]1O"}]}, {"smiles": "O=S(=O)(O)O/N=C(\\CCc1ccccc1)S[C@@H]1O[C@H](CO)[C@@H](O)[C@H](O)[C@H]1O", "bw_confidence": 0.05498842228280192, "confidence": 0.6820975237318734, "rclass": "0 0 0", "children": [{"smiles": "CC(=O)OC[C@H]1O[C@@H](SC(=O)CCc2ccccc2)[C@H](OC(C)=O)[C@@H](OC(C)=O)[C@@H]1OC(C)=O"}, {"smiles": "NOS(=O)(=O)O"}]}, {"smiles": "O=S(=O)(O)O/N=C(\\CCc1ccccc1)S[C@@H]1O[C@H](CO)[C@@H](O)[C@H](O)[C@H]1O", "bw_confidence": 0.04259898735247096, "confidence": 0.1331378717408104, "rclass": "6 6.3 6.3.6", "children": [{"smiles": "CC(=O)OC[C@H]1O[C@@H](SC(CCc2ccccc2)=NOS(=O)(=O)O)[C@H](OC(C)=O)[C@@H](OC(C)=O)[C@@H]1OC(C)=O"}, {"smiles": "CO"}, {"smiles": "C[O-]~[Na+]"}]}, {"smiles": "O=S(=O)(O)O/N=C(\\CCc1ccccc1)S[C@@H]1O[C@H](CO)[C@@H](O)[C@H](O)[C@H]1O", "bw_confidence": 0.012718435784245799, "confidence": 0.16799254938009003, "rclass": "0 0 0", "children": [{"smiles": "O=S(=O)(O)O"}, {"smiles": "OC[C@H]1O[C@@H](S/C(CCc2ccccc2)=N\\O)[C@H](O)[C@@H](O)[C@@H]1O"}]}, {"smiles": "O=S(=O)(O)O/N=C(\\CCc1ccccc1)S[C@@H]1O[C@H](CO)[C@@H](O)[C@H](O)[C@H]1O", "bw_confidence": 0.011901397904166774, "confidence": 0.05553804548586939, "rclass": "0 0 0", "children": [{"smiles": "O=C(CCc1ccccc1)S[C@@H]1O[C@H](CO)[C@@H](O)[C@H](O)[C@H]1O"}, {"smiles": "O=S(=O)(O)O"}]}], "chem_bw_confidence_list": [0.10102459264945121, 0.06673620654602924, 0.05498842228280192, 0.04259898735247096, 0.012718435784245799, 0.011901397904166774], "enzy_template_score_list": [0.5515393018722534, 0.02410271018743515, 0.008167492225766182, 0.008167492225766182, 0.008167492225766182, 0.008167492225766182, 0.0023493715561926365, 0.0023493715561926365, 0.0023493715561926365, 0.002299513900652528, 0.0015695116017013788, 0.0014525067526847124, 0.0013473161961883307, 0.0013473161961883307, 0.0013473161961883307], "enzy_result": [{"smiles": "OC[C@H]1O[C@@H](S/C(CCc2ccccc2)=N/O)[C@H](O)[C@@H](O)[C@@H]1O", "smiles_split": ["OC[C@H]1O[C@@H](S/C(CCc2ccccc2)=N/O)[C@H](O)[C@@H](O)[C@@H]1O"], "mapped_smiles": "[OH:5]/[N:6]=[C:7](\\[CH2:8][CH2:9][c:10]1[cH:11][cH:12][cH:13][cH:14][cH:15]1)[S:16][C@@H:17]1[O:18][C@H:19]([CH2:20][OH:21])[C@@H:22]([OH:23])[C@H:24]([OH:25])[C@H:26]1[OH:27]", "reacting_atoms": [5], "template_id": "565d824d5788a7f13a10e69f1b7874f2", "template_set": ["bkms", "bkms", "bkms"], "num_examples": 7, "necessary_reagent": "[O]~[S](~[O])~[O]", "template_score": 0.5515393018722534, "rms_molwt": -343.108958392, "num_rings": -2, "plausibility": 1, "tforms": ["565d824d5788a7f13a10e69f1b7874f2", "485136d490cb3dff9012416dd762864e", "37886292acf9cac71d49703c85f0444c"], "rank": 1, "score": -546.2986726535618}, {"smiles": "O=S(=O)(O)O/N=C\\CCc1ccccc1.OC[C@H]1O[C@@H](S)[C@H](O)[C@@H](O)[C@@H]1O", "smiles_split": ["O=S(=O)(O)O/N=C\\CCc1ccccc1", "OC[C@H]1O[C@@H](S)[C@H](O)[C@@H](O)[C@@H]1O"], "mapped_smiles": "[O:1]=[S:2](=[O:3])([OH:4])[O:5]/[N:6]=[CH:7]\\[CH2:8][CH2:9][c:10]1[cH:11][cH:12][cH:13][cH:14][cH:15]1.[SH:16][C@@H:17]1[O:18][C@H:19]([CH2:20][OH:21])[C@@H:22]([OH:23])[C@H:24]([OH:25])[C@H:26]1[OH:27]", "reacting_atoms": [7, 16], "template_id": "a3c41863e1fcd402f9ae06bbb65ea49d", "template_set": ["bkms", "bkms"], "num_examples": 4, "necessary_reagent": "", "template_score": 0.02410271018743515, "rms_molwt": -213.18022804392308, "num_rings": -2, "plausibility": 1, "tforms": ["5957bb19fd932f85e60f8f6b8f4799e2", "a3c41863e1fcd402f9ae06bbb65ea49d"], "rank": 2, "score": -10954.157252567598}, {"smiles": "O=P(O)(O)O[C@H]1[C@H](S/C(CCc2ccccc2)=N/OS(=O)(=O)O)O[C@H](CO)[C@@H](O)[C@@H]1O", "smiles_split": ["O=P(O)(O)O[C@H]1[C@H](S/C(CCc2ccccc2)=N/OS(=O)(=O)O)O[C@H](CO)[C@@H](O)[C@@H]1O"], "mapped_smiles": "[O:1]=[S:2](=[O:3])([OH:4])[O:5]/[N:6]=[C:7](\\[CH2:8][CH2:9][c:10]1[cH:11][cH:12][cH:13][cH:14][cH:15]1)[S:16][C@@H:17]1[O:18][C@H:19]([CH2:20][OH:21])[C@@H:22]([OH:23])[C@H:24]([OH:25])[C@H:26]1[O:27][P:901]([OH:900])([OH:902])=[O:903]", "reacting_atoms": [27, 26], "template_id": "65bf7618263ef0544bfb3455ab5e0cbc", "template_set": ["bkms"], "num_examples": 167, "necessary_reagent": "", "template_score": 0.008167492225766182, "rms_molwt": -503.0321037739998, "num_rings": -2, "plausibility": 1, "tforms": ["65bf7618263ef0544bfb3455ab5e0cbc"], "rank": 3, "score": -50186.55881410507}, {"smiles": "O=P(O)(O)OC[C@H]1O[C@@H](S/C(CCc2ccccc2)=N/OS(=O)(=O)O)[C@H](O)[C@@H](O)[C@@H]1O", "smiles_split": ["O=P(O)(O)OC[C@H]1O[C@@H](S/C(CCc2ccccc2)=N/OS(=O)(=O)O)[C@H](O)[C@@H](O)[C@@H]1O"], "mapped_smiles": "[O:1]=[S:2](=[O:3])([OH:4])[O:5]/[N:6]=[C:7](\\[CH2:8][CH2:9][c:10]1[cH:11][cH:12][cH:13][cH:14][cH:15]1)[S:16][C@@H:17]1[O:18][C@H:19]([CH2:20][O:21][P:901]([OH:900])([OH:902])=[O:903])[C@@H:22]([OH:23])[C@H:24]([OH:25])[C@H:26]1[OH:27]", "reacting_atoms": [21], "template_id": "65bf7618263ef0544bfb3455ab5e0cbc", "template_set": ["bkms"], "num_examples": 167, "necessary_reagent": "", "template_score": 0.008167492225766182, "rms_molwt": -503.03210377399984, "num_rings": -2, "plausibility": 1, "tforms": ["65bf7618263ef0544bfb3455ab5e0cbc"], "rank": 4, "score": -50186.55881410507}, {"smiles": "O=P(O)(O)O[C@@H]1[C@@H](CO)O[C@@H](S/C(CCc2ccccc2)=N/OS(=O)(=O)O)[C@H](O)[C@H]1O", "smiles_split": ["O=P(O)(O)O[C@@H]1[C@@H](CO)O[C@@H](S/C(CCc2ccccc2)=N/OS(=O)(=O)O)[C@H](O)[C@H]1O"], "mapped_smiles": "[O:1]=[S:2](=[O:3])([OH:4])[O:5]/[N:6]=[C:7](\\[CH2:8][CH2:9][c:10]1[cH:11][cH:12][cH:13][cH:14][cH:15]1)[S:16][C@@H:17]1[O:18][C@H:19]([CH2:20][OH:21])[C@@H:22]([O:23][P:901]([OH:900])([OH:902])=[O:903])[C@H:24]([OH:25])[C@H:26]1[OH:27]", "reacting_atoms": [23, 22], "template_id": "65bf7618263ef0544bfb3455ab5e0cbc", "template_set": ["bkms"], "num_examples": 167, "necessary_reagent": "", "template_score": 0.008167492225766182, "rms_molwt": -503.0321037739999, "num_rings": -2, "plausibility": 1, "tforms": ["65bf7618263ef0544bfb3455ab5e0cbc"], "rank": 5, "score": -50186.55881410507}, {"smiles": "O=P(O)(O)O[C@@H]1[C@@H](O)[C@H](S/C(CCc2ccccc2)=N/OS(=O)(=O)O)O[C@H](CO)[C@H]1O", "smiles_split": ["O=P(O)(O)O[C@@H]1[C@@H](O)[C@H](S/C(CCc2ccccc2)=N/OS(=O)(=O)O)O[C@H](CO)[C@H]1O"], "mapped_smiles": "[O:1]=[S:2](=[O:3])([OH:4])[O:5]/[N:6]=[C:7](\\[CH2:8][CH2:9][c:10]1[cH:11][cH:12][cH:13][cH:14][cH:15]1)[S:16][C@@H:17]1[O:18][C@H:19]([CH2:20][OH:21])[C@@H:22]([OH:23])[C@H:24]([O:25][P:901]([OH:900])([OH:902])=[O:903])[C@H:26]1[OH:27]", "reacting_atoms": [25, 24], "template_id": "65bf7618263ef0544bfb3455ab5e0cbc", "template_set": ["bkms"], "num_examples": 167, "necessary_reagent": "", "template_score": 0.008167492225766182, "rms_molwt": -503.03210377399984, "num_rings": -2, "plausibility": 1, "tforms": ["65bf7618263ef0544bfb3455ab5e0cbc"], "rank": 6, "score": -50186.55881410507}, {"smiles": "O=C1[C@H](S/C(CCc2ccccc2)=N/OS(=O)(=O)O)O[C@H](CO)[C@@H](O)[C@@H]1O", "smiles_split": ["O=C1[C@H](S/C(CCc2ccccc2)=N/OS(=O)(=O)O)O[C@H](CO)[C@@H](O)[C@@H]1O"], "mapped_smiles": "[O:1]=[S:2](=[O:3])([OH:4])[O:5]/[N:6]=[C:7](\\[CH2:8][CH2:9][c:10]1[cH:11][cH:12][cH:13][cH:14][cH:15]1)[S:16][C@@H:17]1[O:18][C@H:19]([CH2:20][OH:21])[C@@H:22]([OH:23])[C@H:24]([OH:25])[C:26]1=[O:27]", "reacting_atoms": [26, 17, 27], "template_id": "9d1cf9bfb3c450506eb1b20829d1d1cc", "template_set": ["bkms", "bkms", "bkms", "bkms"], "num_examples": 90, "necessary_reagent": "", "template_score": 0.0023493715561926365, "rms_molwt": -421.0501231879999, "num_rings": -2, "plausibility": 1, "tforms": ["b590ea2ff6ab89045dfb94642c36bddd", "60c9970b3a1fdbabacebd3bd8eba0f23", "d207e8971f46bf66249602d3b3e93b2c", "9d1cf9bfb3c450506eb1b20829d1d1cc"], "rank": 7, "score": -139309.2414097573}, {"smiles": "O=C1[C@@H](O)[C@H](S/C(CCc2ccccc2)=N/OS(=O)(=O)O)O[C@H](CO)[C@H]1O", "smiles_split": ["O=C1[C@@H](O)[C@H](S/C(CCc2ccccc2)=N/OS(=O)(=O)O)O[C@H](CO)[C@H]1O"], "mapped_smiles": "[O:1]=[S:2](=[O:3])([OH:4])[O:5]/[N:6]=[C:7](\\[CH2:8][CH2:9][c:10]1[cH:11][cH:12][cH:13][cH:14][cH:15]1)[S:16][C@@H:17]1[O:18][C@H:19]([CH2:20][OH:21])[C@@H:22]([OH:23])[C:24](=[O:25])[C@H:26]1[OH:27]", "reacting_atoms": [24, 25], "template_id": "9d1cf9bfb3c450506eb1b20829d1d1cc", "template_set": ["bkms", "bkms", "bkms", "bkms"], "num_examples": 90, "necessary_reagent": "", "template_score": 0.0023493715561926365, "rms_molwt": -421.0501231879999, "num_rings": -2, "plausibility": 1, "tforms": ["b590ea2ff6ab89045dfb94642c36bddd", "60c9970b3a1fdbabacebd3bd8eba0f23", "d207e8971f46bf66249602d3b3e93b2c", "9d1cf9bfb3c450506eb1b20829d1d1cc"], "rank": 8, "score": -139309.2414097573}, {"smiles": "O=C1[C@@H](CO)O[C@@H](S/C(CCc2ccccc2)=N/OS(=O)(=O)O)[C@H](O)[C@H]1O", "smiles_split": ["O=C1[C@@H](CO)O[C@@H](S/C(CCc2ccccc2)=N/OS(=O)(=O)O)[C@H](O)[C@H]1O"], "mapped_smiles": "[O:1]=[S:2](=[O:3])([OH:4])[O:5]/[N:6]=[C:7](\\[CH2:8][CH2:9][c:10]1[cH:11][cH:12][cH:13][cH:14][cH:15]1)[S:16][C@@H:17]1[O:18][C@H:19]([CH2:20][OH:21])[C:22](=[O:23])[C@H:24]([OH:25])[C@H:26]1[OH:27]", "reacting_atoms": [22, 23], "template_id": "9d1cf9bfb3c450506eb1b20829d1d1cc", "template_set": ["bkms", "bkms", "bkms", "bkms"], "num_examples": 90, "necessary_reagent": "", "template_score": 0.0023493715561926365, "rms_molwt": -421.05012318799993, "num_rings": -2, "plausibility": 1, "tforms": ["b590ea2ff6ab89045dfb94642c36bddd", "60c9970b3a1fdbabacebd3bd8eba0f23", "d207e8971f46bf66249602d3b3e93b2c", "9d1cf9bfb3c450506eb1b20829d1d1cc"], "rank": 9, "score": -139309.2414097573}, {"smiles": "CS(=O)C[C@H]1O[C@@H](S/C(CCc2ccccc2)=N/OS(=O)(=O)O)[C@H](O)[C@@H](O)[C@@H]1O", "smiles_split": ["CS(=O)C[C@H]1O[C@@H](S/C(CCc2ccccc2)=N/OS(=O)(=O)O)[C@H](O)[C@@H](O)[C@@H]1O"], "mapped_smiles": "[O:1]=[S:2](=[O:3])([OH:4])[O:5]/[N:6]=[C:7](\\[CH2:8][CH2:9][c:10]1[cH:11][cH:12][cH:13][cH:14][cH:15]1)[S:16][C@@H:17]1[O:18][C@H:19]([CH2:20][S:901](=[O:21])[CH3:900])[C@@H:22]([OH:23])[C@H:24]([OH:25])[C@H:26]1[OH:27]", "reacting_atoms": [21, 20, 19], "template_id": "61396564fc6bd1205bebd8dba2805206", "template_set": ["bkms"], "num_examples": 1, "necessary_reagent": "", "template_score": 0.002299513900652528, "rms_molwt": -469.0534943159999, "num_rings": -2, "plausibility": 1, "tforms": ["61396564fc6bd1205bebd8dba2805206"], "rank": 10, "score": -163963.56515327416}, {"smiles": "O=C[C@H]1O[C@@H](S/C(CCc2ccccc2)=N/OS(=O)(=O)O)[C@H](O)[C@@H](O)[C@@H]1O", "smiles_split": ["O=C[C@H]1O[C@@H](S/C(CCc2ccccc2)=N/OS(=O)(=O)O)[C@H](O)[C@@H](O)[C@@H]1O"], "mapped_smiles": "[O:1]=[S:2](=[O:3])([OH:4])[O:5]/[N:6]=[C:7](\\[CH2:8][CH2:9][c:10]1[cH:11][cH:12][cH:13][cH:14][cH:15]1)[S:16][C@@H:17]1[O:18][C@H:19]([CH:20]=[O:21])[C@@H:22]([OH:23])[C@H:24]([OH:25])[C@H:26]1[OH:27]", "reacting_atoms": [19, 20, 21], "template_id": "e85dde51e44b75a7c242f65b07224737", "template_set": ["bkms", "bkms"], "num_examples": 48, "necessary_reagent": "", "template_score": 0.0015695116017013788, "rms_molwt": -421.0501231879999, "num_rings": -2, "plausibility": 1, "tforms": ["d638d8fa83ce46011c985c3535ff65ec", "e85dde51e44b75a7c242f65b07224737"], "rank": 11, "score": -219997.8444941455}, {"smiles": "C[C@H]1O[C@@H](S/C(CCc2ccccc2)=N/OS(=O)(=O)O)[C@H](O)[C@@H](O)[C@@H]1O", "smiles_split": ["C[C@H]1O[C@@H](S/C(CCc2ccccc2)=N/OS(=O)(=O)O)[C@H](O)[C@@H](O)[C@@H]1O"], "mapped_smiles": "[O:1]=[S:2](=[O:3])([OH:4])[O:5]/[N:6]=[C:7](\\[CH2:8][CH2:9][c:10]1[cH:11][cH:12][cH:13][cH:14][cH:15]1)[S:16][C@@H:17]1[O:18][C@H:19]([CH3:20])[C@@H:22]([OH:23])[C@H:24]([OH:25])[C@H:26]1[OH:27]", "reacting_atoms": [19, 20], "template_id": "f79f472bf2519c1c739003d134aa74dc", "template_set": ["bkms"], "num_examples": 69, "necessary_reagent": "[O]", "template_score": 0.0014525067526847124, "rms_molwt": -407.0708586319999, "num_rings": -2, "plausibility": 1, "tforms": ["f79f472bf2519c1c739003d134aa74dc"], "rank": 12, "score": -227775.8451394537}, {"smiles": "CC(=O)O[C@H]1[C@H](S/C(CCc2ccccc2)=N/OS(=O)(=O)O)O[C@H](CO)[C@@H](O)[C@@H]1O", "smiles_split": ["CC(=O)O[C@H]1[C@H](S/C(CCc2ccccc2)=N/OS(=O)(=O)O)O[C@H](CO)[C@@H](O)[C@@H]1O"], "mapped_smiles": "[O:1]=[S:2](=[O:3])([OH:4])[O:5]/[N:6]=[C:7](\\[CH2:8][CH2:9][c:10]1[cH:11][cH:12][cH:13][cH:14][cH:15]1)[S:16][C@@H:17]1[O:18][C@H:19]([CH2:20][OH:21])[C@@H:22]([OH:23])[C@H:24]([OH:25])[C@H:26]1[O:27][C:901]([CH3:900])=[O:902]", "reacting_atoms": [27, 26], "template_id": "c4c17358d77559e0452152e0cbfcc087", "template_set": ["bkms"], "num_examples": 34, "necessary_reagent": "", "template_score": 0.0013473161961883307, "rms_molwt": -465.07633793599985, "num_rings": -2, "plausibility": 1, "tforms": ["c4c17358d77559e0452152e0cbfcc087"], "rank": 13, "score": -291936.27603717917}, {"smiles": "CC(=O)O[C@@H]1[C@@H](CO)O[C@@H](S/C(CCc2ccccc2)=N/OS(=O)(=O)O)[C@H](O)[C@H]1O", "smiles_split": ["CC(=O)O[C@@H]1[C@@H](CO)O[C@@H](S/C(CCc2ccccc2)=N/OS(=O)(=O)O)[C@H](O)[C@H]1O"], "mapped_smiles": "[O:1]=[S:2](=[O:3])([OH:4])[O:5]/[N:6]=[C:7](\\[CH2:8][CH2:9][c:10]1[cH:11][cH:12][cH:13][cH:14][cH:15]1)[S:16][C@@H:17]1[O:18][C@H:19]([CH2:20][OH:21])[C@@H:22]([O:23][C:901]([CH3:900])=[O:902])[C@H:24]([OH:25])[C@H:26]1[OH:27]", "reacting_atoms": [23, 22], "template_id": "c4c17358d77559e0452152e0cbfcc087", "template_set": ["bkms"], "num_examples": 34, "necessary_reagent": "", "template_score": 0.0013473161961883307, "rms_molwt": -465.07633793599996, "num_rings": -2, "plausibility": 1, "tforms": ["c4c17358d77559e0452152e0cbfcc087"], "rank": 14, "score": -291936.27603717917}, {"smiles": "CC(=O)O[C@@H]1[C@@H](O)[C@H](S/C(CCc2ccccc2)=N/OS(=O)(=O)O)O[C@H](CO)[C@H]1O", "smiles_split": ["CC(=O)O[C@@H]1[C@@H](O)[C@H](S/C(CCc2ccccc2)=N/OS(=O)(=O)O)O[C@H](CO)[C@H]1O"], "mapped_smiles": "[O:1]=[S:2](=[O:3])([OH:4])[O:5]/[N:6]=[C:7](\\[CH2:8][CH2:9][c:10]1[cH:11][cH:12][cH:13][cH:14][cH:15]1)[S:16][C@@H:17]1[O:18][C@H:19]([CH2:20][OH:21])[C@@H:22]([OH:23])[C@H:24]([O:25][C:901]([CH3:900])=[O:902])[C@H:26]1[OH:27]", "reacting_atoms": [25, 24], "template_id": "c4c17358d77559e0452152e0cbfcc087", "template_set": ["bkms"], "num_examples": 34, "necessary_reagent": "", "template_score": 0.0013473161961883307, "rms_molwt": -465.0763379359999, "num_rings": -2, "plausibility": 1, "tforms": ["c4c17358d77559e0452152e0cbfcc087"], "rank": 15, "score": -291936.27603717917}]}