{"smiles": "CCCCCC[C@H]1C[C@@H](OC(C)=O)CO1", "sfscore": [0.5554180145263672, 0.4457007646560669], "chem_result": [{"smiles": "CCCCCC[C@H]1C[C@@H](OC(C)=O)CO1", "bw_confidence": 0.07423198267705933, "confidence": 0.9047087698245244, "rclass": "2 2.6 2.6.8", "children": [{"smiles": "CC(=O)OC(C)=O"}, {"smiles": "CCCCCC[C@H]1C[C@@H](O)CO1"}, {"smiles": "c1ccncc1"}]}, {"smiles": "CCCCCC[C@H]1C[C@@H](OC(C)=O)CO1", "bw_confidence": 0.036508689334863134, "confidence": 0.14000121892292403, "rclass": "8 8.8 8.8.18", "children": [{"smiles": "CCCCCC[C@H]1C[C@@H](OC(C)=O)CO1"}, {"smiles": "N#CC1=C(C#N)C(=O)C(Cl)=C(Cl)C1=O"}]}, {"smiles": "CCCCCC[C@H]1C[C@@H](OC(C)=O)CO1", "bw_confidence": 0.03381407937698802, "confidence": 0.7682519477059258, "rclass": "4 4.2 4.2.8", "children": [{"smiles": "C=CC[C@H](CCCCCC)OC(C)=O"}, {"smiles": "ClCCl"}, {"smiles": "O=C(OO)c1cccc(Cl)c1"}]}, {"smiles": "CCCCCC[C@H]1C[C@@H](OC(C)=O)CO1", "bw_confidence": 0.031615296827890264, "confidence": 0.9177239828933602, "rclass": "7 7.6 7.6.1", "children": [{"smiles": "CCCCC=C[C@H]1C[C@@H](OC(C)=O)CO1"}, {"smiles": "CCO"}, {"smiles": "[Pd]"}]}, {"smiles": "CCCCCC[C@H]1C[C@@H](OC(C)=O)CO1", "bw_confidence": 0.019664092176572473, "confidence": 0.9567471356105992, "rclass": "11 11.5 11.5", "children": [{"smiles": "CCCCCC[C@H]1C[C@@H](OC(C)=O)CO1"}, {"smiles": "CO"}, {"smiles": "O=C([O-])[O-]~[K+]~[K+]"}]}, {"smiles": "CCCCCC[C@H]1C[C@@H](OC(C)=O)CO1", "bw_confidence": 0.014810956935629335, "confidence": 0.8814087482280082, "rclass": "2 2.6 2.6.8", "children": [{"smiles": "CC(=O)OC(C)=O"}, {"smiles": "CCCCCC[C@H]1C[C@H](O)CO1"}, {"smiles": "c1ccncc1"}]}, {"smiles": "CCCCCC[C@H]1C[C@@H](OC(C)=O)CO1", "bw_confidence": 0.010264123608486062, "confidence": 0.21066405152354517, "rclass": "3 3.5 3.5.2", "children": [{"smiles": "C1CCOC1"}, {"smiles": "CC(=O)O[C@H]1CO[C@@H](Cl)C1"}, {"smiles": "CCCCCC[Mg]Br"}]}, {"smiles": "CCCCCC[C@H]1C[C@@H](OC(C)=O)CO1", "bw_confidence": 0.00994557873925009, "confidence": 0.4041136912124931, "rclass": "8 8.1 8.1.5", "children": [{"smiles": "CCCCCC[C@H]1C[C@@H](O)CO1"}, {"smiles": "CCCCCC[C@H]1C[C@@H](OC(C)=O)CO1"}]}, {"smiles": "CCCCCC[C@H]1C[C@@H](OC(C)=O)CO1", "bw_confidence": 0.0054831126137796435, "confidence": 0.19405442682534194, "rclass": "11 11.5 11.5", "children": [{"smiles": "CCCCCCC1CC(OC(C)=O)CO1"}, {"smiles": "CCCCCC[C@H]1C[C@H](OC(C)=O)CO1"}]}, {"smiles": "CCCCCC[C@H]1C[C@@H](OC(C)=O)CO1", "bw_confidence": 0.004458506404855087, "confidence": 0.8782247208835902, "rclass": "9 9.7 9.7.60", "children": [{"smiles": "CCCCCCC1(O)CC(OC(C)=O)CO1"}, {"smiles": "CC[SiH](CC)CC"}, {"smiles": "ClCCl"}, {"smiles": "O=C(O)C(F)(F)F"}]}], "chem_bw_confidence_list": [0.07423198267705933, 0.036508689334863134, 0.03381407937698802, 0.031615296827890264, 0.019664092176572473, 0.014810956935629335, 0.010264123608486062, 0.00994557873925009, 0.0054831126137796435, 0.004458506404855087], "enzy_template_score_list": [0.8497800827026367, 0.03238164260983467, 0.03238164260983467, 0.028538664802908897, 0.028538664802908897, 0.013715438544750214, 0.013715438544750214, 0.010666548274457455, 0.010666548274457455, 0.00988452322781086, 0.00988452322781086, 0.00735177006572485, 0.00735177006572485, 0.00672027375549078, 0.00672027375549078], "enzy_result": [{"smiles": "CCCCCC[C@H]1C[C@@H](O)CO1", "smiles_split": ["CCCCCC[C@H]1C[C@@H](O)CO1"], "mapped_smiles": "[CH3:1][CH2:2][CH2:3][CH2:4][CH2:5][CH2:6][C@H:7]1[CH2:8][C@@H:9]([OH:10])[CH2:14][O:15]1", "reacting_atoms": [9, 10], "template_id": "a1db26623af2017f7a6e17aec61588fa", "template_set": ["bkms"], "num_examples": 53, "necessary_reagent": "[C]~[C]~[O]", "template_score": 0.8497800827026367, "rms_molwt": -172.14632988, "num_rings": -1, "plausibility": 1, "tforms": ["a1db26623af2017f7a6e17aec61588fa"], "rank": 1, "score": -130.99716140294478}, {"smiles": "CCCCCC[C@H]1C[C@@H](OC(=O)CO)CO1", "smiles_split": ["CCCCCC[C@H]1C[C@@H](OC(=O)CO)CO1"], "mapped_smiles": "[CH3:1][CH2:2][CH2:3][CH2:4][CH2:5][CH2:6][C@H:7]1[CH2:8][C@@H:9]([O:10][C:11]([CH2:12][OH:900])=[O:13])[CH2:14][O:15]1", "reacting_atoms": [12], "template_id": "c4db9adeb4ad4c2bdb38e6a73be29f53", "template_set": ["bkms", "bkms"], "num_examples": 17, "necessary_reagent": "", "template_score": 0.03238164260983467, "rms_molwt": -230.151809184, "num_rings": -1, "plausibility": 1, "tforms": ["3419c59d28f00214d64c4f4aede94cb9", "c4db9adeb4ad4c2bdb38e6a73be29f53"], "rank": 2, "score": -4545.178317878124}, {"smiles": "CC(=O)O[C@H]1CO[C@@H](CCCCCCO)C1", "smiles_split": ["CC(=O)O[C@H]1CO[C@@H](CCCCCCO)C1"], "mapped_smiles": "[CH2:1]([CH2:2][CH2:3][CH2:4][CH2:5][CH2:6][C@H:7]1[CH2:8][C@@H:9]([O:10][C:11]([CH3:12])=[O:13])[CH2:14][O:15]1)[OH:900]", "reacting_atoms": [1], "template_id": "c4db9adeb4ad4c2bdb38e6a73be29f53", "template_set": ["bkms"], "num_examples": 14, "necessary_reagent": "", "template_score": 0.03238164260983467, "rms_molwt": -230.151809184, "num_rings": -1, "plausibility": 1, "tforms": ["c4db9adeb4ad4c2bdb38e6a73be29f53"], "rank": 3, "score": -4545.178317878124}, {"smiles": "CCCCCC[C@H]1C[C@@H](OC(=O)CC=O)CO1", "smiles_split": ["CCCCCC[C@H]1C[C@@H](OC(=O)CC=O)CO1"], "mapped_smiles": "[CH3:1][CH2:2][CH2:3][CH2:4][CH2:5][CH2:6][C@H:7]1[CH2:8][C@@H:9]([O:10][C:11]([CH2:12][CH:901]=[O:900])=[O:13])[CH2:14][O:15]1", "reacting_atoms": [12], "template_id": "582aecb34a38ba103c302ec59cd0f7e4", "template_set": ["bkms", "bkms"], "num_examples": 5, "necessary_reagent": "", "template_score": 0.028538664802908897, "rms_molwt": -242.151809184, "num_rings": -1, "plausibility": 1, "tforms": ["582aecb34a38ba103c302ec59cd0f7e4", "dd980d5c37a711cd864806a158f9e114"], "rank": 4, "score": -5584.211183637978}, {"smiles": "CC(=O)O[C@H]1CO[C@@H](CCCCCCC=O)C1", "smiles_split": ["CC(=O)O[C@H]1CO[C@@H](CCCCCCC=O)C1"], "mapped_smiles": "[CH2:1]([CH2:2][CH2:3][CH2:4][CH2:5][CH2:6][C@H:7]1[CH2:8][C@@H:9]([O:10][C:11]([CH3:12])=[O:13])[CH2:14][O:15]1)[CH:901]=[O:900]", "reacting_atoms": [1], "template_id": "582aecb34a38ba103c302ec59cd0f7e4", "template_set": ["bkms"], "num_examples": 4, "necessary_reagent": "", "template_score": 0.028538664802908897, "rms_molwt": -242.151809184, "num_rings": -1, "plausibility": 1, "tforms": ["582aecb34a38ba103c302ec59cd0f7e4"], "rank": 5, "score": -5584.211183637978}, {"smiles": "CCCCCC[C@H]1C[C@@H](OC(=O)CC(=O)O)CO1", "smiles_split": ["CCCCCC[C@H]1C[C@@H](OC(=O)CC(=O)O)CO1"], "mapped_smiles": "[CH3:1][CH2:2][CH2:3][CH2:4][CH2:5][CH2:6][C@H:7]1[CH2:8][C@@H:9]([O:10][C:11]([CH2:12][C:901]([OH:900])=[O:902])=[O:13])[CH2:14][O:15]1", "reacting_atoms": [12], "template_id": "af50b47a1af702078fb6154af175c8f2", "template_set": ["bkms", "bkms"], "num_examples": 10, "necessary_reagent": "", "template_score": 0.013715438544750214, "rms_molwt": -258.14672380400003, "num_rings": -1, "plausibility": 1, "tforms": ["af50b47a1af702078fb6154af175c8f2", "133842efb2aca64f13ab9038f6e1a317"], "rank": 6, "score": -12534.444601452164}, {"smiles": "CC(=O)O[C@H]1CO[C@@H](CCCCCCC(=O)O)C1", "smiles_split": ["CC(=O)O[C@H]1CO[C@@H](CCCCCCC(=O)O)C1"], "mapped_smiles": "[CH2:1]([CH2:2][CH2:3][CH2:4][CH2:5][CH2:6][C@H:7]1[CH2:8][C@@H:9]([O:10][C:11]([CH3:12])=[O:13])[CH2:14][O:15]1)[C:901]([OH:900])=[O:902]", "reacting_atoms": [1], "template_id": "af50b47a1af702078fb6154af175c8f2", "template_set": ["bkms"], "num_examples": 2, "necessary_reagent": "", "template_score": 0.013715438544750214, "rms_molwt": -258.14672380400003, "num_rings": -1, "plausibility": 1, "tforms": ["af50b47a1af702078fb6154af175c8f2"], "rank": 7, "score": -12534.444601452164}, {"smiles": "CC(=O)O[C@H]1CO[C@@H](CCCCCCN)C1", "smiles_split": ["CC(=O)O[C@H]1CO[C@@H](CCCCCCN)C1"], "mapped_smiles": "[CH2:1]([CH2:2][CH2:3][CH2:4][CH2:5][CH2:6][C@H:7]1[CH2:8][C@@H:9]([O:10][C:11]([CH3:12])=[O:13])[CH2:14][O:15]1)[NH2:900]", "reacting_atoms": [1], "template_id": "325744bb86d6b4f432191511d003275d", "template_set": ["bkms"], "num_examples": 5, "necessary_reagent": "", "template_score": 0.010666548274457455, "rms_molwt": -229.167793596, "num_rings": -1, "plausibility": 1, "tforms": ["325744bb86d6b4f432191511d003275d"], "rank": 8, "score": -13798.310015616102}, {"smiles": "CCCCCC[C@H]1C[C@@H](OC(=O)CN)CO1", "smiles_split": ["CCCCCC[C@H]1C[C@@H](OC(=O)CN)CO1"], "mapped_smiles": "[CH3:1][CH2:2][CH2:3][CH2:4][CH2:5][CH2:6][C@H:7]1[CH2:8][C@@H:9]([O:10][C:11]([CH2:12][NH2:900])=[O:13])[CH2:14][O:15]1", "reacting_atoms": [12], "template_id": "325744bb86d6b4f432191511d003275d", "template_set": ["bkms"], "num_examples": 5, "necessary_reagent": "", "template_score": 0.010666548274457455, "rms_molwt": -229.167793596, "num_rings": -1, "plausibility": 1, "tforms": ["325744bb86d6b4f432191511d003275d"], "rank": 9, "score": -13798.310015616102}, {"smiles": "CC(=O)O[C@H]1CO[C@@H](CCCCCCP(=O)(O)O)C1", "smiles_split": ["CC(=O)O[C@H]1CO[C@@H](CCCCCCP(=O)(O)O)C1"], "mapped_smiles": "[CH2:1]([CH2:2][CH2:3][CH2:4][CH2:5][CH2:6][C@H:7]1[CH2:8][C@@H:9]([O:10][C:11]([CH3:12])=[O:13])[CH2:14][O:15]1)[P:901]([OH:900])([OH:902])=[O:903]", "reacting_atoms": [1], "template_id": "3de39536900bec5a62a3e124ddfc42de", "template_set": ["bkms"], "num_examples": 1, "necessary_reagent": "", "template_score": 0.00988452322781086, "rms_molwt": -294.123225086, "num_rings": -1, "plausibility": 1, "tforms": ["3de39536900bec5a62a3e124ddfc42de"], "rank": 10, "score": -18697.765737657795}, {"smiles": "CCCCCC[C@H]1C[C@@H](OC(=O)CP(=O)(O)O)CO1", "smiles_split": ["CCCCCC[C@H]1C[C@@H](OC(=O)CP(=O)(O)O)CO1"], "mapped_smiles": "[CH3:1][CH2:2][CH2:3][CH2:4][CH2:5][CH2:6][C@H:7]1[CH2:8][C@@H:9]([O:10][C:11]([CH2:12][P:901]([OH:900])([OH:902])=[O:903])=[O:13])[CH2:14][O:15]1", "reacting_atoms": [12], "template_id": "3de39536900bec5a62a3e124ddfc42de", "template_set": ["bkms", "bkms"], "num_examples": 2, "necessary_reagent": "", "template_score": 0.00988452322781086, "rms_molwt": -294.12322508600005, "num_rings": -1, "plausibility": 1, "tforms": ["3de39536900bec5a62a3e124ddfc42de", "ae8c30961257614c20f4cf494762c396"], "rank": 11, "score": -18697.765737657795}, {"smiles": "CCCCCC[C@H]1C[C@@H](OC(=O)CCC)CO1", "smiles_split": ["CCCCCC[C@H]1C[C@@H](OC(=O)CCC)CO1"], "mapped_smiles": "[CH3:1][CH2:2][CH2:3][CH2:4][CH2:5][CH2:6][C@H:7]1[CH2:8][C@@H:9]([O:10][C:11]([CH2:12][CH2:901][CH3:900])=[O:13])[CH2:14][O:15]1", "reacting_atoms": [12], "template_id": "756109d5239ebeffbd761d014396a63d", "template_set": ["bkms"], "num_examples": 2, "necessary_reagent": "", "template_score": 0.00735177006572485, "rms_molwt": -242.188194692, "num_rings": -1, "plausibility": 1, "tforms": ["756109d5239ebeffbd761d014396a63d"], "rank": 12, "score": -21677.219191265154}, {"smiles": "CCCCCCCC[C@H]1C[C@@H](OC(C)=O)CO1", "smiles_split": ["CCCCCCCC[C@H]1C[C@@H](OC(C)=O)CO1"], "mapped_smiles": "[CH2:1]([CH2:2][CH2:3][CH2:4][CH2:5][CH2:6][C@H:7]1[CH2:8][C@@H:9]([O:10][C:11]([CH3:12])=[O:13])[CH2:14][O:15]1)[CH2:901][CH3:900]", "reacting_atoms": [1], "template_id": "756109d5239ebeffbd761d014396a63d", "template_set": ["bkms"], "num_examples": 2, "necessary_reagent": "", "template_score": 0.00735177006572485, "rms_molwt": -242.188194692, "num_rings": -1, "plausibility": 1, "tforms": ["756109d5239ebeffbd761d014396a63d"], "rank": 13, "score": -21677.219191265154}, {"smiles": "CC(=O)O[C@H]1CO[C@@H](CCCCCC=O)C1", "smiles_split": ["CC(=O)O[C@H]1CO[C@@H](CCCCCC=O)C1"], "mapped_smiles": "[CH:1]([CH2:2][CH2:3][CH2:4][CH2:5][CH2:6][C@H:7]1[CH2:8][C@@H:9]([O:10][C:11]([CH3:12])=[O:13])[CH2:14][O:15]1)=[O:900]", "reacting_atoms": [1], "template_id": "3527c2da2742b9ae8713bab63608038d", "template_set": ["bkms"], "num_examples": 2, "necessary_reagent": "", "template_score": 0.00672027375549078, "rms_molwt": -228.13615912, "num_rings": -1, "plausibility": 1, "tforms": ["3527c2da2742b9ae8713bab63608038d"], "rank": 14, "score": -21900.944104731698}, {"smiles": "CCCCCC[C@H]1C[C@@H](OC(=O)C=O)CO1", "smiles_split": ["CCCCCC[C@H]1C[C@@H](OC(=O)C=O)CO1"], "mapped_smiles": "[CH3:1][CH2:2][CH2:3][CH2:4][CH2:5][CH2:6][C@H:7]1[CH2:8][C@@H:9]([O:10][C:11]([CH:12]=[O:900])=[O:13])[CH2:14][O:15]1", "reacting_atoms": [12], "template_id": "3527c2da2742b9ae8713bab63608038d", "template_set": ["bkms"], "num_examples": 2, "necessary_reagent": "", "template_score": 0.00672027375549078, "rms_molwt": -228.13615912, "num_rings": -1, "plausibility": 1, "tforms": ["3527c2da2742b9ae8713bab63608038d"], "rank": 15, "score": -21900.944104731698}]}