{"smiles": "CC(C)C1=C[C@]2(O)CC[C@@H]3[C@](C)(C(=O)O)CCC[C@@]3(C)[C@@H]2CC1=O", "sfscore": [0.4348391890525818, 0.6102639436721802], "chem_result": [{"smiles": "CC(C)C1=C[C@]2(O)CC[C@@H]3[C@](C)(C(=O)O)CCC[C@@]3(C)[C@@H]2CC1=O", "bw_confidence": 0.025567138586442967, "confidence": 0.3331960259081703, "rclass": "7 7.6 7.6.1", "children": [{"smiles": "C=C(C)C1=C[C@]2(O)CC[C@@H]3[C@](C)(C(=O)O)CCC[C@@]3(C)[C@@H]2CC1=O"}, {"smiles": "CCO"}, {"smiles": "[Pd]"}]}, {"smiles": "CC(C)C1=C[C@]2(O)CC[C@@H]3[C@](C)(C(=O)O)CCC[C@@]3(C)[C@@H]2CC1=O", "bw_confidence": 0.021346717262175477, "confidence": 0.08371960761798608, "rclass": "9 9.4 9.4.1", "children": [{"smiles": "CC(C)C1=C[C@]2(O)CC[C@@H]3[C@](C)(C#N)CCC[C@@]3(C)[C@@H]2CC1=O"}, {"smiles": "Cl"}]}, {"smiles": "CC(C)C1=C[C@]2(O)CC[C@@H]3[C@](C)(C(=O)O)CCC[C@@]3(C)[C@@H]2CC1=O", "bw_confidence": 0.016333832070505323, "confidence": 0.3741580453610055, "rclass": "6 6.2 6.2.3", "children": [{"smiles": "CC(C)C1=C[C@]2(O)CC[C@@H]3[C@](C)(C(=O)OC(C)(C)C)CCC[C@@]3(C)[C@@H]2CC1=O"}, {"smiles": "ClCCl"}, {"smiles": "O=C(O)C(F)(F)F"}]}, {"smiles": "CC(C)C1=C[C@]2(O)CC[C@@H]3[C@](C)(C(=O)O)CCC[C@@]3(C)[C@@H]2CC1=O", "bw_confidence": 0.009283365860935625, "confidence": 0.24841885128848587, "rclass": "8 8.1 8.1.10", "children": [{"smiles": "CC(C)C1=C[C@]2(O)CC[C@@H]3[C@](C)(C(=O)O)CCC[C@@]3(C)[C@@H]2CC1O"}, {"smiles": "ClCCl"}, {"smiles": "O=[Cr](=O)([O-])Cl~c1cc[nH+]cc1"}]}, {"smiles": "CC(C)C1=C[C@]2(O)CC[C@@H]3[C@](C)(C(=O)O)CCC[C@@]3(C)[C@@H]2CC1=O", "bw_confidence": 0.008786125315076148, "confidence": 0.04098102517259972, "rclass": "11 11.5 11.5", "children": [{"smiles": "C1CCOC1"}, {"smiles": "CC(C)C1=C[C@]2(O)CC[C@@H]3[C@](C)(C(=O)O)CCC[C@@]3(C)[C@@H]2CC1=O"}, {"smiles": "[Li+]~CC(C)[N-]C(C)C"}]}, {"smiles": "CC(C)C1=C[C@]2(O)CC[C@@H]3[C@](C)(C(=O)O)CCC[C@@]3(C)[C@@H]2CC1=O", "bw_confidence": 0.008113757490564718, "confidence": 0.15656648869430917, "rclass": "11 11.5 11.5", "children": [{"smiles": "CC(C)C1=C[C@]2(O)CC[C@@H]3[C@](C)(C(=O)O)CCC[C@@]3(C)[C@@H]2CC1=O"}, {"smiles": "O"}]}, {"smiles": "CC(C)C1=C[C@]2(O)CC[C@@H]3[C@](C)(C(=O)O)CCC[C@@]3(C)[C@@H]2CC1=O", "bw_confidence": 0.006852871347821085, "confidence": 0.13444127423437988, "rclass": "11 11.5 11.5", "children": [{"smiles": "CC(C)C1=C[C@]2(O)CC[C@@H]3[C@](C)(C(=O)O)CCC[C@@]3(C)[C@@H]2CC1=O"}, {"smiles": "O=S(=O)(O)O"}]}, {"smiles": "CC(C)C1=C[C@]2(O)CC[C@@H]3[C@](C)(C(=O)O)CCC[C@@]3(C)[C@@H]2CC1=O", "bw_confidence": 0.003823145132973355, "confidence": 0.05552737402192116, "rclass": "11 11.5 11.5", "children": [{"smiles": "CC(C)C1=C[C@]2(O)CC[C@@H]3[C@](C)(C(=O)O)CCC[C@@]3(C)[C@@H]2CC1=O"}, {"smiles": "Cl"}]}, {"smiles": "CC(C)C1=C[C@]2(O)CC[C@@H]3[C@](C)(C(=O)O)CCC[C@@]3(C)[C@@H]2CC1=O", "bw_confidence": 0.001589176899388934, "confidence": 0.3023456808789909, "rclass": "0 0 0", "children": [{"smiles": "CC(C)C1=C[C@]2(O)CC[C@@H]3[C@](C)(C(=O)[O-])CCC[C@@]3(C)[C@@H]2CC1=O~[Na+]"}, {"smiles": "Cl"}, {"smiles": "O"}]}, {"smiles": "CC(C)C1=C[C@]2(O)CC[C@@H]3[C@](C)(C(=O)O)CCC[C@@]3(C)[C@@H]2CC1=O", "bw_confidence": 0.0008442699334692928, "confidence": 0.13671310575572893, "rclass": "10 10.4 10.4.3", "children": [{"smiles": "CC(C)C1=CC2=CC[C@H]3[C@@](C)(CCC[C@@]3(C)C(=O)O)[C@@H]2CC1=O"}, {"smiles": "ClCCl"}, {"smiles": "O=C(OO)c1cccc(Cl)c1"}]}], "chem_bw_confidence_list": [0.025567138586442967, 0.021346717262175477, 0.016333832070505323, 0.009283365860935625, 0.008786125315076148, 0.008113757490564718, 0.006852871347821085, 0.003823145132973355, 0.001589176899388934, 0.0008442699334692928], "enzy_template_score_list": [0.49028754234313965, 0.11510173231363297, 0.05628121644258499, 0.053248293697834015, 0.053248293697834015, 0.053248293697834015, 0.017756730318069458, 0.06166721135377884, 0.007545854896306992, 0.0075861606746912, 0.007562200538814068, 0.006582578178495169, 0.0036120773293077946, 0.0028295470401644707, 0.0033023892901837826], "enzy_result": [{"smiles": "CC(C)C1=C[C@]2(O)CC[C@@H]3[C@](C)(C=O)CCC[C@@]3(C)[C@@H]2CC1=O", "smiles_split": ["CC(C)C1=C[C@]2(O)CC[C@@H]3[C@](C)(C=O)CCC[C@@]3(C)[C@@H]2CC1=O"], "mapped_smiles": "[CH3:1][CH:2]([CH3:3])[C:4]1=[CH:5][C@:6]2([OH:7])[CH2:8][CH2:9][C@@H:10]3[C@:11]([CH3:12])([CH:13]=[O:14])[CH2:16][CH2:17][CH2:18][C@@:19]3([CH3:20])[C@@H:21]2[CH2:22][C:23]1=[O:24]", "reacting_atoms": [13], "template_id": "da5e8ca58337efec4c4782fbb45ff9a8", "template_set": ["bkms"], "num_examples": 128, "necessary_reagent": "[O]", "template_score": 0.49028754234313965, "rms_molwt": -318.21949481999997, "num_rings": -3, "plausibility": 1, "tforms": ["da5e8ca58337efec4c4782fbb45ff9a8"], "rank": 1, "score": -684.5131093245309}, {"smiles": "CC(C)C1=C[C@]2(O)CC[C@@H]3[C@](C)(CO)CCC[C@@]3(C)[C@@H]2CC1=O", "smiles_split": ["CC(C)C1=C[C@]2(O)CC[C@@H]3[C@](C)(CO)CCC[C@@]3(C)[C@@H]2CC1=O"], "mapped_smiles": "[CH3:1][CH:2]([CH3:3])[C:4]1=[CH:5][C@:6]2([OH:7])[CH2:8][CH2:9][C@@H:10]3[C@:11]([CH3:12])([CH2:13][OH:14])[CH2:16][CH2:17][CH2:18][C@@:19]3([CH3:20])[C@@H:21]2[CH2:22][C:23]1=[O:24]", "reacting_atoms": [13, 14], "template_id": "4c59603d7f0119a8d94c5c6c1844ed6f", "template_set": ["bkms", "bkms"], "num_examples": 27, "necessary_reagent": "[O]", "template_score": 0.11510173231363297, "rms_molwt": -320.23514488399996, "num_rings": -3, "plausibility": 1, "tforms": ["4c59603d7f0119a8d94c5c6c1844ed6f", "57d5ceca0661c2bb946aa826fd543e23"], "rank": 2, "score": -2915.7532499850545}, {"smiles": "CC(C)C1=C[C@]2(O)CC[C@@H]3[C@](C)(C(N)=O)CCC[C@@]3(C)[C@@H]2CC1=O", "smiles_split": ["CC(C)C1=C[C@]2(O)CC[C@@H]3[C@](C)(C(N)=O)CCC[C@@]3(C)[C@@H]2CC1=O"], "mapped_smiles": "[CH3:1][CH:2]([CH3:3])[C:4]1=[CH:5][C@:6]2([OH:7])[CH2:8][CH2:9][C@@H:10]3[C@:11]([CH3:12])([C:13](=[O:14])[NH2:900])[CH2:16][CH2:17][CH2:18][C@@:19]3([CH3:20])[C@@H:21]2[CH2:22][C:23]1=[O:24]", "reacting_atoms": [13], "template_id": "7f976c19a733cebd505e5ebc06f4a905", "template_set": ["bkms"], "num_examples": 31, "necessary_reagent": "[O]", "template_score": 0.05628121644258499, "rms_molwt": -333.230393852, "num_rings": -3, "plausibility": 1, "tforms": ["7f976c19a733cebd505e5ebc06f4a905"], "rank": 3, "score": -6221.454286873667}, {"smiles": "CC(CO)C1=C[C@]2(O)CC[C@@H]3[C@](C)(C(=O)O)CCC[C@@]3(C)[C@@H]2CC1=O", "smiles_split": ["CC(CO)C1=C[C@]2(O)CC[C@@H]3[C@](C)(C(=O)O)CCC[C@@]3(C)[C@@H]2CC1=O"], "mapped_smiles": "[CH3:1][CH:2]([CH2:3][OH:900])[C:4]1=[CH:5][C@:6]2([OH:7])[CH2:8][CH2:9][C@@H:10]3[C@:11]([CH3:12])([C:13](=[O:14])[OH:15])[CH2:16][CH2:17][CH2:18][C@@:19]3([CH3:20])[C@@H:21]2[CH2:22][C:23]1=[O:24]", "reacting_atoms": [3], "template_id": "c4db9adeb4ad4c2bdb38e6a73be29f53", "template_set": ["bkms"], "num_examples": 14, "necessary_reagent": "", "template_score": 0.053248293697834015, "rms_molwt": -350.20932406, "num_rings": -3, "plausibility": 1, "tforms": ["c4db9adeb4ad4c2bdb38e6a73be29f53"], "rank": 4, "score": -6835.8997955047425}, {"smiles": "CC(C)C1=C[C@]2(O)CC[C@@H]3[C@](CO)(C(=O)O)CCC[C@@]3(C)[C@@H]2CC1=O", "smiles_split": ["CC(C)C1=C[C@]2(O)CC[C@@H]3[C@](CO)(C(=O)O)CCC[C@@]3(C)[C@@H]2CC1=O"], "mapped_smiles": "[CH3:1][CH:2]([CH3:3])[C:4]1=[CH:5][C@:6]2([OH:7])[CH2:8][CH2:9][C@@H:10]3[C@:11]([CH2:12][OH:900])([C:13](=[O:14])[OH:15])[CH2:16][CH2:17][CH2:18][C@@:19]3([CH3:20])[C@@H:21]2[CH2:22][C:23]1=[O:24]", "reacting_atoms": [12, 11], "template_id": "c4db9adeb4ad4c2bdb38e6a73be29f53", "template_set": ["bkms"], "num_examples": 14, "necessary_reagent": "", "template_score": 0.053248293697834015, "rms_molwt": -350.20932406, "num_rings": -3, "plausibility": 1, "tforms": ["c4db9adeb4ad4c2bdb38e6a73be29f53"], "rank": 5, "score": -6835.8997955047425}, {"smiles": "CC(C)C1=C[C@]2(O)CC[C@H]3[C@@](CO)(CCC[C@@]3(C)C(=O)O)[C@@H]2CC1=O", "smiles_split": ["CC(C)C1=C[C@]2(O)CC[C@H]3[C@@](CO)(CCC[C@@]3(C)C(=O)O)[C@@H]2CC1=O"], "mapped_smiles": "[CH3:1][CH:2]([CH3:3])[C:4]1=[CH:5][C@:6]2([OH:7])[CH2:8][CH2:9][C@@H:10]3[C@:11]([CH3:12])([C:13](=[O:14])[OH:15])[CH2:16][CH2:17][CH2:18][C@@:19]3([CH2:20][OH:900])[C@@H:21]2[CH2:22][C:23]1=[O:24]", "reacting_atoms": [20, 19], "template_id": "c4db9adeb4ad4c2bdb38e6a73be29f53", "template_set": ["bkms"], "num_examples": 14, "necessary_reagent": "", "template_score": 0.053248293697834015, "rms_molwt": -350.20932406, "num_rings": -3, "plausibility": 1, "tforms": ["c4db9adeb4ad4c2bdb38e6a73be29f53"], "rank": 6, "score": -6835.8997955047425}, {"smiles": "CC(C)C1=C[C@]2(O)CC[C@@H]3[C@](C)(C#N)CCC[C@@]3(C)[C@@H]2CC1=O", "smiles_split": ["CC(C)C1=C[C@]2(O)CC[C@@H]3[C@](C)(C#N)CCC[C@@]3(C)[C@@H]2CC1=O"], "mapped_smiles": "[CH3:1][CH:2]([CH3:3])[C:4]1=[CH:5][C@:6]2([OH:7])[CH2:8][CH2:9][C@@H:10]3[C@:11]([CH3:12])([C:13]#[N:900])[CH2:16][CH2:17][CH2:18][C@@:19]3([CH3:20])[C@@H:21]2[CH2:22][C:23]1=[O:24]", "reacting_atoms": [13], "template_id": "1c2adc62ec6fe83f25b06126207409e3", "template_set": ["bkms"], "num_examples": 10, "necessary_reagent": "[O]", "template_score": 0.017756730318069458, "rms_molwt": -315.219829168, "num_rings": -3, "plausibility": 1, "tforms": ["1c2adc62ec6fe83f25b06126207409e3"], "rank": 7, "score": -18900.340550358316}, {"smiles": "CC(C)C1=C[C@]2(O)CC[C@@H]3[C@](C)(C(=O)SCCNC(=O)CCNC(=O)[C@H](O)C(C)(C)COP(=O)(O)OP(=O)(O)OC[C@H]4O[C@@H](n5cnc6c(N)ncnc65)[C@H](O)[C@@H]4OP(=O)(O)O)CCC[C@@]3(C)[C@@H]2CC1=O", "smiles_split": ["CC(C)C1=C[C@]2(O)CC[C@@H]3[C@](C)(C(=O)SCCNC(=O)CCNC(=O)[C@H](O)C(C)(C)COP(=O)(O)OP(=O)(O)OC[C@H]4O[C@@H](n5cnc6c(N)ncnc65)[C@H](O)[C@@H]4OP(=O)(O)O)CCC[C@@]3(C)[C@@H]2CC1=O"], "mapped_smiles": "[CH3:1][CH:2]([CH3:3])[C:4]1=[CH:5][C@:6]2([OH:7])[CH2:8][CH2:9][C@@H:10]3[C@:11]([CH3:12])([C:13](=[O:14])[S:947][CH2:946][CH2:945][NH:944][C:942]([CH2:941][CH2:940][NH:939][C:937]([C@@H:935]([C:901]([CH3:900])([CH3:902])[CH2:903][O:904][P:905]([OH:906])(=[O:907])[O:908][P:909]([OH:910])(=[O:911])[O:912][CH2:913][C@H:914]4[O:915][C@@H:916]([n:917]5[cH:918][n:919][c:920]6[c:921]([NH2:922])[n:923][cH:924][n:925][c:926]56)[C@H:927]([OH:928])[C@@H:929]4[O:930][P:931]([OH:932])([OH:933])=[O:934])[OH:936])=[O:938])=[O:943])[CH2:16][CH2:17][CH2:18][C@@:19]3([CH3:20])[C@@H:21]2[CH2:22][C:23]1=[O:24]", "reacting_atoms": [13], "template_id": "b351fdcd4a380a8cdd48b391241915b9", "template_set": ["bkms", "bkms"], "num_examples": 36, "necessary_reagent": "[O]", "template_score": 0.06166721135377884, "rms_molwt": -1083.319053718, "num_rings": -6, "plausibility": 1, "tforms": ["b351fdcd4a380a8cdd48b391241915b9", "0d9f04336c8d40824228689fa927bef2"], "rank": 8, "score": -24222.71616622375}, {"smiles": "CC(C)C1=C[C@]2(O)CC[C@@H]3C(C)(C)CCC[C@@]3(C)[C@@H]2CC1=O", "smiles_split": ["CC(C)C1=C[C@]2(O)CC[C@@H]3C(C)(C)CCC[C@@]3(C)[C@@H]2CC1=O"], "mapped_smiles": "[CH3:1][CH:2]([CH3:3])[C:4]1=[CH:5][C@:6]2([OH:7])[CH2:8][CH2:9][C@@H:10]3[C:11]([CH3:12])([CH3:13])[CH2:16][CH2:17][CH2:18][C@@:19]3([CH3:20])[C@@H:21]2[CH2:22][C:23]1=[O:24]", "reacting_atoms": [11, 13], "template_id": "119e2f99c9f68ec898f796e28e4dc9e0", "template_set": ["bkms", "bkms"], "num_examples": 17, "necessary_reagent": "[O]", "template_score": 0.007545854896306992, "rms_molwt": -304.240230264, "num_rings": -3, "plausibility": 1, "tforms": ["ebe1e7f41dadc6955a789852d0e4f64c", "119e2f99c9f68ec898f796e28e4dc9e0"], "rank": 9, "score": -40204.62858101166}, {"smiles": "CC(C)C1=C[C@]2(O)CC[C@@H]3[C@](C)(C(=O)C(=O)O)CCC[C@@]3(C)[C@@H]2CC1=O", "smiles_split": ["CC(C)C1=C[C@]2(O)CC[C@@H]3[C@](C)(C(=O)C(=O)O)CCC[C@@]3(C)[C@@H]2CC1=O"], "mapped_smiles": "[CH3:1][CH:2]([CH3:3])[C:4]1=[CH:5][C@:6]2([OH:7])[CH2:8][CH2:9][C@@H:10]3[C@:11]([CH3:12])([C:13](=[O:14])[C:901]([OH:15])=[O:900])[CH2:16][CH2:17][CH2:18][C@@:19]3([CH3:20])[C@@H:21]2[CH2:22][C:23]1=[O:24]", "reacting_atoms": [15, 13], "template_id": "0ccb5de8a62dc4b58c02a22defa509a5", "template_set": ["bkms"], "num_examples": 7, "necessary_reagent": "", "template_score": 0.0075861606746912, "rms_molwt": -362.20932406, "num_rings": -3, "plausibility": 1, "tforms": ["0ccb5de8a62dc4b58c02a22defa509a5"], "rank": 10, "score": -49979.03827317213}, {"smiles": "CC(C)C1=C[C@]2(O)CC[C@@H]3[C@](C)(C(=O)NCC(=O)O)CCC[C@@]3(C)[C@@H]2CC1=O", "smiles_split": ["CC(C)C1=C[C@]2(O)CC[C@@H]3[C@](C)(C(=O)NCC(=O)O)CCC[C@@]3(C)[C@@H]2CC1=O"], "mapped_smiles": "[CH3:1][CH:2]([CH3:3])[C:4]1=[CH:5][C@:6]2([OH:7])[CH2:8][CH2:9][C@@H:10]3[C@:11]([CH3:12])([C:13](=[O:14])[NH:904][CH2:903][C:901]([OH:900])=[O:902])[CH2:16][CH2:17][CH2:18][C@@:19]3([CH3:20])[C@@H:21]2[CH2:22][C:23]1=[O:24]", "reacting_atoms": [13], "template_id": "cf20c907782d8a7aaad2623a0b26f099", "template_set": ["bkms", "bkms"], "num_examples": 26, "necessary_reagent": "[O]", "template_score": 0.007562200538814068, "rms_molwt": -391.23587315599997, "num_rings": -3, "plausibility": 1, "tforms": ["8ea8de84fb2b07e932a00ce59887f238", "cf20c907782d8a7aaad2623a0b26f099"], "rank": 11, "score": -54392.123658722696}, {"smiles": "CC(C)C1=C[C@]2(O)CC[C@@H]3[C@](C)(C(=O)NCCCC[C@H](N)C(=O)O)CCC[C@@]3(C)[C@@H]2CC1=O", "smiles_split": ["CC(C)C1=C[C@]2(O)CC[C@@H]3[C@](C)(C(=O)NCCCC[C@H](N)C(=O)O)CCC[C@@]3(C)[C@@H]2CC1=O"], "mapped_smiles": "[CH3:1][CH:2]([CH3:3])[C:4]1=[CH:5][C@:6]2([OH:7])[CH2:8][CH2:9][C@@H:10]3[C@:11]([CH3:12])([C:13](=[O:14])[NH:906][CH2:905][CH2:904][CH2:903][CH2:902][C@H:901]([NH2:900])[C:907]([OH:908])=[O:909])[CH2:16][CH2:17][CH2:18][C@@:19]3([CH3:20])[C@@H:21]2[CH2:22][C:23]1=[O:24]", "reacting_atoms": [13], "template_id": "bfa64b809f2a0c76fb1d1e650ab6427d", "template_set": ["bkms"], "num_examples": 2, "necessary_reagent": "[O]", "template_score": 0.006582578178495169, "rms_molwt": -462.3093724439999, "num_rings": -3, "plausibility": 1, "tforms": ["bfa64b809f2a0c76fb1d1e650ab6427d"], "rank": 12, "score": -78410.17921484132}, {"smiles": "CC(C)C1=C[C@]2(O)CC[C@@H]3[C@](C)(C(O)O)CCC[C@@]3(C)[C@@H]2CC1=O", "smiles_split": ["CC(C)C1=C[C@]2(O)CC[C@@H]3[C@](C)(C(O)O)CCC[C@@]3(C)[C@@H]2CC1=O"], "mapped_smiles": "[CH3:1][CH:2]([CH3:3])[C:4]1=[CH:5][C@:6]2([OH:7])[CH2:8][CH2:9][C@@H:10]3[C@:11]([CH3:12])([CH:13]([OH:14])[OH:15])[CH2:16][CH2:17][CH2:18][C@@:19]3([CH3:20])[C@@H:21]2[CH2:22][C:23]1=[O:24]", "reacting_atoms": [13, 14], "template_id": "5c19ad9117c39b8de47b69bf60cd49ce", "template_set": ["bkms", "bkms", "bkms", "bkms"], "num_examples": 32, "necessary_reagent": "", "template_score": 0.0036120773293077946, "rms_molwt": -336.23005950399994, "num_rings": -3, "plausibility": 1, "tforms": ["2bae8bbeed265b14104c13619249e91e", "5c19ad9117c39b8de47b69bf60cd49ce", "17c8b47189523d337014008abb157345", "8e8b345b42f2f8ee6c475f632a919685"], "rank": 13, "score": -96662.10977108155}, {"smiles": "CC(C)C1=C[C@]2(O)CC[C@@H]3[C@](C)(C(=O)CC(=O)O)CCC[C@@]3(C)[C@@H]2CC1=O", "smiles_split": ["CC(C)C1=C[C@]2(O)CC[C@@H]3[C@](C)(C(=O)CC(=O)O)CCC[C@@]3(C)[C@@H]2CC1=O"], "mapped_smiles": "[CH3:1][CH:2]([CH3:3])[C:4]1=[CH:5][C@:6]2([OH:7])[CH2:8][CH2:9][C@@H:10]3[C@:11]([CH3:12])([C:13](=[O:14])[CH2:903][C:901]([OH:900])=[O:902])[CH2:16][CH2:17][CH2:18][C@@:19]3([CH3:20])[C@@H:21]2[CH2:22][C:23]1=[O:24]", "reacting_atoms": [13], "template_id": "b80fcddaa88bd3baa32d542ad1c2190c", "template_set": ["bkms"], "num_examples": 1, "necessary_reagent": "[O]", "template_score": 0.0028295470401644707, "rms_molwt": -376.22497412399997, "num_rings": -3, "plausibility": 1, "tforms": ["b80fcddaa88bd3baa32d542ad1c2190c"], "rank": 14, "score": -139807.61768963694}, {"smiles": "CC(C)C1=C[C@]2(O)CC[C@H]3[C@@](C)(CCC[C@@]3(C)[C@@H](O)n3ccc(=O)[nH]c3=O)[C@@H]2CC1=O", "smiles_split": ["CC(C)C1=C[C@]2(O)CC[C@H]3[C@@](C)(CCC[C@@]3(C)[C@@H](O)n3ccc(=O)[nH]c3=O)[C@@H]2CC1=O"], "mapped_smiles": "[CH3:1][CH:2]([CH3:3])[C:4]1=[CH:5][C@:6]2([OH:7])[CH2:8][CH2:9][C@@H:10]3[C@:11]([CH3:12])([C@@H:13]([OH:15])[n:905]4[c:903](=[O:904])[nH:902][c:901](=[O:900])[cH:907][cH:906]4)[CH2:16][CH2:17][CH2:18][C@@:19]3([CH3:20])[C@@H:21]2[CH2:22][C:23]1=[O:24]", "reacting_atoms": [13], "template_id": "88ea8e5bf1da9163bb379ce022a6080f", "template_set": ["bkms"], "num_examples": 1, "necessary_reagent": "[O]", "template_score": 0.0033023892901837826, "rms_molwt": -430.24677218799997, "num_rings": -4, "plausibility": 1, "tforms": ["88ea8e5bf1da9163bb379ce022a6080f"], "rank": 15, "score": -146015.91397137378}]}