{"smiles": "COc1cc(-c2cc(=O)c3c(O)c([C@@H]4O[C@@H](C)[C@@H](O)[C@H](O)[C@@H]4O[C@H]4O[C@@H](C)[C@@H](O)[C@@H](O)[C@H]4O)c(O)cc3o2)ccc1O", "sfscore": [0.39070001244544983, 0.6759652495384216], "chem_result": [{"smiles": "COc1cc(-c2cc(=O)c3c(O)c([C@@H]4O[C@@H](C)[C@@H](O)[C@H](O)[C@@H]4O[C@H]4O[C@@H](C)[C@@H](O)[C@@H](O)[C@H]4O)c(O)cc3o2)ccc1O", "bw_confidence": 0.0325989867164497, "confidence": 0.5653748220082103, "rclass": "6 6.3 6.3.1", "children": [{"smiles": "CO"}, {"smiles": "COc1cc(-c2cc(=O)c3c(O)c([C@@H]4O[C@@H](C)[C@@H](O)[C@H](O)[C@@H]4O[C@H]4O[C@@H](C)[C@@H](O)[C@@H](O)[C@H]4O)c(O)cc3o2)ccc1OCc1ccccc1"}, {"smiles": "[Pd]"}]}, {"smiles": "COc1cc(-c2cc(=O)c3c(O)c([C@@H]4O[C@@H](C)[C@@H](O)[C@H](O)[C@@H]4O[C@H]4O[C@@H](C)[C@@H](O)[C@@H](O)[C@H]4O)c(O)cc3o2)ccc1O", "bw_confidence": 0.031305511069713535, "confidence": 0.4741475957426397, "rclass": "7 7.5 7.5.1", "children": [{"smiles": "CO"}, {"smiles": "COc1cc(-c2cc(=O)c3c(O)c([C@@H]4O[C@@H](C)C(=O)[C@H](O)[C@@H]4O[C@H]4O[C@@H](C)[C@@H](O)[C@@H](O)[C@H]4O)c(O)cc3o2)ccc1O"}, {"smiles": "[BH4-]~[Na+]"}]}, {"smiles": "COc1cc(-c2cc(=O)c3c(O)c([C@@H]4O[C@@H](C)[C@@H](O)[C@H](O)[C@@H]4O[C@H]4O[C@@H](C)[C@@H](O)[C@@H](O)[C@H]4O)c(O)cc3o2)ccc1O", "bw_confidence": 0.020268441192031167, "confidence": 0.12491607433027782, "rclass": "0 0 0", "children": [{"smiles": "COc1cc(-c2cc(=O)c3c(O)c([C@@H]4O[C@@H](C)[C@@H](O)[C@H](O)[C@@H]4O)c(O)cc3o2)ccc1O"}, {"smiles": "C[C@@H]1OC(O)[C@H](O)[C@@H](O)[C@@H]1O"}]}, {"smiles": "COc1cc(-c2cc(=O)c3c(O)c([C@@H]4O[C@@H](C)[C@@H](O)[C@H](O)[C@@H]4O[C@H]4O[C@@H](C)[C@@H](O)[C@@H](O)[C@H]4O)c(O)cc3o2)ccc1O", "bw_confidence": 0.013531566233253795, "confidence": 0.0697484947017923, "rclass": "11 11.5 11.5", "children": [{"smiles": "CO"}, {"smiles": "COc1cc(-c2cc(=O)c3c(O)c([C@@H]4O[C@@H](C)[C@@H](O)[C@H](O)[C@@H]4O[C@H]4O[C@@H](C)[C@@H](O)[C@@H](O)[C@H]4O)c(O)cc3o2)ccc1O"}]}, {"smiles": "COc1cc(-c2cc(=O)c3c(O)c([C@@H]4O[C@@H](C)[C@@H](O)[C@H](O)[C@@H]4O[C@H]4O[C@@H](C)[C@@H](O)[C@@H](O)[C@H]4O)c(O)cc3o2)ccc1O", "bw_confidence": 0.006840726264927108, "confidence": 0.6792966111490227, "rclass": "0 0 0", "children": [{"smiles": "COc1cc(B2OC(C)(C)C(C)(C)O2)ccc1O"}, {"smiles": "C[C@@H]1O[C@@H](c2c(O)cc3oc(I)cc(=O)c3c2O)[C@H](O)[C@@H](O)[C@@H]1O"}]}, {"smiles": "COc1cc(-c2cc(=O)c3c(O)c([C@@H]4O[C@@H](C)[C@@H](O)[C@H](O)[C@@H]4O[C@H]4O[C@@H](C)[C@@H](O)[C@@H](O)[C@H]4O)c(O)cc3o2)ccc1O", "bw_confidence": 0.006786300372953265, "confidence": 0.09962863587826903, "rclass": "10 10.4 10.4.9", "children": [{"smiles": "COc1cc(-c2cc(=O)c3c(O)c([C@@H]4O[C@@H](C)[C@@H](O)[C@H](O)[C@@H]4O[C@H]4O[C@@H](C)C=C[C@H]4O)c(O)cc3o2)ccc1O"}, {"smiles": "O=[Os](=O)(=O)=O"}]}, {"smiles": "COc1cc(-c2cc(=O)c3c(O)c([C@@H]4O[C@@H](C)[C@@H](O)[C@H](O)[C@@H]4O[C@H]4O[C@@H](C)[C@@H](O)[C@@H](O)[C@H]4O)c(O)cc3o2)ccc1O", "bw_confidence": 0.0037798223418773593, "confidence": 0.5785414838211573, "rclass": "6 6.3 6.3.6", "children": [{"smiles": "CO"}, {"smiles": "COc1cc(-c2cc(=O)c3c(O)c([C@@H]4O[C@@H](C)[C@@H](O)[C@H](O)[C@@H]4O[C@H]4O[C@@H](C)[C@@H](O)[C@@H](O)[C@H]4O)c(O)cc3o2)ccc1OC(C)=O"}, {"smiles": "C[O-]~[Na+]"}]}, {"smiles": "COc1cc(-c2cc(=O)c3c(O)c([C@@H]4O[C@@H](C)[C@@H](O)[C@H](O)[C@@H]4O[C@H]4O[C@@H](C)[C@@H](O)[C@@H](O)[C@H]4O)c(O)cc3o2)ccc1O", "bw_confidence": 0.002784534342431869, "confidence": 0.01124611649433235, "rclass": "11 11.5 11.5", "children": [{"smiles": "COc1cc(-c2cc(=O)c3c(O)c([C@@H]4O[C@@H](C)[C@@H](O)[C@H](O)[C@@H]4O[C@H]4O[C@@H](C)[C@@H](O)[C@@H](O)[C@H]4O)c(O)cc3o2)ccc1O"}, {"smiles": "CS(C)=O"}]}, {"smiles": "COc1cc(-c2cc(=O)c3c(O)c([C@@H]4O[C@@H](C)[C@@H](O)[C@H](O)[C@@H]4O[C@H]4O[C@@H](C)[C@@H](O)[C@@H](O)[C@H]4O)c(O)cc3o2)ccc1O", "bw_confidence": 0.00024171109383103837, "confidence": 0.16189868044135844, "rclass": "9 9.7 9.7.326", "children": [{"smiles": "COc1cc(-c2cc(=O)c3c(O)c([C@@H]4O[C@@H](C)[C@@H](O)[C@H](O)[C@@H]4O[C@H]4O[C@@H](C)[C@@H](O)[C@@H](O)[C@H]4O)c(O[C@@H]4O[C@H](CO)[C@@H](O)[C@H](O)[C@H]4O)cc3o2)ccc1O"}, {"smiles": "Cl"}]}], "chem_bw_confidence_list": [0.0325989867164497, 0.031305511069713535, 0.020268441192031167, 0.013531566233253795, 0.006840726264927108, 0.006786300372953265, 0.0037798223418773593, 0.002784534342431869, 0.00024171109383103837], "enzy_template_score_list": [0.8847957253456116, 0.038765110075473785, 0.01919422298669815, 0.01919422298669815, 0.01919422298669815, 0.0090547576546669, 0.011910656467080116, 0.011910656467080116, 0.011910656467080116, 0.0050382111221551895, 0.0050382111221551895, 0.0050382111221551895, 0.006850842386484146, 0.006850842386484146, 0.006850842386484146], "enzy_result": [{"smiles": "C[C@@H]1O[C@@H](c2c(O)cc3oc(-c4ccc(O)c(O)c4)cc(=O)c3c2O)[C@@H](O[C@H]2O[C@@H](C)[C@@H](O)[C@@H](O)[C@H]2O)[C@@H](O)[C@@H]1O", "smiles_split": ["C[C@@H]1O[C@@H](c2c(O)cc3oc(-c4ccc(O)c(O)c4)cc(=O)c3c2O)[C@@H](O[C@H]2O[C@@H](C)[C@@H](O)[C@@H](O)[C@H]2O)[C@@H](O)[C@@H]1O"], "mapped_smiles": "[OH:2][c:3]1[cH:4][c:5](-[c:6]2[cH:7][c:8](=[O:9])[c:10]3[c:11]([OH:12])[c:13]([C@@H:14]4[O:15][C@@H:16]([CH3:17])[C@@H:18]([OH:19])[C@H:20]([OH:21])[C@@H:22]4[O:23][C@H:24]4[O:25][C@@H:26]([CH3:27])[C@@H:28]([OH:29])[C@@H:30]([OH:31])[C@H:32]4[OH:33])[c:34]([OH:35])[cH:36][c:37]3[o:38]2)[cH:39][cH:40][c:41]1[OH:42]", "reacting_atoms": [2], "template_id": "e0e2b378d623262efad3f5cff831b758", "template_set": ["bkms"], "num_examples": 223, "necessary_reagent": "[C]", "template_score": 0.8847957253456116, "rms_molwt": -578.1635556399999, "num_rings": -5, "plausibility": 1, "tforms": ["e0e2b378d623262efad3f5cff831b758"], "rank": 1, "score": -867.5735933865449}, {"smiles": "COc1cc(-c2cc(=O)c3c(O)c([C@@H]4O[C@@H](C)[C@@H](O)[C@H](O)[C@@H]4O)c(O)cc3o2)ccc1O", "smiles_split": ["COc1cc(-c2cc(=O)c3c(O)c([C@@H]4O[C@@H](C)[C@@H](O)[C@H](O)[C@@H]4O)c(O)cc3o2)ccc1O"], "mapped_smiles": "[CH3:1][O:2][c:3]1[cH:4][c:5](-[c:6]2[cH:7][c:8](=[O:9])[c:10]3[c:11]([OH:12])[c:13]([C@@H:14]4[O:15][C@@H:16]([CH3:17])[C@@H:18]([OH:19])[C@H:20]([OH:21])[C@@H:22]4[OH:23])[c:34]([OH:35])[cH:36][c:37]3[o:38]2)[cH:39][cH:40][c:41]1[OH:42]", "reacting_atoms": [22, 23], "template_id": "5e6021f2437564fab233e1fafec0f0eb", "template_set": ["bkms", "bkms", "bkms", "bkms"], "num_examples": 15, "necessary_reagent": "[C]~[C]1~[O]~[C]~[C](~[O])~[C](~[O])~[C]~1~[O]", "template_score": 0.038765110075473785, "rms_molwt": -446.1212969039999, "num_rings": -4, "plausibility": 1, "tforms": ["1821014e5f87ae2788ebe25a609113eb", "f0aa6e707bc761f40a14345fcd74e86d", "377c4032a28f957fb174b358e5d58318", "5e6021f2437564fab233e1fafec0f0eb"], "rank": 2, "score": -13587.878620715454}, {"smiles": "COc1cc(-c2cc(=O)c3c(O)c([C@@H]4O[C@@H](C)[C@@H](O)[C@H](O)[C@@H]4O[C@H]4O[C@@H](C)[C@@H](O)[C@@H](O)[C@H]4O)ccc3o2)ccc1O", "smiles_split": ["COc1cc(-c2cc(=O)c3c(O)c([C@@H]4O[C@@H](C)[C@@H](O)[C@H](O)[C@@H]4O[C@H]4O[C@@H](C)[C@@H](O)[C@@H](O)[C@H]4O)ccc3o2)ccc1O"], "mapped_smiles": "[CH3:1][O:2][c:3]1[cH:4][c:5](-[c:6]2[cH:7][c:8](=[O:9])[c:10]3[c:11]([OH:12])[c:13]([C@@H:14]4[O:15][C@@H:16]([CH3:17])[C@@H:18]([OH:19])[C@H:20]([OH:21])[C@@H:22]4[O:23][C@H:24]4[O:25][C@@H:26]([CH3:27])[C@@H:28]([OH:29])[C@@H:30]([OH:31])[C@H:32]4[OH:33])[cH:34][cH:36][c:37]3[o:38]2)[cH:39][cH:40][c:41]1[OH:42]", "reacting_atoms": [34], "template_id": "3c2c4cfbcb3bcb992a014c1db6900c8d", "template_set": ["bkms", "bkms"], "num_examples": 211, "necessary_reagent": "[O]", "template_score": 0.01919422298669815, "rms_molwt": -576.1842910839999, "num_rings": -5, "plausibility": 1, "tforms": ["707a7ee9f88daa3e9e86cf844cd1e066", "3c2c4cfbcb3bcb992a014c1db6900c8d"], "rank": 3, "score": -39992.523134857875}, {"smiles": "COc1cccc(-c2cc(=O)c3c(O)c([C@@H]4O[C@@H](C)[C@@H](O)[C@H](O)[C@@H]4O[C@H]4O[C@@H](C)[C@@H](O)[C@@H](O)[C@H]4O)c(O)cc3o2)c1", "smiles_split": ["COc1cccc(-c2cc(=O)c3c(O)c([C@@H]4O[C@@H](C)[C@@H](O)[C@H](O)[C@@H]4O[C@H]4O[C@@H](C)[C@@H](O)[C@@H](O)[C@H]4O)c(O)cc3o2)c1"], "mapped_smiles": "[CH3:1][O:2][c:3]1[cH:4][c:5](-[c:6]2[cH:7][c:8](=[O:9])[c:10]3[c:11]([OH:12])[c:13]([C@@H:14]4[O:15][C@@H:16]([CH3:17])[C@@H:18]([OH:19])[C@H:20]([OH:21])[C@@H:22]4[O:23][C@H:24]4[O:25][C@@H:26]([CH3:27])[C@@H:28]([OH:29])[C@@H:30]([OH:31])[C@H:32]4[OH:33])[c:34]([OH:35])[cH:36][c:37]3[o:38]2)[cH:39][cH:40][cH:41]1", "reacting_atoms": [41], "template_id": "3c2c4cfbcb3bcb992a014c1db6900c8d", "template_set": ["bkms", "bkms"], "num_examples": 210, "necessary_reagent": "[O]", "template_score": 0.01919422298669815, "rms_molwt": -576.1842910839998, "num_rings": -5, "plausibility": 1, "tforms": ["3c2c4cfbcb3bcb992a014c1db6900c8d", "124695a65419161b77d066b44670e1cd"], "rank": 4, "score": -39992.523134857875}, {"smiles": "COc1cc(-c2cc(=O)c3cc([C@@H]4O[C@@H](C)[C@@H](O)[C@H](O)[C@@H]4O[C@H]4O[C@@H](C)[C@@H](O)[C@@H](O)[C@H]4O)c(O)cc3o2)ccc1O", "smiles_split": ["COc1cc(-c2cc(=O)c3cc([C@@H]4O[C@@H](C)[C@@H](O)[C@H](O)[C@@H]4O[C@H]4O[C@@H](C)[C@@H](O)[C@@H](O)[C@H]4O)c(O)cc3o2)ccc1O"], "mapped_smiles": "[CH3:1][O:2][c:3]1[cH:4][c:5](-[c:6]2[cH:7][c:8](=[O:9])[c:10]3[cH:11][c:13]([C@@H:14]4[O:15][C@@H:16]([CH3:17])[C@@H:18]([OH:19])[C@H:20]([OH:21])[C@@H:22]4[O:23][C@H:24]4[O:25][C@@H:26]([CH3:27])[C@@H:28]([OH:29])[C@@H:30]([OH:31])[C@H:32]4[OH:33])[c:34]([OH:35])[cH:36][c:37]3[o:38]2)[cH:39][cH:40][c:41]1[OH:42]", "reacting_atoms": [11], "template_id": "3c2c4cfbcb3bcb992a014c1db6900c8d", "template_set": ["bkms", "bkms"], "num_examples": 211, "necessary_reagent": "[O]", "template_score": 0.01919422298669815, "rms_molwt": -576.1842910839998, "num_rings": -5, "plausibility": 1, "tforms": ["707a7ee9f88daa3e9e86cf844cd1e066", "3c2c4cfbcb3bcb992a014c1db6900c8d"], "rank": 5, "score": -39992.523134857875}, {"smiles": "COc1cc(C(=O)CC(=O)c2c(O)cc(O)c([C@@H]3O[C@@H](C)[C@@H](O)[C@H](O)[C@@H]3O[C@H]3O[C@@H](C)[C@@H](O)[C@@H](O)[C@H]3O)c2O)ccc1O", "smiles_split": ["COc1cc(C(=O)CC(=O)c2c(O)cc(O)c([C@@H]3O[C@@H](C)[C@@H](O)[C@H](O)[C@@H]3O[C@H]3O[C@@H](C)[C@@H](O)[C@@H](O)[C@H]3O)c2O)ccc1O"], "mapped_smiles": "[CH3:1][O:2][c:3]1[cH:4][c:5]([C:6]([CH2:7][C:8](=[O:9])[c:10]2[c:11]([OH:12])[c:13]([C@@H:14]3[O:15][C@@H:16]([CH3:17])[C@@H:18]([OH:19])[C@H:20]([OH:21])[C@@H:22]3[O:23][C@H:24]3[O:25][C@@H:26]([CH3:27])[C@@H:28]([OH:29])[C@@H:30]([OH:31])[C@H:32]3[OH:33])[c:34]([OH:35])[cH:36][c:37]2[OH:38])=[O:900])[cH:39][cH:40][c:41]1[OH:42]", "reacting_atoms": [6, 7, 8, 38, 5], "template_id": "202d84222f7aaeb1fb8f10cb3e1edd97", "template_set": ["bkms"], "num_examples": 4, "necessary_reagent": "", "template_score": 0.0090547576546669, "rms_molwt": -610.1897703879999, "num_rings": -4, "plausibility": 1, "tforms": ["202d84222f7aaeb1fb8f10cb3e1edd97"], "rank": 6, "score": -88959.74505253145}, {"smiles": "COc1cc(-c2cc(=O)c3c(O[C@@H]4O[C@H](C(=O)O)[C@@H](O)[C@H](O)[C@H]4O)c([C@@H]4O[C@@H](C)[C@@H](O)[C@H](O)[C@@H]4O[C@H]4O[C@@H](C)[C@@H](O)[C@@H](O)[C@H]4O)c(O)cc3o2)ccc1O", "smiles_split": ["COc1cc(-c2cc(=O)c3c(O[C@@H]4O[C@H](C(=O)O)[C@@H](O)[C@H](O)[C@H]4O)c([C@@H]4O[C@@H](C)[C@@H](O)[C@H](O)[C@@H]4O[C@H]4O[C@@H](C)[C@@H](O)[C@@H](O)[C@H]4O)c(O)cc3o2)ccc1O"], "mapped_smiles": "[CH3:1][O:2][c:3]1[cH:4][c:5](-[c:6]2[cH:7][c:8](=[O:9])[c:10]3[c:11]([O:12][C@@H:905]4[O:904][C@H:903]([C:901]([OH:900])=[O:902])[C@@H:910]([OH:911])[C@H:908]([OH:909])[C@H:906]4[OH:907])[c:13]([C@@H:14]4[O:15][C@@H:16]([CH3:17])[C@@H:18]([OH:19])[C@H:20]([OH:21])[C@@H:22]4[O:23][C@H:24]4[O:25][C@@H:26]([CH3:27])[C@@H:28]([OH:29])[C@@H:30]([OH:31])[C@H:32]4[OH:33])[c:34]([OH:35])[cH:36][c:37]3[o:38]2)[cH:39][cH:40][c:41]1[OH:42]", "reacting_atoms": [12], "template_id": "5933a7935584c42ccf47b5c419dc32e8", "template_set": ["bkms"], "num_examples": 7, "necessary_reagent": "", "template_score": 0.011910656467080116, "rms_molwt": -768.2112936799999, "num_rings": -6, "plausibility": 1, "tforms": ["5933a7935584c42ccf47b5c419dc32e8"], "rank": 7, "score": -110825.3111554559}, {"smiles": "COc1cc(-c2cc(=O)c3c(O)c([C@@H]4O[C@@H](C)[C@@H](O)[C@H](O)[C@@H]4O[C@H]4O[C@@H](C)[C@@H](O)[C@@H](O)[C@H]4O)c(O[C@@H]4O[C@H](C(=O)O)[C@@H](O)[C@H](O)[C@H]4O)cc3o2)ccc1O", "smiles_split": ["COc1cc(-c2cc(=O)c3c(O)c([C@@H]4O[C@@H](C)[C@@H](O)[C@H](O)[C@@H]4O[C@H]4O[C@@H](C)[C@@H](O)[C@@H](O)[C@H]4O)c(O[C@@H]4O[C@H](C(=O)O)[C@@H](O)[C@H](O)[C@H]4O)cc3o2)ccc1O"], "mapped_smiles": "[CH3:1][O:2][c:3]1[cH:4][c:5](-[c:6]2[cH:7][c:8](=[O:9])[c:10]3[c:11]([OH:12])[c:13]([C@@H:14]4[O:15][C@@H:16]([CH3:17])[C@@H:18]([OH:19])[C@H:20]([OH:21])[C@@H:22]4[O:23][C@H:24]4[O:25][C@@H:26]([CH3:27])[C@@H:28]([OH:29])[C@@H:30]([OH:31])[C@H:32]4[OH:33])[c:34]([O:35][C@@H:905]4[O:904][C@H:903]([C:901]([OH:900])=[O:902])[C@@H:910]([OH:911])[C@H:908]([OH:909])[C@H:906]4[OH:907])[cH:36][c:37]3[o:38]2)[cH:39][cH:40][c:41]1[OH:42]", "reacting_atoms": [35], "template_id": "5933a7935584c42ccf47b5c419dc32e8", "template_set": ["bkms"], "num_examples": 7, "necessary_reagent": "", "template_score": 0.011910656467080116, "rms_molwt": -768.21129368, "num_rings": -6, "plausibility": 1, "tforms": ["5933a7935584c42ccf47b5c419dc32e8"], "rank": 8, "score": -110825.3111554559}, {"smiles": "COc1cc(-c2cc(=O)c3c(O)c([C@@H]4O[C@@H](C)[C@@H](O)[C@H](O)[C@@H]4O[C@H]4O[C@@H](C)[C@@H](O)[C@@H](O)[C@H]4O)c(O)cc3o2)ccc1O[C@@H]1O[C@H](C(=O)O)[C@@H](O)[C@H](O)[C@H]1O", "smiles_split": ["COc1cc(-c2cc(=O)c3c(O)c([C@@H]4O[C@@H](C)[C@@H](O)[C@H](O)[C@@H]4O[C@H]4O[C@@H](C)[C@@H](O)[C@@H](O)[C@H]4O)c(O)cc3o2)ccc1O[C@@H]1O[C@H](C(=O)O)[C@@H](O)[C@H](O)[C@H]1O"], "mapped_smiles": "[CH3:1][O:2][c:3]1[cH:4][c:5](-[c:6]2[cH:7][c:8](=[O:9])[c:10]3[c:11]([OH:12])[c:13]([C@@H:14]4[O:15][C@@H:16]([CH3:17])[C@@H:18]([OH:19])[C@H:20]([OH:21])[C@@H:22]4[O:23][C@H:24]4[O:25][C@@H:26]([CH3:27])[C@@H:28]([OH:29])[C@@H:30]([OH:31])[C@H:32]4[OH:33])[c:34]([OH:35])[cH:36][c:37]3[o:38]2)[cH:39][cH:40][c:41]1[O:42][C@@H:905]1[O:904][C@H:903]([C:901]([OH:900])=[O:902])[C@@H:910]([OH:911])[C@H:908]([OH:909])[C@H:906]1[OH:907]", "reacting_atoms": [42], "template_id": "5933a7935584c42ccf47b5c419dc32e8", "template_set": ["bkms"], "num_examples": 7, "necessary_reagent": "", "template_score": 0.011910656467080116, "rms_molwt": -768.21129368, "num_rings": -6, "plausibility": 1, "tforms": ["5933a7935584c42ccf47b5c419dc32e8"], "rank": 9, "score": -110825.3111554559}, {"smiles": "COc1cc(-c2cc(=O)c3c(O)c([C@@H]4O[C@@H](C)[C@@H](O)[C@H](O)[C@@H]4O[C@H]4O[C@@H](C)[C@@H](O)[C@@H](O)[C@H]4O)c(OC)cc3o2)ccc1O", "smiles_split": ["COc1cc(-c2cc(=O)c3c(O)c([C@@H]4O[C@@H](C)[C@@H](O)[C@H](O)[C@@H]4O[C@H]4O[C@@H](C)[C@@H](O)[C@@H](O)[C@H]4O)c(OC)cc3o2)ccc1O"], "mapped_smiles": "[CH3:1][O:2][c:3]1[cH:4][c:5](-[c:6]2[cH:7][c:8](=[O:9])[c:10]3[c:11]([OH:12])[c:13]([C@@H:14]4[O:15][C@@H:16]([CH3:17])[C@@H:18]([OH:19])[C@H:20]([OH:21])[C@@H:22]4[O:23][C@H:24]4[O:25][C@@H:26]([CH3:27])[C@@H:28]([OH:29])[C@@H:30]([OH:31])[C@H:32]4[OH:33])[c:34]([O:35][CH3:900])[cH:36][c:37]3[o:38]2)[cH:39][cH:40][c:41]1[OH:42]", "reacting_atoms": [35], "template_id": "c11dbf440d2e73a73293e1875c2ee134", "template_set": ["bkms"], "num_examples": 59, "necessary_reagent": "", "template_score": 0.0050382111221551895, "rms_molwt": -606.1948557679999, "num_rings": -5, "plausibility": 1, "tforms": ["c11dbf440d2e73a73293e1875c2ee134"], "rank": 10, "score": -159879.94804930952}, {"smiles": "COc1ccc(-c2cc(=O)c3c(O)c([C@@H]4O[C@@H](C)[C@@H](O)[C@H](O)[C@@H]4O[C@H]4O[C@@H](C)[C@@H](O)[C@@H](O)[C@H]4O)c(O)cc3o2)cc1OC", "smiles_split": ["COc1ccc(-c2cc(=O)c3c(O)c([C@@H]4O[C@@H](C)[C@@H](O)[C@H](O)[C@@H]4O[C@H]4O[C@@H](C)[C@@H](O)[C@@H](O)[C@H]4O)c(O)cc3o2)cc1OC"], "mapped_smiles": "[CH3:1][O:2][c:3]1[cH:4][c:5](-[c:6]2[cH:7][c:8](=[O:9])[c:10]3[c:11]([OH:12])[c:13]([C@@H:14]4[O:15][C@@H:16]([CH3:17])[C@@H:18]([OH:19])[C@H:20]([OH:21])[C@@H:22]4[O:23][C@H:24]4[O:25][C@@H:26]([CH3:27])[C@@H:28]([OH:29])[C@@H:30]([OH:31])[C@H:32]4[OH:33])[c:34]([OH:35])[cH:36][c:37]3[o:38]2)[cH:39][cH:40][c:41]1[O:42][CH3:900]", "reacting_atoms": [42], "template_id": "c11dbf440d2e73a73293e1875c2ee134", "template_set": ["bkms"], "num_examples": 59, "necessary_reagent": "", "template_score": 0.0050382111221551895, "rms_molwt": -606.1948557679999, "num_rings": -5, "plausibility": 1, "tforms": ["c11dbf440d2e73a73293e1875c2ee134"], "rank": 11, "score": -159879.94804930952}, {"smiles": "COc1cc(-c2cc(=O)c3c(OC)c([C@@H]4O[C@@H](C)[C@@H](O)[C@H](O)[C@@H]4O[C@H]4O[C@@H](C)[C@@H](O)[C@@H](O)[C@H]4O)c(O)cc3o2)ccc1O", "smiles_split": ["COc1cc(-c2cc(=O)c3c(OC)c([C@@H]4O[C@@H](C)[C@@H](O)[C@H](O)[C@@H]4O[C@H]4O[C@@H](C)[C@@H](O)[C@@H](O)[C@H]4O)c(O)cc3o2)ccc1O"], "mapped_smiles": "[CH3:1][O:2][c:3]1[cH:4][c:5](-[c:6]2[cH:7][c:8](=[O:9])[c:10]3[c:11]([O:12][CH3:900])[c:13]([C@@H:14]4[O:15][C@@H:16]([CH3:17])[C@@H:18]([OH:19])[C@H:20]([OH:21])[C@@H:22]4[O:23][C@H:24]4[O:25][C@@H:26]([CH3:27])[C@@H:28]([OH:29])[C@@H:30]([OH:31])[C@H:32]4[OH:33])[c:34]([OH:35])[cH:36][c:37]3[o:38]2)[cH:39][cH:40][c:41]1[OH:42]", "reacting_atoms": [12], "template_id": "c11dbf440d2e73a73293e1875c2ee134", "template_set": ["bkms"], "num_examples": 59, "necessary_reagent": "", "template_score": 0.0050382111221551895, "rms_molwt": -606.1948557679999, "num_rings": -5, "plausibility": 1, "tforms": ["c11dbf440d2e73a73293e1875c2ee134"], "rank": 12, "score": -159879.94804930952}, {"smiles": "COc1cc(-c2cc(=O)c3c(O)c([C@@H]4O[C@@H](C)[C@@H](O)[C@H](O)[C@@H]4O[C@H]4O[C@@H](C)[C@@H](O)[C@@H](O)[C@H]4O)c(O[C@@H]4O[C@H](CO)[C@@H](O)[C@H](O)[C@H]4O)cc3o2)ccc1O", "smiles_split": ["COc1cc(-c2cc(=O)c3c(O)c([C@@H]4O[C@@H](C)[C@@H](O)[C@H](O)[C@@H]4O[C@H]4O[C@@H](C)[C@@H](O)[C@@H](O)[C@H]4O)c(O[C@@H]4O[C@H](CO)[C@@H](O)[C@H](O)[C@H]4O)cc3o2)ccc1O"], "mapped_smiles": "[CH3:1][O:2][c:3]1[cH:4][c:5](-[c:6]2[cH:7][c:8](=[O:9])[c:10]3[c:11]([OH:12])[c:13]([C@@H:14]4[O:15][C@@H:16]([CH3:17])[C@@H:18]([OH:19])[C@H:20]([OH:21])[C@@H:22]4[O:23][C@H:24]4[O:25][C@@H:26]([CH3:27])[C@@H:28]([OH:29])[C@@H:30]([OH:31])[C@H:32]4[OH:33])[c:34]([O:35][C@@H:904]4[O:903][C@H:902]([CH2:901][OH:900])[C@@H:909]([OH:910])[C@H:907]([OH:908])[C@H:905]4[OH:906])[cH:36][c:37]3[o:38]2)[cH:39][cH:40][c:41]1[OH:42]", "reacting_atoms": [35], "template_id": "f0188a61a7d798559e3dd775fb7ce3ce", "template_set": ["bkms"], "num_examples": 38, "necessary_reagent": "", "template_score": 0.006850842386484146, "rms_molwt": -754.2320291240001, "num_rings": -6, "plausibility": 1, "tforms": ["f0188a61a7d798559e3dd775fb7ce3ce"], "rank": 13, "score": -189474.38977618143}, {"smiles": "COc1cc(-c2cc(=O)c3c(O[C@@H]4O[C@H](CO)[C@@H](O)[C@H](O)[C@H]4O)c([C@@H]4O[C@@H](C)[C@@H](O)[C@H](O)[C@@H]4O[C@H]4O[C@@H](C)[C@@H](O)[C@@H](O)[C@H]4O)c(O)cc3o2)ccc1O", "smiles_split": ["COc1cc(-c2cc(=O)c3c(O[C@@H]4O[C@H](CO)[C@@H](O)[C@H](O)[C@H]4O)c([C@@H]4O[C@@H](C)[C@@H](O)[C@H](O)[C@@H]4O[C@H]4O[C@@H](C)[C@@H](O)[C@@H](O)[C@H]4O)c(O)cc3o2)ccc1O"], "mapped_smiles": "[CH3:1][O:2][c:3]1[cH:4][c:5](-[c:6]2[cH:7][c:8](=[O:9])[c:10]3[c:11]([O:12][C@@H:904]4[O:903][C@H:902]([CH2:901][OH:900])[C@@H:909]([OH:910])[C@H:907]([OH:908])[C@H:905]4[OH:906])[c:13]([C@@H:14]4[O:15][C@@H:16]([CH3:17])[C@@H:18]([OH:19])[C@H:20]([OH:21])[C@@H:22]4[O:23][C@H:24]4[O:25][C@@H:26]([CH3:27])[C@@H:28]([OH:29])[C@@H:30]([OH:31])[C@H:32]4[OH:33])[c:34]([OH:35])[cH:36][c:37]3[o:38]2)[cH:39][cH:40][c:41]1[OH:42]", "reacting_atoms": [12], "template_id": "f0188a61a7d798559e3dd775fb7ce3ce", "template_set": ["bkms"], "num_examples": 38, "necessary_reagent": "", "template_score": 0.006850842386484146, "rms_molwt": -754.2320291240001, "num_rings": -6, "plausibility": 1, "tforms": ["f0188a61a7d798559e3dd775fb7ce3ce"], "rank": 14, "score": -189474.38977618143}, {"smiles": "COc1cc(-c2cc(=O)c3c(O)c([C@@H]4O[C@@H](C)[C@@H](O)[C@H](O)[C@@H]4O[C@H]4O[C@@H](C)[C@@H](O)[C@@H](O)[C@H]4O)c(O)cc3o2)ccc1O[C@@H]1O[C@H](CO)[C@@H](O)[C@H](O)[C@H]1O", "smiles_split": ["COc1cc(-c2cc(=O)c3c(O)c([C@@H]4O[C@@H](C)[C@@H](O)[C@H](O)[C@@H]4O[C@H]4O[C@@H](C)[C@@H](O)[C@@H](O)[C@H]4O)c(O)cc3o2)ccc1O[C@@H]1O[C@H](CO)[C@@H](O)[C@H](O)[C@H]1O"], "mapped_smiles": "[CH3:1][O:2][c:3]1[cH:4][c:5](-[c:6]2[cH:7][c:8](=[O:9])[c:10]3[c:11]([OH:12])[c:13]([C@@H:14]4[O:15][C@@H:16]([CH3:17])[C@@H:18]([OH:19])[C@H:20]([OH:21])[C@@H:22]4[O:23][C@H:24]4[O:25][C@@H:26]([CH3:27])[C@@H:28]([OH:29])[C@@H:30]([OH:31])[C@H:32]4[OH:33])[c:34]([OH:35])[cH:36][c:37]3[o:38]2)[cH:39][cH:40][c:41]1[O:42][C@@H:904]1[O:903][C@H:902]([CH2:901][OH:900])[C@@H:909]([OH:910])[C@H:907]([OH:908])[C@H:905]1[OH:906]", "reacting_atoms": [42], "template_id": "f0188a61a7d798559e3dd775fb7ce3ce", "template_set": ["bkms"], "num_examples": 38, "necessary_reagent": "", "template_score": 0.006850842386484146, "rms_molwt": -754.2320291240001, "num_rings": -6, "plausibility": 1, "tforms": ["f0188a61a7d798559e3dd775fb7ce3ce"], "rank": 15, "score": -189474.38977618143}]}