{"smiles": "CC(=O)Oc1ccc(C2(c3ccc(OC(C)=O)cc3)Oc3ccccc3NC2=O)cc1", "sfscore": [0.580971896648407, 0.419154554605484], "chem_result": [{"smiles": "CC(=O)Oc1ccc(C2(c3ccc(OC(C)=O)cc3)Oc3ccccc3NC2=O)cc1", "bw_confidence": 0.1191053574970675, "confidence": 0.7439775723490237, "rclass": "2 2.6 2.6.8", "children": [{"smiles": "CC(=O)OC(C)=O"}, {"smiles": "CC(=O)Oc1ccc(C2(c3ccc(O)cc3)Oc3ccccc3NC2=O)cc1"}, {"smiles": "c1ccncc1"}]}, {"smiles": "CC(=O)Oc1ccc(C2(c3ccc(OC(C)=O)cc3)Oc3ccccc3NC2=O)cc1", "bw_confidence": 0.10088662519161573, "confidence": 0.8221858369044882, "rclass": "0 0 0", "children": [{"smiles": "CC(=O)OC(C)=O"}, {"smiles": "O=C1Nc2ccccc2OC1(c1ccc(O)cc1)c1ccc(O)cc1"}, {"smiles": "c1ccncc1"}]}, {"smiles": "CC(=O)Oc1ccc(C2(c3ccc(OC(C)=O)cc3)Oc3ccccc3NC2=O)cc1", "bw_confidence": 0.04812689602621798, "confidence": 0.7210344523931104, "rclass": "0 0 0", "children": [{"smiles": "CC(=O)Oc1ccc(C(O)(C(=O)O)c2ccc(OC(C)=O)cc2)cc1"}, {"smiles": "Nc1ccccc1O"}]}, {"smiles": "CC(=O)Oc1ccc(C2(c3ccc(OC(C)=O)cc3)Oc3ccccc3NC2=O)cc1", "bw_confidence": 0.0431920879426496, "confidence": 0.9698314262387785, "rclass": "6 6.1 6.1.11", "children": [{"smiles": "COc1ccc(CN2C(=O)C(c3ccc(OC(C)=O)cc3)(c3ccc(OC(C)=O)cc3)Oc3ccccc32)cc1"}, {"smiles": "O=C(O)C(F)(F)F"}]}, {"smiles": "CC(=O)Oc1ccc(C2(c3ccc(OC(C)=O)cc3)Oc3ccccc3NC2=O)cc1", "bw_confidence": 0.03224544824008573, "confidence": 0.1721019524432739, "rclass": "0 0 0", "children": [{"smiles": "CC(=O)Oc1ccc(C(=O)C(=O)Nc2ccccc2O)cc1"}, {"smiles": "CC(=O)Oc1ccc(C(=O)C(=O)Nc2ccccc2O)cc1"}]}, {"smiles": "CC(=O)Oc1ccc(C2(c3ccc(OC(C)=O)cc3)Oc3ccccc3NC2=O)cc1", "bw_confidence": 0.027576975944923098, "confidence": 0.7744899747740807, "rclass": "8 8.8 8.8.11", "children": [{"smiles": "CC(=O)Oc1ccc(C2(c3ccc(OC(C)=O)cc3)Oc3ccccc3NC2=O)cc1"}, {"smiles": "ClCCl"}, {"smiles": "O=[Mn]=O"}]}, {"smiles": "CC(=O)Oc1ccc(C2(c3ccc(OC(C)=O)cc3)Oc3ccccc3NC2=O)cc1", "bw_confidence": 0.024879709238027452, "confidence": 0.7945957114925487, "rclass": "3 3.1 3.1.5", "children": [{"smiles": "CC(=O)Oc1ccc(B(O)O)cc1"}, {"smiles": "CC(=O)Oc1ccc(C2(Br)Oc3ccccc3NC2=O)cc1"}]}, {"smiles": "CC(=O)Oc1ccc(C2(c3ccc(OC(C)=O)cc3)Oc3ccccc3NC2=O)cc1", "bw_confidence": 0.023265173433232113, "confidence": 0.5343185376602246, "rclass": "0 0 0", "children": [{"smiles": "CC(=O)O"}, {"smiles": "CC(=O)Oc1ccc(C2(c3ccc(OC(C)=O)cc3)Oc3ccccc3NC2=O)cc1"}, {"smiles": "[Pd]"}]}, {"smiles": "CC(=O)Oc1ccc(C2(c3ccc(OC(C)=O)cc3)Oc3ccccc3NC2=O)cc1", "bw_confidence": 0.012425170237831589, "confidence": 0.7845960225027373, "rclass": "9 9.7 9.7.139", "children": [{"smiles": "CC(=O)Oc1ccc(C2(c3ccc(OC(C)=O)cc3)Oc3ccc(Br)cc3NC2=O)cc1"}, {"smiles": "CCO"}, {"smiles": "[Pd]"}]}, {"smiles": "CC(=O)Oc1ccc(C2(c3ccc(OC(C)=O)cc3)Oc3ccccc3NC2=O)cc1", "bw_confidence": 0.0028495253122404344, "confidence": 0.4823500962719521, "rclass": "2 2.6 2.6.8", "children": [{"smiles": "CC(=O)OC(C)=O"}, {"smiles": "CC(=O)Oc1ccc(C2(c3ccc(O)cc3)Oc3ccccc3NC2=O)cc1~CC(=O)Oc1ccc(C2(c3ccc(O)cc3)Oc3ccccc3NC2=O)cc1"}, {"smiles": "c1ccncc1"}]}], "chem_bw_confidence_list": [0.1191053574970675, 0.10088662519161573, 0.04812689602621798, 0.0431920879426496, 0.03224544824008573, 0.027576975944923098, 0.024879709238027452, 0.023265173433232113, 0.012425170237831589, 0.0028495253122404344], "enzy_template_score_list": [0.3011721670627594, 0.061831794679164886, 0.02124294824898243, 0.015070588327944279, 0.015070588327944279, 0.015070588327944279, 0.015070588327944279, 0.015070588327944279, 0.015070588327944279, 0.0065074581652879715, 0.004443227779120207, 0.002885280642658472, 0.002885280642658472, 0.002885280642658472, 0.002885280642658472], "enzy_result": [{"smiles": "CC(=O)Oc1ccc(C2(c3ccc(C(C)=O)cc3)Oc3ccccc3NC2=O)cc1", "smiles_split": ["CC(=O)Oc1ccc(C2(c3ccc(C(C)=O)cc3)Oc3ccccc3NC2=O)cc1"], "mapped_smiles": "[CH3:1][C:2](=[O:3])[O:4][c:5]1[cH:6][cH:7][c:8]([C:9]2([c:10]3[cH:11][cH:12][c:13]([C:15]([CH3:16])=[O:17])[cH:18][cH:19]3)[O:20][c:21]3[cH:22][cH:23][cH:24][cH:25][c:26]3[NH:27][C:28]2=[O:29])[cH:30][cH:31]1", "reacting_atoms": [15, 13], "template_id": "5de67a6e947a4630dd48079c7754854d", "template_set": ["bkms", "bkms"], "num_examples": 2, "necessary_reagent": "[O]", "template_score": 0.3011721670627594, "rms_molwt": -401.12632270800003, "num_rings": -4, "plausibility": 1, "tforms": ["b9e0ab2de7f1c88036677d7c3e749219", "5de67a6e947a4630dd48079c7754854d"], "rank": 1, "score": -1131.6247371543418}, {"smiles": "CC(=O)O.CC(=O)Oc1ccc(C2(c3ccc(O)cc3)Oc3ccccc3NC2=O)cc1", "smiles_split": ["CC(=O)O", "CC(=O)Oc1ccc(C2(c3ccc(O)cc3)Oc3ccccc3NC2=O)cc1"], "mapped_smiles": "[CH3:1][C:2](=[O:3])[O:4][c:5]1[cH:6][cH:7][c:8]([C:9]2([c:10]3[cH:11][cH:12][c:13]([OH:900])[cH:18][cH:19]3)[O:20][c:21]3[cH:22][cH:23][cH:24][cH:25][c:26]3[NH:27][C:28]2=[O:29])[cH:30][cH:31]1.[OH:14][C:15]([CH3:16])=[O:17]", "reacting_atoms": [13, 14], "template_id": "ebfa19ef7ff1c7ef163614dfa77a133f", "template_set": ["bkms"], "num_examples": 1, "necessary_reagent": "", "template_score": 0.061831794679164886, "rms_molwt": -268.61734186575177, "num_rings": -4, "plausibility": 1, "tforms": ["ebfa19ef7ff1c7ef163614dfa77a133f"], "rank": 2, "score": -4973.4847309932}, {"smiles": "CC(=O)Oc1ccc(C(O)(C(=O)Nc2ccccc2O)c2ccc(OC(C)=O)cc2)cc1", "smiles_split": ["CC(=O)Oc1ccc(C(O)(C(=O)Nc2ccccc2O)c2ccc(OC(C)=O)cc2)cc1"], "mapped_smiles": "[CH3:1][C:2](=[O:3])[O:4][c:5]1[cH:6][cH:7][c:8]([C:9]([c:10]2[cH:11][cH:12][c:13]([O:14][C:15]([CH3:16])=[O:17])[cH:18][cH:19]2)([OH:20])[C:28]([NH:27][c:26]2[c:21]([OH:900])[cH:22][cH:23][cH:24][cH:25]2)=[O:29])[cH:30][cH:31]1", "reacting_atoms": [21, 20], "template_id": "6d4b6e314c690e0288f7d13a4051c912", "template_set": ["bkms"], "num_examples": 1, "necessary_reagent": "", "template_score": 0.02124294824898243, "rms_molwt": -435.131802012, "num_rings": -3, "plausibility": 1, "tforms": ["6d4b6e314c690e0288f7d13a4051c912"], "rank": 3, "score": -17042.769568713447}, {"smiles": "CC(=O)Oc1ccc(C2(c3ccc(OC(C)=O)cc3)Oc3cccc(O)c3NC2=O)cc1", "smiles_split": ["CC(=O)Oc1ccc(C2(c3ccc(OC(C)=O)cc3)Oc3cccc(O)c3NC2=O)cc1"], "mapped_smiles": "[CH3:1][C:2](=[O:3])[O:4][c:5]1[cH:6][cH:7][c:8]([C:9]2([c:10]3[cH:11][cH:12][c:13]([O:14][C:15]([CH3:16])=[O:17])[cH:18][cH:19]3)[O:20][c:21]3[cH:22][cH:23][cH:24][c:25]([OH:900])[c:26]3[NH:27][C:28]2=[O:29])[cH:30][cH:31]1", "reacting_atoms": [25], "template_id": "f53e9cbdf728108a37f743b6e04eb4f2", "template_set": ["bkms"], "num_examples": 56, "necessary_reagent": "", "template_score": 0.015070588327944279, "rms_molwt": -433.116151948, "num_rings": -4, "plausibility": 1, "tforms": ["f53e9cbdf728108a37f743b6e04eb4f2"], "rank": 4, "score": -24764.7274103413}, {"smiles": "CC(=O)Oc1ccc(C2(c3ccc(OC(C)=O)c(O)c3)Oc3ccccc3NC2=O)cc1", "smiles_split": ["CC(=O)Oc1ccc(C2(c3ccc(OC(C)=O)c(O)c3)Oc3ccccc3NC2=O)cc1"], "mapped_smiles": "[CH3:1][C:2](=[O:3])[O:4][c:5]1[cH:6][cH:7][c:8]([C:9]2([c:10]3[cH:11][cH:12][c:13]([O:14][C:15]([CH3:16])=[O:17])[cH:18][cH:19]3)[O:20][c:21]3[cH:22][cH:23][cH:24][cH:25][c:26]3[NH:27][C:28]2=[O:29])[cH:30][c:31]1[OH:900]", "reacting_atoms": [31], "template_id": "f53e9cbdf728108a37f743b6e04eb4f2", "template_set": ["bkms"], "num_examples": 56, "necessary_reagent": "", "template_score": 0.015070588327944279, "rms_molwt": -433.11615194800004, "num_rings": -4, "plausibility": 1, "tforms": ["f53e9cbdf728108a37f743b6e04eb4f2"], "rank": 5, "score": -24764.7274103413}, {"smiles": "CC(=O)Oc1ccc(C2(c3ccc(OC(C)=O)cc3)Oc3c(O)cccc3NC2=O)cc1", "smiles_split": ["CC(=O)Oc1ccc(C2(c3ccc(OC(C)=O)cc3)Oc3c(O)cccc3NC2=O)cc1"], "mapped_smiles": "[CH3:1][C:2](=[O:3])[O:4][c:5]1[cH:6][cH:7][c:8]([C:9]2([c:10]3[cH:11][cH:12][c:13]([O:14][C:15]([CH3:16])=[O:17])[cH:18][cH:19]3)[O:20][c:21]3[c:22]([OH:900])[cH:23][cH:24][cH:25][c:26]3[NH:27][C:28]2=[O:29])[cH:30][cH:31]1", "reacting_atoms": [22], "template_id": "f53e9cbdf728108a37f743b6e04eb4f2", "template_set": ["bkms"], "num_examples": 56, "necessary_reagent": "", "template_score": 0.015070588327944279, "rms_molwt": -433.116151948, "num_rings": -4, "plausibility": 1, "tforms": ["f53e9cbdf728108a37f743b6e04eb4f2"], "rank": 6, "score": -24764.7274103413}, {"smiles": "CC(=O)Oc1ccc(C2(c3ccc(OC(C)=O)cc3)Oc3cc(O)ccc3NC2=O)cc1", "smiles_split": ["CC(=O)Oc1ccc(C2(c3ccc(OC(C)=O)cc3)Oc3cc(O)ccc3NC2=O)cc1"], "mapped_smiles": "[CH3:1][C:2](=[O:3])[O:4][c:5]1[cH:6][cH:7][c:8]([C:9]2([c:10]3[cH:11][cH:12][c:13]([O:14][C:15]([CH3:16])=[O:17])[cH:18][cH:19]3)[O:20][c:21]3[cH:22][c:23]([OH:900])[cH:24][cH:25][c:26]3[NH:27][C:28]2=[O:29])[cH:30][cH:31]1", "reacting_atoms": [23], "template_id": "f53e9cbdf728108a37f743b6e04eb4f2", "template_set": ["bkms"], "num_examples": 56, "necessary_reagent": "", "template_score": 0.015070588327944279, "rms_molwt": -433.116151948, "num_rings": -4, "plausibility": 1, "tforms": ["f53e9cbdf728108a37f743b6e04eb4f2"], "rank": 7, "score": -24764.7274103413}, {"smiles": "CC(=O)Oc1ccc(C2(c3ccc(OC(C)=O)cc3)Oc3ccc(O)cc3NC2=O)cc1", "smiles_split": ["CC(=O)Oc1ccc(C2(c3ccc(OC(C)=O)cc3)Oc3ccc(O)cc3NC2=O)cc1"], "mapped_smiles": "[CH3:1][C:2](=[O:3])[O:4][c:5]1[cH:6][cH:7][c:8]([C:9]2([c:10]3[cH:11][cH:12][c:13]([O:14][C:15]([CH3:16])=[O:17])[cH:18][cH:19]3)[O:20][c:21]3[cH:22][cH:23][c:24]([OH:900])[cH:25][c:26]3[NH:27][C:28]2=[O:29])[cH:30][cH:31]1", "reacting_atoms": [24], "template_id": "f53e9cbdf728108a37f743b6e04eb4f2", "template_set": ["bkms"], "num_examples": 56, "necessary_reagent": "", "template_score": 0.015070588327944279, "rms_molwt": -433.116151948, "num_rings": -4, "plausibility": 1, "tforms": ["f53e9cbdf728108a37f743b6e04eb4f2"], "rank": 8, "score": -24764.7274103413}, {"smiles": "CC(=O)Oc1ccc(C2(c3ccc(OC(C)=O)cc3O)Oc3ccccc3NC2=O)cc1", "smiles_split": ["CC(=O)Oc1ccc(C2(c3ccc(OC(C)=O)cc3O)Oc3ccccc3NC2=O)cc1"], "mapped_smiles": "[CH3:1][C:2](=[O:3])[O:4][c:5]1[cH:6][cH:7][c:8]([C:9]2([c:10]3[cH:11][cH:12][c:13]([O:14][C:15]([CH3:16])=[O:17])[cH:18][cH:19]3)[O:20][c:21]3[cH:22][cH:23][cH:24][cH:25][c:26]3[NH:27][C:28]2=[O:29])[c:30]([OH:900])[cH:31]1", "reacting_atoms": [30], "template_id": "f53e9cbdf728108a37f743b6e04eb4f2", "template_set": ["bkms"], "num_examples": 56, "necessary_reagent": "", "template_score": 0.015070588327944279, "rms_molwt": -433.116151948, "num_rings": -4, "plausibility": 1, "tforms": ["f53e9cbdf728108a37f743b6e04eb4f2"], "rank": 9, "score": -24764.7274103413}, {"smiles": "CC(=O)Oc1ccc(C(Oc2ccccc2N)(C(=O)O)c2ccc(OC(C)=O)cc2)cc1", "smiles_split": ["CC(=O)Oc1ccc(C(Oc2ccccc2N)(C(=O)O)c2ccc(OC(C)=O)cc2)cc1"], "mapped_smiles": "[CH3:1][C:2](=[O:3])[O:4][c:5]1[cH:6][cH:7][c:8]([C:9]([c:10]2[cH:11][cH:12][c:13]([O:14][C:15]([CH3:16])=[O:17])[cH:18][cH:19]2)([O:20][c:21]2[cH:22][cH:23][cH:24][cH:25][c:26]2[NH2:27])[C:28](=[O:29])[OH:900])[cH:30][cH:31]1", "reacting_atoms": [28, 27], "template_id": "ece6774c6d680798bf4f657e901ec47d", "template_set": ["bkms"], "num_examples": 3, "necessary_reagent": "", "template_score": 0.0065074581652879715, "rms_molwt": -435.131802012, "num_rings": -3, "plausibility": 1, "tforms": ["ece6774c6d680798bf4f657e901ec47d"], "rank": 10, "score": -55634.42173146744}, {"smiles": "CC(=O)Oc1ccc(C2(c3ccc(OC(C)=O)cc3)Oc3ccccc3N(C)C2=O)cc1", "smiles_split": ["CC(=O)Oc1ccc(C2(c3ccc(OC(C)=O)cc3)Oc3ccccc3N(C)C2=O)cc1"], "mapped_smiles": "[CH3:1][C:2](=[O:3])[O:4][c:5]1[cH:6][cH:7][c:8]([C:9]2([c:10]3[cH:11][cH:12][c:13]([O:14][C:15]([CH3:16])=[O:17])[cH:18][cH:19]3)[O:20][c:21]3[cH:22][cH:23][cH:24][cH:25][c:26]3[N:27]([CH3:900])[C:28]2=[O:29])[cH:30][cH:31]1", "reacting_atoms": [27], "template_id": "ee691762334cf0c1de07eafe5200fcf4", "template_set": ["bkms", "bkms"], "num_examples": 4, "necessary_reagent": "", "template_score": 0.004443227779120207, "rms_molwt": -431.136887392, "num_rings": -4, "plausibility": 1, "tforms": ["ee691762334cf0c1de07eafe5200fcf4", "5007b5b79cb59b90f431005bd03c09b8"], "rank": 11, "score": -83997.27189518778}, {"smiles": "CC(=O)Oc1ccc(C2(c3ccc(OC(C)=O)cc3)Oc3cccc(Cl)c3NC2=O)cc1", "smiles_split": ["CC(=O)Oc1ccc(C2(c3ccc(OC(C)=O)cc3)Oc3cccc(Cl)c3NC2=O)cc1"], "mapped_smiles": "[CH3:1][C:2](=[O:3])[O:4][c:5]1[cH:6][cH:7][c:8]([C:9]2([c:10]3[cH:11][cH:12][c:13]([O:14][C:15]([CH3:16])=[O:17])[cH:18][cH:19]3)[O:20][c:21]3[cH:22][cH:23][cH:24][c:25]([Cl:900])[c:26]3[NH:27][C:28]2=[O:29])[cH:30][cH:31]1", "reacting_atoms": [25], "template_id": "13444016d1e7c68bbdf8f2aa3af2798d", "template_set": ["bkms"], "num_examples": 9, "necessary_reagent": "", "template_score": 0.002885280642658472, "rms_molwt": -451.082264976, "num_rings": -4, "plausibility": 1, "tforms": ["13444016d1e7c68bbdf8f2aa3af2798d"], "rank": 12, "score": -129352.75908243388}, {"smiles": "CC(=O)Oc1ccc(C2(c3ccc(OC(C)=O)c(Cl)c3)Oc3ccccc3NC2=O)cc1", "smiles_split": ["CC(=O)Oc1ccc(C2(c3ccc(OC(C)=O)c(Cl)c3)Oc3ccccc3NC2=O)cc1"], "mapped_smiles": "[CH3:1][C:2](=[O:3])[O:4][c:5]1[cH:6][cH:7][c:8]([C:9]2([c:10]3[cH:11][cH:12][c:13]([O:14][C:15]([CH3:16])=[O:17])[cH:18][cH:19]3)[O:20][c:21]3[cH:22][cH:23][cH:24][cH:25][c:26]3[NH:27][C:28]2=[O:29])[cH:30][c:31]1[Cl:900]", "reacting_atoms": [31], "template_id": "13444016d1e7c68bbdf8f2aa3af2798d", "template_set": ["bkms"], "num_examples": 9, "necessary_reagent": "", "template_score": 0.002885280642658472, "rms_molwt": -451.082264976, "num_rings": -4, "plausibility": 1, "tforms": ["13444016d1e7c68bbdf8f2aa3af2798d"], "rank": 13, "score": -129352.75908243388}, {"smiles": "CC(=O)Oc1ccc(C2(c3ccc(OC(C)=O)cc3)Oc3cc(Cl)ccc3NC2=O)cc1", "smiles_split": ["CC(=O)Oc1ccc(C2(c3ccc(OC(C)=O)cc3)Oc3cc(Cl)ccc3NC2=O)cc1"], "mapped_smiles": "[CH3:1][C:2](=[O:3])[O:4][c:5]1[cH:6][cH:7][c:8]([C:9]2([c:10]3[cH:11][cH:12][c:13]([O:14][C:15]([CH3:16])=[O:17])[cH:18][cH:19]3)[O:20][c:21]3[cH:22][c:23]([Cl:900])[cH:24][cH:25][c:26]3[NH:27][C:28]2=[O:29])[cH:30][cH:31]1", "reacting_atoms": [23], "template_id": "13444016d1e7c68bbdf8f2aa3af2798d", "template_set": ["bkms"], "num_examples": 9, "necessary_reagent": "", "template_score": 0.002885280642658472, "rms_molwt": -451.082264976, "num_rings": -4, "plausibility": 1, "tforms": ["13444016d1e7c68bbdf8f2aa3af2798d"], "rank": 14, "score": -129352.75908243388}, {"smiles": "CC(=O)Oc1ccc(C2(c3ccc(OC(C)=O)cc3)Oc3c(Cl)cccc3NC2=O)cc1", "smiles_split": ["CC(=O)Oc1ccc(C2(c3ccc(OC(C)=O)cc3)Oc3c(Cl)cccc3NC2=O)cc1"], "mapped_smiles": "[CH3:1][C:2](=[O:3])[O:4][c:5]1[cH:6][cH:7][c:8]([C:9]2([c:10]3[cH:11][cH:12][c:13]([O:14][C:15]([CH3:16])=[O:17])[cH:18][cH:19]3)[O:20][c:21]3[c:22]([Cl:900])[cH:23][cH:24][cH:25][c:26]3[NH:27][C:28]2=[O:29])[cH:30][cH:31]1", "reacting_atoms": [22], "template_id": "13444016d1e7c68bbdf8f2aa3af2798d", "template_set": ["bkms"], "num_examples": 9, "necessary_reagent": "", "template_score": 0.002885280642658472, "rms_molwt": -451.082264976, "num_rings": -4, "plausibility": 1, "tforms": ["13444016d1e7c68bbdf8f2aa3af2798d"], "rank": 15, "score": -129352.75908243388}]}