{"smiles": "CC(=O)O[C@@H]1C[C@H]2C(=O)O[C@H](c3ccoc3)C[C@]2(C)[C@H]2C[C@@H]3C[C@H](C(=O)O3)[C@@H]21", "sfscore": [0.5360233783721924, 0.4745853841304779], "chem_result": [{"smiles": "CC(=O)O[C@@H]1C[C@H]2C(=O)O[C@H](c3ccoc3)C[C@]2(C)[C@H]2C[C@@H]3C[C@H](C(=O)O3)[C@@H]21", "bw_confidence": 0.029892381670503135, "confidence": 0.04815557896120264, "rclass": "7 7.6 7.6.1", "children": [{"smiles": "CC(=O)O[C@@H]1C=C2C(=O)O[C@H](c3ccoc3)C[C@]2(C)[C@H]2C[C@@H]3C[C@H](C(=O)O3)[C@H]12"}, {"smiles": "CCOC(C)=O"}, {"smiles": "[Pd]"}]}, {"smiles": "CC(=O)O[C@@H]1C[C@H]2C(=O)O[C@H](c3ccoc3)C[C@]2(C)[C@H]2C[C@@H]3C[C@H](C(=O)O3)[C@@H]21", "bw_confidence": 0.021589598471793245, "confidence": 0.1598220961913175, "rclass": "8 8.8 8.8.18", "children": [{"smiles": "CC(=O)O[C@@H]1C[C@H]2C(=O)O[C@H](c3ccoc3)C[C@]2(C)[C@H]2C[C@@H]3C[C@H](C(=O)O3)[C@@H]21"}, {"smiles": "N#CC1=C(C#N)C(=O)C(Cl)=C(Cl)C1=O"}]}, {"smiles": "CC(=O)O[C@@H]1C[C@H]2C(=O)O[C@H](c3ccoc3)C[C@]2(C)[C@H]2C[C@@H]3C[C@H](C(=O)O3)[C@@H]21", "bw_confidence": 0.010519085562409148, "confidence": 0.07179044587141245, "rclass": "2 2.6 2.6.8", "children": [{"smiles": "CC(=O)OC(C)=O"}, {"smiles": "C[C@]12C[C@H](c3ccoc3)OC(=O)[C@@H]1C[C@@H](O)[C@H]1[C@@H]2C[C@@H]2C[C@H]1C(=O)O2"}, {"smiles": "c1ccncc1"}]}, {"smiles": "CC(=O)O[C@@H]1C[C@H]2C(=O)O[C@H](c3ccoc3)C[C@]2(C)[C@H]2C[C@@H]3C[C@H](C(=O)O3)[C@@H]21", "bw_confidence": 0.00589476649061487, "confidence": 0.02934882690379829, "rclass": "11 11.5 11.5", "children": [{"smiles": "C1CCOC1"}, {"smiles": "CC(=O)O[C@@H]1C[C@H]2C(=O)O[C@H](c3ccoc3)C[C@]2(C)[C@H]2C[C@@H]3C[C@H](C(=O)O3)[C@@H]21"}, {"smiles": "CCCC[N+](CCCC)(CCCC)CCCC~[F-]"}]}, {"smiles": "CC(=O)O[C@@H]1C[C@H]2C(=O)O[C@H](c3ccoc3)C[C@]2(C)[C@H]2C[C@@H]3C[C@H](C(=O)O3)[C@@H]21", "bw_confidence": 0.00476629198567167, "confidence": 0.45078058475195154, "rclass": "2 2.6 2.6.2", "children": [{"smiles": "CC(=O)O[C@@H]1C[C@H]2C(=O)O[C@H](c3ccoc3)C[C@]2(C)[C@H]2C[C@@H](O)C[C@H](C(=O)O)[C@@H]21"}, {"smiles": "CN(C)C=O"}, {"smiles": "ClCCl"}, {"smiles": "[O+]#CC#[O+]~[Cl-]~[Cl-]"}]}, {"smiles": "CC(=O)O[C@@H]1C[C@H]2C(=O)O[C@H](c3ccoc3)C[C@]2(C)[C@H]2C[C@@H]3C[C@H](C(=O)O3)[C@@H]21", "bw_confidence": 0.00195921224393984, "confidence": 0.452450896224887, "rclass": "2 2.6 2.6.2", "children": [{"smiles": "CC(=O)O[C@@H]1C[C@H]2C(=O)O[C@H](c3ccoc3)C[C@]2(C)[C@H]2C[C@@H](O)C[C@H](C(=O)O)[C@@H]21"}, {"smiles": "Cc1ccc(S(=O)(=O)Cl)cc1"}, {"smiles": "c1ccncc1"}]}, {"smiles": "CC(=O)O[C@@H]1C[C@H]2C(=O)O[C@H](c3ccoc3)C[C@]2(C)[C@H]2C[C@@H]3C[C@H](C(=O)O3)[C@@H]21", "bw_confidence": 0.0014813075337909614, "confidence": 0.016178183769740534, "rclass": "11 11.5 11.5", "children": [{"smiles": "C1CCOC1"}, {"smiles": "CC(=O)O[C@@H]1C[C@H]2C(=O)O[C@H](c3ccoc3)C[C@]2(C)[C@H]2C[C@@H]3C[C@H](C(=O)O3)[C@@H]21"}, {"smiles": "[Li+]~CC(C)[N-]C(C)C"}]}, {"smiles": "CC(=O)O[C@@H]1C[C@H]2C(=O)O[C@H](c3ccoc3)C[C@]2(C)[C@H]2C[C@@H]3C[C@H](C(=O)O3)[C@@H]21", "bw_confidence": 0.000681628264514817, "confidence": 0.2809110475592493, "rclass": "9 9.7 9.7.60", "children": [{"smiles": "CC(=O)O[C@@H]1C[C@H]2C(=O)O[C@H](c3ccoc3)C[C@]2(CO)[C@H]2C[C@@H]3C[C@H](C(=O)O3)[C@@H]21"}, {"smiles": "CCN(CC)CC"}, {"smiles": "CS(=O)(=O)Cl"}, {"smiles": "ClCCl"}]}, {"smiles": "CC(=O)O[C@@H]1C[C@H]2C(=O)O[C@H](c3ccoc3)C[C@]2(C)[C@H]2C[C@@H]3C[C@H](C(=O)O3)[C@@H]21", "bw_confidence": 0.00015581221051857292, "confidence": 0.06253059909576078, "rclass": "11 11.9 11.9", "children": [{"smiles": "CC(=O)O[C@@H]1C[C@H]2C(=O)O[C@H](c3ccoc3)C[C@]2(C)[C@H]2C[C@@H]3C[C@H](C(=O)O3)C21~CC(=O)O[C@@H]1C[C@H]2C(=O)O[C@H](c3ccoc3)C[C@]2(C)[C@H]2C[C@@H]3C[C@H](C(=O)O3)[C@@H]21"}, {"smiles": "CCOC(C)=O"}]}], "chem_bw_confidence_list": [0.029892381670503135, 0.021589598471793245, 0.010519085562409148, 0.00589476649061487, 0.00476629198567167, 0.00195921224393984, 0.0014813075337909614, 0.000681628264514817, 0.00015581221051857292], "enzy_template_score_list": [0.37124502658843994, 0.37124502658843994, 0.37124502658843994, 0.10446320474147797, 0.09880676120519638, 0.09880676120519638, 0.09880676120519638, 0.09840666502714157, 0.09840666502714157, 0.09840666502714157, 0.05406786501407623, 0.05406786501407623, 0.06263862550258636, 0.06263862550258636, 0.06263862550258636], "enzy_result": [{"smiles": "CC(=O)O[C@@H]1C[C@H]2C(=O)O[C@H](c3ccoc3)C[C@]2(C)[C@H]2C[C@@H]3C[C@H](C(O)O3)[C@@H]21", "smiles_split": ["CC(=O)O[C@@H]1C[C@H]2C(=O)O[C@H](c3ccoc3)C[C@]2(C)[C@H]2C[C@@H]3C[C@H](C(O)O3)[C@@H]21"], "mapped_smiles": "[CH3:1][C:2](=[O:3])[O:4][C@@H:5]1[CH2:6][C@H:7]2[C:8](=[O:9])[O:10][C@H:11]([c:12]3[cH:13][cH:14][o:15][cH:16]3)[CH2:17][C@:18]2([CH3:19])[C@H:20]2[CH2:21][C@@H:22]3[CH2:23][C@H:24]([CH:25]([OH:26])[O:27]3)[C@H:28]12", "reacting_atoms": [25, 24, 26], "template_id": "5c19ad9117c39b8de47b69bf60cd49ce", "template_set": ["bkms"], "num_examples": 20, "necessary_reagent": "", "template_score": 0.37124502658843994, "rms_molwt": -390.167853172, "num_rings": -5, "plausibility": 1, "tforms": ["5c19ad9117c39b8de47b69bf60cd49ce"], "rank": 1, "score": -1366.0606619485384}, {"smiles": "CC(O)O[C@@H]1C[C@H]2C(=O)O[C@H](c3ccoc3)C[C@]2(C)[C@H]2C[C@@H]3C[C@H](C(=O)O3)[C@@H]21", "smiles_split": ["CC(O)O[C@@H]1C[C@H]2C(=O)O[C@H](c3ccoc3)C[C@]2(C)[C@H]2C[C@@H]3C[C@H](C(=O)O3)[C@@H]21"], "mapped_smiles": "[CH3:1][CH:2]([OH:3])[O:4][C@@H:5]1[CH2:6][C@H:7]2[C:8](=[O:9])[O:10][C@H:11]([c:12]3[cH:13][cH:14][o:15][cH:16]3)[CH2:17][C@:18]2([CH3:19])[C@H:20]2[CH2:21][C@@H:22]3[CH2:23][C@H:24]([C:25](=[O:26])[O:27]3)[C@H:28]12", "reacting_atoms": [2, 3], "template_id": "5c19ad9117c39b8de47b69bf60cd49ce", "template_set": ["bkms"], "num_examples": 20, "necessary_reagent": "", "template_score": 0.37124502658843994, "rms_molwt": -390.167853172, "num_rings": -5, "plausibility": 1, "tforms": ["5c19ad9117c39b8de47b69bf60cd49ce"], "rank": 2, "score": -1366.0606619485384}, {"smiles": "CC(=O)O[C@@H]1C[C@H]2C(O)O[C@H](c3ccoc3)C[C@]2(C)[C@H]2C[C@@H]3C[C@H](C(=O)O3)[C@@H]21", "smiles_split": ["CC(=O)O[C@@H]1C[C@H]2C(O)O[C@H](c3ccoc3)C[C@]2(C)[C@H]2C[C@@H]3C[C@H](C(=O)O3)[C@@H]21"], "mapped_smiles": "[CH3:1][C:2](=[O:3])[O:4][C@@H:5]1[CH2:6][C@H:7]2[CH:8]([OH:9])[O:10][C@H:11]([c:12]3[cH:13][cH:14][o:15][cH:16]3)[CH2:17][C@:18]2([CH3:19])[C@H:20]2[CH2:21][C@@H:22]3[CH2:23][C@H:24]([C:25](=[O:26])[O:27]3)[C@H:28]12", "reacting_atoms": [8, 9], "template_id": "5c19ad9117c39b8de47b69bf60cd49ce", "template_set": ["bkms"], "num_examples": 20, "necessary_reagent": "", "template_score": 0.37124502658843994, "rms_molwt": -390.167853172, "num_rings": -5, "plausibility": 1, "tforms": ["5c19ad9117c39b8de47b69bf60cd49ce"], "rank": 3, "score": -1366.0606619485384}, {"smiles": "C[C@]12C[C@@H](c3ccoc3)OC(=O)[C@@H]1C[C@@H](O)[C@H]1[C@@H]3C[C@@H](C[C@@H]12)OC3=O", "smiles_split": ["C[C@]12C[C@@H](c3ccoc3)OC(=O)[C@@H]1C[C@@H](O)[C@H]1[C@@H]3C[C@@H](C[C@@H]12)OC3=O"], "mapped_smiles": "[OH:4][C@@H:5]1[CH2:6][C@H:7]2[C:8](=[O:9])[O:10][C@H:11]([c:12]3[cH:13][cH:14][o:15][cH:16]3)[CH2:17][C@:18]2([CH3:19])[C@H:20]2[CH2:21][C@@H:22]3[CH2:23][C@H:24]([C:25](=[O:26])[O:27]3)[C@H:28]12", "reacting_atoms": [4], "template_id": "a1db26623af2017f7a6e17aec61588fa", "template_set": ["bkms"], "num_examples": 53, "necessary_reagent": "[C]~[C]~[O]", "template_score": 0.10446320474147797, "rms_molwt": -346.14163842399995, "num_rings": -5, "plausibility": 1, "tforms": ["a1db26623af2017f7a6e17aec61588fa"], "rank": 4, "score": -4497.459953387083}, {"smiles": "CC(=O)O[C@@H]1C[C@H]2C(=O)O[C@H](c3ccoc3)C[C@]2(C)[C@H]2C[C@@H]3C[C@H]([C@@H](O)O3)[C@@H]21", "smiles_split": ["CC(=O)O[C@@H]1C[C@H]2C(=O)O[C@H](c3ccoc3)C[C@]2(C)[C@H]2C[C@@H]3C[C@H]([C@@H](O)O3)[C@@H]21"], "mapped_smiles": "[CH3:1][C:2](=[O:3])[O:4][C@@H:5]1[CH2:6][C@H:7]2[C:8](=[O:9])[O:10][C@H:11]([c:12]3[cH:13][cH:14][o:15][cH:16]3)[CH2:17][C@:18]2([CH3:19])[C@H:20]2[CH2:21][C@@H:22]3[CH2:23][C@H:24]([C@@H:25]([OH:26])[O:27]3)[C@H:28]12", "reacting_atoms": [25, 24, 26], "template_id": "17c8b47189523d337014008abb157345", "template_set": ["bkms"], "num_examples": 1, "necessary_reagent": "", "template_score": 0.09880676120519638, "rms_molwt": -390.167853172, "num_rings": -5, "plausibility": 1, "tforms": ["17c8b47189523d337014008abb157345"], "rank": 5, "score": -5476.783371561901}, {"smiles": "CC(=O)O[C@@H]1C[C@H]2[C@@H](O)O[C@H](c3ccoc3)C[C@]2(C)[C@H]2C[C@@H]3C[C@H](C(=O)O3)[C@@H]21", "smiles_split": ["CC(=O)O[C@@H]1C[C@H]2[C@@H](O)O[C@H](c3ccoc3)C[C@]2(C)[C@H]2C[C@@H]3C[C@H](C(=O)O3)[C@@H]21"], "mapped_smiles": "[CH3:1][C:2](=[O:3])[O:4][C@@H:5]1[CH2:6][C@H:7]2[C@@H:8]([OH:9])[O:10][C@H:11]([c:12]3[cH:13][cH:14][o:15][cH:16]3)[CH2:17][C@:18]2([CH3:19])[C@H:20]2[CH2:21][C@@H:22]3[CH2:23][C@H:24]([C:25](=[O:26])[O:27]3)[C@H:28]12", "reacting_atoms": [8, 9], "template_id": "17c8b47189523d337014008abb157345", "template_set": ["bkms"], "num_examples": 1, "necessary_reagent": "", "template_score": 0.09880676120519638, "rms_molwt": -390.167853172, "num_rings": -5, "plausibility": 1, "tforms": ["17c8b47189523d337014008abb157345"], "rank": 6, "score": -5476.783371561901}, {"smiles": "C[C@@H](O)O[C@@H]1C[C@H]2C(=O)O[C@H](c3ccoc3)C[C@]2(C)[C@H]2C[C@@H]3C[C@H](C(=O)O3)[C@@H]21", "smiles_split": ["C[C@@H](O)O[C@@H]1C[C@H]2C(=O)O[C@H](c3ccoc3)C[C@]2(C)[C@H]2C[C@@H]3C[C@H](C(=O)O3)[C@@H]21"], "mapped_smiles": "[CH3:1][C@@H:2]([OH:3])[O:4][C@@H:5]1[CH2:6][C@H:7]2[C:8](=[O:9])[O:10][C@H:11]([c:12]3[cH:13][cH:14][o:15][cH:16]3)[CH2:17][C@:18]2([CH3:19])[C@H:20]2[CH2:21][C@@H:22]3[CH2:23][C@H:24]([C:25](=[O:26])[O:27]3)[C@H:28]12", "reacting_atoms": [2, 3], "template_id": "17c8b47189523d337014008abb157345", "template_set": ["bkms"], "num_examples": 1, "necessary_reagent": "", "template_score": 0.09880676120519638, "rms_molwt": -390.167853172, "num_rings": -5, "plausibility": 1, "tforms": ["17c8b47189523d337014008abb157345"], "rank": 7, "score": -5476.783371561901}, {"smiles": "CC(=O)O[C@@H]1C[C@H]2C(=O)O[C@H](c3ccoc3)C[C@]2(C)[C@H]2C[C@@H]3C[C@H]([C@H](O)O3)[C@@H]21", "smiles_split": ["CC(=O)O[C@@H]1C[C@H]2C(=O)O[C@H](c3ccoc3)C[C@]2(C)[C@H]2C[C@@H]3C[C@H]([C@H](O)O3)[C@@H]21"], "mapped_smiles": "[CH3:1][C:2](=[O:3])[O:4][C@@H:5]1[CH2:6][C@H:7]2[C:8](=[O:9])[O:10][C@H:11]([c:12]3[cH:13][cH:14][o:15][cH:16]3)[CH2:17][C@:18]2([CH3:19])[C@H:20]2[CH2:21][C@@H:22]3[CH2:23][C@H:24]([C@H:25]([OH:26])[O:27]3)[C@H:28]12", "reacting_atoms": [25, 24, 26], "template_id": "2bae8bbeed265b14104c13619249e91e", "template_set": ["bkms"], "num_examples": 7, "necessary_reagent": "", "template_score": 0.09840666502714157, "rms_molwt": -390.167853172, "num_rings": -5, "plausibility": 1, "tforms": ["2bae8bbeed265b14104c13619249e91e"], "rank": 8, "score": -5499.050563467974}, {"smiles": "C[C@H](O)O[C@@H]1C[C@H]2C(=O)O[C@H](c3ccoc3)C[C@]2(C)[C@H]2C[C@@H]3C[C@H](C(=O)O3)[C@@H]21", "smiles_split": ["C[C@H](O)O[C@@H]1C[C@H]2C(=O)O[C@H](c3ccoc3)C[C@]2(C)[C@H]2C[C@@H]3C[C@H](C(=O)O3)[C@@H]21"], "mapped_smiles": "[CH3:1][C@H:2]([OH:3])[O:4][C@@H:5]1[CH2:6][C@H:7]2[C:8](=[O:9])[O:10][C@H:11]([c:12]3[cH:13][cH:14][o:15][cH:16]3)[CH2:17][C@:18]2([CH3:19])[C@H:20]2[CH2:21][C@@H:22]3[CH2:23][C@H:24]([C:25](=[O:26])[O:27]3)[C@H:28]12", "reacting_atoms": [2, 3], "template_id": "2bae8bbeed265b14104c13619249e91e", "template_set": ["bkms"], "num_examples": 7, "necessary_reagent": "", "template_score": 0.09840666502714157, "rms_molwt": -390.167853172, "num_rings": -5, "plausibility": 1, "tforms": ["2bae8bbeed265b14104c13619249e91e"], "rank": 9, "score": -5499.050563467974}, {"smiles": "CC(=O)O[C@@H]1C[C@H]2[C@H](O)O[C@H](c3ccoc3)C[C@]2(C)[C@H]2C[C@@H]3C[C@H](C(=O)O3)[C@@H]21", "smiles_split": ["CC(=O)O[C@@H]1C[C@H]2[C@H](O)O[C@H](c3ccoc3)C[C@]2(C)[C@H]2C[C@@H]3C[C@H](C(=O)O3)[C@@H]21"], "mapped_smiles": "[CH3:1][C:2](=[O:3])[O:4][C@@H:5]1[CH2:6][C@H:7]2[C@H:8]([OH:9])[O:10][C@H:11]([c:12]3[cH:13][cH:14][o:15][cH:16]3)[CH2:17][C@:18]2([CH3:19])[C@H:20]2[CH2:21][C@@H:22]3[CH2:23][C@H:24]([C:25](=[O:26])[O:27]3)[C@H:28]12", "reacting_atoms": [8, 9], "template_id": "2bae8bbeed265b14104c13619249e91e", "template_set": ["bkms"], "num_examples": 7, "necessary_reagent": "", "template_score": 0.09840666502714157, "rms_molwt": -390.167853172, "num_rings": -5, "plausibility": 1, "tforms": ["2bae8bbeed265b14104c13619249e91e"], "rank": 10, "score": -5499.050563467974}, {"smiles": "CC(=O)O[C@@H]1C[C@@H](C(=O)O)[C@](C)(C[C@H](O)c2ccoc2)[C@H]2C[C@@H]3C[C@H](C(=O)O3)[C@@H]21", "smiles_split": ["CC(=O)O[C@@H]1C[C@@H](C(=O)O)[C@](C)(C[C@H](O)c2ccoc2)[C@H]2C[C@@H]3C[C@H](C(=O)O3)[C@@H]21"], "mapped_smiles": "[CH3:1][C:2](=[O:3])[O:4][C@@H:5]1[CH2:6][C@@H:7]([C:8](=[O:9])[OH:900])[C@@:18]([CH2:17][C@H:11]([OH:10])[c:12]2[cH:13][cH:14][o:15][cH:16]2)([CH3:19])[C@H:20]2[CH2:21][C@@H:22]3[CH2:23][C@H:24]([C:25](=[O:26])[O:27]3)[C@H:28]12", "reacting_atoms": [8, 10], "template_id": "7910a54d7603187350ed6638391c6225", "template_set": ["bkms", "bkms", "bkms"], "num_examples": 7, "necessary_reagent": "", "template_score": 0.05406786501407623, "rms_molwt": -406.16276779199995, "num_rings": -4, "plausibility": 1, "tforms": ["7910a54d7603187350ed6638391c6225", "32a66720769b642b5e0ad1e93148dc69", "7836b01eaa0428afd50350a05f99bdb6"], "rank": 11, "score": -9113.042693665806}, {"smiles": "CC(=O)O[C@@H]1C[C@H]2C(=O)O[C@H](c3ccoc3)C[C@]2(C)[C@H]2C[C@@H](O)C[C@H](C(=O)O)[C@@H]21", "smiles_split": ["CC(=O)O[C@@H]1C[C@H]2C(=O)O[C@H](c3ccoc3)C[C@]2(C)[C@H]2C[C@@H](O)C[C@H](C(=O)O)[C@@H]21"], "mapped_smiles": "[CH3:1][C:2](=[O:3])[O:4][C@@H:5]1[CH2:6][C@H:7]2[C:8](=[O:9])[O:10][C@H:11]([c:12]3[cH:13][cH:14][o:15][cH:16]3)[CH2:17][C@:18]2([CH3:19])[C@H:20]2[CH2:21][C@@H:22]([OH:27])[CH2:23][C@H:24]([C:25](=[O:26])[OH:900])[C@H:28]12", "reacting_atoms": [25, 24, 27], "template_id": "7910a54d7603187350ed6638391c6225", "template_set": ["bkms", "bkms", "bkms", "bkms"], "num_examples": 11, "necessary_reagent": "", "template_score": 0.05406786501407623, "rms_molwt": -406.16276779199995, "num_rings": -4, "plausibility": 1, "tforms": ["1d00154e9ccd13be40f33b35ec95ede6", "898a17abe4f2107c3dd56f1067602e75", "7910a54d7603187350ed6638391c6225", "32a66720769b642b5e0ad1e93148dc69"], "rank": 12, "score": -9327.898534231}, {"smiles": "CC(=O)O[C@@H]1C[C@H]2C(=O)O[C@H](c3ccoc3)C[C@]2(C)[C@H]2C[C@@H]3C[C@@H]([C@@H]21)[C@H](n1ccc(=O)[nH]c1=O)O3", "smiles_split": ["CC(=O)O[C@@H]1C[C@H]2C(=O)O[C@H](c3ccoc3)C[C@]2(C)[C@H]2C[C@@H]3C[C@@H]([C@@H]21)[C@H](n1ccc(=O)[nH]c1=O)O3"], "mapped_smiles": "[CH3:1][C:2](=[O:3])[O:4][C@@H:5]1[CH2:6][C@H:7]2[C:8](=[O:9])[O:10][C@H:11]([c:12]3[cH:13][cH:14][o:15][cH:16]3)[CH2:17][C@:18]2([CH3:19])[C@H:20]2[CH2:21][C@@H:22]3[CH2:23][C@H:24]([C@H:25]([n:905]4[c:903](=[O:904])[nH:902][c:901](=[O:900])[cH:907][cH:906]4)[O:27]3)[C@H:28]12", "reacting_atoms": [25, 24], "template_id": "88ea8e5bf1da9163bb379ce022a6080f", "template_set": ["bkms"], "num_examples": 1, "necessary_reagent": "[O]", "template_score": 0.06263862550258636, "rms_molwt": -484.184565856, "num_rings": -6, "plausibility": 1, "tforms": ["88ea8e5bf1da9163bb379ce022a6080f"], "rank": 13, "score": -10535.74626596806}, {"smiles": "CC(=O)O[C@@H]1C[C@H]2[C@H](n3ccc(=O)[nH]c3=O)O[C@H](c3ccoc3)C[C@]2(C)[C@H]2C[C@@H]3C[C@H](C(=O)O3)[C@@H]21", "smiles_split": ["CC(=O)O[C@@H]1C[C@H]2[C@H](n3ccc(=O)[nH]c3=O)O[C@H](c3ccoc3)C[C@]2(C)[C@H]2C[C@@H]3C[C@H](C(=O)O3)[C@@H]21"], "mapped_smiles": "[CH3:1][C:2](=[O:3])[O:4][C@@H:5]1[CH2:6][C@H:7]2[C@H:8]([n:905]3[c:903](=[O:904])[nH:902][c:901](=[O:900])[cH:907][cH:906]3)[O:10][C@H:11]([c:12]3[cH:13][cH:14][o:15][cH:16]3)[CH2:17][C@:18]2([CH3:19])[C@H:20]2[CH2:21][C@@H:22]3[CH2:23][C@H:24]([C:25](=[O:26])[O:27]3)[C@H:28]12", "reacting_atoms": [8], "template_id": "88ea8e5bf1da9163bb379ce022a6080f", "template_set": ["bkms"], "num_examples": 1, "necessary_reagent": "[O]", "template_score": 0.06263862550258636, "rms_molwt": -484.1845658559999, "num_rings": -6, "plausibility": 1, "tforms": ["88ea8e5bf1da9163bb379ce022a6080f"], "rank": 14, "score": -10535.74626596806}, {"smiles": "C[C@@H](O[C@@H]1C[C@H]2C(=O)O[C@H](c3ccoc3)C[C@]2(C)[C@H]2C[C@@H]3C[C@H](C(=O)O3)[C@@H]21)n1ccc(=O)[nH]c1=O", "smiles_split": ["C[C@@H](O[C@@H]1C[C@H]2C(=O)O[C@H](c3ccoc3)C[C@]2(C)[C@H]2C[C@@H]3C[C@H](C(=O)O3)[C@@H]21)n1ccc(=O)[nH]c1=O"], "mapped_smiles": "[CH3:1][C@@H:2]([O:4][C@@H:5]1[CH2:6][C@H:7]2[C:8](=[O:9])[O:10][C@H:11]([c:12]3[cH:13][cH:14][o:15][cH:16]3)[CH2:17][C@:18]2([CH3:19])[C@H:20]2[CH2:21][C@@H:22]3[CH2:23][C@H:24]([C:25](=[O:26])[O:27]3)[C@H:28]12)[n:905]1[c:903](=[O:904])[nH:902][c:901](=[O:900])[cH:907][cH:906]1", "reacting_atoms": [2], "template_id": "88ea8e5bf1da9163bb379ce022a6080f", "template_set": ["bkms"], "num_examples": 1, "necessary_reagent": "[O]", "template_score": 0.06263862550258636, "rms_molwt": -484.18456585599995, "num_rings": -6, "plausibility": 1, "tforms": ["88ea8e5bf1da9163bb379ce022a6080f"], "rank": 15, "score": -10535.74626596806}]}