{"smiles": "CCCc1cccc(C(C)C)c1O", "sfscore": [0.5326395630836487, 0.47756844758987427], "chem_result": [{"smiles": "CCCc1cccc(C(C)C)c1O", "bw_confidence": 0.15131384973445428, "confidence": 0.9394156070162114, "rclass": "6 6.3 6.3.7", "children": [{"smiles": "BrB(Br)Br"}, {"smiles": "CCCc1cccc(C(C)C)c1OC"}, {"smiles": "ClCCl"}]}, {"smiles": "CCCc1cccc(C(C)C)c1O", "bw_confidence": 0.12425072876595993, "confidence": 0.951393482078621, "rclass": "7 7.6 7.6.1", "children": [{"smiles": "C=CCc1cccc(C(C)C)c1O"}, {"smiles": "CCO"}, {"smiles": "[Pd]"}]}, {"smiles": "CCCc1cccc(C(C)C)c1O", "bw_confidence": 0.02156890570721219, "confidence": 0.9381526651713878, "rclass": "9 9.7 9.7.173", "children": [{"smiles": "CCCc1cccc(C(C)C)c1N"}, {"smiles": "O"}, {"smiles": "O=N[O-]~[Na+]"}, {"smiles": "O=S(=O)(O)O"}]}, {"smiles": "CCCc1cccc(C(C)C)c1O", "bw_confidence": 0.019017740368412646, "confidence": 0.5931127897876065, "rclass": "11 11.9 11.9", "children": [{"smiles": "CCCc1cccc(C(C)C)c1O~Cl"}, {"smiles": "O"}]}, {"smiles": "CCCc1cccc(C(C)C)c1O", "bw_confidence": 0.010587811117173532, "confidence": 0.11045564818769668, "rclass": "8 8.8 8.8.11", "children": [{"smiles": "CCCc1cccc(C(C)C)c1"}, {"smiles": "O=O"}]}, {"smiles": "CCCc1cccc(C(C)C)c1O", "bw_confidence": 0.009523847018059334, "confidence": 0.1088501910838387, "rclass": "0 0 0", "children": [{"smiles": "CCCc1cccc(C(C)C)c1O"}, {"smiles": "CCc1cccc(C(C)C)c1O"}]}, {"smiles": "CCCc1cccc(C(C)C)c1O", "bw_confidence": 0.007188819207565135, "confidence": 0.6877501122478756, "rclass": "3 3.10 3.10.2", "children": [{"smiles": "CC(C)Cl"}, {"smiles": "CCCc1ccccc1O"}, {"smiles": "Cl[Al](Cl)Cl"}]}, {"smiles": "CCCc1cccc(C(C)C)c1O", "bw_confidence": 0.006627338611507705, "confidence": 0.6548469715725099, "rclass": "7 7.6 7.6.1", "children": [{"smiles": "C=CCc1cccc(C(C)C)c1O"}, {"smiles": "ClCCl"}, {"smiles": "O=C(OO)c1cccc(Cl)c1"}]}, {"smiles": "CCCc1cccc(C(C)C)c1O", "bw_confidence": 0.004570082028431993, "confidence": 0.14967933436230657, "rclass": "0 0 0", "children": [{"smiles": "CC(C)c1ccccc1O"}, {"smiles": "CCCc1ccccc1O"}]}, {"smiles": "CCCc1cccc(C(C)C)c1O", "bw_confidence": 0.002620428364548846, "confidence": 0.9391981777951147, "rclass": "6 6.3 6.3.1", "children": [{"smiles": "CCCc1cccc(C(C)C)c1OCc1ccccc1"}, {"smiles": "CCO"}, {"smiles": "[Pd]"}]}, {"smiles": "CCCc1cccc(C(C)C)c1O", "bw_confidence": 0.0021863065035300673, "confidence": 0.06415161738284078, "rclass": "0 0 0", "children": [{"smiles": "CCCc1cccc(C(C)C)c1O"}, {"smiles": "Cc1ccccc1"}]}], "chem_bw_confidence_list": [0.15131384973445428, 0.12425072876595993, 0.02156890570721219, 0.019017740368412646, 0.010587811117173532, 0.009523847018059334, 0.007188819207565135, 0.006627338611507705, 0.004570082028431993, 0.002620428364548846, 0.0021863065035300673], "enzy_template_score_list": [0.3455018699169159, 0.1252528578042984, 0.1252528578042984, 0.11760572344064713, 0.11760572344064713, 0.07579688727855682, 0.07579688727855682, 0.05605534464120865, 0.05605534464120865, 0.03287004306912422, 0.03287004306912422, 0.03165567293763161, 0.03165567293763161, 0.036210693418979645, 0.036210693418979645], "enzy_result": [{"smiles": "CCCc1cccc(C(C)C)c1", "smiles_split": ["CCCc1cccc(C(C)C)c1"], "mapped_smiles": "[CH3:1][CH2:2][CH2:3][c:4]1[cH:5][cH:6][cH:7][c:8]([CH:9]([CH3:10])[CH3:11])[cH:12]1", "reacting_atoms": [12], "template_id": "3c2c4cfbcb3bcb992a014c1db6900c8d", "template_set": ["bkms"], "num_examples": 207, "necessary_reagent": "[O]", "template_score": 0.3455018699169159, "rms_molwt": -162.140850576, "num_rings": -1, "plausibility": 1, "tforms": ["3c2c4cfbcb3bcb992a014c1db6900c8d"], "rank": 1, "score": -243.52527754347378}, {"smiles": "CC(C)c1cccc(CCCN)c1O", "smiles_split": ["CC(C)c1cccc(CCCN)c1O"], "mapped_smiles": "[CH2:1]([CH2:2][CH2:3][c:4]1[cH:5][cH:6][cH:7][c:8]([CH:9]([CH3:10])[CH3:11])[c:12]1[OH:13])[NH2:900]", "reacting_atoms": [1], "template_id": "325744bb86d6b4f432191511d003275d", "template_set": ["bkms"], "num_examples": 5, "necessary_reagent": "", "template_score": 0.1252528578042984, "rms_molwt": -193.146664228, "num_rings": -1, "plausibility": 1, "tforms": ["325744bb86d6b4f432191511d003275d"], "rank": 2, "score": -836.4392530936328}, {"smiles": "CCCc1cccc(C(C)CN)c1O", "smiles_split": ["CCCc1cccc(C(C)CN)c1O"], "mapped_smiles": "[CH3:1][CH2:2][CH2:3][c:4]1[cH:5][cH:6][cH:7][c:8]([CH:9]([CH3:10])[CH2:11][NH2:900])[c:12]1[OH:13]", "reacting_atoms": [11], "template_id": "325744bb86d6b4f432191511d003275d", "template_set": ["bkms"], "num_examples": 5, "necessary_reagent": "", "template_score": 0.1252528578042984, "rms_molwt": -193.146664228, "num_rings": -1, "plausibility": 1, "tforms": ["325744bb86d6b4f432191511d003275d"], "rank": 3, "score": -836.4392530936328}, {"smiles": "CC(C)c1cccc(CCCC=O)c1O", "smiles_split": ["CC(C)c1cccc(CCCC=O)c1O"], "mapped_smiles": "[CH2:1]([CH2:2][CH2:3][c:4]1[cH:5][cH:6][cH:7][c:8]([CH:9]([CH3:10])[CH3:11])[c:12]1[OH:13])[CH:901]=[O:900]", "reacting_atoms": [1], "template_id": "582aecb34a38ba103c302ec59cd0f7e4", "template_set": ["bkms"], "num_examples": 4, "necessary_reagent": "", "template_score": 0.11760572344064713, "rms_molwt": -206.130679816, "num_rings": -1, "plausibility": 1, "tforms": ["582aecb34a38ba103c302ec59cd0f7e4"], "rank": 4, "score": -987.957873026993}, {"smiles": "CCCc1cccc(C(C)CC=O)c1O", "smiles_split": ["CCCc1cccc(C(C)CC=O)c1O"], "mapped_smiles": "[CH3:1][CH2:2][CH2:3][c:4]1[cH:5][cH:6][cH:7][c:8]([CH:9]([CH3:10])[CH2:11][CH:901]=[O:900])[c:12]1[OH:13]", "reacting_atoms": [11], "template_id": "582aecb34a38ba103c302ec59cd0f7e4", "template_set": ["bkms"], "num_examples": 4, "necessary_reagent": "", "template_score": 0.11760572344064713, "rms_molwt": -206.130679816, "num_rings": -1, "plausibility": 1, "tforms": ["582aecb34a38ba103c302ec59cd0f7e4"], "rank": 5, "score": -987.957873026993}, {"smiles": "CCCc1cccc(C(C)CO)c1O", "smiles_split": ["CCCc1cccc(C(C)CO)c1O"], "mapped_smiles": "[CH3:1][CH2:2][CH2:3][c:4]1[cH:5][cH:6][cH:7][c:8]([CH:9]([CH3:10])[CH2:11][OH:900])[c:12]1[OH:13]", "reacting_atoms": [11], "template_id": "c4db9adeb4ad4c2bdb38e6a73be29f53", "template_set": ["bkms"], "num_examples": 14, "necessary_reagent": "", "template_score": 0.07579688727855682, "rms_molwt": -194.130679816, "num_rings": -1, "plausibility": 1, "tforms": ["c4db9adeb4ad4c2bdb38e6a73be29f53"], "rank": 6, "score": -1382.199330226442}, {"smiles": "CC(C)c1cccc(CCCO)c1O", "smiles_split": ["CC(C)c1cccc(CCCO)c1O"], "mapped_smiles": "[CH2:1]([CH2:2][CH2:3][c:4]1[cH:5][cH:6][cH:7][c:8]([CH:9]([CH3:10])[CH3:11])[c:12]1[OH:13])[OH:900]", "reacting_atoms": [1], "template_id": "c4db9adeb4ad4c2bdb38e6a73be29f53", "template_set": ["bkms"], "num_examples": 14, "necessary_reagent": "", "template_score": 0.07579688727855682, "rms_molwt": -194.130679816, "num_rings": -1, "plausibility": 1, "tforms": ["c4db9adeb4ad4c2bdb38e6a73be29f53"], "rank": 7, "score": -1382.199330226442}, {"smiles": "CCCc1cccc(C(C)CC(=O)O)c1O", "smiles_split": ["CCCc1cccc(C(C)CC(=O)O)c1O"], "mapped_smiles": "[CH3:1][CH2:2][CH2:3][c:4]1[cH:5][cH:6][cH:7][c:8]([CH:9]([CH3:10])[CH2:11][C:901]([OH:900])=[O:902])[c:12]1[OH:13]", "reacting_atoms": [11], "template_id": "af50b47a1af702078fb6154af175c8f2", "template_set": ["bkms"], "num_examples": 2, "necessary_reagent": "", "template_score": 0.05605534464120865, "rms_molwt": -222.125594436, "num_rings": -1, "plausibility": 1, "tforms": ["af50b47a1af702078fb6154af175c8f2"], "rank": 8, "score": -2283.4575510914224}, {"smiles": "CC(C)c1cccc(CCCC(=O)O)c1O", "smiles_split": ["CC(C)c1cccc(CCCC(=O)O)c1O"], "mapped_smiles": "[CH2:1]([CH2:2][CH2:3][c:4]1[cH:5][cH:6][cH:7][c:8]([CH:9]([CH3:10])[CH3:11])[c:12]1[OH:13])[C:901]([OH:900])=[O:902]", "reacting_atoms": [1], "template_id": "af50b47a1af702078fb6154af175c8f2", "template_set": ["bkms"], "num_examples": 2, "necessary_reagent": "", "template_score": 0.05605534464120865, "rms_molwt": -222.125594436, "num_rings": -1, "plausibility": 1, "tforms": ["af50b47a1af702078fb6154af175c8f2"], "rank": 9, "score": -2283.4575510914224}, {"smiles": "CC(C)c1cccc(CCCBr)c1O", "smiles_split": ["CC(C)c1cccc(CCCBr)c1O"], "mapped_smiles": "[CH2:1]([CH2:2][CH2:3][c:4]1[cH:5][cH:6][cH:7][c:8]([CH:9]([CH3:10])[CH3:11])[c:12]1[OH:13])[Br:900]", "reacting_atoms": [1], "template_id": "4bd0baa6804111286869f16c179e174e", "template_set": ["bkms"], "num_examples": 1, "necessary_reagent": "", "template_score": 0.03287004306912422, "rms_molwt": -256.046277264, "num_rings": -1, "plausibility": 1, "tforms": ["4bd0baa6804111286869f16c179e174e"], "rank": 10, "score": -3187.2914376580316}, {"smiles": "CCCc1cccc(C(C)CBr)c1O", "smiles_split": ["CCCc1cccc(C(C)CBr)c1O"], "mapped_smiles": "[CH3:1][CH2:2][CH2:3][c:4]1[cH:5][cH:6][cH:7][c:8]([CH:9]([CH3:10])[CH2:11][Br:900])[c:12]1[OH:13]", "reacting_atoms": [11], "template_id": "4bd0baa6804111286869f16c179e174e", "template_set": ["bkms"], "num_examples": 1, "necessary_reagent": "", "template_score": 0.03287004306912422, "rms_molwt": -256.046277264, "num_rings": -1, "plausibility": 1, "tforms": ["4bd0baa6804111286869f16c179e174e"], "rank": 11, "score": -3187.2914376580316}, {"smiles": "CC(C)c1cccc(CCC=O)c1O", "smiles_split": ["CC(C)c1cccc(CCC=O)c1O"], "mapped_smiles": "[CH:1]([CH2:2][CH2:3][c:4]1[cH:5][cH:6][cH:7][c:8]([CH:9]([CH3:10])[CH3:11])[c:12]1[OH:13])=[O:900]", "reacting_atoms": [1], "template_id": "3527c2da2742b9ae8713bab63608038d", "template_set": ["bkms"], "num_examples": 2, "necessary_reagent": "", "template_score": 0.03165567293763161, "rms_molwt": -192.115029752, "num_rings": -1, "plausibility": 1, "tforms": ["3527c2da2742b9ae8713bab63608038d"], "rank": 12, "score": -3309.5618291256174}, {"smiles": "CCCc1cccc(C(C)C=O)c1O", "smiles_split": ["CCCc1cccc(C(C)C=O)c1O"], "mapped_smiles": "[CH3:1][CH2:2][CH2:3][c:4]1[cH:5][cH:6][cH:7][c:8]([CH:9]([CH3:10])[CH:11]=[O:900])[c:12]1[OH:13]", "reacting_atoms": [11], "template_id": "3527c2da2742b9ae8713bab63608038d", "template_set": ["bkms"], "num_examples": 2, "necessary_reagent": "", "template_score": 0.03165567293763161, "rms_molwt": -192.115029752, "num_rings": -1, "plausibility": 1, "tforms": ["3527c2da2742b9ae8713bab63608038d"], "rank": 13, "score": -3309.5618291256174}, {"smiles": "CC(C)c1cccc(CCCP(=O)(O)O)c1O", "smiles_split": ["CC(C)c1cccc(CCCP(=O)(O)O)c1O"], "mapped_smiles": "[CH2:1]([CH2:2][CH2:3][c:4]1[cH:5][cH:6][cH:7][c:8]([CH:9]([CH3:10])[CH3:11])[c:12]1[OH:13])[P:901]([OH:900])([OH:902])=[O:903]", "reacting_atoms": [1], "template_id": "3de39536900bec5a62a3e124ddfc42de", "template_set": ["bkms"], "num_examples": 1, "necessary_reagent": "", "template_score": 0.036210693418979645, "rms_molwt": -258.10209571800004, "num_rings": -1, "plausibility": 1, "tforms": ["3de39536900bec5a62a3e124ddfc42de"], "rank": 14, "score": -3871.3865445482716}, {"smiles": "CCCc1cccc(C(C)CP(=O)(O)O)c1O", "smiles_split": ["CCCc1cccc(C(C)CP(=O)(O)O)c1O"], "mapped_smiles": "[CH3:1][CH2:2][CH2:3][c:4]1[cH:5][cH:6][cH:7][c:8]([CH:9]([CH3:10])[CH2:11][P:901]([OH:900])([OH:902])=[O:903])[c:12]1[OH:13]", "reacting_atoms": [11], "template_id": "3de39536900bec5a62a3e124ddfc42de", "template_set": ["bkms"], "num_examples": 1, "necessary_reagent": "", "template_score": 0.036210693418979645, "rms_molwt": -258.10209571800004, "num_rings": -1, "plausibility": 1, "tforms": ["3de39536900bec5a62a3e124ddfc42de"], "rank": 15, "score": -3871.3865445482716}]}