{"smiles": "CCCCC[C@H](O)CCCC[C@H](O)[C@@H]1CC[C@H]([C@@H]2CC[C@H]([C@@H](O)CCCC[C@@H](O)CCCCCCCC3=C[C@@H](C)OC3=O)O2)O1", "sfscore": [0.5177939534187317, 0.49782031774520874], "chem_result": [{"smiles": "CCCCC[C@H](O)CCCC[C@H](O)[C@@H]1CC[C@H]([C@@H]2CC[C@H]([C@@H](O)CCCC[C@@H](O)CCCCCCCC3=C[C@@H](C)OC3=O)O2)O1", "bw_confidence": 0.022457082092623457, "confidence": 0.4461621809363395, "rclass": "7 7.5 7.5.1", "children": [{"smiles": "CCCCC[C@H](O)CCCC[C@H](O)[C@@H]1CC[C@H]([C@@H]2CC[C@H](C(=O)CCCC[C@@H](O)CCCCCCCC3=C[C@@H](C)OC3=O)O2)O1"}, {"smiles": "CO"}, {"smiles": "[BH4-]~[Na+]"}]}, {"smiles": "CCCCC[C@H](O)CCCC[C@H](O)[C@@H]1CC[C@H]([C@@H]2CC[C@H]([C@@H](O)CCCC[C@@H](O)CCCCCCCC3=C[C@@H](C)OC3=O)O2)O1", "bw_confidence": 0.013428093886567995, "confidence": 0.20931419532581533, "rclass": "6 6.3 6.3.2", "children": [{"smiles": "C1CCOC1"}, {"smiles": "CCCCC[C@@H](CCCC[C@H](O[Si](C)(C)C(C)(C)C)[C@@H]1CC[C@H]([C@@H]2CC[C@H]([C@@H](O)CCCC[C@@H](CCCCCCCC3=C[C@@H](C)OC3=O)O[Si](C)(C)C(C)(C)C)O2)O1)O[Si](C)(C)C(C)(C)C"}, {"smiles": "CCCC[N+](CCCC)(CCCC)CCCC~[F-]"}]}, {"smiles": "CCCCC[C@H](O)CCCC[C@H](O)[C@@H]1CC[C@H]([C@@H]2CC[C@H]([C@@H](O)CCCC[C@@H](O)CCCCCCCC3=C[C@@H](C)OC3=O)O2)O1", "bw_confidence": 0.008273538470774926, "confidence": 0.6879261796539136, "rclass": "0 0 0", "children": [{"smiles": "C1CCOC1"}, {"smiles": "CCCCC[C@H](O)CCCC[C@H](O[Si](c1ccccc1)(c1ccccc1)C(C)(C)C)[C@@H]1CC[C@H]([C@@H]2CC[C@H]([C@@H](O)CCCC[C@@H](O)CCCCCCCC3=C[C@@H](C)OC3=O)O2)O1"}, {"smiles": "CCCC[N+](CCCC)(CCCC)CCCC~[F-]"}]}, {"smiles": "CCCCC[C@H](O)CCCC[C@H](O)[C@@H]1CC[C@H]([C@@H]2CC[C@H]([C@@H](O)CCCC[C@@H](O)CCCCCCCC3=C[C@@H](C)OC3=O)O2)O1", "bw_confidence": 0.0043629762424936425, "confidence": 0.5312858963954759, "rclass": "9 9.7 9.7.326", "children": [{"smiles": "C1CCOC1"}, {"smiles": "CCCCC[C@H](O)CCCC[C@H](OC=O)[C@@H]1CC[C@H]([C@@H]2CC[C@H]([C@@H](O)CCCC[C@@H](O)CCCCCCCC3=C[C@@H](C)OC3=O)O2)O1"}, {"smiles": "CO"}, {"smiles": "[OH-]~[Na+]"}]}, {"smiles": "CCCCC[C@H](O)CCCC[C@H](O)[C@@H]1CC[C@H]([C@@H]2CC[C@H]([C@@H](O)CCCC[C@@H](O)CCCCCCCC3=C[C@@H](C)OC3=O)O2)O1", "bw_confidence": 0.0028613492438825504, "confidence": 0.5492045332342907, "rclass": "11 11.9 11.9", "children": [{"smiles": "CCCCC[C@H](O)CCCC[C@H](O)[C@@H]1CC[C@H]([C@@H]2CC[C@H]([C@@H](O)CCCC[C@@H](O)CCCCCCCC3=C[C@@H](C)OC3=O)O2)O1~Cl"}, {"smiles": "O"}]}, {"smiles": "CCCCC[C@H](O)CCCC[C@H](O)[C@@H]1CC[C@H]([C@@H]2CC[C@H]([C@@H](O)CCCC[C@@H](O)CCCCCCCC3=C[C@@H](C)OC3=O)O2)O1", "bw_confidence": 0.002393350809569205, "confidence": 0.43955341509403295, "rclass": "6 6.3 6.3.2", "children": [{"smiles": "C1CCOC1"}, {"smiles": "CCCCC[C@H](O)CCCC[C@H](O)[C@@H]1CC[C@H]([C@@H]2CC[C@H]([C@H](CCCC[C@@H](CCCCCCCC3=C[C@@H](C)OC3=O)O[Si](C)(C)C(C)(C)C)O[Si](C)(C)C(C)(C)C)O2)O1"}, {"smiles": "CCCC[N+](CCCC)(CCCC)CCCC~[F-]"}]}, {"smiles": "CCCCC[C@H](O)CCCC[C@H](O)[C@@H]1CC[C@H]([C@@H]2CC[C@H]([C@@H](O)CCCC[C@@H](O)CCCCCCCC3=C[C@@H](C)OC3=O)O2)O1", "bw_confidence": 0.0022871601596528967, "confidence": 0.20467374749654824, "rclass": "0 0 0", "children": [{"smiles": "CCCCC[C@H](O)CCCC[C@H](O)[C@@H]1CC[C@H]([C@@H]2CC[C@H](C=O)O2)O1"}, {"smiles": "C[C@@H]1C=C(CCCCCCC[C@H](O)CCCCCCCBr)C(=O)O1"}]}, {"smiles": "CCCCC[C@H](O)CCCC[C@H](O)[C@@H]1CC[C@H]([C@@H]2CC[C@H]([C@@H](O)CCCC[C@@H](O)CCCCCCCC3=C[C@@H](C)OC3=O)O2)O1", "bw_confidence": 0.0022861766473141892, "confidence": 0.6415625205571035, "rclass": "6 6.3 6.3.2", "children": [{"smiles": "C1CCOC1"}, {"smiles": "CCCCC[C@H](O)CCCC[C@H](O[Si](C)(C)C(C)(C)C)[C@@H]1CC[C@H]([C@@H]2CC[C@H]([C@@H](O)CCCC[C@@H](O)CCCCCCCC3=C[C@@H](C)OC3=O)O2)O1"}, {"smiles": "CCCC[N+](CCCC)(CCCC)CCCC~[F-]"}]}, {"smiles": "CCCCC[C@H](O)CCCC[C@H](O)[C@@H]1CC[C@H]([C@@H]2CC[C@H]([C@@H](O)CCCC[C@@H](O)CCCCCCCC3=C[C@@H](C)OC3=O)O2)O1", "bw_confidence": 0.0016089595838951409, "confidence": 0.06093541592289503, "rclass": "10 10.4 10.4.3", "children": [{"smiles": "C1CCOC1"}, {"smiles": "CCCCC/C=C\\CCCC[C@H](O)[C@@H]1CC[C@H]([C@@H]2CC[C@H]([C@@H](O)CCCC[C@@H](O)CCCCCCCC3=C[C@@H](C)OC3=O)O2)O1"}, {"smiles": "OO"}, {"smiles": "[OH-]~[Na+]"}]}, {"smiles": "CCCCC[C@H](O)CCCC[C@H](O)[C@@H]1CC[C@H]([C@@H]2CC[C@H]([C@@H](O)CCCC[C@@H](O)CCCCCCCC3=C[C@@H](C)OC3=O)O2)O1", "bw_confidence": 0.0015142911078427526, "confidence": 0.1754953760271354, "rclass": "11 11.5 11.5", "children": [{"smiles": "CCCCC[C@H](O)CCCC[C@H](O)[C@@H]1CC[C@H]([C@@H]2CC[C@H]([C@@H](O)CCCC[C@@H](O)CCCCCCCC3=C[C@@H](C)OC3=O)O2)O1"}, {"smiles": "CCOC(C)=O"}]}, {"smiles": "CCCCC[C@H](O)CCCC[C@H](O)[C@@H]1CC[C@H]([C@@H]2CC[C@H]([C@@H](O)CCCC[C@@H](O)CCCCCCCC3=C[C@@H](C)OC3=O)O2)O1", "bw_confidence": 0.00017358518716103775, "confidence": 0.44769183983433003, "rclass": "6 6.3 6.3.2", "children": [{"smiles": "CCCCC[C@@H](CCCC[C@H](O)[C@@H]1CC[C@H]([C@@H]2CC[C@H]([C@@H](O)CCCC[C@@H](O)CCCCCCCC3=C[C@@H](C)OC3=O)O2)O1)O[Si](C)(C)C(C)(C)C"}, {"smiles": "Cl"}]}], "chem_bw_confidence_list": [0.022457082092623457, 0.013428093886567995, 0.008273538470774926, 0.0043629762424936425, 0.0028613492438825504, 0.002393350809569205, 0.0022871601596528967, 0.0022861766473141892, 0.0016089595838951409, 0.0015142911078427526, 0.00017358518716103775], "enzy_template_score_list": [0.3966977596282959, 0.3966977596282959, 0.3966977596282959, 0.3966977596282959, 0.3966977596282959, 0.3966977596282959, 0.3966977596282959, 0.3966977596282959, 0.3966977596282959, 0.3966977596282959, 0.3966977596282959, 0.3966977596282959, 0.3966977596282959, 0.3966977596282959, 0.3966977596282959], "enzy_result": [{"smiles": "CCCCC[C@H](O)CCCC[C@H](O)[C@@H]1CC[C@H]([C@@H]2C=C[C@H]([C@@H](O)CCCC[C@@H](O)CCCCCCCC3=C[C@@H](C)OC3=O)O2)O1", "smiles_split": ["CCCCC[C@H](O)CCCC[C@H](O)[C@@H]1CC[C@H]([C@@H]2C=C[C@H]([C@@H](O)CCCC[C@@H](O)CCCCCCCC3=C[C@@H](C)OC3=O)O2)O1"], "mapped_smiles": "[CH3:1][CH2:2][CH2:3][CH2:4][CH2:5][C@H:6]([OH:7])[CH2:8][CH2:9][CH2:10][CH2:11][C@H:12]([OH:13])[C@@H:14]1[CH2:15][CH2:16][C@H:17]([C@@H:18]2[CH:19]=[CH:20][C@H:21]([C@@H:22]([OH:23])[CH2:24][CH2:25][CH2:26][CH2:27][C@@H:28]([OH:29])[CH2:30][CH2:31][CH2:32][CH2:33][CH2:34][CH2:35][CH2:36][C:37]3=[CH:38][C@@H:39]([CH3:40])[O:41][C:42]3=[O:43])[O:44]2)[O:45]1", "reacting_atoms": [20, 19], "template_id": "a6b14edb1da18d74714adbb4a8d12fca", "template_set": ["bkms", "bkms", "bkms", "bkms"], "num_examples": 7, "necessary_reagent": "", "template_score": 0.3966977596282959, "rms_molwt": -636.460119008, "num_rings": -3, "plausibility": 1, "tforms": ["47da3301404a636ec96c4db14791d759", "a6b14edb1da18d74714adbb4a8d12fca", "8b5c16661ec481a55be458db21412d79", "9ddf4c3521804c0c8b37800139d9e362"], "rank": 1, "score": -2076.7273928896966}, {"smiles": "CCCCC[C@H](O)CCCC[C@H](O)[C@@H]1C=C[C@H]([C@@H]2CC[C@H]([C@@H](O)CCCC[C@@H](O)CCCCCCCC3=C[C@@H](C)OC3=O)O2)O1", "smiles_split": ["CCCCC[C@H](O)CCCC[C@H](O)[C@@H]1C=C[C@H]([C@@H]2CC[C@H]([C@@H](O)CCCC[C@@H](O)CCCCCCCC3=C[C@@H](C)OC3=O)O2)O1"], "mapped_smiles": "[CH3:1][CH2:2][CH2:3][CH2:4][CH2:5][C@H:6]([OH:7])[CH2:8][CH2:9][CH2:10][CH2:11][C@H:12]([OH:13])[C@@H:14]1[CH:15]=[CH:16][C@H:17]([C@@H:18]2[CH2:19][CH2:20][C@H:21]([C@@H:22]([OH:23])[CH2:24][CH2:25][CH2:26][CH2:27][C@@H:28]([OH:29])[CH2:30][CH2:31][CH2:32][CH2:33][CH2:34][CH2:35][CH2:36][C:37]3=[CH:38][C@@H:39]([CH3:40])[O:41][C:42]3=[O:43])[O:44]2)[O:45]1", "reacting_atoms": [16, 15], "template_id": "a6b14edb1da18d74714adbb4a8d12fca", "template_set": ["bkms", "bkms", "bkms", "bkms"], "num_examples": 7, "necessary_reagent": "", "template_score": 0.3966977596282959, "rms_molwt": -636.460119008, "num_rings": -3, "plausibility": 1, "tforms": ["47da3301404a636ec96c4db14791d759", "a6b14edb1da18d74714adbb4a8d12fca", "8b5c16661ec481a55be458db21412d79", "9ddf4c3521804c0c8b37800139d9e362"], "rank": 2, "score": -2076.7273928896966}, {"smiles": "CCCCC[C@H](O)CCCC[C@H](O)[C@@H]1CC[C@H]([C@@H]2CC[C@H]([C@@H](O)/C=C/CC[C@@H](O)CCCCCCCC3=C[C@@H](C)OC3=O)O2)O1", "smiles_split": ["CCCCC[C@H](O)CCCC[C@H](O)[C@@H]1CC[C@H]([C@@H]2CC[C@H]([C@@H](O)/C=C/CC[C@@H](O)CCCCCCCC3=C[C@@H](C)OC3=O)O2)O1"], "mapped_smiles": "[CH3:1][CH2:2][CH2:3][CH2:4][CH2:5][C@H:6]([OH:7])[CH2:8][CH2:9][CH2:10][CH2:11][C@H:12]([OH:13])[C@@H:14]1[CH2:15][CH2:16][C@H:17]([C@@H:18]2[CH2:19][CH2:20][C@H:21]([C@@H:22]([OH:23])/[CH:24]=[CH:25]/[CH2:26][CH2:27][C@@H:28]([OH:29])[CH2:30][CH2:31][CH2:32][CH2:33][CH2:34][CH2:35][CH2:36][C:37]3=[CH:38][C@@H:39]([CH3:40])[O:41][C:42]3=[O:43])[O:44]2)[O:45]1", "reacting_atoms": [25, 24], "template_id": "a6b14edb1da18d74714adbb4a8d12fca", "template_set": ["bkms"], "num_examples": 2, "necessary_reagent": "", "template_score": 0.3966977596282959, "rms_molwt": -636.460119008, "num_rings": -3, "plausibility": 1, "tforms": ["a6b14edb1da18d74714adbb4a8d12fca"], "rank": 3, "score": -2076.7273928896966}, {"smiles": "CC/C=C/C[C@H](O)CCCC[C@H](O)[C@@H]1CC[C@H]([C@@H]2CC[C@H]([C@@H](O)CCCC[C@@H](O)CCCCCCCC3=C[C@@H](C)OC3=O)O2)O1", "smiles_split": ["CC/C=C/C[C@H](O)CCCC[C@H](O)[C@@H]1CC[C@H]([C@@H]2CC[C@H]([C@@H](O)CCCC[C@@H](O)CCCCCCCC3=C[C@@H](C)OC3=O)O2)O1"], "mapped_smiles": "[CH3:1][CH2:2]/[CH:3]=[CH:4]/[CH2:5][C@H:6]([OH:7])[CH2:8][CH2:9][CH2:10][CH2:11][C@H:12]([OH:13])[C@@H:14]1[CH2:15][CH2:16][C@H:17]([C@@H:18]2[CH2:19][CH2:20][C@H:21]([C@@H:22]([OH:23])[CH2:24][CH2:25][CH2:26][CH2:27][C@@H:28]([OH:29])[CH2:30][CH2:31][CH2:32][CH2:33][CH2:34][CH2:35][CH2:36][C:37]3=[CH:38][C@@H:39]([CH3:40])[O:41][C:42]3=[O:43])[O:44]2)[O:45]1", "reacting_atoms": [4, 3], "template_id": "a6b14edb1da18d74714adbb4a8d12fca", "template_set": ["bkms"], "num_examples": 2, "necessary_reagent": "", "template_score": 0.3966977596282959, "rms_molwt": -636.460119008, "num_rings": -3, "plausibility": 1, "tforms": ["a6b14edb1da18d74714adbb4a8d12fca"], "rank": 4, "score": -2076.7273928896966}, {"smiles": "CCCCC[C@H](O)/C=C/CC[C@H](O)[C@@H]1CC[C@H]([C@@H]2CC[C@H]([C@@H](O)CCCC[C@@H](O)CCCCCCCC3=C[C@@H](C)OC3=O)O2)O1", "smiles_split": ["CCCCC[C@H](O)/C=C/CC[C@H](O)[C@@H]1CC[C@H]([C@@H]2CC[C@H]([C@@H](O)CCCC[C@@H](O)CCCCCCCC3=C[C@@H](C)OC3=O)O2)O1"], "mapped_smiles": "[CH3:1][CH2:2][CH2:3][CH2:4][CH2:5][C@H:6]([OH:7])/[CH:8]=[CH:9]/[CH2:10][CH2:11][C@H:12]([OH:13])[C@@H:14]1[CH2:15][CH2:16][C@H:17]([C@@H:18]2[CH2:19][CH2:20][C@H:21]([C@@H:22]([OH:23])[CH2:24][CH2:25][CH2:26][CH2:27][C@@H:28]([OH:29])[CH2:30][CH2:31][CH2:32][CH2:33][CH2:34][CH2:35][CH2:36][C:37]3=[CH:38][C@@H:39]([CH3:40])[O:41][C:42]3=[O:43])[O:44]2)[O:45]1", "reacting_atoms": [9, 8], "template_id": "a6b14edb1da18d74714adbb4a8d12fca", "template_set": ["bkms"], "num_examples": 2, "necessary_reagent": "", "template_score": 0.3966977596282959, "rms_molwt": -636.460119008, "num_rings": -3, "plausibility": 1, "tforms": ["a6b14edb1da18d74714adbb4a8d12fca"], "rank": 5, "score": -2076.7273928896966}, {"smiles": "CCCCC[C@H](O)CC/C=C/[C@H](O)[C@@H]1CC[C@H]([C@@H]2CC[C@H]([C@@H](O)CCCC[C@@H](O)CCCCCCCC3=C[C@@H](C)OC3=O)O2)O1", "smiles_split": ["CCCCC[C@H](O)CC/C=C/[C@H](O)[C@@H]1CC[C@H]([C@@H]2CC[C@H]([C@@H](O)CCCC[C@@H](O)CCCCCCCC3=C[C@@H](C)OC3=O)O2)O1"], "mapped_smiles": "[CH3:1][CH2:2][CH2:3][CH2:4][CH2:5][C@H:6]([OH:7])[CH2:8][CH2:9]/[CH:10]=[CH:11]/[C@H:12]([OH:13])[C@@H:14]1[CH2:15][CH2:16][C@H:17]([C@@H:18]2[CH2:19][CH2:20][C@H:21]([C@@H:22]([OH:23])[CH2:24][CH2:25][CH2:26][CH2:27][C@@H:28]([OH:29])[CH2:30][CH2:31][CH2:32][CH2:33][CH2:34][CH2:35][CH2:36][C:37]3=[CH:38][C@@H:39]([CH3:40])[O:41][C:42]3=[O:43])[O:44]2)[O:45]1", "reacting_atoms": [11, 10], "template_id": "a6b14edb1da18d74714adbb4a8d12fca", "template_set": ["bkms"], "num_examples": 2, "necessary_reagent": "", "template_score": 0.3966977596282959, "rms_molwt": -636.460119008, "num_rings": -3, "plausibility": 1, "tforms": ["a6b14edb1da18d74714adbb4a8d12fca"], "rank": 6, "score": -2076.7273928896966}, {"smiles": "CCCCC[C@H](O)CCCC[C@H](O)[C@@H]1CC[C@H]([C@@H]2CC[C@H]([C@@H](O)CCCC[C@@H](O)/C=C/CCCCCC3=C[C@@H](C)OC3=O)O2)O1", "smiles_split": ["CCCCC[C@H](O)CCCC[C@H](O)[C@@H]1CC[C@H]([C@@H]2CC[C@H]([C@@H](O)CCCC[C@@H](O)/C=C/CCCCCC3=C[C@@H](C)OC3=O)O2)O1"], "mapped_smiles": "[CH3:1][CH2:2][CH2:3][CH2:4][CH2:5][C@H:6]([OH:7])[CH2:8][CH2:9][CH2:10][CH2:11][C@H:12]([OH:13])[C@@H:14]1[CH2:15][CH2:16][C@H:17]([C@@H:18]2[CH2:19][CH2:20][C@H:21]([C@@H:22]([OH:23])[CH2:24][CH2:25][CH2:26][CH2:27][C@@H:28]([OH:29])/[CH:30]=[CH:31]/[CH2:32][CH2:33][CH2:34][CH2:35][CH2:36][C:37]3=[CH:38][C@@H:39]([CH3:40])[O:41][C:42]3=[O:43])[O:44]2)[O:45]1", "reacting_atoms": [31, 30], "template_id": "a6b14edb1da18d74714adbb4a8d12fca", "template_set": ["bkms"], "num_examples": 2, "necessary_reagent": "", "template_score": 0.3966977596282959, "rms_molwt": -636.460119008, "num_rings": -3, "plausibility": 1, "tforms": ["a6b14edb1da18d74714adbb4a8d12fca"], "rank": 7, "score": -2076.7273928896966}, {"smiles": "CCCCC[C@H](O)CCCC[C@H](O)[C@@H]1CC[C@H]([C@@H]2CC[C@H]([C@@H](O)CCCC[C@@H](O)CC/C=C/CCCC3=C[C@@H](C)OC3=O)O2)O1", "smiles_split": ["CCCCC[C@H](O)CCCC[C@H](O)[C@@H]1CC[C@H]([C@@H]2CC[C@H]([C@@H](O)CCCC[C@@H](O)CC/C=C/CCCC3=C[C@@H](C)OC3=O)O2)O1"], "mapped_smiles": "[CH3:1][CH2:2][CH2:3][CH2:4][CH2:5][C@H:6]([OH:7])[CH2:8][CH2:9][CH2:10][CH2:11][C@H:12]([OH:13])[C@@H:14]1[CH2:15][CH2:16][C@H:17]([C@@H:18]2[CH2:19][CH2:20][C@H:21]([C@@H:22]([OH:23])[CH2:24][CH2:25][CH2:26][CH2:27][C@@H:28]([OH:29])[CH2:30][CH2:31]/[CH:32]=[CH:33]/[CH2:34][CH2:35][CH2:36][C:37]3=[CH:38][C@@H:39]([CH3:40])[O:41][C:42]3=[O:43])[O:44]2)[O:45]1", "reacting_atoms": [33, 32], "template_id": "a6b14edb1da18d74714adbb4a8d12fca", "template_set": ["bkms"], "num_examples": 2, "necessary_reagent": "", "template_score": 0.3966977596282959, "rms_molwt": -636.460119008, "num_rings": -3, "plausibility": 1, "tforms": ["a6b14edb1da18d74714adbb4a8d12fca"], "rank": 8, "score": -2076.7273928896966}, {"smiles": "CCC/C=C/[C@H](O)CCCC[C@H](O)[C@@H]1CC[C@H]([C@@H]2CC[C@H]([C@@H](O)CCCC[C@@H](O)CCCCCCCC3=C[C@@H](C)OC3=O)O2)O1", "smiles_split": ["CCC/C=C/[C@H](O)CCCC[C@H](O)[C@@H]1CC[C@H]([C@@H]2CC[C@H]([C@@H](O)CCCC[C@@H](O)CCCCCCCC3=C[C@@H](C)OC3=O)O2)O1"], "mapped_smiles": "[CH3:1][CH2:2][CH2:3]/[CH:4]=[CH:5]/[C@H:6]([OH:7])[CH2:8][CH2:9][CH2:10][CH2:11][C@H:12]([OH:13])[C@@H:14]1[CH2:15][CH2:16][C@H:17]([C@@H:18]2[CH2:19][CH2:20][C@H:21]([C@@H:22]([OH:23])[CH2:24][CH2:25][CH2:26][CH2:27][C@@H:28]([OH:29])[CH2:30][CH2:31][CH2:32][CH2:33][CH2:34][CH2:35][CH2:36][C:37]3=[CH:38][C@@H:39]([CH3:40])[O:41][C:42]3=[O:43])[O:44]2)[O:45]1", "reacting_atoms": [5, 4], "template_id": "a6b14edb1da18d74714adbb4a8d12fca", "template_set": ["bkms"], "num_examples": 2, "necessary_reagent": "", "template_score": 0.3966977596282959, "rms_molwt": -636.460119008, "num_rings": -3, "plausibility": 1, "tforms": ["a6b14edb1da18d74714adbb4a8d12fca"], "rank": 9, "score": -2076.7273928896966}, {"smiles": "CCCCC[C@H](O)C/C=C/C[C@H](O)[C@@H]1CC[C@H]([C@@H]2CC[C@H]([C@@H](O)CCCC[C@@H](O)CCCCCCCC3=C[C@@H](C)OC3=O)O2)O1", "smiles_split": ["CCCCC[C@H](O)C/C=C/C[C@H](O)[C@@H]1CC[C@H]([C@@H]2CC[C@H]([C@@H](O)CCCC[C@@H](O)CCCCCCCC3=C[C@@H](C)OC3=O)O2)O1"], "mapped_smiles": "[CH3:1][CH2:2][CH2:3][CH2:4][CH2:5][C@H:6]([OH:7])[CH2:8]/[CH:9]=[CH:10]/[CH2:11][C@H:12]([OH:13])[C@@H:14]1[CH2:15][CH2:16][C@H:17]([C@@H:18]2[CH2:19][CH2:20][C@H:21]([C@@H:22]([OH:23])[CH2:24][CH2:25][CH2:26][CH2:27][C@@H:28]([OH:29])[CH2:30][CH2:31][CH2:32][CH2:33][CH2:34][CH2:35][CH2:36][C:37]3=[CH:38][C@@H:39]([CH3:40])[O:41][C:42]3=[O:43])[O:44]2)[O:45]1", "reacting_atoms": [10, 9], "template_id": "a6b14edb1da18d74714adbb4a8d12fca", "template_set": ["bkms"], "num_examples": 2, "necessary_reagent": "", "template_score": 0.3966977596282959, "rms_molwt": -636.460119008, "num_rings": -3, "plausibility": 1, "tforms": ["a6b14edb1da18d74714adbb4a8d12fca"], "rank": 10, "score": -2076.7273928896966}, {"smiles": "CCCCC[C@H](O)CCCC[C@H](O)[C@@H]1CC[C@H]([C@@H]2CC[C@H]([C@@H](O)CCCC[C@@H](O)CCCCC/C=C/C3=C[C@@H](C)OC3=O)O2)O1", "smiles_split": ["CCCCC[C@H](O)CCCC[C@H](O)[C@@H]1CC[C@H]([C@@H]2CC[C@H]([C@@H](O)CCCC[C@@H](O)CCCCC/C=C/C3=C[C@@H](C)OC3=O)O2)O1"], "mapped_smiles": "[CH3:1][CH2:2][CH2:3][CH2:4][CH2:5][C@H:6]([OH:7])[CH2:8][CH2:9][CH2:10][CH2:11][C@H:12]([OH:13])[C@@H:14]1[CH2:15][CH2:16][C@H:17]([C@@H:18]2[CH2:19][CH2:20][C@H:21]([C@@H:22]([OH:23])[CH2:24][CH2:25][CH2:26][CH2:27][C@@H:28]([OH:29])[CH2:30][CH2:31][CH2:32][CH2:33][CH2:34]/[CH:35]=[CH:36]/[C:37]3=[CH:38][C@@H:39]([CH3:40])[O:41][C:42]3=[O:43])[O:44]2)[O:45]1", "reacting_atoms": [36, 35], "template_id": "a6b14edb1da18d74714adbb4a8d12fca", "template_set": ["bkms"], "num_examples": 2, "necessary_reagent": "", "template_score": 0.3966977596282959, "rms_molwt": -636.460119008, "num_rings": -3, "plausibility": 1, "tforms": ["a6b14edb1da18d74714adbb4a8d12fca"], "rank": 11, "score": -2076.7273928896966}, {"smiles": "CCCCC[C@H](O)CCCC[C@H](O)[C@@H]1CC[C@H]([C@@H]2CC[C@H]([C@@H](O)CCCC[C@@H](O)CCCC/C=C/CC3=C[C@@H](C)OC3=O)O2)O1", "smiles_split": ["CCCCC[C@H](O)CCCC[C@H](O)[C@@H]1CC[C@H]([C@@H]2CC[C@H]([C@@H](O)CCCC[C@@H](O)CCCC/C=C/CC3=C[C@@H](C)OC3=O)O2)O1"], "mapped_smiles": "[CH3:1][CH2:2][CH2:3][CH2:4][CH2:5][C@H:6]([OH:7])[CH2:8][CH2:9][CH2:10][CH2:11][C@H:12]([OH:13])[C@@H:14]1[CH2:15][CH2:16][C@H:17]([C@@H:18]2[CH2:19][CH2:20][C@H:21]([C@@H:22]([OH:23])[CH2:24][CH2:25][CH2:26][CH2:27][C@@H:28]([OH:29])[CH2:30][CH2:31][CH2:32][CH2:33]/[CH:34]=[CH:35]/[CH2:36][C:37]3=[CH:38][C@@H:39]([CH3:40])[O:41][C:42]3=[O:43])[O:44]2)[O:45]1", "reacting_atoms": [35, 34], "template_id": "a6b14edb1da18d74714adbb4a8d12fca", "template_set": ["bkms"], "num_examples": 2, "necessary_reagent": "", "template_score": 0.3966977596282959, "rms_molwt": -636.460119008, "num_rings": -3, "plausibility": 1, "tforms": ["a6b14edb1da18d74714adbb4a8d12fca"], "rank": 12, "score": -2076.7273928896966}, {"smiles": "CCCCC[C@H](O)CCCC[C@H](O)[C@@H]1CC[C@H]([C@@H]2CC[C@H]([C@@H](O)CCCC[C@@H](O)CCC/C=C/CCC3=C[C@@H](C)OC3=O)O2)O1", "smiles_split": ["CCCCC[C@H](O)CCCC[C@H](O)[C@@H]1CC[C@H]([C@@H]2CC[C@H]([C@@H](O)CCCC[C@@H](O)CCC/C=C/CCC3=C[C@@H](C)OC3=O)O2)O1"], "mapped_smiles": "[CH3:1][CH2:2][CH2:3][CH2:4][CH2:5][C@H:6]([OH:7])[CH2:8][CH2:9][CH2:10][CH2:11][C@H:12]([OH:13])[C@@H:14]1[CH2:15][CH2:16][C@H:17]([C@@H:18]2[CH2:19][CH2:20][C@H:21]([C@@H:22]([OH:23])[CH2:24][CH2:25][CH2:26][CH2:27][C@@H:28]([OH:29])[CH2:30][CH2:31][CH2:32]/[CH:33]=[CH:34]/[CH2:35][CH2:36][C:37]3=[CH:38][C@@H:39]([CH3:40])[O:41][C:42]3=[O:43])[O:44]2)[O:45]1", "reacting_atoms": [34, 33], "template_id": "a6b14edb1da18d74714adbb4a8d12fca", "template_set": ["bkms"], "num_examples": 2, "necessary_reagent": "", "template_score": 0.3966977596282959, "rms_molwt": -636.460119008, "num_rings": -3, "plausibility": 1, "tforms": ["a6b14edb1da18d74714adbb4a8d12fca"], "rank": 13, "score": -2076.7273928896966}, {"smiles": "CCCCC[C@H](O)CCCC[C@H](O)[C@@H]1CC[C@H]([C@@H]2CC[C@H]([C@@H](O)CCCC[C@@H](O)C/C=C/CCCCC3=C[C@@H](C)OC3=O)O2)O1", "smiles_split": ["CCCCC[C@H](O)CCCC[C@H](O)[C@@H]1CC[C@H]([C@@H]2CC[C@H]([C@@H](O)CCCC[C@@H](O)C/C=C/CCCCC3=C[C@@H](C)OC3=O)O2)O1"], "mapped_smiles": "[CH3:1][CH2:2][CH2:3][CH2:4][CH2:5][C@H:6]([OH:7])[CH2:8][CH2:9][CH2:10][CH2:11][C@H:12]([OH:13])[C@@H:14]1[CH2:15][CH2:16][C@H:17]([C@@H:18]2[CH2:19][CH2:20][C@H:21]([C@@H:22]([OH:23])[CH2:24][CH2:25][CH2:26][CH2:27][C@@H:28]([OH:29])[CH2:30]/[CH:31]=[CH:32]/[CH2:33][CH2:34][CH2:35][CH2:36][C:37]3=[CH:38][C@@H:39]([CH3:40])[O:41][C:42]3=[O:43])[O:44]2)[O:45]1", "reacting_atoms": [32, 31], "template_id": "a6b14edb1da18d74714adbb4a8d12fca", "template_set": ["bkms"], "num_examples": 2, "necessary_reagent": "", "template_score": 0.3966977596282959, "rms_molwt": -636.460119008, "num_rings": -3, "plausibility": 1, "tforms": ["a6b14edb1da18d74714adbb4a8d12fca"], "rank": 14, "score": -2076.7273928896966}, {"smiles": "C/C=C/CC[C@H](O)CCCC[C@H](O)[C@@H]1CC[C@H]([C@@H]2CC[C@H]([C@@H](O)CCCC[C@@H](O)CCCCCCCC3=C[C@@H](C)OC3=O)O2)O1", "smiles_split": ["C/C=C/CC[C@H](O)CCCC[C@H](O)[C@@H]1CC[C@H]([C@@H]2CC[C@H]([C@@H](O)CCCC[C@@H](O)CCCCCCCC3=C[C@@H](C)OC3=O)O2)O1"], "mapped_smiles": "[CH3:1]/[CH:2]=[CH:3]/[CH2:4][CH2:5][C@H:6]([OH:7])[CH2:8][CH2:9][CH2:10][CH2:11][C@H:12]([OH:13])[C@@H:14]1[CH2:15][CH2:16][C@H:17]([C@@H:18]2[CH2:19][CH2:20][C@H:21]([C@@H:22]([OH:23])[CH2:24][CH2:25][CH2:26][CH2:27][C@@H:28]([OH:29])[CH2:30][CH2:31][CH2:32][CH2:33][CH2:34][CH2:35][CH2:36][C:37]3=[CH:38][C@@H:39]([CH3:40])[O:41][C:42]3=[O:43])[O:44]2)[O:45]1", "reacting_atoms": [3, 2], "template_id": "a6b14edb1da18d74714adbb4a8d12fca", "template_set": ["bkms"], "num_examples": 2, "necessary_reagent": "", "template_score": 0.3966977596282959, "rms_molwt": -636.460119008, "num_rings": -3, "plausibility": 1, "tforms": ["a6b14edb1da18d74714adbb4a8d12fca"], "rank": 15, "score": -2076.7273928896966}]}