{"smiles": "CCOC(=O)O[C@@]1(C(=O)OCCl)CC[C@@H]2[C@H]3CCC4=CC(=O)C=C[C@]4(C)[C@@H]3[C@H](O)C[C@@]21C", "sfscore": [0.5669587850570679, 0.43642812967300415], "chem_result": [{"smiles": "CCOC(=O)O[C@@]1(C(=O)OCCl)CC[C@@H]2[C@H]3CCC4=CC(=O)C=C[C@]4(C)[C@@H]3[C@H](O)C[C@@]21C", "bw_confidence": 0.10636311099180776, "confidence": 0.3899054907444156, "rclass": "6 6.3 6.3.2", "children": [{"smiles": "C1CCOC1"}, {"smiles": "CCCC[N+](CCCC)(CCCC)CCCC~[F-]"}, {"smiles": "CCOC(=O)O[C@@]1(C(=O)OCCl)CC[C@@H]2[C@H]3CCC4=CC(=O)C=C[C@]4(C)[C@@H]3[C@H](O[Si](C)(C)C(C)(C)C)C[C@@]21C"}]}, {"smiles": "CCOC(=O)O[C@@]1(C(=O)OCCl)CC[C@@H]2[C@H]3CCC4=CC(=O)C=C[C@]4(C)[C@@H]3[C@H](O)C[C@@]21C", "bw_confidence": 0.05672239178727959, "confidence": 0.40312516522490266, "rclass": "7 7.5 7.5.1", "children": [{"smiles": "CCOC(=O)O[C@@]1(C(=O)OCCl)CC[C@@H]2[C@H]3CCC4=CC(=O)C=C[C@]4(C)[C@@H]3C(=O)C[C@@]21C"}, {"smiles": "CO"}, {"smiles": "[BH4-]~[Na+]"}]}, {"smiles": "CCOC(=O)O[C@@]1(C(=O)OCCl)CC[C@@H]2[C@H]3CCC4=CC(=O)C=C[C@]4(C)[C@@H]3[C@H](O)C[C@@]21C", "bw_confidence": 0.04802479101592121, "confidence": 0.5041645679523719, "rclass": "2 2.6 2.6.2", "children": [{"smiles": "CCOC(=O)O[C@@]1(C(=O)O)CC[C@@H]2[C@H]3CCC4=CC(=O)C=C[C@]4(C)[C@@H]3[C@H](O)C[C@@]21C"}, {"smiles": "ClCI"}]}, {"smiles": "CCOC(=O)O[C@@]1(C(=O)OCCl)CC[C@@H]2[C@H]3CCC4=CC(=O)C=C[C@]4(C)[C@@H]3[C@H](O)C[C@@]21C", "bw_confidence": 0.025092724731291347, "confidence": 0.05891067364506223, "rclass": "2 2.6 2.6.2", "children": [{"smiles": "CCOC(=O)O[C@@]1(C(=O)O)CC[C@@H]2[C@H]3CCC4=CC(=O)C=C[C@]4(C)[C@@H]3[C@H](O)C[C@@]21C"}, {"smiles": "ClCCl"}]}, {"smiles": "CCOC(=O)O[C@@]1(C(=O)OCCl)CC[C@@H]2[C@H]3CCC4=CC(=O)C=C[C@]4(C)[C@@H]3[C@H](O)C[C@@]21C", "bw_confidence": 0.02498525130798957, "confidence": 0.10795772455675923, "rclass": "10 10.1 10.1.2", "children": [{"smiles": "CCOC(=O)O[C@@]1(C(=O)OC)CC[C@@H]2[C@H]3CCC4=CC(=O)C=C[C@]4(C)[C@@H]3[C@H](O)C[C@@]21C"}, {"smiles": "ClCCl"}, {"smiles": "O=S(=O)(Cl)Cl"}]}, {"smiles": "CCOC(=O)O[C@@]1(C(=O)OCCl)CC[C@@H]2[C@H]3CCC4=CC(=O)C=C[C@]4(C)[C@@H]3[C@H](O)C[C@@]21C", "bw_confidence": 0.01133885086024885, "confidence": 0.28466287335483653, "rclass": "8 8.8 8.8.18", "children": [{"smiles": "CCOC(=O)O[C@@]1(C(=O)OCCl)CC[C@@H]2[C@H]3CCC4=CC(=O)CC[C@]4(C)[C@@H]3[C@H](O)C[C@@]21C"}, {"smiles": "N#CC1=C(C#N)C(=O)C(Cl)=C(Cl)C1=O"}]}, {"smiles": "CCOC(=O)O[C@@]1(C(=O)OCCl)CC[C@@H]2[C@H]3CCC4=CC(=O)C=C[C@]4(C)[C@@H]3[C@H](O)C[C@@]21C", "bw_confidence": 0.006830726034096737, "confidence": 0.16142186764944152, "rclass": "2 2.6 2.6.2", "children": [{"smiles": "CCOC(=O)O[C@@]1(C(=O)O)CC[C@@H]2[C@H]3CCC4=CC(=O)C=C[C@]4(C)[C@@H]3[C@H](O)C[C@@]21C"}, {"smiles": "ClCCl"}, {"smiles": "O=S(Cl)Cl"}]}, {"smiles": "CCOC(=O)O[C@@]1(C(=O)OCCl)CC[C@@H]2[C@H]3CCC4=CC(=O)C=C[C@]4(C)[C@@H]3[C@H](O)C[C@@]21C", "bw_confidence": 0.0059133782985704465, "confidence": 0.5250473427467139, "rclass": "2 2.6 2.6.2", "children": [{"smiles": "CCOC(=O)O[C@@]1(C(=O)O)CC[C@@H]2[C@H]3CCC4=CC(=O)C=C[C@]4(C)[C@@H]3[C@H](O)C[C@@]21C"}, {"smiles": "O=S(=O)(Cl)OCCl"}]}, {"smiles": "CCOC(=O)O[C@@]1(C(=O)OCCl)CC[C@@H]2[C@H]3CCC4=CC(=O)C=C[C@]4(C)[C@@H]3[C@H](O)C[C@@]21C", "bw_confidence": 0.0030112316628616003, "confidence": 0.30800474802802863, "rclass": "9 9.7 9.7.326", "children": [{"smiles": "CCOC(=O)O[C@@]1(C(=O)OCCl)CC[C@@H]2[C@H]3CCC4=CC(=O)C=C[C@]4(C)[C@@H]3[C@H](OC(C)(C)C)C[C@@]21C"}, {"smiles": "ClCCl"}, {"smiles": "O=C(O)C(F)(F)F"}]}, {"smiles": "CCOC(=O)O[C@@]1(C(=O)OCCl)CC[C@@H]2[C@H]3CCC4=CC(=O)C=C[C@]4(C)[C@@H]3[C@H](O)C[C@@]21C", "bw_confidence": 0.0011133798750697131, "confidence": 0.09292651278098236, "rclass": "11 11.5 11.5", "children": [{"smiles": "CC(C)=O"}, {"smiles": "CCOC(=O)O[C@@]1(C(=O)OCCl)CC[C@@H]2[C@H]3CCC4=CC(=O)C=C[C@]4(C)[C@@H]3[C@H](O)C[C@@]21C"}]}, {"smiles": "CCOC(=O)O[C@@]1(C(=O)OCCl)CC[C@@H]2[C@H]3CCC4=CC(=O)C=C[C@]4(C)[C@@H]3[C@H](O)C[C@@]21C", "bw_confidence": 0.0007169050109829245, "confidence": 0.4370137768818035, "rclass": "7 7.5 7.5.1", "children": [{"smiles": "C1CCOC1"}, {"smiles": "CCOC(=O)O[C@@]1(C(=O)OCCl)CC[C@@H]2[C@H]3CCC4=CC(=O)C=C[C@]4(C)[C@@H]3C(=O)C[C@@]21C"}, {"smiles": "C[Mg]Br"}]}], "chem_bw_confidence_list": [0.10636311099180776, 0.05672239178727959, 0.04802479101592121, 0.025092724731291347, 0.02498525130798957, 0.01133885086024885, 0.006830726034096737, 0.0059133782985704465, 0.0030112316628616003, 0.0011133798750697131, 0.0007169050109829245], "enzy_template_score_list": [0.4738055169582367, 0.07815320789813995, 0.06029779836535454, 0.034589409828186035, 0.017347488552331924, 0.01376201119273901, 0.013102317228913307, 0.005295213311910629, 0.003232068382203579, 0.002255318919196725, 0.0014068756718188524, 0.0008353901794180274, 0.0006905848276801407, 0.0005793828750029206, 0.0005235042190179229], "enzy_result": [{"smiles": "CCOC(=O)O[C@@]1(C(=O)OCCl)CC[C@@H]2[C@H]3CCC4=CC(=O)CC[C@]4(C)[C@@H]3[C@H](O)C[C@@]21C", "smiles_split": ["CCOC(=O)O[C@@]1(C(=O)OCCl)CC[C@@H]2[C@H]3CCC4=CC(=O)CC[C@]4(C)[C@@H]3[C@H](O)C[C@@]21C"], "mapped_smiles": "[CH3:1][CH2:2][O:3][C:4](=[O:5])[O:6][C@@:7]1([C:8](=[O:9])[O:10][CH2:11][Cl:12])[CH2:13][CH2:14][C@@H:15]2[C@H:16]3[CH2:17][CH2:18][C:19]4=[CH:20][C:21](=[O:22])[CH2:23][CH2:24][C@:25]4([CH3:26])[C@@H:27]3[C@H:28]([OH:29])[CH2:30][C@:31]12[CH3:32]", "reacting_atoms": [24, 23], "template_id": "2986e1744ffb56421ddd5af03079fddd", "template_set": ["bkms", "bkms", "bkms", "bkms", "bkms", "bkms"], "num_examples": 80, "necessary_reagent": "", "template_score": 0.4738055169582367, "rms_molwt": -468.19148107599995, "num_rings": -4, "plausibility": 1, "tforms": ["71d96988ab3623c8d39bf0ee6519c85b", "2986e1744ffb56421ddd5af03079fddd", "c1face9f008fa5ebdb2a5cbc5be0a468", "4b5c01ce1dd3e508649493e134ba9f1c", "4bcf0d090d4c7c72451cf0e417c6d543", "b8752864a144b4d488d51a312d4ebfdc"], "rank": 1, "score": -1159.7192759491184}, {"smiles": "CCOC(=O)O[C@@]1(C(=O)OCCl)CC[C@@H]2[C@H]3CCC4=CC(=O)C=C[C@]4(C)[C@@H]3CC[C@@]21C", "smiles_split": ["CCOC(=O)O[C@@]1(C(=O)OCCl)CC[C@@H]2[C@H]3CCC4=CC(=O)C=C[C@]4(C)[C@@H]3CC[C@@]21C"], "mapped_smiles": "[CH3:1][CH2:2][O:3][C:4](=[O:5])[O:6][C@@:7]1([C:8](=[O:9])[O:10][CH2:11][Cl:12])[CH2:13][CH2:14][C@@H:15]2[C@H:16]3[CH2:17][CH2:18][C:19]4=[CH:20][C:21](=[O:22])[CH:23]=[CH:24][C@:25]4([CH3:26])[C@@H:27]3[CH2:28][CH2:30][C@:31]12[CH3:32]", "reacting_atoms": [28], "template_id": "9f387abf2274fc73429ecccd1b168e7b", "template_set": ["bkms", "bkms"], "num_examples": 110, "necessary_reagent": "[O]", "template_score": 0.07815320789813995, "rms_molwt": -450.180916392, "num_rings": -4, "plausibility": 1, "tforms": ["9f387abf2274fc73429ecccd1b168e7b", "a034de99c75fe18016182f108d443d26"], "rank": 2, "score": -6495.49933071314}, {"smiles": "CCOC(=O)O[C@@]1(C(=O)OCCl)CC[C@@H]2[C@H]3CCC4=CC(O)C=C[C@]4(C)[C@@H]3[C@H](O)C[C@@]21C", "smiles_split": ["CCOC(=O)O[C@@]1(C(=O)OCCl)CC[C@@H]2[C@H]3CCC4=CC(O)C=C[C@]4(C)[C@@H]3[C@H](O)C[C@@]21C"], "mapped_smiles": "CCOC(=O)O[C@@]1(C(=O)OCCl)CC[C@@H]2[C@H]3CCC4=CC(O)C=C[C@]4(C)[C@@H]3[C@H](O)C[C@@]21C", "reacting_atoms": [-1], "template_id": "95b8ada383eb8f3d3a3766b627374a54", "template_set": ["bkms", "bkms", "bkms", "bkms", "bkms", "bkms", "bkms", "bkms", "bkms", "bkms", "bkms"], "num_examples": 227, "necessary_reagent": "", "template_score": 0.06029779836535454, "rms_molwt": -468.19148107599995, "num_rings": -4, "plausibility": 1, "tforms": ["0ab85d85194c630b5a04aefeac9ba75a", "95b8ada383eb8f3d3a3766b627374a54", "fbea35b37b8a0b8c9ebea8de8eb28297", "c3df4b32a4526a4773e382bf5570b10d", "0c7dcd7f9823e2af4e741ccca881c752", "ddb19434e1c4179ba615ca4c72cf8ede", "41cf787923064210ec74d9ee08e4c03b", "fd6b8f04bbf012783d7ec26e58e617f0", "35e47acfcf35668ae7c84053bd47bef0", "e29e2f2b3e04834bd935b5ccb00ce05e", "9162439ba8d395dc381faed9e315fa88"], "rank": 3, "score": -9112.793600491073}, {"smiles": "CCOC(=O)O[C@@]1(C(=O)OCCl)CC[C@@H]2[C@H]3CCC4=CC(=O)C=C[C@]4(C)[C@@H]3C(=O)C[C@@]21C", "smiles_split": ["CCOC(=O)O[C@@]1(C(=O)OCCl)CC[C@@H]2[C@H]3CCC4=CC(=O)C=C[C@]4(C)[C@@H]3C(=O)C[C@@]21C"], "mapped_smiles": "[CH3:1][CH2:2][O:3][C:4](=[O:5])[O:6][C@@:7]1([C:8](=[O:9])[O:10][CH2:11][Cl:12])[CH2:13][CH2:14][C@@H:15]2[C@H:16]3[CH2:17][CH2:18][C:19]4=[CH:20][C:21](=[O:22])[CH:23]=[CH:24][C@:25]4([CH3:26])[C@@H:27]3[C:28](=[O:29])[CH2:30][C@:31]12[CH3:32]", "reacting_atoms": [28, 29], "template_id": "b590ea2ff6ab89045dfb94642c36bddd", "template_set": ["bkms", "bkms"], "num_examples": 69, "necessary_reagent": "", "template_score": 0.034589409828186035, "rms_molwt": -464.16018094799995, "num_rings": -4, "plausibility": 1, "tforms": ["b590ea2ff6ab89045dfb94642c36bddd", "9d1cf9bfb3c450506eb1b20829d1d1cc"], "rank": 4, "score": -15134.152148526462}, {"smiles": "CCOC(=O)O[C@@]1(C(=O)OCCl)CC[C@@H]2[C@H]3CCC4=CCC=C[C@]4(C)[C@@H]3[C@H](O)C[C@@]21C", "smiles_split": ["CCOC(=O)O[C@@]1(C(=O)OCCl)CC[C@@H]2[C@H]3CCC4=CCC=C[C@]4(C)[C@@H]3[C@H](O)C[C@@]21C"], "mapped_smiles": "[CH3:1][CH2:2][O:3][C:4](=[O:5])[O:6][C@@:7]1([C:8](=[O:9])[O:10][CH2:11][Cl:12])[CH2:13][CH2:14][C@@H:15]2[C@H:16]3[CH2:17][CH2:18][C:19]4=[CH:20][CH2:21][CH:23]=[CH:24][C@:25]4([CH3:26])[C@@H:27]3[C@H:28]([OH:29])[CH2:30][C@:31]12[CH3:32]", "reacting_atoms": [21], "template_id": "8df0e4bf3414218d8d119a51db14630c", "template_set": ["bkms", "bkms", "bkms", "bkms"], "num_examples": 20, "necessary_reagent": "[O]", "template_score": 0.017347488552331924, "rms_molwt": -452.19656645599997, "num_rings": -4, "plausibility": 1, "tforms": ["34676ae492f4fb24a000cbc76b68dcc0", "c692718ab2eabf8aadf4df947fc75b15", "2c39827075d1ca797d6c3001566d566d", "8df0e4bf3414218d8d119a51db14630c"], "rank": 5, "score": -30762.0384348787}, {"smiles": "CCOC(=O)O[C@@]1(C(=O)OCCl)CC[C@@H]2[C@H]3CC=C4C[C@@H](O)C=C[C@]4(C)[C@@H]3[C@H](O)C[C@@]21C", "smiles_split": ["CCOC(=O)O[C@@]1(C(=O)OCCl)CC[C@@H]2[C@H]3CC=C4C[C@@H](O)C=C[C@]4(C)[C@@H]3[C@H](O)C[C@@]21C"], "mapped_smiles": "[CH3:1][CH2:2][O:3][C:4](=[O:5])[O:6][C@@:7]1([C:8](=[O:9])[O:10][CH2:11][Cl:12])[CH2:13][CH2:14][C@@H:15]2[C@H:16]3[CH2:17][CH:18]=[C:19]4[CH2:20][C@@H:21]([OH:22])[CH:23]=[CH:24][C@:25]4([CH3:26])[C@@H:27]3[C@H:28]([OH:29])[CH2:30][C@:31]12[CH3:32]", "reacting_atoms": [25, 19, 20, 21, 22, 18], "template_id": "05d6a3c7384790049cacd08e107f1838", "template_set": ["bkms", "bkms", "bkms"], "num_examples": 20, "necessary_reagent": "", "template_score": 0.01376201119273901, "rms_molwt": -468.19148107599995, "num_rings": -4, "plausibility": 1, "tforms": ["05d6a3c7384790049cacd08e107f1838", "3f355853f7ab56344fd119f0314b6d55", "a1f135b26081e74143845e8a68ec119e"], "rank": 6, "score": -42107.31868705679}, {"smiles": "CCOC(=O)O[C@@]1(C(=O)OCCl)CC[C@@H]2[C@H]3[C@H](O)CC4=CC(=O)C=C[C@]4(C)[C@@H]3[C@H](O)C[C@@]21C", "smiles_split": ["CCOC(=O)O[C@@]1(C(=O)OCCl)CC[C@@H]2[C@H]3[C@H](O)CC4=CC(=O)C=C[C@]4(C)[C@@H]3[C@H](O)C[C@@]21C"], "mapped_smiles": "[CH3:1][CH2:2][O:3][C:4](=[O:5])[O:6][C@@:7]1([C:8](=[O:9])[O:10][CH2:11][Cl:12])[CH2:13][CH2:14][C@@H:15]2[C@H:16]3[C@H:17]([OH:900])[CH2:18][C:19]4=[CH:20][C:21](=[O:22])[CH:23]=[CH:24][C@:25]4([CH3:26])[C@@H:27]3[C@H:28]([OH:29])[CH2:30][C@:31]12[CH3:32]", "reacting_atoms": [17], "template_id": "de2ece42eda6fad207a0e7f49ea774ab", "template_set": ["bkms", "bkms"], "num_examples": 5, "necessary_reagent": "", "template_score": 0.013102317228913307, "rms_molwt": -482.170745632, "num_rings": -4, "plausibility": 1, "tforms": ["63d4baaddb78c519af71e7442a72ec3d", "de2ece42eda6fad207a0e7f49ea774ab"], "rank": 7, "score": -45532.69802191941}, {"smiles": "CCOC(=O)O[C@@]1(C(=O)OCCl)CC[C@@H]2[C@H]3CCC4CC(=O)C=C[C@]4(C)[C@@H]3[C@H](O)C[C@@]21C", "smiles_split": ["CCOC(=O)O[C@@]1(C(=O)OCCl)CC[C@@H]2[C@H]3CCC4CC(=O)C=C[C@]4(C)[C@@H]3[C@H](O)C[C@@]21C"], "mapped_smiles": "CCOC(=O)O[C@@]1(C(=O)OCCl)CC[C@@H]2[C@H]3CCC4CC(=O)C=C[C@]4(C)[C@@H]3[C@H](O)C[C@@]21C", "reacting_atoms": [-1], "template_id": "d21fbfd183897197f15fe344c4f3f97e", "template_set": ["bkms", "bkms", "bkms"], "num_examples": 26, "necessary_reagent": "", "template_score": 0.005295213311910629, "rms_molwt": -468.19148107599995, "num_rings": -4, "plausibility": 1, "tforms": ["4aa39006fcd46f03109d1c04d3ee46af", "d21fbfd183897197f15fe344c4f3f97e", "f8dd163454de3e6bb0629b861bc0d172"], "rank": 8, "score": -103769.45341022324}, {"smiles": "CCOC(=O)O[C@@]1(C(=O)OCCl)CC[C@@H]2[C@H]3CCC4=C[C@@H](O)C=C[C@]4(C)[C@@H]3[C@H](O)C[C@@]21C", "smiles_split": ["CCOC(=O)O[C@@]1(C(=O)OCCl)CC[C@@H]2[C@H]3CCC4=C[C@@H](O)C=C[C@]4(C)[C@@H]3[C@H](O)C[C@@]21C"], "mapped_smiles": "[CH3:1][CH2:2][O:3][C:4](=[O:5])[O:6][C@@:7]1([C:8](=[O:9])[O:10][CH2:11][Cl:12])[CH2:13][CH2:14][C@@H:15]2[C@H:16]3[CH2:17][CH2:18][C:19]4=[CH:20][C@@H:21]([OH:22])[CH:23]=[CH:24][C@:25]4([CH3:26])[C@@H:27]3[C@H:28]([OH:29])[CH2:30][C@:31]12[CH3:32]", "reacting_atoms": [21, 22], "template_id": "94deac637c526bb74dde070f976219af", "template_set": ["bkms"], "num_examples": 6, "necessary_reagent": "", "template_score": 0.003232068382203579, "rms_molwt": -468.19148107599995, "num_rings": -4, "plausibility": 1, "tforms": ["94deac637c526bb74dde070f976219af"], "rank": 9, "score": -179291.191442064}, {"smiles": "CCOC(=O)O[C@@]1(C(=O)OCCl)CC[C@@H]2[C@H]3CCC4CC(O)C=C[C@]4(C)[C@@H]3C(O)=C[C@@]21C", "smiles_split": ["CCOC(=O)O[C@@]1(C(=O)OCCl)CC[C@@H]2[C@H]3CCC4CC(O)C=C[C@]4(C)[C@@H]3C(O)=C[C@@]21C"], "mapped_smiles": "[CH3:1][CH2:2][O:3][C:4](=[O:5])[O:6][C@@:7]1([C:8](=[O:9])[O:10][CH2:11][Cl:12])[CH2:13][CH2:14][C@@H:15]2[C@H:16]3[CH2:17][CH2:18][CH:19]4[CH2:20][CH:21]([OH:22])[CH:23]=[CH:24][C@:25]4([CH3:26])[C@@H:27]3[C:28]([OH:29])=[CH:30][C@:31]12[CH3:32]", "reacting_atoms": [27, 28, 30, 31, 21, 22, 20, 19, 25], "template_id": "4bdd64c3cb5d7be4a509337d671118c7", "template_set": ["bkms"], "num_examples": 1, "necessary_reagent": "", "template_score": 0.002255318919196725, "rms_molwt": -468.19148107599995, "num_rings": -4, "plausibility": 1, "tforms": ["4bdd64c3cb5d7be4a509337d671118c7"], "rank": 10, "score": -232109.6970418498}, {"smiles": "CCOC(=O)O[C@@]1(C(=O)OCCl)CC[C@@H]2[C@H]3CCC4=CC(O)C=C[C@]4(C)[C@@H]3CC[C@@]21C", "smiles_split": ["CCOC(=O)O[C@@]1(C(=O)OCCl)CC[C@@H]2[C@H]3CCC4=CC(O)C=C[C@]4(C)[C@@H]3CC[C@@]21C"], "mapped_smiles": "CCOC(=O)O[C@@]1(C(=O)OCCl)CC[C@@H]2[C@H]3CCC4=CC(O)C=C[C@]4(C)[C@@H]3CC[C@@]21C", "reacting_atoms": [-1], "template_id": "046b1509481dfeeb54a50f41ffa0209e", "template_set": ["bkms"], "num_examples": 1, "necessary_reagent": "[O]", "template_score": 0.0014068756718188524, "rms_molwt": -452.19656645599997, "num_rings": -4, "plausibility": 1, "tforms": ["046b1509481dfeeb54a50f41ffa0209e"], "rank": 11, "score": -360830.82518525247}, {"smiles": "CCOC(=O)O[C@@]1(C(=O)OCCl)CC[C@@H]2[C@H]3CCC4=C[C@H](OO)C=C[C@]4(C)[C@@H]3[C@H](O)C[C@@]21C", "smiles_split": ["CCOC(=O)O[C@@]1(C(=O)OCCl)CC[C@@H]2[C@H]3CCC4=C[C@H](OO)C=C[C@]4(C)[C@@H]3[C@H](O)C[C@@]21C"], "mapped_smiles": "[CH3:1][CH2:2][O:3][C:4](=[O:5])[O:6][C@@:7]1([C:8](=[O:9])[O:10][CH2:11][Cl:12])[CH2:13][CH2:14][C@@H:15]2[C@H:16]3[CH2:17][CH2:18][C:19]4=[CH:20][C@H:21]([O:22][OH:900])[CH:23]=[CH:24][C@:25]4([CH3:26])[C@@H:27]3[C@H:28]([OH:29])[CH2:30][C@:31]12[CH3:32]", "reacting_atoms": [22, 21], "template_id": "fce494b1f32e8e9b73abb6c4eff9dd60", "template_set": ["bkms"], "num_examples": 1, "necessary_reagent": "", "template_score": 0.0008353901794180274, "rms_molwt": -484.1863956959999, "num_rings": -4, "plausibility": 1, "tforms": ["fce494b1f32e8e9b73abb6c4eff9dd60"], "rank": 12, "score": -714137.9782404315}, {"smiles": "CCOC(=O)O[C@@]1(C(=O)OCCl)CC[C@@H]2[C@H]3CCC4=CC(=O)C[C@@H](O)[C@]4(C)[C@@H]3[C@H](O)C[C@@]21C", "smiles_split": ["CCOC(=O)O[C@@]1(C(=O)OCCl)CC[C@@H]2[C@H]3CCC4=CC(=O)C[C@@H](O)[C@]4(C)[C@@H]3[C@H](O)C[C@@]21C"], "mapped_smiles": "[CH3:1][CH2:2][O:3][C:4](=[O:5])[O:6][C@@:7]1([C:8](=[O:9])[O:10][CH2:11][Cl:12])[CH2:13][CH2:14][C@@H:15]2[C@H:16]3[CH2:17][CH2:18][C:19]4=[CH:20][C:21](=[O:22])[CH2:23][C@@H:24]([OH:900])[C@:25]4([CH3:26])[C@@H:27]3[C@H:28]([OH:29])[CH2:30][C@:31]12[CH3:32]", "reacting_atoms": [24, 23], "template_id": "59e62b899b3a372b2b7cff6d04993af4", "template_set": ["bkms", "bkms"], "num_examples": 2, "necessary_reagent": "", "template_score": 0.0006905848276801407, "rms_molwt": -484.1863956959999, "num_rings": -4, "plausibility": 1, "tforms": ["59e62b899b3a372b2b7cff6d04993af4", "149ffec74672392a29d91bd972832562"], "rank": 13, "score": -863882.0748141634}, {"smiles": "CCOC(=O)O[C@@]1(C(=O)OCCl)CC[C@@H]2[C@H]3CC=C4CC(=O)C=C[C@]4(C)[C@@H]3[C@H](O)C[C@@]21C", "smiles_split": ["CCOC(=O)O[C@@]1(C(=O)OCCl)CC[C@@H]2[C@H]3CC=C4CC(=O)C=C[C@]4(C)[C@@H]3[C@H](O)C[C@@]21C"], "mapped_smiles": "[CH3:1][CH2:2][O:3][C:4](=[O:5])[O:6][C@@:7]1([C:8](=[O:9])[O:10][CH2:11][Cl:12])[CH2:13][CH2:14][C@@H:15]2[C@H:16]3[CH2:17][CH:18]=[C:19]4[CH2:20][C:21](=[O:22])[CH:23]=[CH:24][C@:25]4([CH3:26])[C@@H:27]3[C@H:28]([OH:29])[CH2:30][C@:31]12[CH3:32]", "reacting_atoms": [25, 19, 20, 18], "template_id": "11fdc54be27e8ccd2b3ba7e9b726a3b3", "template_set": ["bkms", "bkms"], "num_examples": 8, "necessary_reagent": "", "template_score": 0.0005793828750029206, "rms_molwt": -466.17583101199995, "num_rings": -4, "plausibility": 1, "tforms": ["11fdc54be27e8ccd2b3ba7e9b726a3b3", "59f3952cadafdab5e94b50aec548a69c"], "rank": 14, "score": -948390.8047243096}, {"smiles": "CCOC(=O)O[C@@]1(C(=O)OCCl)CC[C@@H]2[C@H]3CCC4=CC(=O)C=C[C@]4(CO)[C@@H]3[C@H](O)C[C@@]21C", "smiles_split": ["CCOC(=O)O[C@@]1(C(=O)OCCl)CC[C@@H]2[C@H]3CCC4=CC(=O)C=C[C@]4(CO)[C@@H]3[C@H](O)C[C@@]21C"], "mapped_smiles": "[CH3:1][CH2:2][O:3][C:4](=[O:5])[O:6][C@@:7]1([C:8](=[O:9])[O:10][CH2:11][Cl:12])[CH2:13][CH2:14][C@@H:15]2[C@H:16]3[CH2:17][CH2:18][C:19]4=[CH:20][C:21](=[O:22])[CH:23]=[CH:24][C@:25]4([CH2:26][OH:900])[C@@H:27]3[C@H:28]([OH:29])[CH2:30][C@:31]12[CH3:32]", "reacting_atoms": [26, 25], "template_id": "c4db9adeb4ad4c2bdb38e6a73be29f53", "template_set": ["bkms"], "num_examples": 14, "necessary_reagent": "", "template_score": 0.0005235042190179229, "rms_molwt": -482.1707456319999, "num_rings": -4, "plausibility": 1, "tforms": ["c4db9adeb4ad4c2bdb38e6a73be29f53"], "rank": 15, "score": -1082290.902706371}]}