{"smiles": "COC(=O)Cc1c[nH]c2cccc(Cl)c12", "sfscore": [0.5488168001174927, 0.45583298802375793], "chem_result": [{"smiles": "COC(=O)Cc1c[nH]c2cccc(Cl)c12", "bw_confidence": 0.7521690934630132, "confidence": 0.9850408661870493, "rclass": "2 2.6 2.6.3", "children": [{"smiles": "CO"}, {"smiles": "O=C(O)Cc1c[nH]c2cccc(Cl)c12"}, {"smiles": "O=S(=O)(O)O"}]}, {"smiles": "COC(=O)Cc1c[nH]c2cccc(Cl)c12", "bw_confidence": 0.2733295850995228, "confidence": 0.9736047390097915, "rclass": "1 1.7 1.7.6", "children": [{"smiles": "CO"}, {"smiles": "O=C(O)Cc1c[nH]c2cccc(Cl)c12"}, {"smiles": "O=S(Cl)Cl"}]}, {"smiles": "COC(=O)Cc1c[nH]c2cccc(Cl)c12", "bw_confidence": 0.16468619886706948, "confidence": 0.9617037354211747, "rclass": "6 6.1 6.1.1", "children": [{"smiles": "COC(=O)Cc1cn(C(=O)OC(C)(C)C)c2cccc(Cl)c12"}, {"smiles": "ClCCl"}, {"smiles": "O=C(O)C(F)(F)F"}]}, {"smiles": "COC(=O)Cc1c[nH]c2cccc(Cl)c12", "bw_confidence": 0.10829334286033002, "confidence": 0.8233771184065916, "rclass": "7 7.9 7.9.4", "children": [{"smiles": "CC[SiH](CC)CC"}, {"smiles": "COC(=O)C(=O)c1c[nH]c2cccc(Cl)c12"}, {"smiles": "O=C(O)C(F)(F)F"}]}, {"smiles": "COC(=O)Cc1c[nH]c2cccc(Cl)c12", "bw_confidence": 0.09613361617211684, "confidence": 0.7968971171967717, "rclass": "0 0 0", "children": [{"smiles": "COC(=O)CBr"}, {"smiles": "Clc1cccc2[nH]ccc12"}]}, {"smiles": "COC(=O)Cc1c[nH]c2cccc(Cl)c12", "bw_confidence": 0.08493553253594724, "confidence": 0.9512011214339697, "rclass": "8 8.8 8.8.18", "children": [{"smiles": "COC(=O)CC1CNc2cccc(Cl)c21"}, {"smiles": "ClCCl"}, {"smiles": "N#CC1=C(C#N)C(=O)C(Cl)=C(Cl)C1=O"}]}, {"smiles": "COC(=O)Cc1c[nH]c2cccc(Cl)c12", "bw_confidence": 0.06470292340449693, "confidence": 0.9472169949160553, "rclass": "10 10.1 10.1.2", "children": [{"smiles": "CC#N"}, {"smiles": "COC(=O)Cc1c[nH]c2ccccc12"}, {"smiles": "O=C1CCC(=O)N1Cl"}]}, {"smiles": "COC(=O)Cc1c[nH]c2cccc(Cl)c12", "bw_confidence": 0.049525144303851305, "confidence": 0.6095479058716943, "rclass": "4 4.1 4.1.34", "children": [{"smiles": "COC(=O)CCC=O"}, {"smiles": "NNc1cccc(Cl)c1"}]}, {"smiles": "COC(=O)Cc1c[nH]c2cccc(Cl)c12", "bw_confidence": 0.044030011558870714, "confidence": 0.9661650769848572, "rclass": "9 9.7 9.7.60", "children": [{"smiles": "CC[SiH](CC)CC"}, {"smiles": "COC(=O)C(O)c1c[nH]c2cccc(Cl)c12"}, {"smiles": "O=C(O)C(F)(F)F"}]}, {"smiles": "COC(=O)Cc1c[nH]c2cccc(Cl)c12", "bw_confidence": 0.0066311287282725785, "confidence": 0.8799327372705891, "rclass": "11 11.9 11.9", "children": [{"smiles": "COC(=O)Cc1c[nH]c2cccc(Cl)c12~Cl"}, {"smiles": "O"}, {"smiles": "O=C([O-])O~[Na+]"}]}], "chem_bw_confidence_list": [0.7521690934630132, 0.2733295850995228, 0.16468619886706948, 0.10829334286033002, 0.09613361617211684, 0.08493553253594724, 0.06470292340449693, 0.049525144303851305, 0.044030011558870714, 0.0066311287282725785], "enzy_template_score_list": [0.6081796884536743, 0.023469271138310432, 0.011322015896439552, 0.0077995541505515575, 0.0031402762979269028, 0.0026905511040240526, 0.0013731797225773335, 0.001211967901326716, 0.0030037113465368748, 0.00039373376057483256, 0.00014390581054612994, 0.00012153868738096207, 0.0004996693460270762, 0.00010850942635443062, 9.165966184809804e-05], "enzy_result": [{"smiles": "O=C(O)Cc1c[nH]c2cccc(Cl)c12", "smiles_split": ["O=C(O)Cc1c[nH]c2cccc(Cl)c12"], "mapped_smiles": "[OH:2][C:3](=[O:4])[CH2:5][c:6]1[cH:7][nH:8][c:9]2[cH:10][cH:11][cH:12][c:13]([Cl:14])[c:15]12", "reacting_atoms": [2], "template_id": "8a2c9ffc62e99343dd11de42c4e00262", "template_set": ["bkms", "bkms"], "num_examples": 64, "necessary_reagent": "[C]", "template_score": 0.6081796884536743, "rms_molwt": -209.024356176, "num_rings": -2, "plausibility": 1, "tforms": ["16b2a3e2e6b9d559d878b223e5a12dd1", "8a2c9ffc62e99343dd11de42c4e00262"], "rank": 1, "score": -1.691934175927975}, {"smiles": "COC(=O)Cc1c[nH]c2ccccc12", "smiles_split": ["COC(=O)Cc1c[nH]c2ccccc12"], "mapped_smiles": "[CH3:1][O:2][C:3](=[O:4])[CH2:5][c:6]1[cH:7][nH:8][c:9]2[cH:10][cH:11][cH:12][cH:13][c:15]12", "reacting_atoms": [13], "template_id": "23052e1ade7c53ea09cfec88d8cf66d2", "template_set": ["bkms", "bkms"], "num_examples": 23, "necessary_reagent": "[Cl]", "template_score": 0.023469271138310432, "rms_molwt": -189.078978592, "num_rings": -2, "plausibility": 1, "tforms": ["e91695fcbd0978b36e940e449b9f87d0", "23052e1ade7c53ea09cfec88d8cf66d2"], "rank": 2, "score": -45.16544181338859}, {"smiles": "COC(=O)Cc1cn(C(C)=O)c2cccc(Cl)c12", "smiles_split": ["COC(=O)Cc1cn(C(C)=O)c2cccc(Cl)c12"], "mapped_smiles": "[CH3:1][O:2][C:3](=[O:4])[CH2:5][c:6]1[cH:7][n:8]([C:901]([CH3:900])=[O:902])[c:9]2[cH:10][cH:11][cH:12][c:13]([Cl:14])[c:15]12", "reacting_atoms": [8], "template_id": "b8de9a5f73fc3b0934d593b935ac26c8", "template_set": ["bkms"], "num_examples": 1, "necessary_reagent": "", "template_score": 0.011322015896439552, "rms_molwt": -265.050570924, "num_rings": -2, "plausibility": 1, "tforms": ["b8de9a5f73fc3b0934d593b935ac26c8"], "rank": 3, "score": -13490.09453204575}, {"smiles": "COC(=O)Cc1cn(C[C@H](N)C(=O)O)c2cccc(Cl)c12", "smiles_split": ["COC(=O)Cc1cn(C[C@H](N)C(=O)O)c2cccc(Cl)c12"], "mapped_smiles": "[CH3:1][O:2][C:3](=[O:4])[CH2:5][c:6]1[cH:7][n:8]([CH2:902][C@H:901]([NH2:900])[C:903]([OH:904])=[O:905])[c:9]2[cH:10][cH:11][cH:12][c:13]([Cl:14])[c:15]12", "reacting_atoms": [8], "template_id": "5749e2e96abdabc93ef5f31d5887cd4e", "template_set": ["bkms"], "num_examples": 2, "necessary_reagent": "", "template_score": 0.0077995541505515575, "rms_molwt": -310.07203464, "num_rings": -2, "plausibility": 1, "tforms": ["5749e2e96abdabc93ef5f31d5887cd4e"], "rank": 4, "score": -24933.24303343585}, {"smiles": "COC(=O)Cc1c(C(=O)O)[nH]c2cccc(Cl)c12", "smiles_split": ["COC(=O)Cc1c(C(=O)O)[nH]c2cccc(Cl)c12"], "mapped_smiles": "[CH3:1][O:2][C:3](=[O:4])[CH2:5][c:6]1[c:7]([C:901]([OH:900])=[O:902])[nH:8][c:9]2[cH:10][cH:11][cH:12][c:13]([Cl:14])[c:15]12", "reacting_atoms": [7], "template_id": "c23597a3d0afc6ed463cdc80f8a57c29", "template_set": ["bkms"], "num_examples": 3, "necessary_reagent": "", "template_score": 0.0031402762979269028, "rms_molwt": -267.02983548000003, "num_rings": -2, "plausibility": 1, "tforms": ["c23597a3d0afc6ed463cdc80f8a57c29"], "rank": 5, "score": -48637.46060724799}, {"smiles": "COC(=O)CC(=O)c1c(Cl)cccc1NC=O", "smiles_split": ["COC(=O)CC(=O)c1c(Cl)cccc1NC=O"], "mapped_smiles": "[CH3:1][O:2][C:3](=[O:4])[CH2:5][C:6]([c:15]1[c:9]([NH:8][CH:7]=[O:900])[cH:10][cH:11][cH:12][c:13]1[Cl:14])=[O:901]", "reacting_atoms": [7, 8, 6], "template_id": "c488c1ae62aff599eee882d3a87cb433", "template_set": ["bkms"], "num_examples": 2, "necessary_reagent": "", "template_score": 0.0026905511040240526, "rms_molwt": -255.02983548, "num_rings": -1, "plausibility": 1, "tforms": ["c488c1ae62aff599eee882d3a87cb433"], "rank": 6, "score": -52102.928303920904}, {"smiles": "O=C(Cc1c[nH]c2cccc(Cl)c12)O[C@@H]1O[C@H](CO)[C@@H](O)[C@H](O)[C@H]1O", "smiles_split": ["O=C(Cc1c[nH]c2cccc(Cl)c12)O[C@@H]1O[C@H](CO)[C@@H](O)[C@H](O)[C@H]1O"], "mapped_smiles": "[C@@H:1]1([O:2][C:3](=[O:4])[CH2:5][c:6]2[cH:7][nH:8][c:9]3[cH:10][cH:11][cH:12][c:13]([Cl:14])[c:15]23)[O:903][C@H:902]([CH2:901][OH:900])[C@@H:908]([OH:909])[C@H:906]([OH:907])[C@H:904]1[OH:905]", "reacting_atoms": [1], "template_id": "270e03ae2957efe8faef9382778ad0c8", "template_set": ["bkms"], "num_examples": 1, "necessary_reagent": "", "template_score": 0.0013731797225773335, "rms_molwt": -371.0771795959999, "num_rings": -3, "plausibility": 1, "tforms": ["270e03ae2957efe8faef9382778ad0c8"], "rank": 7, "score": -229173.8898285226}, {"smiles": "CO.O=C(Cc1c[nH]c2cccc(Cl)c12)O[C@@H]1O[C@H](CO)[C@@H](O)[C@H](O)[C@H]1O", "smiles_split": ["CO", "O=C(Cc1c[nH]c2cccc(Cl)c12)O[C@@H]1O[C@H](CO)[C@@H](O)[C@H](O)[C@H]1O"], "mapped_smiles": "[C:3](=[O:4])([CH2:5][c:6]1[cH:7][nH:8][c:9]2[cH:10][cH:11][cH:12][c:13]([Cl:14])[c:15]12)[O:905][C@@H:904]1[O:903][C@H:902]([CH2:901][OH:900])[C@@H:910]([OH:911])[C@H:908]([OH:909])[C@H:906]1[OH:907].[CH3:1][OH:2]", "reacting_atoms": [3, 2], "template_id": "4528a8e627b3da7406c0873d3d6d1dff", "template_set": ["bkms"], "num_examples": 2, "necessary_reagent": "", "template_score": 0.001211967901326716, "rms_molwt": -263.36661865924367, "num_rings": -3, "plausibility": 1, "tforms": ["4528a8e627b3da7406c0873d3d6d1dff"], "rank": 8, "score": -259661.9416340989}, {"smiles": "CC(C)(COP(=O)(O)OP(=O)(O)OC[C@H]1O[C@@H](n2cnc3c(N)ncnc32)[C@H](O)[C@@H]1OP(=O)(O)O)[C@@H](O)C(=O)NCCC(=O)NCCSC(=O)Cc1c[nH]c2cccc(Cl)c12.CO", "smiles_split": ["CC(C)(COP(=O)(O)OP(=O)(O)OC[C@H]1O[C@@H](n2cnc3c(N)ncnc32)[C@H](O)[C@@H]1OP(=O)(O)O)[C@@H](O)C(=O)NCCC(=O)NCCSC(=O)Cc1c[nH]c2cccc(Cl)c12", "CO"], "mapped_smiles": "[C:3](=[O:4])([CH2:5][c:6]1[cH:7][nH:8][c:9]2[cH:10][cH:11][cH:12][c:13]([Cl:14])[c:15]12)[S:947][CH2:946][CH2:945][NH:944][C:942]([CH2:941][CH2:940][NH:939][C:937]([C@@H:935]([C:901]([CH3:900])([CH3:902])[CH2:903][O:904][P:905]([OH:906])(=[O:907])[O:908][P:909]([OH:910])(=[O:911])[O:912][CH2:913][C@H:914]1[O:915][C@@H:916]([n:917]2[cH:918][n:919][c:920]3[c:921]([NH2:922])[n:923][cH:924][n:925][c:926]23)[C@H:927]([OH:928])[C@@H:929]1[O:930][P:931]([OH:932])([OH:933])=[O:934])[OH:936])=[O:938])=[O:943].[CH3:1][OH:2]", "reacting_atoms": [3, 2], "template_id": "4f507fe3c79f4d542f14417d7122ff5c", "template_set": ["bkms"], "num_examples": 31, "necessary_reagent": "", "template_score": 0.0030037113465368748, "rms_molwt": -677.8778872120207, "num_rings": -5, "plausibility": 1, "tforms": ["4f507fe3c79f4d542f14417d7122ff5c"], "rank": 9, "score": -337594.2903159593}, {"smiles": "CC(C)OC(=O)Cc1c[nH]c2cccc(Cl)c12", "smiles_split": ["CC(C)OC(=O)Cc1c[nH]c2cccc(Cl)c12"], "mapped_smiles": "[CH:1]([O:2][C:3](=[O:4])[CH2:5][c:6]1[cH:7][nH:8][c:9]2[cH:10][cH:11][cH:12][c:13]([Cl:14])[c:15]12)([CH3:900])[CH3:901]", "reacting_atoms": [1], "template_id": "94aa6093dbbc5a8d11f127a6c1ec9b94", "template_set": ["bkms"], "num_examples": 1, "necessary_reagent": "", "template_score": 0.00039373376057483256, "rms_molwt": -251.071306368, "num_rings": -2, "plausibility": 1, "tforms": ["94aa6093dbbc5a8d11f127a6c1ec9b94"], "rank": 10, "score": -356041.58268352743}, {"smiles": "COC(O)Cc1c[nH]c2cccc(Cl)c12", "smiles_split": ["COC(O)Cc1c[nH]c2cccc(Cl)c12"], "mapped_smiles": "[CH3:1][O:2][CH:3]([OH:4])[CH2:5][c:6]1[cH:7][nH:8][c:9]2[cH:10][cH:11][cH:12][c:13]([Cl:14])[c:15]12", "reacting_atoms": [3, 4], "template_id": "5c19ad9117c39b8de47b69bf60cd49ce", "template_set": ["bkms"], "num_examples": 20, "necessary_reagent": "", "template_score": 0.00014390581054612994, "rms_molwt": -225.055656304, "num_rings": -2, "plausibility": 1, "tforms": ["5c19ad9117c39b8de47b69bf60cd49ce"], "rank": 11, "score": -807399.6452629493}, {"smiles": "COC(=O)Cc1c[nH]c2cccc(O)c12", "smiles_split": ["COC(=O)Cc1c[nH]c2cccc(O)c12"], "mapped_smiles": "[CH3:1][O:2][C:3](=[O:4])[CH2:5][c:6]1[cH:7][nH:8][c:9]2[cH:10][cH:11][cH:12][c:13]([OH:900])[c:15]12", "reacting_atoms": [13], "template_id": "71590e899bce961d132a2e30344d7791", "template_set": ["bkms"], "num_examples": 1, "necessary_reagent": "[Cl]", "template_score": 0.00012153868738096207, "rms_molwt": -205.073893212, "num_rings": -2, "plausibility": 1, "tforms": ["71590e899bce961d132a2e30344d7791"], "rank": 12, "score": -964215.6165377443}, {"smiles": "O=C(Cc1c[nH]c2cccc(Cl)c12)O[C@H]1C(O)C(O)C(O[C@H]2C(O)C(O)[C@H](O)O[C@@H]2CO)O[C@@H]1CO", "smiles_split": ["O=C(Cc1c[nH]c2cccc(Cl)c12)O[C@H]1C(O)C(O)C(O[C@H]2C(O)C(O)[C@H](O)O[C@@H]2CO)O[C@@H]1CO"], "mapped_smiles": "[C@@H:1]1([O:2][C:3](=[O:4])[CH2:5][c:6]2[cH:7][nH:8][c:9]3[cH:10][cH:11][cH:12][c:13]([Cl:14])[c:15]23)[C@@H:914]([CH2:915][OH:916])[O:913][CH:912]([O:911][C@@H:910]2[C@@H:902]([CH2:901][OH:900])[O:903][C@@H:904]([OH:905])[CH:906]([OH:907])[CH:908]2[OH:909])[CH:919]([OH:920])[CH:917]1[OH:918]", "reacting_atoms": [1], "template_id": "c1028a1d583931b73911fd5294c2c437", "template_set": ["bkms"], "num_examples": 1, "necessary_reagent": "", "template_score": 0.0004996693460270762, "rms_molwt": -533.1300030159998, "num_rings": -4, "plausibility": 1, "tforms": ["c1028a1d583931b73911fd5294c2c437"], "rank": 13, "score": -1047831.3779794723}, {"smiles": "COC(=O)Cc1c[nH]c2cc(O)cc(Cl)c12", "smiles_split": ["COC(=O)Cc1c[nH]c2cc(O)cc(Cl)c12"], "mapped_smiles": "[CH3:1][O:2][C:3](=[O:4])[CH2:5][c:6]1[cH:7][nH:8][c:9]2[cH:10][c:11]([OH:900])[cH:12][c:13]([Cl:14])[c:15]12", "reacting_atoms": [11], "template_id": "a4b05d3426bcbccf017b2e46a8dfdb20", "template_set": ["bkms", "bkms"], "num_examples": 57, "necessary_reagent": "", "template_score": 0.00010850942635443062, "rms_molwt": -239.03492086, "num_rings": -2, "plausibility": 1, "tforms": ["f53e9cbdf728108a37f743b6e04eb4f2", "a4b05d3426bcbccf017b2e46a8dfdb20"], "rank": 14, "score": -1179621.0181952873}, {"smiles": "COC(=O)Cc1c[nH]c2ccc(Cl)c(Cl)c12", "smiles_split": ["COC(=O)Cc1c[nH]c2ccc(Cl)c(Cl)c12"], "mapped_smiles": "[CH3:1][O:2][C:3](=[O:4])[CH2:5][c:6]1[cH:7][nH:8][c:9]2[cH:10][cH:11][c:12]([Cl:900])[c:13]([Cl:14])[c:15]12", "reacting_atoms": [12], "template_id": "13444016d1e7c68bbdf8f2aa3af2798d", "template_set": ["bkms"], "num_examples": 9, "necessary_reagent": "", "template_score": 9.165966184809804e-05, "rms_molwt": -257.001033888, "num_rings": -2, "plausibility": 1, "tforms": ["13444016d1e7c68bbdf8f2aa3af2798d"], "rank": 15, "score": -1396470.349324729}]}