{"smiles": "CC/C=C\\C/C=C\\C/C=C\\C/C=C\\CCCCCCC(=O)O[C@@H](COC(=O)CCCCCCCCCCC/C=C\\CCCCCCCC)COC(=O)CCCCCCCCCCCCCCCCCCCCC", "sfscore": [0.4193168580532074, 0.6330499649047852], "chem_result": [{"smiles": "CC/C=C\\C/C=C\\C/C=C\\C/C=C\\CCCCCCC(=O)O[C@@H](COC(=O)CCCCCCCCCCC/C=C\\CCCCCCCC)COC(=O)CCCCCCCCCCCCCCCCCCCCC", "bw_confidence": 0.007453520317197833, "confidence": 0.004112440416948369, "rclass": "0 0 0", "children": [{"smiles": "CC/C=C\\C/C=C\\C/C=C\\CCCCCCC(=O)O[C@@H](COC(=O)CCCCCCCCCC/C=C\\CCCCCCCC)COC(=O)CCCCCCCCCCCCCCCCCCCCC"}, {"smiles": "ClCCl"}, {"smiles": "O=C(O)C(F)(F)F"}]}, {"smiles": "CC/C=C\\C/C=C\\C/C=C\\C/C=C\\CCCCCCC(=O)O[C@@H](COC(=O)CCCCCCCCCCC/C=C\\CCCCCCCC)COC(=O)CCCCCCCCCCCCCCCCCCCCC", "bw_confidence": 0.005815024632703284, "confidence": 0.019281680796291487, "rclass": "11 11.5 11.5", "children": [{"smiles": "CC/C=C\\C/C=C\\C/C=C\\CCCCCCC(=O)O[C@@H](COC(=O)CCCCCCCCCCC/C=C\\CCCCCCCC)COC(=O)CCCCCCCCCCCCCCCCCCC"}, {"smiles": "ClCCl"}, {"smiles": "O=[Cr](=O)([O-])Cl~c1cc[nH+]cc1"}]}, {"smiles": "CC/C=C\\C/C=C\\C/C=C\\C/C=C\\CCCCCCC(=O)O[C@@H](COC(=O)CCCCCCCCCCC/C=C\\CCCCCCCC)COC(=O)CCCCCCCCCCCCCCCCCCCCC", "bw_confidence": 0.003933858316099724, "confidence": 0.004889991338050753, "rclass": "0 0 0", "children": [{"smiles": "CC/C=C\\C/C=C\\C/C=C\\CCCCCCC(=O)O[C@@H](COC(=O)CCCCCCCCCC/C=C\\CCCCCCCC)COC(=O)CCCCCCCCCCCCCCCCCC"}, {"smiles": "ClCCl"}]}, {"smiles": "CC/C=C\\C/C=C\\C/C=C\\C/C=C\\CCCCCCC(=O)O[C@@H](COC(=O)CCCCCCCCCCC/C=C\\CCCCCCCC)COC(=O)CCCCCCCCCCCCCCCCCCCCC", "bw_confidence": 0.001554257565017816, "confidence": 0.00317534079060962, "rclass": "0 0 0", "children": [{"smiles": "CC/C=C\\C/C=C\\C/C=C\\CCCCCCC(=O)O[C@@H](COC(=O)CCCCCCCCCCC/C=C\\CCCCCCCC)COC(=O)CCCCCCCCCCCCCCCCCCCC"}, {"smiles": "CCN(CC)CC"}, {"smiles": "CN(C)c1ccncc1"}, {"smiles": "ClCCl"}]}, {"smiles": "CC/C=C\\C/C=C\\C/C=C\\C/C=C\\CCCCCCC(=O)O[C@@H](COC(=O)CCCCCCCCCCC/C=C\\CCCCCCCC)COC(=O)CCCCCCCCCCCCCCCCCCCCC", "bw_confidence": 0.001171511808404058, "confidence": 0.027858611891665795, "rclass": "2 2.6 2.6.9", "children": [{"smiles": "C(=NC1CCCCC1)=NC1CCCCC1"}, {"smiles": "CC/C=C\\C/C=C\\C/C=C\\CCCCCCC(=O)O[C@@H](CO)COC(=O)CCCCCCCCCCC/C=C\\CCCCCCCC"}, {"smiles": "CCCCCCCCCCCCCCCCCC(=O)O"}, {"smiles": "CN(C)c1ccncc1"}, {"smiles": "ClCCl"}]}, {"smiles": "CC/C=C\\C/C=C\\C/C=C\\C/C=C\\CCCCCCC(=O)O[C@@H](COC(=O)CCCCCCCCCCC/C=C\\CCCCCCCC)COC(=O)CCCCCCCCCCCCCCCCCCCCC", "bw_confidence": 0.000916808246702905, "confidence": 0.0767044712775981, "rclass": "2 2.6 2.6.2", "children": [{"smiles": "CC/C=C\\C/C=C\\C/C=C\\CCCCCCC(=O)O[C@@H](CO)COC(=O)CCCCCCCCCCCCCCCCC"}, {"smiles": "CCCCCCCCCCCCCCCCCCCCCC(=O)O"}, {"smiles": "CCN=C=NCCCN(C)C~Cl"}, {"smiles": "CN(C)c1ccncc1"}, {"smiles": "ClCCl"}]}, {"smiles": "CC/C=C\\C/C=C\\C/C=C\\C/C=C\\CCCCCCC(=O)O[C@@H](COC(=O)CCCCCCCCCCC/C=C\\CCCCCCCC)COC(=O)CCCCCCCCCCCCCCCCCCCCC", "bw_confidence": 0.0004603885589805427, "confidence": 0.023655972206730425, "rclass": "2 2.6 2.6.2", "children": [{"smiles": "CC/C=C\\C/C=C\\C/C=C\\CCCCCCC(=O)O"}, {"smiles": "CCCCCCCC/C=C\\CCCCCCCCCCCC(=O)OC[C@@H](COC(=O)CCCCCCCCCCCCCCCCCC)OC(=O)CCCCCCCCCCCCCCCCCC"}, {"smiles": "CCN=C=NCCCN(C)C~Cl"}, {"smiles": "CN(C)c1ccncc1"}, {"smiles": "ClCCl"}]}, {"smiles": "CC/C=C\\C/C=C\\C/C=C\\C/C=C\\CCCCCCC(=O)O[C@@H](COC(=O)CCCCCCCCCCC/C=C\\CCCCCCCC)COC(=O)CCCCCCCCCCCCCCCCCCCCC", "bw_confidence": 0.0001689442640145911, "confidence": 0.034837947717220735, "rclass": "2 2.6 2.6.14", "children": [{"smiles": "CC/C=C\\C/C=C\\C/C=C\\C/C=C\\CCCCCCC(=O)O[C@@H](COC(=O)CCCCCCCCCCC/C=C\\CCCCCCCC)COC(=O)CCCCCCCCCCCCCCCCC"}, {"smiles": "CC/C=C\\C/C=C\\C/C=C\\CCCCCCC(=O)O[C@@H](COC(=O)CCCCCCCCCC/C=C\\CCCCCCCC)COC(=O)CCCCCCCCCCCCCCCCCCC"}]}, {"smiles": "CC/C=C\\C/C=C\\C/C=C\\C/C=C\\CCCCCCC(=O)O[C@@H](COC(=O)CCCCCCCCCCC/C=C\\CCCCCCCC)COC(=O)CCCCCCCCCCCCCCCCCCCCC", "bw_confidence": 0.00016803687727974824, "confidence": 0.03697618218132862, "rclass": "2 2.6 2.6.14", "children": [{"smiles": "CC/C=C\\C/C=C\\C/C=C\\C/C=C\\CCCCCCC(=O)O[C@@H](COC(=O)CCCCCCCCCC/C=C\\CCCCCCCC)COC(=O)CCCCCCCCCCCCCCCCC"}, {"smiles": "CC/C=C\\C/C=C\\C/C=C\\CCCCCCC(=O)O[C@@H](COC(=O)CCCCCCCCCC/C=C\\CCCCCCCC)COC(=O)CCCCCCCCCCCCCCCCCCC"}]}, {"smiles": "CC/C=C\\C/C=C\\C/C=C\\C/C=C\\CCCCCCC(=O)O[C@@H](COC(=O)CCCCCCCCCCC/C=C\\CCCCCCCC)COC(=O)CCCCCCCCCCCCCCCCCCCCC", "bw_confidence": 5.233883740480813e-05, "confidence": 0.01949935063004551, "rclass": "2 2.6 2.6.2", "children": [{"smiles": "CC/C=C\\C/C=C\\C/C=C\\CCCCCCC(=O)O"}, {"smiles": "CCCCCCCC/C=C\\CCCCCCCCCCCC(=O)OC[C@@H](COC(=O)CCCCCCCCCCCCCCCCCC)OC(=O)CCCCCCCCCCCCCCCCCCC"}, {"smiles": "CCN=C=NCCCN(C)C~Cl"}, {"smiles": "CN(C)c1ccncc1"}, {"smiles": "ClCCl"}]}, {"smiles": "CC/C=C\\C/C=C\\C/C=C\\C/C=C\\CCCCCCC(=O)O[C@@H](COC(=O)CCCCCCCCCCC/C=C\\CCCCCCCC)COC(=O)CCCCCCCCCCCCCCCCCCCCC", "bw_confidence": 4.788251374981092e-05, "confidence": 0.06516123692980627, "rclass": "7 7.6 7.6.1", "children": [{"smiles": "CC(=O)[O-]~CC(=O)[O-]~[Pb+2]~[Pd]"}, {"smiles": "CC/C=C\\C/C=C\\C/C=C\\C/C=C\\CCCCCCC(=O)O[C@H](COC(=O)CCCCCCC/C=C\\CCCCCCCC)COC(=O)CCCCCCCCCC/C=C\\CCCCCCCC"}, {"smiles": "CCOC(C)=O"}]}, {"smiles": "CC/C=C\\C/C=C\\C/C=C\\C/C=C\\CCCCCCC(=O)O[C@@H](COC(=O)CCCCCCCCCCC/C=C\\CCCCCCCC)COC(=O)CCCCCCCCCCCCCCCCCCCCC", "bw_confidence": 3.667143585027499e-05, "confidence": 0.0007507728141579852, "rclass": "11 11.5 11.5", "children": [{"smiles": "CC/C=C\\C/C=C\\C/C=C\\CCCCCCC(=O)O[C@H](COC(=O)CCCCCCCCCC/C=C\\CCCCCCCC)COC(=O)CCCCCCCCCCCCCCCCCCCC"}, {"smiles": "CCCCCCCCCCCCCCCCCCCCC(=O)OCC(O)COC(=O)CCCCCCCCCCCCCCCCCCCC"}]}], "chem_bw_confidence_list": [0.007453520317197833, 0.005815024632703284, 0.003933858316099724, 0.001554257565017816, 0.001171511808404058, 0.000916808246702905, 0.0004603885589805427, 0.0001689442640145911, 0.00016803687727974824, 5.233883740480813e-05, 4.788251374981092e-05, 3.667143585027499e-05], "enzy_template_score_list": [0.857880175113678, 0.857880175113678, 0.857880175113678, 0.857880175113678, 0.00823209248483181, 0.00823209248483181, 0.00823209248483181, 0.00823209248483181, 0.00823209248483181, 0.00823209248483181, 0.00823209248483181, 0.00823209248483181, 0.00823209248483181, 0.00823209248483181, 0.005562006961554289], "enzy_result": [{"smiles": "CC/C=C\\C/C=C\\C/C=C\\CCCCCCCCCC(=O)O[C@@H](COC(=O)CCCCCCCCCCC/C=C\\CCCCCCCC)COC(=O)CCCCCCCCCCCCCCCCCCCCC", "smiles_split": ["CC/C=C\\C/C=C\\C/C=C\\CCCCCCCCCC(=O)O[C@@H](COC(=O)CCCCCCCCCCC/C=C\\CCCCCCCC)COC(=O)CCCCCCCCCCCCCCCCCCCCC"], "mapped_smiles": "[CH3:1][CH2:2]/[CH:3]=[CH:4]\\[CH2:5]/[CH:6]=[CH:7]\\[CH2:8]/[CH:9]=[CH:10]\\[CH2:11][CH2:12][CH2:13][CH2:14][CH2:15][CH2:16][CH2:17][CH2:18][CH2:19][C:20](=[O:21])[O:22][C@@H:23]([CH2:24][O:25][C:26](=[O:27])[CH2:28][CH2:29][CH2:30][CH2:31][CH2:32][CH2:33][CH2:34][CH2:35][CH2:36][CH2:37][CH2:38]/[CH:39]=[CH:40]\\[CH2:41][CH2:42][CH2:43][CH2:44][CH2:45][CH2:46][CH2:47][CH3:48])[CH2:49][O:50][C:51](=[O:52])[CH2:53][CH2:54][CH2:55][CH2:56][CH2:57][CH2:58][CH2:59][CH2:60][CH2:61][CH2:62][CH2:63][CH2:64][CH2:65][CH2:66][CH2:67][CH2:68][CH2:69][CH2:70][CH2:71][CH2:72][CH3:73]", "reacting_atoms": [12, 13], "template_id": "b8752864a144b4d488d51a312d4ebfdc", "template_set": ["bkms", "bkms", "bkms"], "num_examples": 64, "necessary_reagent": "", "template_score": 0.857880175113678, "rms_molwt": -1022.924141624, "num_rings": 0, "plausibility": 1, "tforms": ["71d96988ab3623c8d39bf0ee6519c85b", "4b5c01ce1dd3e508649493e134ba9f1c", "b8752864a144b4d488d51a312d4ebfdc"], "rank": 1, "score": -1456.4091618631912}, {"smiles": "CC/C=C\\CCCC/C=C\\C/C=C\\CCCCCCC(=O)O[C@@H](COC(=O)CCCCCCCCCCC/C=C\\CCCCCCCC)COC(=O)CCCCCCCCCCCCCCCCCCCCC", "smiles_split": ["CC/C=C\\CCCC/C=C\\C/C=C\\CCCCCCC(=O)O[C@@H](COC(=O)CCCCCCCCCCC/C=C\\CCCCCCCC)COC(=O)CCCCCCCCCCCCCCCCCCCCC"], "mapped_smiles": "[CH3:1][CH2:2]/[CH:3]=[CH:4]\\[CH2:5][CH2:6][CH2:7][CH2:8]/[CH:9]=[CH:10]\\[CH2:11]/[CH:12]=[CH:13]\\[CH2:14][CH2:15][CH2:16][CH2:17][CH2:18][CH2:19][C:20](=[O:21])[O:22][C@@H:23]([CH2:24][O:25][C:26](=[O:27])[CH2:28][CH2:29][CH2:30][CH2:31][CH2:32][CH2:33][CH2:34][CH2:35][CH2:36][CH2:37][CH2:38]/[CH:39]=[CH:40]\\[CH2:41][CH2:42][CH2:43][CH2:44][CH2:45][CH2:46][CH2:47][CH3:48])[CH2:49][O:50][C:51](=[O:52])[CH2:53][CH2:54][CH2:55][CH2:56][CH2:57][CH2:58][CH2:59][CH2:60][CH2:61][CH2:62][CH2:63][CH2:64][CH2:65][CH2:66][CH2:67][CH2:68][CH2:69][CH2:70][CH2:71][CH2:72][CH3:73]", "reacting_atoms": [7, 6], "template_id": "b8752864a144b4d488d51a312d4ebfdc", "template_set": ["bkms", "bkms", "bkms"], "num_examples": 64, "necessary_reagent": "", "template_score": 0.857880175113678, "rms_molwt": -1022.924141624, "num_rings": 0, "plausibility": 1, "tforms": ["71d96988ab3623c8d39bf0ee6519c85b", "4b5c01ce1dd3e508649493e134ba9f1c", "b8752864a144b4d488d51a312d4ebfdc"], "rank": 2, "score": -1456.4091618631912}, {"smiles": "CCCCC/C=C\\C/C=C\\C/C=C\\CCCCCCC(=O)O[C@@H](COC(=O)CCCCCCCCCCC/C=C\\CCCCCCCC)COC(=O)CCCCCCCCCCCCCCCCCCCCC", "smiles_split": ["CCCCC/C=C\\C/C=C\\C/C=C\\CCCCCCC(=O)O[C@@H](COC(=O)CCCCCCCCCCC/C=C\\CCCCCCCC)COC(=O)CCCCCCCCCCCCCCCCCCCCC"], "mapped_smiles": "[CH3:1][CH2:2][CH2:3][CH2:4][CH2:5]/[CH:6]=[CH:7]\\[CH2:8]/[CH:9]=[CH:10]\\[CH2:11]/[CH:12]=[CH:13]\\[CH2:14][CH2:15][CH2:16][CH2:17][CH2:18][CH2:19][C:20](=[O:21])[O:22][C@@H:23]([CH2:24][O:25][C:26](=[O:27])[CH2:28][CH2:29][CH2:30][CH2:31][CH2:32][CH2:33][CH2:34][CH2:35][CH2:36][CH2:37][CH2:38]/[CH:39]=[CH:40]\\[CH2:41][CH2:42][CH2:43][CH2:44][CH2:45][CH2:46][CH2:47][CH3:48])[CH2:49][O:50][C:51](=[O:52])[CH2:53][CH2:54][CH2:55][CH2:56][CH2:57][CH2:58][CH2:59][CH2:60][CH2:61][CH2:62][CH2:63][CH2:64][CH2:65][CH2:66][CH2:67][CH2:68][CH2:69][CH2:70][CH2:71][CH2:72][CH3:73]", "reacting_atoms": [4, 3], "template_id": "b8752864a144b4d488d51a312d4ebfdc", "template_set": ["bkms", "bkms", "bkms"], "num_examples": 64, "necessary_reagent": "", "template_score": 0.857880175113678, "rms_molwt": -1022.924141624, "num_rings": 0, "plausibility": 1, "tforms": ["71d96988ab3623c8d39bf0ee6519c85b", "4b5c01ce1dd3e508649493e134ba9f1c", "b8752864a144b4d488d51a312d4ebfdc"], "rank": 3, "score": -1456.4091618631912}, {"smiles": "CC/C=C\\C/C=C\\CCCC/C=C\\CCCCCCC(=O)O[C@@H](COC(=O)CCCCCCCCCCC/C=C\\CCCCCCCC)COC(=O)CCCCCCCCCCCCCCCCCCCCC", "smiles_split": ["CC/C=C\\C/C=C\\CCCC/C=C\\CCCCCCC(=O)O[C@@H](COC(=O)CCCCCCCCCCC/C=C\\CCCCCCCC)COC(=O)CCCCCCCCCCCCCCCCCCCCC"], "mapped_smiles": "[CH3:1][CH2:2]/[CH:3]=[CH:4]\\[CH2:5]/[CH:6]=[CH:7]\\[CH2:8][CH2:9][CH2:10][CH2:11]/[CH:12]=[CH:13]\\[CH2:14][CH2:15][CH2:16][CH2:17][CH2:18][CH2:19][C:20](=[O:21])[O:22][C@@H:23]([CH2:24][O:25][C:26](=[O:27])[CH2:28][CH2:29][CH2:30][CH2:31][CH2:32][CH2:33][CH2:34][CH2:35][CH2:36][CH2:37][CH2:38]/[CH:39]=[CH:40]\\[CH2:41][CH2:42][CH2:43][CH2:44][CH2:45][CH2:46][CH2:47][CH3:48])[CH2:49][O:50][C:51](=[O:52])[CH2:53][CH2:54][CH2:55][CH2:56][CH2:57][CH2:58][CH2:59][CH2:60][CH2:61][CH2:62][CH2:63][CH2:64][CH2:65][CH2:66][CH2:67][CH2:68][CH2:69][CH2:70][CH2:71][CH2:72][CH3:73]", "reacting_atoms": [10, 9], "template_id": "b8752864a144b4d488d51a312d4ebfdc", "template_set": ["bkms", "bkms", "bkms"], "num_examples": 64, "necessary_reagent": "", "template_score": 0.857880175113678, "rms_molwt": -1022.924141624, "num_rings": 0, "plausibility": 1, "tforms": ["71d96988ab3623c8d39bf0ee6519c85b", "4b5c01ce1dd3e508649493e134ba9f1c", "b8752864a144b4d488d51a312d4ebfdc"], "rank": 4, "score": -1456.4091618631912}, {"smiles": "CCCCCCCC/C=C\\CCCCCCCCCCCC(=O)OC[C@@H](COC(=O)CCCCCCCCCCCCCCCCCCCCC)OC(=O)CCCCCC/C=C\\C/C=C\\C/C=C\\CC1OC(=O)C1CC", "smiles_split": ["CCCCCCCC/C=C\\CCCCCCCCCCCC(=O)OC[C@@H](COC(=O)CCCCCCCCCCCCCCCCCCCCC)OC(=O)CCCCCC/C=C\\C/C=C\\C/C=C\\CC1OC(=O)C1CC"], "mapped_smiles": "[CH3:1][CH2:2][CH:3]1[CH:4]([CH2:5]/[CH:6]=[CH:7]\\[CH2:8]/[CH:9]=[CH:10]\\[CH2:11]/[CH:12]=[CH:13]\\[CH2:14][CH2:15][CH2:16][CH2:17][CH2:18][CH2:19][C:20](=[O:21])[O:22][C@@H:23]([CH2:24][O:25][C:26](=[O:27])[CH2:28][CH2:29][CH2:30][CH2:31][CH2:32][CH2:33][CH2:34][CH2:35][CH2:36][CH2:37][CH2:38]/[CH:39]=[CH:40]\\[CH2:41][CH2:42][CH2:43][CH2:44][CH2:45][CH2:46][CH2:47][CH3:48])[CH2:49][O:50][C:51](=[O:52])[CH2:53][CH2:54][CH2:55][CH2:56][CH2:57][CH2:58][CH2:59][CH2:60][CH2:61][CH2:62][CH2:63][CH2:64][CH2:65][CH2:66][CH2:67][CH2:68][CH2:69][CH2:70][CH2:71][CH2:72][CH3:73])[O:902][C:901]1=[O:900]", "reacting_atoms": [4, 3], "template_id": "95b167a4e5e2cf14a7f1b2c6fb174cb0", "template_set": ["bkms"], "num_examples": 4, "necessary_reagent": "", "template_score": 0.00823209248483181, "rms_molwt": -1064.8983208, "num_rings": -1, "plausibility": 1, "tforms": ["95b167a4e5e2cf14a7f1b2c6fb174cb0"], "rank": 5, "score": -162182.9785435947}, {"smiles": "CC/C=C\\C/C=C\\C/C=C\\C/C=C\\CCCCCCC(=O)O[C@H](COC(=O)CCCCCCCCCCCCCCCCCCCCC)COC(=O)CCCCCCCCCCCC1OC(=O)C1CCCCCCCC", "smiles_split": ["CC/C=C\\C/C=C\\C/C=C\\C/C=C\\CCCCCCC(=O)O[C@H](COC(=O)CCCCCCCCCCCCCCCCCCCCC)COC(=O)CCCCCCCCCCCC1OC(=O)C1CCCCCCCC"], "mapped_smiles": "[CH3:1][CH2:2]/[CH:3]=[CH:4]\\[CH2:5]/[CH:6]=[CH:7]\\[CH2:8]/[CH:9]=[CH:10]\\[CH2:11]/[CH:12]=[CH:13]\\[CH2:14][CH2:15][CH2:16][CH2:17][CH2:18][CH2:19][C:20](=[O:21])[O:22][C@@H:23]([CH2:24][O:25][C:26](=[O:27])[CH2:28][CH2:29][CH2:30][CH2:31][CH2:32][CH2:33][CH2:34][CH2:35][CH2:36][CH2:37][CH2:38][CH:39]1[CH:40]([CH2:41][CH2:42][CH2:43][CH2:44][CH2:45][CH2:46][CH2:47][CH3:48])[C:901](=[O:900])[O:902]1)[CH2:49][O:50][C:51](=[O:52])[CH2:53][CH2:54][CH2:55][CH2:56][CH2:57][CH2:58][CH2:59][CH2:60][CH2:61][CH2:62][CH2:63][CH2:64][CH2:65][CH2:66][CH2:67][CH2:68][CH2:69][CH2:70][CH2:71][CH2:72][CH3:73]", "reacting_atoms": [39, 40], "template_id": "95b167a4e5e2cf14a7f1b2c6fb174cb0", "template_set": ["bkms"], "num_examples": 4, "necessary_reagent": "", "template_score": 0.00823209248483181, "rms_molwt": -1064.8983208, "num_rings": -1, "plausibility": 1, "tforms": ["95b167a4e5e2cf14a7f1b2c6fb174cb0"], "rank": 6, "score": -162182.9785435947}, {"smiles": "CC/C=C\\CC1C(=O)OC1C/C=C\\C/C=C\\CCCCCCC(=O)O[C@@H](COC(=O)CCCCCCCCCCC/C=C\\CCCCCCCC)COC(=O)CCCCCCCCCCCCCCCCCCCCC", "smiles_split": ["CC/C=C\\CC1C(=O)OC1C/C=C\\C/C=C\\CCCCCCC(=O)O[C@@H](COC(=O)CCCCCCCCCCC/C=C\\CCCCCCCC)COC(=O)CCCCCCCCCCCCCCCCCCCCC"], "mapped_smiles": "[CH3:1][CH2:2]/[CH:3]=[CH:4]\\[CH2:5][CH:6]1[CH:7]([CH2:8]/[CH:9]=[CH:10]\\[CH2:11]/[CH:12]=[CH:13]\\[CH2:14][CH2:15][CH2:16][CH2:17][CH2:18][CH2:19][C:20](=[O:21])[O:22][C@@H:23]([CH2:24][O:25][C:26](=[O:27])[CH2:28][CH2:29][CH2:30][CH2:31][CH2:32][CH2:33][CH2:34][CH2:35][CH2:36][CH2:37][CH2:38]/[CH:39]=[CH:40]\\[CH2:41][CH2:42][CH2:43][CH2:44][CH2:45][CH2:46][CH2:47][CH3:48])[CH2:49][O:50][C:51](=[O:52])[CH2:53][CH2:54][CH2:55][CH2:56][CH2:57][CH2:58][CH2:59][CH2:60][CH2:61][CH2:62][CH2:63][CH2:64][CH2:65][CH2:66][CH2:67][CH2:68][CH2:69][CH2:70][CH2:71][CH2:72][CH3:73])[O:902][C:901]1=[O:900]", "reacting_atoms": [7, 6], "template_id": "95b167a4e5e2cf14a7f1b2c6fb174cb0", "template_set": ["bkms"], "num_examples": 4, "necessary_reagent": "", "template_score": 0.00823209248483181, "rms_molwt": -1064.8983208, "num_rings": -1, "plausibility": 1, "tforms": ["95b167a4e5e2cf14a7f1b2c6fb174cb0"], "rank": 7, "score": -162182.9785435947}, {"smiles": "CC/C=C\\CC1OC(=O)C1C/C=C\\C/C=C\\CCCCCCC(=O)O[C@@H](COC(=O)CCCCCCCCCCC/C=C\\CCCCCCCC)COC(=O)CCCCCCCCCCCCCCCCCCCCC", "smiles_split": ["CC/C=C\\CC1OC(=O)C1C/C=C\\C/C=C\\CCCCCCC(=O)O[C@@H](COC(=O)CCCCCCCCCCC/C=C\\CCCCCCCC)COC(=O)CCCCCCCCCCCCCCCCCCCCC"], "mapped_smiles": "[CH3:1][CH2:2]/[CH:3]=[CH:4]\\[CH2:5][CH:6]1[CH:7]([CH2:8]/[CH:9]=[CH:10]\\[CH2:11]/[CH:12]=[CH:13]\\[CH2:14][CH2:15][CH2:16][CH2:17][CH2:18][CH2:19][C:20](=[O:21])[O:22][C@@H:23]([CH2:24][O:25][C:26](=[O:27])[CH2:28][CH2:29][CH2:30][CH2:31][CH2:32][CH2:33][CH2:34][CH2:35][CH2:36][CH2:37][CH2:38]/[CH:39]=[CH:40]\\[CH2:41][CH2:42][CH2:43][CH2:44][CH2:45][CH2:46][CH2:47][CH3:48])[CH2:49][O:50][C:51](=[O:52])[CH2:53][CH2:54][CH2:55][CH2:56][CH2:57][CH2:58][CH2:59][CH2:60][CH2:61][CH2:62][CH2:63][CH2:64][CH2:65][CH2:66][CH2:67][CH2:68][CH2:69][CH2:70][CH2:71][CH2:72][CH3:73])[C:901](=[O:900])[O:902]1", "reacting_atoms": [6, 7], "template_id": "95b167a4e5e2cf14a7f1b2c6fb174cb0", "template_set": ["bkms"], "num_examples": 4, "necessary_reagent": "", "template_score": 0.00823209248483181, "rms_molwt": -1064.8983208, "num_rings": -1, "plausibility": 1, "tforms": ["95b167a4e5e2cf14a7f1b2c6fb174cb0"], "rank": 8, "score": -162182.9785435947}, {"smiles": "CCCCCCCC/C=C\\CCCCCCCCCCCC(=O)OC[C@@H](COC(=O)CCCCCCCCCCCCCCCCCCCCC)OC(=O)CCCCCC/C=C\\C/C=C\\C/C=C\\CC1C(=O)OC1CC", "smiles_split": ["CCCCCCCC/C=C\\CCCCCCCCCCCC(=O)OC[C@@H](COC(=O)CCCCCCCCCCCCCCCCCCCCC)OC(=O)CCCCCC/C=C\\C/C=C\\C/C=C\\CC1C(=O)OC1CC"], "mapped_smiles": "[CH3:1][CH2:2][CH:3]1[CH:4]([CH2:5]/[CH:6]=[CH:7]\\[CH2:8]/[CH:9]=[CH:10]\\[CH2:11]/[CH:12]=[CH:13]\\[CH2:14][CH2:15][CH2:16][CH2:17][CH2:18][CH2:19][C:20](=[O:21])[O:22][C@@H:23]([CH2:24][O:25][C:26](=[O:27])[CH2:28][CH2:29][CH2:30][CH2:31][CH2:32][CH2:33][CH2:34][CH2:35][CH2:36][CH2:37][CH2:38]/[CH:39]=[CH:40]\\[CH2:41][CH2:42][CH2:43][CH2:44][CH2:45][CH2:46][CH2:47][CH3:48])[CH2:49][O:50][C:51](=[O:52])[CH2:53][CH2:54][CH2:55][CH2:56][CH2:57][CH2:58][CH2:59][CH2:60][CH2:61][CH2:62][CH2:63][CH2:64][CH2:65][CH2:66][CH2:67][CH2:68][CH2:69][CH2:70][CH2:71][CH2:72][CH3:73])[C:901](=[O:900])[O:902]1", "reacting_atoms": [3, 4], "template_id": "95b167a4e5e2cf14a7f1b2c6fb174cb0", "template_set": ["bkms"], "num_examples": 4, "necessary_reagent": "", "template_score": 0.00823209248483181, "rms_molwt": -1064.8983208, "num_rings": -1, "plausibility": 1, "tforms": ["95b167a4e5e2cf14a7f1b2c6fb174cb0"], "rank": 9, "score": -162182.9785435947}, {"smiles": "CC/C=C\\C/C=C\\C/C=C\\C/C=C\\CCCCCCC(=O)O[C@H](COC(=O)CCCCCCCCCCCCCCCCCCCCC)COC(=O)CCCCCCCCCCCC1C(=O)OC1CCCCCCCC", "smiles_split": ["CC/C=C\\C/C=C\\C/C=C\\C/C=C\\CCCCCCC(=O)O[C@H](COC(=O)CCCCCCCCCCCCCCCCCCCCC)COC(=O)CCCCCCCCCCCC1C(=O)OC1CCCCCCCC"], "mapped_smiles": "[CH3:1][CH2:2]/[CH:3]=[CH:4]\\[CH2:5]/[CH:6]=[CH:7]\\[CH2:8]/[CH:9]=[CH:10]\\[CH2:11]/[CH:12]=[CH:13]\\[CH2:14][CH2:15][CH2:16][CH2:17][CH2:18][CH2:19][C:20](=[O:21])[O:22][C@@H:23]([CH2:24][O:25][C:26](=[O:27])[CH2:28][CH2:29][CH2:30][CH2:31][CH2:32][CH2:33][CH2:34][CH2:35][CH2:36][CH2:37][CH2:38][CH:39]1[CH:40]([CH2:41][CH2:42][CH2:43][CH2:44][CH2:45][CH2:46][CH2:47][CH3:48])[O:902][C:901]1=[O:900])[CH2:49][O:50][C:51](=[O:52])[CH2:53][CH2:54][CH2:55][CH2:56][CH2:57][CH2:58][CH2:59][CH2:60][CH2:61][CH2:62][CH2:63][CH2:64][CH2:65][CH2:66][CH2:67][CH2:68][CH2:69][CH2:70][CH2:71][CH2:72][CH3:73]", "reacting_atoms": [40, 39], "template_id": "95b167a4e5e2cf14a7f1b2c6fb174cb0", "template_set": ["bkms"], "num_examples": 4, "necessary_reagent": "", "template_score": 0.00823209248483181, "rms_molwt": -1064.8983208, "num_rings": -1, "plausibility": 1, "tforms": ["95b167a4e5e2cf14a7f1b2c6fb174cb0"], "rank": 10, "score": -162182.9785435947}, {"smiles": "CC/C=C\\C/C=C\\C/C=C\\CC1C(=O)OC1CCCCCCC(=O)O[C@@H](COC(=O)CCCCCCCCCCC/C=C\\CCCCCCCC)COC(=O)CCCCCCCCCCCCCCCCCCCCC", "smiles_split": ["CC/C=C\\C/C=C\\C/C=C\\CC1C(=O)OC1CCCCCCC(=O)O[C@@H](COC(=O)CCCCCCCCCCC/C=C\\CCCCCCCC)COC(=O)CCCCCCCCCCCCCCCCCCCCC"], "mapped_smiles": "[CH3:1][CH2:2]/[CH:3]=[CH:4]\\[CH2:5]/[CH:6]=[CH:7]\\[CH2:8]/[CH:9]=[CH:10]\\[CH2:11][CH:12]1[CH:13]([CH2:14][CH2:15][CH2:16][CH2:17][CH2:18][CH2:19][C:20](=[O:21])[O:22][C@@H:23]([CH2:24][O:25][C:26](=[O:27])[CH2:28][CH2:29][CH2:30][CH2:31][CH2:32][CH2:33][CH2:34][CH2:35][CH2:36][CH2:37][CH2:38]/[CH:39]=[CH:40]\\[CH2:41][CH2:42][CH2:43][CH2:44][CH2:45][CH2:46][CH2:47][CH3:48])[CH2:49][O:50][C:51](=[O:52])[CH2:53][CH2:54][CH2:55][CH2:56][CH2:57][CH2:58][CH2:59][CH2:60][CH2:61][CH2:62][CH2:63][CH2:64][CH2:65][CH2:66][CH2:67][CH2:68][CH2:69][CH2:70][CH2:71][CH2:72][CH3:73])[O:902][C:901]1=[O:900]", "reacting_atoms": [13, 12], "template_id": "95b167a4e5e2cf14a7f1b2c6fb174cb0", "template_set": ["bkms"], "num_examples": 4, "necessary_reagent": "", "template_score": 0.00823209248483181, "rms_molwt": -1064.8983208, "num_rings": -1, "plausibility": 1, "tforms": ["95b167a4e5e2cf14a7f1b2c6fb174cb0"], "rank": 11, "score": -162182.9785435947}, {"smiles": "CC/C=C\\C/C=C\\CC1C(=O)OC1C/C=C\\CCCCCCC(=O)O[C@@H](COC(=O)CCCCCCCCCCC/C=C\\CCCCCCCC)COC(=O)CCCCCCCCCCCCCCCCCCCCC", "smiles_split": ["CC/C=C\\C/C=C\\CC1C(=O)OC1C/C=C\\CCCCCCC(=O)O[C@@H](COC(=O)CCCCCCCCCCC/C=C\\CCCCCCCC)COC(=O)CCCCCCCCCCCCCCCCCCCCC"], "mapped_smiles": "[CH3:1][CH2:2]/[CH:3]=[CH:4]\\[CH2:5]/[CH:6]=[CH:7]\\[CH2:8][CH:9]1[CH:10]([CH2:11]/[CH:12]=[CH:13]\\[CH2:14][CH2:15][CH2:16][CH2:17][CH2:18][CH2:19][C:20](=[O:21])[O:22][C@@H:23]([CH2:24][O:25][C:26](=[O:27])[CH2:28][CH2:29][CH2:30][CH2:31][CH2:32][CH2:33][CH2:34][CH2:35][CH2:36][CH2:37][CH2:38]/[CH:39]=[CH:40]\\[CH2:41][CH2:42][CH2:43][CH2:44][CH2:45][CH2:46][CH2:47][CH3:48])[CH2:49][O:50][C:51](=[O:52])[CH2:53][CH2:54][CH2:55][CH2:56][CH2:57][CH2:58][CH2:59][CH2:60][CH2:61][CH2:62][CH2:63][CH2:64][CH2:65][CH2:66][CH2:67][CH2:68][CH2:69][CH2:70][CH2:71][CH2:72][CH3:73])[O:902][C:901]1=[O:900]", "reacting_atoms": [10, 9], "template_id": "95b167a4e5e2cf14a7f1b2c6fb174cb0", "template_set": ["bkms"], "num_examples": 4, "necessary_reagent": "", "template_score": 0.00823209248483181, "rms_molwt": -1064.8983208, "num_rings": -1, "plausibility": 1, "tforms": ["95b167a4e5e2cf14a7f1b2c6fb174cb0"], "rank": 12, "score": -162182.9785435947}, {"smiles": "CC/C=C\\C/C=C\\C/C=C\\CC1OC(=O)C1CCCCCCC(=O)O[C@@H](COC(=O)CCCCCCCCCCC/C=C\\CCCCCCCC)COC(=O)CCCCCCCCCCCCCCCCCCCCC", "smiles_split": ["CC/C=C\\C/C=C\\C/C=C\\CC1OC(=O)C1CCCCCCC(=O)O[C@@H](COC(=O)CCCCCCCCCCC/C=C\\CCCCCCCC)COC(=O)CCCCCCCCCCCCCCCCCCCCC"], "mapped_smiles": "[CH3:1][CH2:2]/[CH:3]=[CH:4]\\[CH2:5]/[CH:6]=[CH:7]\\[CH2:8]/[CH:9]=[CH:10]\\[CH2:11][CH:12]1[CH:13]([CH2:14][CH2:15][CH2:16][CH2:17][CH2:18][CH2:19][C:20](=[O:21])[O:22][C@@H:23]([CH2:24][O:25][C:26](=[O:27])[CH2:28][CH2:29][CH2:30][CH2:31][CH2:32][CH2:33][CH2:34][CH2:35][CH2:36][CH2:37][CH2:38]/[CH:39]=[CH:40]\\[CH2:41][CH2:42][CH2:43][CH2:44][CH2:45][CH2:46][CH2:47][CH3:48])[CH2:49][O:50][C:51](=[O:52])[CH2:53][CH2:54][CH2:55][CH2:56][CH2:57][CH2:58][CH2:59][CH2:60][CH2:61][CH2:62][CH2:63][CH2:64][CH2:65][CH2:66][CH2:67][CH2:68][CH2:69][CH2:70][CH2:71][CH2:72][CH3:73])[C:901](=[O:900])[O:902]1", "reacting_atoms": [12, 13], "template_id": "95b167a4e5e2cf14a7f1b2c6fb174cb0", "template_set": ["bkms"], "num_examples": 4, "necessary_reagent": "", "template_score": 0.00823209248483181, "rms_molwt": -1064.8983208, "num_rings": -1, "plausibility": 1, "tforms": ["95b167a4e5e2cf14a7f1b2c6fb174cb0"], "rank": 13, "score": -162182.9785435947}, {"smiles": "CC/C=C\\C/C=C\\CC1OC(=O)C1C/C=C\\CCCCCCC(=O)O[C@@H](COC(=O)CCCCCCCCCCC/C=C\\CCCCCCCC)COC(=O)CCCCCCCCCCCCCCCCCCCCC", "smiles_split": ["CC/C=C\\C/C=C\\CC1OC(=O)C1C/C=C\\CCCCCCC(=O)O[C@@H](COC(=O)CCCCCCCCCCC/C=C\\CCCCCCCC)COC(=O)CCCCCCCCCCCCCCCCCCCCC"], "mapped_smiles": "[CH3:1][CH2:2]/[CH:3]=[CH:4]\\[CH2:5]/[CH:6]=[CH:7]\\[CH2:8][CH:9]1[CH:10]([CH2:11]/[CH:12]=[CH:13]\\[CH2:14][CH2:15][CH2:16][CH2:17][CH2:18][CH2:19][C:20](=[O:21])[O:22][C@@H:23]([CH2:24][O:25][C:26](=[O:27])[CH2:28][CH2:29][CH2:30][CH2:31][CH2:32][CH2:33][CH2:34][CH2:35][CH2:36][CH2:37][CH2:38]/[CH:39]=[CH:40]\\[CH2:41][CH2:42][CH2:43][CH2:44][CH2:45][CH2:46][CH2:47][CH3:48])[CH2:49][O:50][C:51](=[O:52])[CH2:53][CH2:54][CH2:55][CH2:56][CH2:57][CH2:58][CH2:59][CH2:60][CH2:61][CH2:62][CH2:63][CH2:64][CH2:65][CH2:66][CH2:67][CH2:68][CH2:69][CH2:70][CH2:71][CH2:72][CH3:73])[C:901](=[O:900])[O:902]1", "reacting_atoms": [9, 10], "template_id": "95b167a4e5e2cf14a7f1b2c6fb174cb0", "template_set": ["bkms"], "num_examples": 4, "necessary_reagent": "", "template_score": 0.00823209248483181, "rms_molwt": -1064.8983208, "num_rings": -1, "plausibility": 1, "tforms": ["95b167a4e5e2cf14a7f1b2c6fb174cb0"], "rank": 14, "score": -162182.9785435947}, {"smiles": "CC/C=C\\C[C@H]1OC(=O)[C@H]1C/C=C\\C/C=C\\CCCCCCC(=O)O[C@@H](COC(=O)CCCCCCCCCCC/C=C\\CCCCCCCC)COC(=O)CCCCCCCCCCCCCCCCCCCCC", "smiles_split": ["CC/C=C\\C[C@H]1OC(=O)[C@H]1C/C=C\\C/C=C\\CCCCCCC(=O)O[C@@H](COC(=O)CCCCCCCCCCC/C=C\\CCCCCCCC)COC(=O)CCCCCCCCCCCCCCCCCCCCC"], "mapped_smiles": "[CH3:1][CH2:2]/[CH:3]=[CH:4]\\[CH2:5][C@@H:6]1[C@H:7]([CH2:8]/[CH:9]=[CH:10]\\[CH2:11]/[CH:12]=[CH:13]\\[CH2:14][CH2:15][CH2:16][CH2:17][CH2:18][CH2:19][C:20](=[O:21])[O:22][C@@H:23]([CH2:24][O:25][C:26](=[O:27])[CH2:28][CH2:29][CH2:30][CH2:31][CH2:32][CH2:33][CH2:34][CH2:35][CH2:36][CH2:37][CH2:38]/[CH:39]=[CH:40]\\[CH2:41][CH2:42][CH2:43][CH2:44][CH2:45][CH2:46][CH2:47][CH3:48])[CH2:49][O:50][C:51](=[O:52])[CH2:53][CH2:54][CH2:55][CH2:56][CH2:57][CH2:58][CH2:59][CH2:60][CH2:61][CH2:62][CH2:63][CH2:64][CH2:65][CH2:66][CH2:67][CH2:68][CH2:69][CH2:70][CH2:71][CH2:72][CH3:73])[C:901](=[O:900])[O:902]1", "reacting_atoms": [6, 7], "template_id": "94845711804a0b9ebbe62b6d7d359b72", "template_set": ["bkms"], "num_examples": 1, "necessary_reagent": "", "template_score": 0.005562006961554289, "rms_molwt": -1064.8983208, "num_rings": -1, "plausibility": 1, "tforms": ["94845711804a0b9ebbe62b6d7d359b72"], "rank": 15, "score": -242916.8622361454}]}