{"smiles": "COC(=O)CC(=O)OC[C@H]1O[C@H](Oc2ccc3c(=O)c(-c4ccc(OC)cc4)coc3c2)[C@@H](O)[C@@H](O)[C@@H]1O", "sfscore": [0.4095582067966461, 0.64701908826828], "chem_result": [{"smiles": "COC(=O)CC(=O)OC[C@H]1O[C@H](Oc2ccc3c(=O)c(-c4ccc(OC)cc4)coc3c2)[C@@H](O)[C@@H](O)[C@@H]1O", "bw_confidence": 0.11549224069795884, "confidence": 0.828812787272405, "rclass": "3 3.1 3.1.5", "children": [{"smiles": "COC(=O)CC(=O)OC[C@H]1O[C@H](Oc2ccc3c(=O)c(Br)coc3c2)[C@@H](O)[C@@H](O)[C@@H]1O"}, {"smiles": "COc1ccc(B(O)O)cc1"}]}, {"smiles": "COC(=O)CC(=O)OC[C@H]1O[C@H](Oc2ccc3c(=O)c(-c4ccc(OC)cc4)coc3c2)[C@@H](O)[C@@H](O)[C@@H]1O", "bw_confidence": 0.0880016551378826, "confidence": 0.5869510183520836, "rclass": "6 6.3 6.3.6", "children": [{"smiles": "CO"}, {"smiles": "COC(=O)CC(=O)OC[C@H]1O[C@H](Oc2ccc3c(=O)c(-c4ccc(OC)cc4)coc3c2)[C@@H](OC(C)=O)[C@@H](OC(C)=O)[C@@H]1OC(C)=O"}, {"smiles": "C[O-]~[Na+]"}]}, {"smiles": "COC(=O)CC(=O)OC[C@H]1O[C@H](Oc2ccc3c(=O)c(-c4ccc(OC)cc4)coc3c2)[C@@H](O)[C@@H](O)[C@@H]1O", "bw_confidence": 0.05219376854961822, "confidence": 0.5821763739325402, "rclass": "10 10.4 10.4.11", "children": [{"smiles": "COC(=O)CC(=O)OC[C@H]1O[C@H](Oc2ccc3c(=O)c(-c4ccc(OC)cc4)coc3c2)C=C[C@@H]1O"}, {"smiles": "C[N+]1([O-])CCOCC1"}, {"smiles": "O=[Os](=O)(=O)=O"}]}, {"smiles": "COC(=O)CC(=O)OC[C@H]1O[C@H](Oc2ccc3c(=O)c(-c4ccc(OC)cc4)coc3c2)[C@@H](O)[C@@H](O)[C@@H]1O", "bw_confidence": 0.04516892949748995, "confidence": 0.8185657495407536, "rclass": "2 2.6 2.6.2", "children": [{"smiles": "COC(=O)CC(=O)O"}, {"smiles": "COc1ccc(-c2coc3cc(O[C@H]4O[C@H](CO)[C@@H](O)[C@H](O)[C@@H]4O)ccc3c2=O)cc1"}]}, {"smiles": "COC(=O)CC(=O)OC[C@H]1O[C@H](Oc2ccc3c(=O)c(-c4ccc(OC)cc4)coc3c2)[C@@H](O)[C@@H](O)[C@@H]1O", "bw_confidence": 0.04337046296470973, "confidence": 0.8192279067046729, "rclass": "2 2.6 2.6.1", "children": [{"smiles": "COC(=O)CC(=O)Cl"}, {"smiles": "COc1ccc(-c2coc3cc(O[C@H]4O[C@H](CO)[C@@H](O)[C@H](O)[C@@H]4O)ccc3c2=O)cc1"}, {"smiles": "c1ccncc1"}]}, {"smiles": "COC(=O)CC(=O)OC[C@H]1O[C@H](Oc2ccc3c(=O)c(-c4ccc(OC)cc4)coc3c2)[C@@H](O)[C@@H](O)[C@@H]1O", "bw_confidence": 0.022688793792372087, "confidence": 0.8996285440071282, "rclass": "1 1.7 1.7.6", "children": [{"smiles": "CO"}, {"smiles": "COc1ccc(-c2coc3cc(O[C@H]4O[C@H](COC(=O)CC(=O)O)[C@@H](O)[C@H](O)[C@@H]4O)ccc3c2=O)cc1"}, {"smiles": "O=S(Cl)Cl"}]}, {"smiles": "COC(=O)CC(=O)OC[C@H]1O[C@H](Oc2ccc3c(=O)c(-c4ccc(OC)cc4)coc3c2)[C@@H](O)[C@@H](O)[C@@H]1O", "bw_confidence": 0.009045393566344347, "confidence": 0.36319332692891126, "rclass": "11 11.5 11.5", "children": [{"smiles": "CO"}, {"smiles": "COC(=O)CC(=O)OC[C@H]1O[C@H](Oc2ccc3c(=O)c(-c4ccc(OC)cc4)coc3c2)[C@@H](O)[C@@H](O)[C@@H]1O"}]}, {"smiles": "COC(=O)CC(=O)OC[C@H]1O[C@H](Oc2ccc3c(=O)c(-c4ccc(OC)cc4)coc3c2)[C@@H](O)[C@@H](O)[C@@H]1O", "bw_confidence": 0.007880024072581017, "confidence": 0.345857280361295, "rclass": "0 0 0", "children": [{"smiles": "CN(C)C=O"}, {"smiles": "COC(=O)CC(=O)OC[C@H]1O[C@H](Oc2ccc(C(=O)C(C=O)c3ccc(OC)cc3)c(O)c2)[C@@H](O)[C@@H](O)[C@@H]1O"}, {"smiles": "O=C([O-])[O-]~[K+]~[K+]"}]}, {"smiles": "COC(=O)CC(=O)OC[C@H]1O[C@H](Oc2ccc3c(=O)c(-c4ccc(OC)cc4)coc3c2)[C@@H](O)[C@@H](O)[C@@H]1O", "bw_confidence": 0.007487503815873315, "confidence": 0.4902407524991546, "rclass": "0 0 0", "children": [{"smiles": "CC(=O)O"}, {"smiles": "COC(=O)CC(=O)OC[C@H]1O[C@H](Oc2ccc3c(c2)OCC(c2ccc(OC)cc2)C3=O)[C@@H](O)[C@@H](O)[C@@H]1O"}, {"smiles": "[Zn]"}]}, {"smiles": "COC(=O)CC(=O)OC[C@H]1O[C@H](Oc2ccc3c(=O)c(-c4ccc(OC)cc4)coc3c2)[C@@H](O)[C@@H](O)[C@@H]1O", "bw_confidence": 0.006390884048869099, "confidence": 0.5084095198535749, "rclass": "9 9.7 9.7.59", "children": [{"smiles": "COC(=O)CC(=O)OC[C@H]1O[C@H](Oc2ccc3c(=O)c(-c4ccc(OC)cc4)coc3c2Cl)[C@@H](O)[C@@H](O)[C@@H]1O"}, {"smiles": "[H][H]"}, {"smiles": "[Pd]"}]}, {"smiles": "COC(=O)CC(=O)OC[C@H]1O[C@H](Oc2ccc3c(=O)c(-c4ccc(OC)cc4)coc3c2)[C@@H](O)[C@@H](O)[C@@H]1O", "bw_confidence": 0.004454228857327477, "confidence": 0.9398328479728334, "rclass": "0 0 0", "children": [{"smiles": "CO"}, {"smiles": "COc1ccc(-c2coc3cc(O[C@H]4O[C@H](COC(C)=O)[C@@H](OC(C)=O)[C@H](OC(C)=O)[C@@H]4OC(C)=O)ccc3c2=O)cc1"}, {"smiles": "C[O-]~[Na+]"}]}], "chem_bw_confidence_list": [0.11549224069795884, 0.0880016551378826, 0.05219376854961822, 0.04516892949748995, 0.04337046296470973, 0.022688793792372087, 0.009045393566344347, 0.007880024072581017, 0.007487503815873315, 0.006390884048869099, 0.004454228857327477], "enzy_template_score_list": [0.008768885396420956, 0.008768885396420956, 0.008768885396420956, 0.0014367239782586694, 0.0005816314369440079, 0.0012824307195842266, 0.000593503937125206, 0.0005483813583850861, 0.00039258209289982915, 0.00039258209289982915, 0.00039258209289982915, 9.981466428143904e-05, 0.00016214286733884364, 0.00018388550961390138, 0.00018388550961390138], "enzy_result": [{"smiles": "COC(=O)CC(=O)OC[C@H]1O[C@H](Oc2ccc3c(=O)c(-c4ccc(OC)cc4)coc3c2)[C@@H](OC(=O)CC(=O)O)[C@@H](O)[C@@H]1O", "smiles_split": ["COC(=O)CC(=O)OC[C@H]1O[C@H](Oc2ccc3c(=O)c(-c4ccc(OC)cc4)coc3c2)[C@@H](OC(=O)CC(=O)O)[C@@H](O)[C@@H]1O"], "mapped_smiles": "[CH3:1][O:2][C:3](=[O:4])[CH2:5][C:6](=[O:7])[O:8][CH2:9][C@H:10]1[O:11][C@H:12]([O:13][c:14]2[cH:15][cH:16][c:17]3[c:18](=[O:19])[c:20](-[c:21]4[cH:22][cH:23][c:24]([O:25][CH3:26])[cH:27][cH:28]4)[cH:29][o:30][c:31]3[cH:32]2)[C@@H:33]([O:34][C:904]([CH2:903][C:901]([OH:900])=[O:902])=[O:905])[C@@H:35]([OH:36])[C@@H:37]1[OH:38]", "reacting_atoms": [34, 33], "template_id": "68dcba590fd2f11581e0c0900147fbd9", "template_set": ["bkms"], "num_examples": 9, "necessary_reagent": "", "template_score": 0.008768885396420956, "rms_molwt": -616.142820196, "num_rings": -4, "plausibility": 1, "tforms": ["68dcba590fd2f11581e0c0900147fbd9"], "rank": 1, "score": -73945.87478859114}, {"smiles": "COC(=O)CC(=O)OC[C@H]1O[C@H](Oc2ccc3c(=O)c(-c4ccc(OC)cc4)coc3c2)[C@@H](O)[C@@H](OC(=O)CC(=O)O)[C@@H]1O", "smiles_split": ["COC(=O)CC(=O)OC[C@H]1O[C@H](Oc2ccc3c(=O)c(-c4ccc(OC)cc4)coc3c2)[C@@H](O)[C@@H](OC(=O)CC(=O)O)[C@@H]1O"], "mapped_smiles": "[CH3:1][O:2][C:3](=[O:4])[CH2:5][C:6](=[O:7])[O:8][CH2:9][C@H:10]1[O:11][C@H:12]([O:13][c:14]2[cH:15][cH:16][c:17]3[c:18](=[O:19])[c:20](-[c:21]4[cH:22][cH:23][c:24]([O:25][CH3:26])[cH:27][cH:28]4)[cH:29][o:30][c:31]3[cH:32]2)[C@@H:33]([OH:34])[C@@H:35]([O:36][C:904]([CH2:903][C:901]([OH:900])=[O:902])=[O:905])[C@@H:37]1[OH:38]", "reacting_atoms": [36, 35], "template_id": "68dcba590fd2f11581e0c0900147fbd9", "template_set": ["bkms"], "num_examples": 9, "necessary_reagent": "", "template_score": 0.008768885396420956, "rms_molwt": -616.142820196, "num_rings": -4, "plausibility": 1, "tforms": ["68dcba590fd2f11581e0c0900147fbd9"], "rank": 2, "score": -73945.87478859114}, {"smiles": "COC(=O)CC(=O)OC[C@H]1O[C@H](Oc2ccc3c(=O)c(-c4ccc(OC)cc4)coc3c2)[C@@H](O)[C@@H](O)[C@@H]1OC(=O)CC(=O)O", "smiles_split": ["COC(=O)CC(=O)OC[C@H]1O[C@H](Oc2ccc3c(=O)c(-c4ccc(OC)cc4)coc3c2)[C@@H](O)[C@@H](O)[C@@H]1OC(=O)CC(=O)O"], "mapped_smiles": "[CH3:1][O:2][C:3](=[O:4])[CH2:5][C:6](=[O:7])[O:8][CH2:9][C@H:10]1[O:11][C@H:12]([O:13][c:14]2[cH:15][cH:16][c:17]3[c:18](=[O:19])[c:20](-[c:21]4[cH:22][cH:23][c:24]([O:25][CH3:26])[cH:27][cH:28]4)[cH:29][o:30][c:31]3[cH:32]2)[C@@H:33]([OH:34])[C@@H:35]([OH:36])[C@@H:37]1[O:38][C:904]([CH2:903][C:901]([OH:900])=[O:902])=[O:905]", "reacting_atoms": [38, 37], "template_id": "68dcba590fd2f11581e0c0900147fbd9", "template_set": ["bkms"], "num_examples": 9, "necessary_reagent": "", "template_score": 0.008768885396420956, "rms_molwt": -616.142820196, "num_rings": -4, "plausibility": 1, "tforms": ["68dcba590fd2f11581e0c0900147fbd9"], "rank": 3, "score": -73945.87478859114}, {"smiles": "COC(=O)CC(=O)OC[C@H]1O[C@H](Oc2ccc3c(=O)c(-c4ccc(O)cc4)coc3c2)[C@@H](O)[C@@H](O)[C@@H]1O", "smiles_split": ["COC(=O)CC(=O)OC[C@H]1O[C@H](Oc2ccc3c(=O)c(-c4ccc(O)cc4)coc3c2)[C@@H](O)[C@@H](O)[C@@H]1O"], "mapped_smiles": "[CH3:1][O:2][C:3](=[O:4])[CH2:5][C:6](=[O:7])[O:8][CH2:9][C@H:10]1[O:11][C@H:12]([O:13][c:14]2[cH:15][cH:16][c:17]3[c:18](=[O:19])[c:20](-[c:21]4[cH:22][cH:23][c:24]([OH:25])[cH:27][cH:28]4)[cH:29][o:30][c:31]3[cH:32]2)[C@@H:33]([OH:34])[C@@H:35]([OH:36])[C@@H:37]1[OH:38]", "reacting_atoms": [25], "template_id": "e0e2b378d623262efad3f5cff831b758", "template_set": ["bkms"], "num_examples": 223, "necessary_reagent": "[C]", "template_score": 0.0014367239782586694, "rms_molwt": -516.1267762079999, "num_rings": -4, "plausibility": 1, "tforms": ["e0e2b378d623262efad3f5cff831b758"], "rank": 4, "score": -359026.071468474}, {"smiles": "COC(=O)CC(=O)OC[C@H]1OC(O)[C@@H](O)[C@@H](O)[C@@H]1O.O=c1c(-c2ccc(O)cc2)coc2cc(O)ccc12", "smiles_split": ["COC(=O)CC(=O)OC[C@H]1OC(O)[C@@H](O)[C@@H](O)[C@@H]1O", "O=c1c(-c2ccc(O)cc2)coc2cc(O)ccc12"], "mapped_smiles": "[CH3:1][O:2][C:3](=[O:4])[CH2:5][C:6](=[O:7])[O:8][CH2:9][C@H:10]1[O:11][CH:12]([OH:900])[C@@H:33]([OH:34])[C@@H:35]([OH:36])[C@@H:37]1[OH:38].[OH:13][c:14]1[cH:15][cH:16][c:17]2[c:18](=[O:19])[c:20](-[c:21]3[cH:22][cH:23][c:24]([OH:25])[cH:27][cH:28]3)[cH:29][o:30][c:31]2[cH:32]1", "reacting_atoms": [12, 33, 13, 25], "template_id": "82f1add9a454e1c3c4079e6c90928a25", "template_set": ["bkms"], "num_examples": 1, "necessary_reagent": "[C]", "template_score": 0.0005816314369440079, "rms_molwt": -267.3854047108839, "num_rings": -4, "plausibility": 1, "tforms": ["82f1add9a454e1c3c4079e6c90928a25"], "rank": 5, "score": -366789.1464604276}, {"smiles": "COC(=O)CC(=O)OC[C@H]1O[C@H](Oc2ccc3c(c2)OC(O)C(c2ccc(OC)cc2)C3=O)[C@@H](O)[C@@H](O)[C@@H]1O", "smiles_split": ["COC(=O)CC(=O)OC[C@H]1O[C@H](Oc2ccc3c(c2)OC(O)C(c2ccc(OC)cc2)C3=O)[C@@H](O)[C@@H](O)[C@@H]1O"], "mapped_smiles": "[CH3:1][O:2][C:3](=[O:4])[CH2:5][C:6](=[O:7])[O:8][CH2:9][C@H:10]1[O:11][C@H:12]([O:13][c:14]2[cH:15][cH:16][c:17]3[c:31]([cH:32]2)[O:30][CH:29]([OH:900])[CH:20]([c:21]2[cH:22][cH:23][c:24]([O:25][CH3:26])[cH:27][cH:28]2)[C:18]3=[O:19])[C@@H:33]([OH:34])[C@@H:35]([OH:36])[C@@H:37]1[OH:38]", "reacting_atoms": [29, 30, 18, 20, 21], "template_id": "ef12705b15cbb26f3003eff49dd59d09", "template_set": ["bkms"], "num_examples": 3, "necessary_reagent": "", "template_score": 0.0012824307195842266, "rms_molwt": -548.1529909559998, "num_rings": -4, "plausibility": 1, "tforms": ["ef12705b15cbb26f3003eff49dd59d09"], "rank": 6, "score": -447269.94434050005}, {"smiles": "COC(=O)CC(=O)OC[C@H]1O[C@H](Oc2ccc3c(c2)OCC(c2ccc(OC)cc2)C3=O)[C@@H](O)[C@@H](O)[C@@H]1O", "smiles_split": ["COC(=O)CC(=O)OC[C@H]1O[C@H](Oc2ccc3c(c2)OCC(c2ccc(OC)cc2)C3=O)[C@@H](O)[C@@H](O)[C@@H]1O"], "mapped_smiles": "[CH3:1][O:2][C:3](=[O:4])[CH2:5][C:6](=[O:7])[O:8][CH2:9][C@H:10]1[O:11][C@H:12]([O:13][c:14]2[cH:15][cH:16][c:17]3[c:31]([cH:32]2)[O:30][CH2:29][CH:20]([c:21]2[cH:22][cH:23][c:24]([O:25][CH3:26])[cH:27][cH:28]2)[C:18]3=[O:19])[C@@H:33]([OH:34])[C@@H:35]([OH:36])[C@@H:37]1[OH:38]", "reacting_atoms": [18, 30, 29, 20, 21], "template_id": "020fc48855a5719f0edd523038b32753", "template_set": ["bkms"], "num_examples": 4, "necessary_reagent": "", "template_score": 0.000593503937125206, "rms_molwt": -532.1580763359999, "num_rings": -4, "plausibility": 1, "tforms": ["020fc48855a5719f0edd523038b32753"], "rank": 7, "score": -935087.877609939}, {"smiles": "COC(=O)CC(=O)OC[C@H]1O[C@H](Oc2ccc3c(c2)O[C@@H](O)[C@H](c2ccc(OC)cc2)C3=O)[C@@H](O)[C@@H](O)[C@@H]1O", "smiles_split": ["COC(=O)CC(=O)OC[C@H]1O[C@H](Oc2ccc3c(c2)O[C@@H](O)[C@H](c2ccc(OC)cc2)C3=O)[C@@H](O)[C@@H](O)[C@@H]1O"], "mapped_smiles": "[CH3:1][O:2][C:3](=[O:4])[CH2:5][C:6](=[O:7])[O:8][CH2:9][C@H:10]1[O:11][C@H:12]([O:13][c:14]2[cH:15][cH:16][c:17]3[c:31]([cH:32]2)[O:30][C@@H:29]([OH:900])[C@H:20]([c:21]2[cH:22][cH:23][c:24]([O:25][CH3:26])[cH:27][cH:28]2)[C:18]3=[O:19])[C@@H:33]([OH:34])[C@@H:35]([OH:36])[C@@H:37]1[OH:38]", "reacting_atoms": [29, 30, 18, 20, 21], "template_id": "946cc35b09fc0bf0c75f0d9dcf5ae634", "template_set": ["bkms"], "num_examples": 2, "necessary_reagent": "", "template_score": 0.0005483813583850861, "rms_molwt": -548.1529909559998, "num_rings": -4, "plausibility": 1, "tforms": ["946cc35b09fc0bf0c75f0d9dcf5ae634"], "rank": 8, "score": -1133504.461930465}, {"smiles": "COC(=O)CC(=O)OC[C@H]1O[C@H](Oc2ccc3c(=O)c(-c4ccc(OC)cc4)coc3c2)[C@@H](O)[C@@H](OP(=O)(O)O)[C@@H]1O", "smiles_split": ["COC(=O)CC(=O)OC[C@H]1O[C@H](Oc2ccc3c(=O)c(-c4ccc(OC)cc4)coc3c2)[C@@H](O)[C@@H](OP(=O)(O)O)[C@@H]1O"], "mapped_smiles": "[CH3:1][O:2][C:3](=[O:4])[CH2:5][C:6](=[O:7])[O:8][CH2:9][C@H:10]1[O:11][C@H:12]([O:13][c:14]2[cH:15][cH:16][c:17]3[c:18](=[O:19])[c:20](-[c:21]4[cH:22][cH:23][c:24]([O:25][CH3:26])[cH:27][cH:28]4)[cH:29][o:30][c:31]3[cH:32]2)[C@@H:33]([OH:34])[C@@H:35]([O:36][P:901]([OH:900])([OH:902])=[O:903])[C@@H:37]1[OH:38]", "reacting_atoms": [36, 35], "template_id": "65bf7618263ef0544bfb3455ab5e0cbc", "template_set": ["bkms"], "num_examples": 167, "necessary_reagent": "", "template_score": 0.00039258209289982915, "rms_molwt": -610.108756794, "num_rings": -4, "plausibility": 1, "tforms": ["65bf7618263ef0544bfb3455ab5e0cbc"], "rank": 9, "score": -1551469.5350059469}, {"smiles": "COC(=O)CC(=O)OC[C@H]1O[C@H](Oc2ccc3c(=O)c(-c4ccc(OC)cc4)coc3c2)[C@@H](OP(=O)(O)O)[C@@H](O)[C@@H]1O", "smiles_split": ["COC(=O)CC(=O)OC[C@H]1O[C@H](Oc2ccc3c(=O)c(-c4ccc(OC)cc4)coc3c2)[C@@H](OP(=O)(O)O)[C@@H](O)[C@@H]1O"], "mapped_smiles": "[CH3:1][O:2][C:3](=[O:4])[CH2:5][C:6](=[O:7])[O:8][CH2:9][C@H:10]1[O:11][C@H:12]([O:13][c:14]2[cH:15][cH:16][c:17]3[c:18](=[O:19])[c:20](-[c:21]4[cH:22][cH:23][c:24]([O:25][CH3:26])[cH:27][cH:28]4)[cH:29][o:30][c:31]3[cH:32]2)[C@@H:33]([O:34][P:901]([OH:900])([OH:902])=[O:903])[C@@H:35]([OH:36])[C@@H:37]1[OH:38]", "reacting_atoms": [34, 33], "template_id": "65bf7618263ef0544bfb3455ab5e0cbc", "template_set": ["bkms"], "num_examples": 167, "necessary_reagent": "", "template_score": 0.00039258209289982915, "rms_molwt": -610.1087567939999, "num_rings": -4, "plausibility": 1, "tforms": ["65bf7618263ef0544bfb3455ab5e0cbc"], "rank": 10, "score": -1551469.5350059469}, {"smiles": "COC(=O)CC(=O)OC[C@H]1O[C@H](Oc2ccc3c(=O)c(-c4ccc(OC)cc4)coc3c2)[C@@H](O)[C@@H](O)[C@@H]1OP(=O)(O)O", "smiles_split": ["COC(=O)CC(=O)OC[C@H]1O[C@H](Oc2ccc3c(=O)c(-c4ccc(OC)cc4)coc3c2)[C@@H](O)[C@@H](O)[C@@H]1OP(=O)(O)O"], "mapped_smiles": "[CH3:1][O:2][C:3](=[O:4])[CH2:5][C:6](=[O:7])[O:8][CH2:9][C@H:10]1[O:11][C@H:12]([O:13][c:14]2[cH:15][cH:16][c:17]3[c:18](=[O:19])[c:20](-[c:21]4[cH:22][cH:23][c:24]([O:25][CH3:26])[cH:27][cH:28]4)[cH:29][o:30][c:31]3[cH:32]2)[C@@H:33]([OH:34])[C@@H:35]([OH:36])[C@@H:37]1[O:38][P:901]([OH:900])([OH:902])=[O:903]", "reacting_atoms": [38, 37], "template_id": "65bf7618263ef0544bfb3455ab5e0cbc", "template_set": ["bkms", "bkms"], "num_examples": 169, "necessary_reagent": "", "template_score": 0.00039258209289982915, "rms_molwt": -610.1087567939999, "num_rings": -4, "plausibility": 1, "tforms": ["819c74c76e507baf44c4d3e6ed77777f", "65bf7618263ef0544bfb3455ab5e0cbc"], "rank": 11, "score": -1551469.5350059469}, {"smiles": "COC(=O)CC(=O)OC[C@H]1OC(O)[C@@H](O)[C@@H](O)[C@@H]1O.COc1ccc(-c2coc3cc(O)ccc3c2=O)cc1", "smiles_split": ["COC(=O)CC(=O)OC[C@H]1OC(O)[C@@H](O)[C@@H](O)[C@@H]1O", "COc1ccc(-c2coc3cc(O)ccc3c2=O)cc1"], "mapped_smiles": "[CH3:1][O:2][C:3](=[O:4])[CH2:5][C:6](=[O:7])[O:8][CH2:9][C@H:10]1[O:11][CH:12]([OH:900])[C@@H:33]([OH:34])[C@@H:35]([OH:36])[C@@H:37]1[OH:38].[OH:13][c:14]1[cH:15][cH:16][c:17]2[c:18](=[O:19])[c:20](-[c:21]3[cH:22][cH:23][c:24]([O:25][CH3:26])[cH:27][cH:28]3)[cH:29][o:30][c:31]2[cH:32]1", "reacting_atoms": [12, 33, 13], "template_id": "eee4f3ffeb59c84405247986d3d9b1cb", "template_set": ["bkms", "bkms"], "num_examples": 6, "necessary_reagent": "", "template_score": 9.981466428143904e-05, "rms_molwt": -274.1422269944816, "num_rings": -4, "plausibility": 1, "tforms": ["eee4f3ffeb59c84405247986d3d9b1cb", "cc4cb191396caa2d9689f115944d93d7"], "rank": 12, "score": -2127303.6365933004}, {"smiles": "COC(=O)CC(=O)OC[C@H]1O[C@H](Oc2ccc3c(c2)OCc2c-3oc3cc(OC)ccc23)[C@@H](O)[C@@H](O)[C@@H]1O", "smiles_split": ["COC(=O)CC(=O)OC[C@H]1O[C@H](Oc2ccc3c(c2)OCc2c-3oc3cc(OC)ccc23)[C@@H](O)[C@@H](O)[C@@H]1O"], "mapped_smiles": "[CH3:1][O:2][C:3](=[O:4])[CH2:5][C:6](=[O:7])[O:8][CH2:9][C@H:10]1[O:11][C@H:12]([O:13][c:14]2[cH:15][cH:16][c:17]3[c:31]([cH:32]2)[O:30][CH2:29][c:20]2[c:18]-3[o:19][c:22]3[c:21]2[cH:28][cH:27][c:24]([O:25][CH3:26])[cH:23]3)[C@@H:33]([OH:34])[C@@H:35]([OH:36])[C@@H:37]1[OH:38]", "reacting_atoms": [17, 30, 29, 20, 21, 22, 19, 18], "template_id": "0758f911e9eee6b514e7bbe8080cbd59", "template_set": ["bkms"], "num_examples": 1, "necessary_reagent": "", "template_score": 0.00016214286733884364, "rms_molwt": -530.1424262719999, "num_rings": -5, "plausibility": 1, "tforms": ["0758f911e9eee6b514e7bbe8080cbd59"], "rank": 13, "score": -3392799.5098156086}, {"smiles": "COC(=O)CC(=O)OC[C@H]1O[C@H](Oc2ccc3c(=O)c(-c4ccc(OC)cc4)coc3c2)[C@@H](O)[C@@H](O[C@@H]2O[C@H](CO)[C@@H](O)[C@H](O)[C@H]2O)[C@@H]1O", "smiles_split": ["COC(=O)CC(=O)OC[C@H]1O[C@H](Oc2ccc3c(=O)c(-c4ccc(OC)cc4)coc3c2)[C@@H](O)[C@@H](O[C@@H]2O[C@H](CO)[C@@H](O)[C@H](O)[C@H]2O)[C@@H]1O"], "mapped_smiles": "[CH3:1][O:2][C:3](=[O:4])[CH2:5][C:6](=[O:7])[O:8][CH2:9][C@H:10]1[O:11][C@H:12]([O:13][c:14]2[cH:15][cH:16][c:17]3[c:18](=[O:19])[c:20](-[c:21]4[cH:22][cH:23][c:24]([O:25][CH3:26])[cH:27][cH:28]4)[cH:29][o:30][c:31]3[cH:32]2)[C@@H:33]([OH:34])[C@@H:35]([O:36][C@@H:904]2[O:903][C@H:902]([CH2:901][OH:900])[C@@H:909]([OH:910])[C@H:907]([OH:908])[C@H:905]2[OH:906])[C@@H:37]1[OH:38]", "reacting_atoms": [36, 35], "template_id": "b6e0cd700179bb80791b33730d6bcae3", "template_set": ["bkms"], "num_examples": 42, "necessary_reagent": "", "template_score": 0.00018388550961390138, "rms_molwt": -692.1952496920001, "num_rings": -5, "plausibility": 1, "tforms": ["b6e0cd700179bb80791b33730d6bcae3"], "rank": 14, "score": -5044275.76337712}, {"smiles": "COC(=O)CC(=O)OC[C@H]1O[C@H](Oc2ccc3c(=O)c(-c4ccc(OC)cc4)coc3c2)[C@@H](O[C@@H]2O[C@H](CO)[C@@H](O)[C@H](O)[C@H]2O)[C@@H](O)[C@@H]1O", "smiles_split": ["COC(=O)CC(=O)OC[C@H]1O[C@H](Oc2ccc3c(=O)c(-c4ccc(OC)cc4)coc3c2)[C@@H](O[C@@H]2O[C@H](CO)[C@@H](O)[C@H](O)[C@H]2O)[C@@H](O)[C@@H]1O"], "mapped_smiles": "[CH3:1][O:2][C:3](=[O:4])[CH2:5][C:6](=[O:7])[O:8][CH2:9][C@H:10]1[O:11][C@H:12]([O:13][c:14]2[cH:15][cH:16][c:17]3[c:18](=[O:19])[c:20](-[c:21]4[cH:22][cH:23][c:24]([O:25][CH3:26])[cH:27][cH:28]4)[cH:29][o:30][c:31]3[cH:32]2)[C@@H:33]([O:34][C@@H:904]2[O:903][C@H:902]([CH2:901][OH:900])[C@@H:909]([OH:910])[C@H:907]([OH:908])[C@H:905]2[OH:906])[C@@H:35]([OH:36])[C@@H:37]1[OH:38]", "reacting_atoms": [34, 33], "template_id": "b6e0cd700179bb80791b33730d6bcae3", "template_set": ["bkms"], "num_examples": 42, "necessary_reagent": "", "template_score": 0.00018388550961390138, "rms_molwt": -692.1952496920001, "num_rings": -5, "plausibility": 1, "tforms": ["b6e0cd700179bb80791b33730d6bcae3"], "rank": 15, "score": -5044275.76337712}]}