{"smiles": "CC1(C)[C@H]2CC=C(C=O)[C@@H]1C2", "sfscore": [0.48395171761512756, 0.5402861833572388], "chem_result": [{"smiles": "CC1(C)[C@H]2CC=C(C=O)[C@@H]1C2", "bw_confidence": 0.1858115113202104, "confidence": 0.8955659151141092, "rclass": "8 8.1 8.1.9", "children": [{"smiles": "CC1(C)[C@H]2CC=C(CO)[C@@H]1C2"}, {"smiles": "ClCCl"}, {"smiles": "O=[Cr](=O)([O-])Cl~c1cc[nH+]cc1"}]}, {"smiles": "CC1(C)[C@H]2CC=C(C=O)[C@@H]1C2", "bw_confidence": 0.0564692676931871, "confidence": 0.9031619585401184, "rclass": "9 9.7 9.7.182", "children": [{"smiles": "CC(C)C[AlH]CC(C)C"}, {"smiles": "CC1(C)[C@H]2CC=C(C#N)[C@@H]1C2"}, {"smiles": "Cc1ccccc1"}]}, {"smiles": "CC1(C)[C@H]2CC=C(C=O)[C@@H]1C2", "bw_confidence": 0.05290636456906943, "confidence": 0.1715827553195152, "rclass": "3 3.11 3.11.14", "children": [{"smiles": "CC1(C)[C@@H]2C=CC[C@H]1C2"}, {"smiles": "CN(C)C=O"}, {"smiles": "[Li]CCCC"}]}, {"smiles": "CC1(C)[C@H]2CC=C(C=O)[C@@H]1C2", "bw_confidence": 0.025630459558159655, "confidence": 0.2624335559938198, "rclass": "10 10.4 10.4.1", "children": [{"smiles": "CC1(C)[C@@H]2C=CC[C@H]1C2"}, {"smiles": "CCOC=O"}, {"smiles": "[Li]CCCC"}]}, {"smiles": "CC1(C)[C@H]2CC=C(C=O)[C@@H]1C2", "bw_confidence": 0.023961416991988543, "confidence": 0.872815039965553, "rclass": "6 6.5 6.5.2", "children": [{"smiles": "C1CCOC1"}, {"smiles": "CC1(C)[C@H]2CC=C(C3OCCO3)[C@@H]1C2"}, {"smiles": "Cl"}]}, {"smiles": "CC1(C)[C@H]2CC=C(C=O)[C@@H]1C2", "bw_confidence": 0.002151527457361504, "confidence": 0.6689092281503892, "rclass": "11 11.5 11.5", "children": [{"smiles": "CC1(C)[C@H]2CC=C(C=O)[C@@H]1C2"}, {"smiles": "ClCCl"}, {"smiles": "O=[Cr](=O)([O-])Cl~c1cc[nH+]cc1"}]}, {"smiles": "CC1(C)[C@H]2CC=C(C=O)[C@@H]1C2", "bw_confidence": 0.0019529908606755147, "confidence": 0.48965444087720106, "rclass": "0 0 0", "children": [{"smiles": "CC(C)C[AlH]CC(C)C"}, {"smiles": "COC(=O)C1=CC[C@H]2C[C@@H]1C2(C)C"}, {"smiles": "ClCCl"}]}, {"smiles": "CC1(C)[C@H]2CC=C(C=O)[C@@H]1C2", "bw_confidence": 0.0006542376894109948, "confidence": 0.9114898760717745, "rclass": "8 8.1 8.1.4", "children": [{"smiles": "CC1(C)[C@H]2CC=C(CO)[C@@H]1C2"}, {"smiles": "CCN(CC)CC"}, {"smiles": "CS(C)=O"}, {"smiles": "ClCCl"}, {"smiles": "[O+]#CC#[O+]~[Cl-]~[Cl-]"}]}], "chem_bw_confidence_list": [0.1858115113202104, 0.0564692676931871, 0.05290636456906943, 0.025630459558159655, 0.023961416991988543, 0.002151527457361504, 0.0019529908606755147, 0.0006542376894109948], "enzy_template_score_list": [0.3855339288711548, 0.03199857845902443, 0.4018361270427704, 0.006980621721595526, 0.004038088023662567, 0.006585381925106049, 0.003700914094224572, 0.0035970634780824184, 0.0032173115760087967, 0.003152785124257207, 0.0019882547203451395, 0.002307934919372201, 0.003609670326113701, 0.0022666037548333406, 0.000721396179869771], "enzy_result": [{"smiles": "CC1(C)[C@H]2CC=C(CO)[C@@H]1C2", "smiles_split": ["CC1(C)[C@H]2CC=C(CO)[C@@H]1C2"], "mapped_smiles": "[CH3:1][C:2]1([CH3:3])[C@H:4]2[CH2:5][CH:6]=[C:7]([CH2:8][OH:9])[C@@H:10]1[CH2:11]2", "reacting_atoms": [8, 9], "template_id": "3b5ac75eac2bbf79090730d1a7427706", "template_set": ["bkms", "bkms", "bkms"], "num_examples": 140, "necessary_reagent": "", "template_score": 0.3855339288711548, "rms_molwt": -152.120115132, "num_rings": -3, "plausibility": 1, "tforms": ["3b5ac75eac2bbf79090730d1a7427706", "65873f0ae0a532bd305bda568e2bb843", "de30602c60770c0e31d99d3dbd5c03ba"], "rank": 1, "score": -0.0025938054347849613}, {"smiles": "CC1=CC[C@H]2C[C@@H]1C2(C)C", "smiles_split": ["CC1=CC[C@H]2C[C@@H]1C2(C)C"], "mapped_smiles": "[CH3:1][C:2]1([CH3:3])[C@H:4]2[CH2:5][CH:6]=[C:7]([CH3:8])[C@@H:10]1[CH2:11]2", "reacting_atoms": [8], "template_id": "94c6cf893eecfc3e384d789c23cc0d04", "template_set": ["bkms", "bkms", "bkms"], "num_examples": 6, "necessary_reagent": "[O]", "template_score": 0.03199857845902443, "rms_molwt": -136.125200512, "num_rings": -3, "plausibility": 1, "tforms": ["4f49893b7465d28d871a49ebd7a2d16e", "7f767b80c97f67794eb2ca1f72bca5fa", "94c6cf893eecfc3e384d789c23cc0d04"], "rank": 2, "score": -31.282639673566248}, {"smiles": "CC1(C)[C@H]2CC=C(C(=O)O)[C@@H]1C2", "smiles_split": ["CC1(C)[C@H]2CC=C(C(=O)O)[C@@H]1C2"], "mapped_smiles": "[CH3:1][C:2]1([CH3:3])[C@H:4]2[CH2:5][CH:6]=[C:7]([C:8](=[O:9])[OH:900])[C@@H:10]1[CH2:11]2", "reacting_atoms": [8], "template_id": "b6dc44ec5ae1446645f5459f4f603464", "template_set": ["bkms", "bkms"], "num_examples": 37, "necessary_reagent": "", "template_score": 0.4018361270427704, "rms_molwt": -166.099379688, "num_rings": -3, "plausibility": 1, "tforms": ["b6dc44ec5ae1446645f5459f4f603464", "535c6a1afcfcbba7a26323b0f74e6c81"], "rank": 3, "score": -283.11505139797123}, {"smiles": "CC1(C)[C@H]2CC=C(C(O)O)[C@@H]1C2", "smiles_split": ["CC1(C)[C@H]2CC=C(C(O)O)[C@@H]1C2"], "mapped_smiles": "[CH3:1][C:2]1([CH3:3])[C@H:4]2[CH2:5][CH:6]=[C:7]([CH:8]([OH:9])[OH:900])[C@@H:10]1[CH2:11]2", "reacting_atoms": [8, 9], "template_id": "33e518dae3b6ea5aa537735afb0b66ea", "template_set": ["bkms", "bkms"], "num_examples": 11, "necessary_reagent": "", "template_score": 0.006980621721595526, "rms_molwt": -168.115029752, "num_rings": -3, "plausibility": 1, "tforms": ["d3021da9b8093ca33e0a122207a4ea8c", "33e518dae3b6ea5aa537735afb0b66ea"], "rank": 4, "score": -16297.381565502268}, {"smiles": "CC1(C)[C@H]2CC=C(CN)[C@@H]1C2", "smiles_split": ["CC1(C)[C@H]2CC=C(CN)[C@@H]1C2"], "mapped_smiles": "[CH3:1][C:2]1([CH3:3])[C@H:4]2[CH2:5][CH:6]=[C:7]([CH2:8][NH2:900])[C@@H:10]1[CH2:11]2", "reacting_atoms": [8], "template_id": "4c48db82fbc03b05e9bcbdbe08fa78cd", "template_set": ["bkms", "bkms"], "num_examples": 46, "necessary_reagent": "[O]", "template_score": 0.004038088023662567, "rms_molwt": -151.136099544, "num_rings": -3, "plausibility": 1, "tforms": ["a5a7999f47bc0067ada3dcba12255f8b", "4c48db82fbc03b05e9bcbdbe08fa78cd"], "rank": 5, "score": -25901.654885403357}, {"smiles": "CC(C=O)=CCC/C(C)=C\\COP(=O)(O)OP(=O)(O)O", "smiles_split": ["CC(C=O)=CCC/C(C)=C\\COP(=O)(O)OP(=O)(O)O"], "mapped_smiles": "[CH:1](=[C:2](/[CH3:3])[CH2:4][CH2:5][CH:6]=[C:7]([CH:8]=[O:9])[CH3:10])\\[CH2:11][O:908][P:905]([O:904][P:901]([OH:900])([OH:902])=[O:903])([OH:906])=[O:907]", "reacting_atoms": [11, 1, 2, 4, 10], "template_id": "558cacae12d33f02362721a1cd1136d9", "template_set": ["bkms", "bkms"], "num_examples": 2, "necessary_reagent": "", "template_score": 0.006585381925106049, "rms_molwt": -328.0476907959999, "num_rings": 0, "plausibility": 1, "tforms": ["7db711c56d59244e3e1507743cd792ca", "558cacae12d33f02362721a1cd1136d9"], "rank": 6, "score": -27164.01876677828}, {"smiles": "COC(=O)C1=CC[C@H]2C[C@@H]1C2(C)C", "smiles_split": ["COC(=O)C1=CC[C@H]2C[C@@H]1C2(C)C"], "mapped_smiles": "[CH3:1][C:2]1([CH3:3])[C@H:4]2[CH2:5][CH:6]=[C:7]([C:8](=[O:9])[O:901][CH3:900])[C@@H:10]1[CH2:11]2", "reacting_atoms": [8], "template_id": "689b7bf982a1cf7419aa8fb13c0829db", "template_set": ["bkms"], "num_examples": 1, "necessary_reagent": "", "template_score": 0.003700914094224572, "rms_molwt": -180.115029752, "num_rings": -3, "plausibility": 1, "tforms": ["689b7bf982a1cf7419aa8fb13c0829db"], "rank": 7, "score": -33605.68416168331}, {"smiles": "CC(C=O)=CCC/C(C)=C/COP(=O)(O)OP(=O)(O)O", "smiles_split": ["CC(C=O)=CCC/C(C)=C/COP(=O)(O)OP(=O)(O)O"], "mapped_smiles": "[CH:1](=[C:2](\\[CH3:3])[CH2:4][CH2:5][CH:6]=[C:7]([CH:8]=[O:9])[CH3:10])\\[CH2:11][O:908][P:905]([O:904][P:901]([OH:900])([OH:902])=[O:903])([OH:906])=[O:907]", "reacting_atoms": [11, 1, 2, 4, 10], "template_id": "2befd419e1b2a6a7598097773e9d018c", "template_set": ["bkms"], "num_examples": 1, "necessary_reagent": "", "template_score": 0.0035970634780824184, "rms_molwt": -328.0476907959999, "num_rings": 0, "plausibility": 1, "tforms": ["2befd419e1b2a6a7598097773e9d018c"], "rank": 8, "score": -49730.965074696534}, {"smiles": "CC1(C)[C@H]2CC=C(CSC[C@H](N)C(=O)O)[C@@H]1C2", "smiles_split": ["CC1(C)[C@H]2CC=C(CSC[C@H](N)C(=O)O)[C@@H]1C2"], "mapped_smiles": "[CH3:1][C:2]1([CH3:3])[C@H:4]2[CH2:5][CH:6]=[C:7]([CH2:8][S:903][CH2:902][C@H:901]([NH2:900])[C:904]([OH:905])=[O:906])[C@@H:10]1[CH2:11]2", "reacting_atoms": [8], "template_id": "9fb1703456640f7dba1a529b027ec1e2", "template_set": ["bkms"], "num_examples": 1, "necessary_reagent": "[O]", "template_score": 0.0032173115760087967, "rms_molwt": -255.129299912, "num_rings": -3, "plausibility": 1, "tforms": ["9fb1703456640f7dba1a529b027ec1e2"], "rank": 9, "score": -56510.84887914905}, {"smiles": "CC1(C)[C@H]2CC=C(CNc3ncnc4[nH]cnc34)[C@@H]1C2", "smiles_split": ["CC1(C)[C@H]2CC=C(CNc3ncnc4[nH]cnc34)[C@@H]1C2"], "mapped_smiles": "[CH3:1][C:2]1([CH3:3])[C@H:4]2[CH2:5][CH:6]=[C:7]([CH2:8][NH:900][c:901]3[n:902][cH:903][n:904][c:905]4[nH:906][cH:907][n:908][c:909]34)[C@@H:10]1[CH2:11]2", "reacting_atoms": [8], "template_id": "604f813367712c06a6717181cc8f5a0e", "template_set": ["bkms"], "num_examples": 1, "necessary_reagent": "[O]", "template_score": 0.003152785124257207, "rms_molwt": -269.164045608, "num_rings": -5, "plausibility": 1, "tforms": ["604f813367712c06a6717181cc8f5a0e"], "rank": 10, "score": -66770.44165753266}, {"smiles": "CC1(C)[C@H]2CC=C(C(=O)C(=O)O)[C@@H]1C2", "smiles_split": ["CC1(C)[C@H]2CC=C(C(=O)C(=O)O)[C@@H]1C2"], "mapped_smiles": "[CH3:1][C:2]1([CH3:3])[C@H:4]2[CH2:5][CH:6]=[C:7]([C:8](=[O:9])[C:901]([OH:900])=[O:902])[C@@H:10]1[CH2:11]2", "reacting_atoms": [8], "template_id": "d978f1c8e8cd818650e7d1b645a9bacb", "template_set": ["bkms"], "num_examples": 14, "necessary_reagent": "", "template_score": 0.0019882547203451395, "rms_molwt": -194.094294308, "num_rings": -3, "plausibility": 1, "tforms": ["d978f1c8e8cd818650e7d1b645a9bacb"], "rank": 11, "score": -68096.82001113871}, {"smiles": "CC1(C)[C@H]2CC=C(CNc3ncnc4nc[nH]c34)[C@@H]1C2", "smiles_split": ["CC1(C)[C@H]2CC=C(CNc3ncnc4nc[nH]c34)[C@@H]1C2"], "mapped_smiles": "[CH3:1][C:2]1([CH3:3])[C@H:4]2[CH2:5][CH:6]=[C:7]([CH2:8][NH:900][c:901]3[n:902][cH:903][n:904][c:905]4[n:906][cH:907][nH:908][c:909]34)[C@@H:10]1[CH2:11]2", "reacting_atoms": [8], "template_id": "bb71aa17e1c2cdf19da663899d13cb09", "template_set": ["bkms"], "num_examples": 1, "necessary_reagent": "[O]", "template_score": 0.002307934919372201, "rms_molwt": -269.164045608, "num_rings": -5, "plausibility": 1, "tforms": ["bb71aa17e1c2cdf19da663899d13cb09"], "rank": 12, "score": -91212.64790916025}, {"smiles": "CC1(C)[C@H]2CC=C(CN=c3[nH]cnc4c3ncn4[C@@H]3O[C@H](CO)[C@@H](O)[C@H]3O)[C@@H]1C2", "smiles_split": ["CC1(C)[C@H]2CC=C(CN=c3[nH]cnc4c3ncn4[C@@H]3O[C@H](CO)[C@@H](O)[C@H]3O)[C@@H]1C2"], "mapped_smiles": "[CH3:1][C:2]1([CH3:3])[C@H:4]2[CH2:5][CH:6]=[C:7]([CH2:8][N:910]=[c:909]3[c:908]4[n:907][cH:906][n:905]([C@@H:904]5[O:903][C@H:902]([CH2:901][OH:900])[C@@H:917]([OH:918])[C@H:915]5[OH:916])[c:914]4[n:913][cH:912][nH:911]3)[C@@H:10]1[CH2:11]2", "reacting_atoms": [8], "template_id": "664267259e4f48e7ea5c7e29942802cd", "template_set": ["bkms"], "num_examples": 1, "necessary_reagent": "[O]", "template_score": 0.003609670326113701, "rms_molwt": -401.20630434399993, "num_rings": -6, "plausibility": 1, "tforms": ["664267259e4f48e7ea5c7e29942802cd"], "rank": 13, "score": -119737.17440843624}, {"smiles": "CC1=C(/C=C/C(C)=C/C2=CC[C@H]3C[C@@H]2C3(C)C)C(C)(C)CCC1", "smiles_split": ["CC1=C(/C=C/C(C)=C/C2=CC[C@H]3C[C@@H]2C3(C)C)C(C)(C)CCC1"], "mapped_smiles": "[CH3:1][C:2]1([CH3:3])[C@H:4]2[CH2:5][CH:6]=[C:7](/[CH:8]=[C:905](/[CH:904]=[CH:903]/[C:902]3=[C:901]([CH3:900])[CH2:912][CH2:911][CH2:910][C:907]3([CH3:908])[CH3:909])[CH3:906])[C@@H:10]1[CH2:11]2", "reacting_atoms": [8], "template_id": "70f59b59c32a3dc47402a84834e1855a", "template_set": ["bkms"], "num_examples": 1, "necessary_reagent": "[O]", "template_score": 0.0022666037548333406, "rms_molwt": -310.266051088, "num_rings": -4, "plausibility": 1, "tforms": ["70f59b59c32a3dc47402a84834e1855a"], "rank": 14, "score": -124411.44725270015}, {"smiles": "CC1(C)[C@H]2CC=C(CBr)[C@@H]1C2", "smiles_split": ["CC1(C)[C@H]2CC=C(CBr)[C@@H]1C2"], "mapped_smiles": "[CH3:1][C:2]1([CH3:3])[C@H:4]2[CH2:5][CH:6]=[C:7]([CH2:8][Br:900])[C@@H:10]1[CH2:11]2", "reacting_atoms": [8], "template_id": "b6f8c8292b9823942dd8ad141c327b04", "template_set": ["bkms"], "num_examples": 1, "necessary_reagent": "[O]", "template_score": 0.000721396179869771, "rms_molwt": -214.03571258, "num_rings": -3, "plausibility": 1, "tforms": ["b6f8c8292b9823942dd8ad141c327b04"], "rank": 15, "score": -144987.1309336152}]}