{"smiles": "COC(=O)[C@@H]1[C@@H](O)C[C@@]2(O)C[C@@H](O)C[C@@H](O)[C@H](O)CC[C@@H](O)C[C@@H](O)CC(=O)O[C@@H](C)[C@H](C)[C@H](O)[C@@H](C)/C=C/C=C/C=C/C=C/C=C/C=C/C=C/[C@H](O[C@@H]3O[C@H](C)[C@@H](O)[C@H](N)[C@@H]3O)C[C@@H]1O2", "sfscore": [0.4195323586463928, 0.6299548149108887], "chem_result": [{"smiles": "COC(=O)[C@@H]1[C@@H](O)C[C@@]2(O)C[C@@H](O)C[C@@H](O)[C@H](O)CC[C@@H](O)C[C@@H](O)CC(=O)O[C@@H](C)[C@H](C)[C@H](O)[C@@H](C)/C=C/C=C/C=C/C=C/C=C/C=C/C=C/[C@H](O[C@@H]3O[C@H](C)[C@@H](O)[C@H](N)[C@@H]3O)C[C@@H]1O2", "bw_confidence": 0.061551891319778104, "confidence": 0.1425304313138608, "rclass": "6 6.1 6.1.6", "children": [{"smiles": "C1CCNCC1"}, {"smiles": "CN(C)C=O"}, {"smiles": "COC(=O)[C@@H]1[C@@H](O)C[C@@]2(O)C[C@@H](O)[C@H](O)CC[C@@H](O)C[C@@H](O)CC(=O)O[C@@H](C)[C@H](C)[C@H](O)[C@@H](C)/C=C/C=C/C=C/C=C/C=C/C=C/[C@H](O[C@@H]3O[C@H](C)[C@@H](O)[C@H](NC(=O)OCC4c5ccccc5-c5ccccc54)[C@@H]3O)C[C@@H]1O2"}]}, {"smiles": "COC(=O)[C@@H]1[C@@H](O)C[C@@]2(O)C[C@@H](O)C[C@@H](O)[C@H](O)CC[C@@H](O)C[C@@H](O)CC(=O)O[C@@H](C)[C@H](C)[C@H](O)[C@@H](C)/C=C/C=C/C=C/C=C/C=C/C=C/C=C/[C@H](O[C@@H]3O[C@H](C)[C@@H](O)[C@H](N)[C@@H]3O)C[C@@H]1O2", "bw_confidence": 0.007382965983275961, "confidence": 0.09817680263598291, "rclass": "11 11.2 11.2", "children": [{"smiles": "COC(=O)[C@@H]1[C@@H](O)C[C@@]2(O)C[C@@H](O)C[C@@H](O)[C@H](O)CC[C@@H](O)C[C@@H](O)CC(=O)O[C@@H](C)[C@H](C)[C@H](O)[C@@H](C)/C=C/C=C/C=C/C=C/C=C/C=C/[C@H](O[C@@H]3O[C@H](C)[C@@H](O)[C@H](N)[C@@H]3O)C[C@@H]1O2~Cl"}, {"smiles": "O"}]}, {"smiles": "COC(=O)[C@@H]1[C@@H](O)C[C@@]2(O)C[C@@H](O)C[C@@H](O)[C@H](O)CC[C@@H](O)C[C@@H](O)CC(=O)O[C@@H](C)[C@H](C)[C@H](O)[C@@H](C)/C=C/C=C/C=C/C=C/C=C/C=C/C=C/[C@H](O[C@@H]3O[C@H](C)[C@@H](O)[C@H](N)[C@@H]3O)C[C@@H]1O2", "bw_confidence": 0.006490414674729358, "confidence": 0.2548238564242205, "rclass": "7 7.1 7.1.1", "children": [{"smiles": "CC(=O)O"}, {"smiles": "COC(=O)[C@@H]1[C@@H](O)C[C@@]2(O)C[C@@H](O)C[C@@H](O)[C@H](O)CC[C@@H](O)C[C@@H](O)CC(=O)O[C@@H](C)[C@H](C)[C@H](O)[C@@H](C)/C=C/C=C/C=C/C=C/C=C/C=C/[C@H](O[C@@H]3O[C@H](C)[C@@H](O)[C@H]([N+](=O)[O-])[C@@H]3O)C[C@@H]1O2"}, {"smiles": "[Zn]"}]}, {"smiles": "COC(=O)[C@@H]1[C@@H](O)C[C@@]2(O)C[C@@H](O)C[C@@H](O)[C@H](O)CC[C@@H](O)C[C@@H](O)CC(=O)O[C@@H](C)[C@H](C)[C@H](O)[C@@H](C)/C=C/C=C/C=C/C=C/C=C/C=C/C=C/[C@H](O[C@@H]3O[C@H](C)[C@@H](O)[C@H](N)[C@@H]3O)C[C@@H]1O2", "bw_confidence": 0.004439123566499173, "confidence": 0.19825146715151995, "rclass": "9 9.7 9.7.102", "children": [{"smiles": "C1CCOC1"}, {"smiles": "COC(=O)[C@@H]1[C@@H](O)C[C@@]2(O)C[C@@H](O)C[C@@H](O)[C@H](O)CC[C@@H](O)C[C@@H](O)CC(=O)O[C@@H](C)[C@H](C)[C@H](O)[C@@H](C)/C=C/C=C/C=C/C=C/C=C/C=C/[C@H](O[C@@H]3O[C@H](C)[C@@H](O)[C@H](N=[N+]=[N-])[C@@H]3O)C[C@@H]1O2"}, {"smiles": "O"}, {"smiles": "c1ccc(P(c2ccccc2)c2ccccc2)cc1"}]}, {"smiles": "COC(=O)[C@@H]1[C@@H](O)C[C@@]2(O)C[C@@H](O)C[C@@H](O)[C@H](O)CC[C@@H](O)C[C@@H](O)CC(=O)O[C@@H](C)[C@H](C)[C@H](O)[C@@H](C)/C=C/C=C/C=C/C=C/C=C/C=C/C=C/[C@H](O[C@@H]3O[C@H](C)[C@@H](O)[C@H](N)[C@@H]3O)C[C@@H]1O2", "bw_confidence": 0.003067698833019871, "confidence": 0.038745412693548066, "rclass": "1 1.7 1.7.6", "children": [{"smiles": "COC(=O)[C@@H]1[C@@H](O)C[C@@]2(O)C[C@@H](O)C[C@@H](O)[C@H](O)CC[C@@H](O)C[C@@H](O)CC(=O)O[C@@H](C)[C@H](C)[C@H](O)[C@@H](C)/C=C/C=C/C=C/C=C/C=C/[C@H](O[C@@H]3O[C@H](C)[C@@H](O)[C@H](N)[C@@H]3O)C[C@@H]1O2"}, {"smiles": "O"}]}, {"smiles": "COC(=O)[C@@H]1[C@@H](O)C[C@@]2(O)C[C@@H](O)C[C@@H](O)[C@H](O)CC[C@@H](O)C[C@@H](O)CC(=O)O[C@@H](C)[C@H](C)[C@H](O)[C@@H](C)/C=C/C=C/C=C/C=C/C=C/C=C/C=C/[C@H](O[C@@H]3O[C@H](C)[C@@H](O)[C@H](N)[C@@H]3O)C[C@@H]1O2", "bw_confidence": 0.002842070056952645, "confidence": 0.06749209811738532, "rclass": "1 1.2 1.2.2", "children": [{"smiles": "COC(=O)[C@@H]1[C@@H](O)C[C@@]2(O)C[C@@H](O)C[C@@H](O)[C@H](O)CC[C@@H](O)C[C@@H](O)CC(=O)O[C@@H](C)[C@H](C)[C@H](O)[C@@H](C)/C=C/C=C/C=C/C=C/C=C/C=C/[C@H](O[C@@H]3O[C@H](C)[C@@H](O)[C@H](N)[C@@H]3O)C[C@@H]1O2"}, {"smiles": "O=C[C@H](O)[C@@H](O)[C@H](O)[C@H](O)CO"}]}, {"smiles": "COC(=O)[C@@H]1[C@@H](O)C[C@@]2(O)C[C@@H](O)C[C@@H](O)[C@H](O)CC[C@@H](O)C[C@@H](O)CC(=O)O[C@@H](C)[C@H](C)[C@H](O)[C@@H](C)/C=C/C=C/C=C/C=C/C=C/C=C/C=C/[C@H](O[C@@H]3O[C@H](C)[C@@H](O)[C@H](N)[C@@H]3O)C[C@@H]1O2", "bw_confidence": 0.001878415674314449, "confidence": 0.026766414274220458, "rclass": "1 1.2 1.2.2", "children": [{"smiles": "CN(C)C=O"}, {"smiles": "COC(=O)[C@@H]1[C@@H](O)C[C@@]2(O)C[C@@H](O)C[C@@H](O)[C@H](O)CC[C@@H](O)C[C@@H](O)CC(=O)O[C@@H](C)[C@H](C)[C@H](O)[C@@H](C)/C=C/C=C/C=C/C=C/C=C/[C@H](O[C@@H]3O[C@H](C)[C@@H](O)[C@H](N)[C@@H]3O)C[C@@H]1O2"}]}, {"smiles": "COC(=O)[C@@H]1[C@@H](O)C[C@@]2(O)C[C@@H](O)C[C@@H](O)[C@H](O)CC[C@@H](O)C[C@@H](O)CC(=O)O[C@@H](C)[C@H](C)[C@H](O)[C@@H](C)/C=C/C=C/C=C/C=C/C=C/C=C/C=C/[C@H](O[C@@H]3O[C@H](C)[C@@H](O)[C@H](N)[C@@H]3O)C[C@@H]1O2", "bw_confidence": 0.0014098648412412067, "confidence": 0.02886185529238606, "rclass": "1 1.1 1.1.4", "children": [{"smiles": "CN(C)C=O"}, {"smiles": "COC(=O)[C@@H]1[C@@H](O)C[C@@]2(O)C[C@@H](O)C[C@@H](O)[C@H](O)CC[C@@H](O)C[C@@H](O)CC(=O)O[C@@H](C)[C@H](C)[C@H](O)[C@@H](C)/C=C/C=C/C=C/C=C/C=C/C=C/[C@H](O[C@@H]3O[C@H](C)[C@@H](O)[C@H](N)[C@@H]3O)C[C@@H]1O2"}]}, {"smiles": "COC(=O)[C@@H]1[C@@H](O)C[C@@]2(O)C[C@@H](O)C[C@@H](O)[C@H](O)CC[C@@H](O)C[C@@H](O)CC(=O)O[C@@H](C)[C@H](C)[C@H](O)[C@@H](C)/C=C/C=C/C=C/C=C/C=C/C=C/C=C/[C@H](O[C@@H]3O[C@H](C)[C@@H](O)[C@H](N)[C@@H]3O)C[C@@H]1O2", "bw_confidence": 0.000524940273508872, "confidence": 0.0019214459149067588, "rclass": "9 9.7 9.7.334", "children": [{"smiles": "CN(C)c1ccncc1"}, {"smiles": "COC(=O)[C@@H]1[C@@H](O)C[C@@]2(O)C[C@@H](O)C[C@@H](O)[C@H](O)CC[C@@H](O)C[C@@H](O)CC(=O)O[C@@H](C)[C@H](C)[C@H](O)[C@@H](C)/C=C/C=C/C=C/C=C/C=C/C=C/[C@H](O[C@@H]3O[C@H](C)[C@@H](O)[C@H](N)[C@@H]3O)C[C@@H]1O2"}, {"smiles": "ClCCCl"}]}, {"smiles": "COC(=O)[C@@H]1[C@@H](O)C[C@@]2(O)C[C@@H](O)C[C@@H](O)[C@H](O)CC[C@@H](O)C[C@@H](O)CC(=O)O[C@@H](C)[C@H](C)[C@H](O)[C@@H](C)/C=C/C=C/C=C/C=C/C=C/C=C/C=C/[C@H](O[C@@H]3O[C@H](C)[C@@H](O)[C@H](N)[C@@H]3O)C[C@@H]1O2", "bw_confidence": 0.00035810228288924237, "confidence": 0.14072359293464526, "rclass": "6 6.1 6.1.6", "children": [{"smiles": "C1CCNCC1"}, {"smiles": "COC(=O)[C@@H]1[C@@H](O)C[C@@]2(O)C[C@@H](O)C[C@@H](O)[C@H](O)CC[C@@H](O)C[C@@H](O)CC(=O)O[C@@H](C)[C@H](C)[C@H](O)[C@@H](C)/C=C/C=C/C=C/C=C/C=C/[C@H](O[C@@H]3O[C@H](C)[C@@H](O)[C@H](NC(=O)OCC4c5ccccc5-c5ccccc54)[C@@H]3O)C[C@@H]1O2"}, {"smiles": "ClCCl"}]}, {"smiles": "COC(=O)[C@@H]1[C@@H](O)C[C@@]2(O)C[C@@H](O)C[C@@H](O)[C@H](O)CC[C@@H](O)C[C@@H](O)CC(=O)O[C@@H](C)[C@H](C)[C@H](O)[C@@H](C)/C=C/C=C/C=C/C=C/C=C/C=C/C=C/[C@H](O[C@@H]3O[C@H](C)[C@@H](O)[C@H](N)[C@@H]3O)C[C@@H]1O2", "bw_confidence": 8.19992772205774e-05, "confidence": 0.03513823438465754, "rclass": "6 6.1 6.1.2", "children": [{"smiles": "COC(=O)[C@@H]1[C@@H](O)C[C@@]2(O)C[C@@H](O)C[C@@H](O)[C@H](O)CC[C@@H](O)C[C@@H](O)CC(=O)O[C@@H](C)[C@H](C)[C@H](O)[C@@H](C)/C=C/C=C/C=C/C=C/C=C/C=C/[C@H](O[C@@H]3O[C@H](C)[C@@H](O)[C@H](NC(=O)c4ccccc4)[C@@H]3O)C[C@@H]1O2"}, {"smiles": "O"}]}, {"smiles": "COC(=O)[C@@H]1[C@@H](O)C[C@@]2(O)C[C@@H](O)C[C@@H](O)[C@H](O)CC[C@@H](O)C[C@@H](O)CC(=O)O[C@@H](C)[C@H](C)[C@H](O)[C@@H](C)/C=C/C=C/C=C/C=C/C=C/C=C/C=C/[C@H](O[C@@H]3O[C@H](C)[C@@H](O)[C@H](N)[C@@H]3O)C[C@@H]1O2", "bw_confidence": 4.2887973990093376e-05, "confidence": 0.010719407798708594, "rclass": "1 1.7 1.7.6", "children": [{"smiles": "CO"}, {"smiles": "C[C@H]1/C=C/C=C/C=C/C=C/C=CC=C[C@H](O[C@@H]2O[C@H](C)[C@@H](O)[C@H](N)[C@@H]2O)C[C@@H]2O[C@](O)(C[C@@H](O)C[C@@H](O)C[C@@H](O)C[C@@H](O)CC(=O)O[C@H](C)C(=O)C[C@H](O)[C@H](C)[C@@H]1O)C[C@H](O)[C@H]2C(=O)O"}]}], "chem_bw_confidence_list": [0.061551891319778104, 0.007382965983275961, 0.006490414674729358, 0.004439123566499173, 0.003067698833019871, 0.002842070056952645, 0.001878415674314449, 0.0014098648412412067, 0.000524940273508872, 0.00035810228288924237, 8.19992772205774e-05, 4.2887973990093376e-05], "enzy_template_score_list": [0.48699602484703064, 0.06197220832109451, 0.06197220832109451, 0.01907286047935486, 0.01907286047935486, 0.01907286047935486, 0.01907286047935486, 0.01907286047935486, 0.01907286047935486, 0.01907286047935486, 0.01907286047935486, 0.01907286047935486, 0.01907286047935486, 0.014515263959765434, 0.014515263959765434], "enzy_result": [{"smiles": "C[C@@H]1OC(=O)C[C@H](O)C[C@H](O)CC[C@@H](O)[C@H](O)C[C@H](O)C[C@]2(O)C[C@H](O)[C@@H](C(=O)O)[C@H](C[C@@H](O[C@@H]3O[C@H](C)[C@@H](O)[C@H](N)[C@@H]3O)C=CC=CC=CC=CC=CC=CC=C[C@H](C)[C@@H](O)[C@H]1C)O2", "smiles_split": ["C[C@@H]1OC(=O)C[C@H](O)C[C@H](O)CC[C@@H](O)[C@H](O)C[C@H](O)C[C@]2(O)C[C@H](O)[C@@H](C(=O)O)[C@H](C[C@@H](O[C@@H]3O[C@H](C)[C@@H](O)[C@H](N)[C@@H]3O)C=CC=CC=CC=CC=CC=CC=C[C@H](C)[C@@H](O)[C@H]1C)O2"], "mapped_smiles": "[OH:2][C:3](=[O:4])[C@@H:5]1[C@@H:6]([OH:7])[CH2:8][C@@:9]2([OH:10])[CH2:11][C@@H:12]([OH:13])[CH2:14][C@@H:15]([OH:16])[C@H:17]([OH:18])[CH2:19][CH2:20][C@@H:21]([OH:22])[CH2:23][C@@H:24]([OH:25])[CH2:26][C:27](=[O:28])[O:29][C@@H:30]([CH3:31])[C@H:32]([CH3:33])[C@H:34]([OH:35])[C@@H:36]([CH3:37])[CH:38]=[CH:39][CH:40]=[CH:41][CH:42]=[CH:43][CH:44]=[CH:45][CH:46]=[CH:47][CH:48]=[CH:49][CH:50]=[CH:51][C@H:52]([O:53][C@@H:54]3[O:55][C@H:56]([CH3:57])[C@@H:58]([OH:59])[C@H:60]([NH2:61])[C@@H:62]3[OH:63])[CH2:64][C@@H:65]1[O:66]2", "reacting_atoms": [2], "template_id": "16b2a3e2e6b9d559d878b223e5a12dd1", "template_set": ["bkms", "bkms"], "num_examples": 64, "necessary_reagent": "[C]", "template_score": 0.48699602484703064, "rms_molwt": -923.4878498759999, "num_rings": -3, "plausibility": 1, "tforms": ["16b2a3e2e6b9d559d878b223e5a12dd1", "8a2c9ffc62e99343dd11de42c4e00262"], "rank": 1, "score": -2.1683955230059593}, {"smiles": "COC(=O)[C@@H]1[C@@H](O)C[C@@]2(O)C[C@@H](O)C[C@@H](O)[C@H](O)CC[C@@H](O)C[C@@H](O)CC(=O)O[C@@H](C)[C@H](C)[C@H](O)[C@@H](C)C=CC=CC=CC=CC=CC=CC=C[C@H](O)C[C@@H]1O2.Cc1cn([C@H]2C[C@H](O)[C@@H](COP(=O)(O)OP(=O)(O)O[C@H]3O[C@H](C)[C@@H](O)[C@H](N)[C@@H]3O)O2)c(=O)[nH]c1=O", "smiles_split": ["COC(=O)[C@@H]1[C@@H](O)C[C@@]2(O)C[C@@H](O)C[C@@H](O)[C@H](O)CC[C@@H](O)C[C@@H](O)CC(=O)O[C@@H](C)[C@H](C)[C@H](O)[C@@H](C)C=CC=CC=CC=CC=CC=CC=C[C@H](O)C[C@@H]1O2", "Cc1cn([C@H]2C[C@H](O)[C@@H](COP(=O)(O)OP(=O)(O)O[C@H]3O[C@H](C)[C@@H](O)[C@H](N)[C@@H]3O)O2)c(=O)[nH]c1=O"], "mapped_smiles": "[C@H:54]1([O:918][P:915]([O:914][P:911]([O:910][CH2:909][C@@H:908]2[C@@H:906]([OH:907])[CH2:905][C@H:904]([n:903]3[cH:902][c:901]([CH3:900])[c:923](=[O:924])[nH:922][c:920]3=[O:921])[O:919]2)([OH:912])=[O:913])([OH:916])=[O:917])[O:55][C@H:56]([CH3:57])[C@@H:58]([OH:59])[C@H:60]([NH2:61])[C@@H:62]1[OH:63].[CH3:1][O:2][C:3](=[O:4])[C@@H:5]1[C@@H:6]([OH:7])[CH2:8][C@@:9]2([OH:10])[CH2:11][C@@H:12]([OH:13])[CH2:14][C@@H:15]([OH:16])[C@H:17]([OH:18])[CH2:19][CH2:20][C@@H:21]([OH:22])[CH2:23][C@@H:24]([OH:25])[CH2:26][C:27](=[O:28])[O:29][C@@H:30]([CH3:31])[C@H:32]([CH3:33])[C@H:34]([OH:35])[C@@H:36]([CH3:37])[CH:38]=[CH:39][CH:40]=[CH:41][CH:42]=[CH:43][CH:44]=[CH:45][CH:46]=[CH:47][CH:48]=[CH:49][CH:50]=[CH:51][C@H:52]([OH:53])[CH2:64][C@@H:65]1[O:66]2", "reacting_atoms": [54, 52, 53], "template_id": "8ad03d31335090682862c87ec0f71f0d", "template_set": ["bkms"], "num_examples": 25, "necessary_reagent": "", "template_score": 0.06197220832109451, "rms_molwt": -680.903671022526, "num_rings": -5, "plausibility": 1, "tforms": ["8ad03d31335090682862c87ec0f71f0d"], "rank": 2, "score": -33268.4921324634}, {"smiles": "COC(=O)[C@@H]1[C@@H](O)C[C@@]2(O)C[C@@H](O)C[C@@H](O)[C@H](O)CC[C@@H](O)C[C@@H](O)CC(=O)O[C@@H](C)[C@H](C)[C@H](O)[C@@H](C)C=CC=CC=CC=CC=CC=CC=C[C@H](O[C@@H](OP(=O)(O)OP(=O)(O)OC[C@H]3O[C@@H](n4cc(C)c(=O)[nH]c4=O)C[C@@H]3O)[C@@H](O)[C@@H](N)[C@H](O)[C@@H](C)O)C[C@@H]1O2", "smiles_split": ["COC(=O)[C@@H]1[C@@H](O)C[C@@]2(O)C[C@@H](O)C[C@@H](O)[C@H](O)CC[C@@H](O)C[C@@H](O)CC(=O)O[C@@H](C)[C@H](C)[C@H](O)[C@@H](C)C=CC=CC=CC=CC=CC=CC=C[C@H](O[C@@H](OP(=O)(O)OP(=O)(O)OC[C@H]3O[C@@H](n4cc(C)c(=O)[nH]c4=O)C[C@@H]3O)[C@@H](O)[C@@H](N)[C@H](O)[C@@H](C)O)C[C@@H]1O2"], "mapped_smiles": "[CH3:1][O:2][C:3](=[O:4])[C@@H:5]1[C@@H:6]([OH:7])[CH2:8][C@@:9]2([OH:10])[CH2:11][C@@H:12]([OH:13])[CH2:14][C@@H:15]([OH:16])[C@H:17]([OH:18])[CH2:19][CH2:20][C@@H:21]([OH:22])[CH2:23][C@@H:24]([OH:25])[CH2:26][C:27](=[O:28])[O:29][C@@H:30]([CH3:31])[C@H:32]([CH3:33])[C@H:34]([OH:35])[C@@H:36]([CH3:37])[CH:38]=[CH:39][CH:40]=[CH:41][CH:42]=[CH:43][CH:44]=[CH:45][CH:46]=[CH:47][CH:48]=[CH:49][CH:50]=[CH:51][C@H:52]([O:53][C@H:54]([C@H:62]([C@H:60]([C@@H:58]([C@H:56]([OH:55])[CH3:57])[OH:59])[NH2:61])[OH:63])[O:918][P:915]([O:914][P:911]([O:910][CH2:909][C@@H:908]3[C@@H:906]([OH:907])[CH2:905][C@H:904]([n:903]4[cH:902][c:901]([CH3:900])[c:923](=[O:924])[nH:922][c:920]4=[O:921])[O:919]3)([OH:912])=[O:913])([OH:916])=[O:917])[CH2:64][C@@H:65]1[O:66]2", "reacting_atoms": [54, 56, 55], "template_id": "8ad03d31335090682862c87ec0f71f0d", "template_set": ["bkms"], "num_examples": 25, "necessary_reagent": "", "template_score": 0.06197220832109451, "rms_molwt": -1339.5264325319997, "num_rings": -4, "plausibility": 1, "tforms": ["8ad03d31335090682862c87ec0f71f0d"], "rank": 3, "score": -48506.23537515762}, {"smiles": "COC(=O)[C@@H]1[C@@H](O)C[C@@]2(O)C[C@@H](O)C[C@@H](O)[C@H](O)CC[C@@H](O)C[C@@H](O)CC(=O)O[C@@H](C)[C@H](C)[C@H](OP(=O)(O)O)[C@@H](C)C=CC=CC=CC=CC=CC=CC=C[C@H](O[C@@H]3O[C@H](C)[C@@H](O)[C@H](N)[C@@H]3O)C[C@@H]1O2", "smiles_split": ["COC(=O)[C@@H]1[C@@H](O)C[C@@]2(O)C[C@@H](O)C[C@@H](O)[C@H](O)CC[C@@H](O)C[C@@H](O)CC(=O)O[C@@H](C)[C@H](C)[C@H](OP(=O)(O)O)[C@@H](C)C=CC=CC=CC=CC=CC=CC=C[C@H](O[C@@H]3O[C@H](C)[C@@H](O)[C@H](N)[C@@H]3O)C[C@@H]1O2"], "mapped_smiles": "[CH3:1][O:2][C:3](=[O:4])[C@@H:5]1[C@@H:6]([OH:7])[CH2:8][C@@:9]2([OH:10])[CH2:11][C@@H:12]([OH:13])[CH2:14][C@@H:15]([OH:16])[C@H:17]([OH:18])[CH2:19][CH2:20][C@@H:21]([OH:22])[CH2:23][C@@H:24]([OH:25])[CH2:26][C:27](=[O:28])[O:29][C@@H:30]([CH3:31])[C@H:32]([CH3:33])[C@H:34]([O:35][P:901]([OH:900])([OH:902])=[O:903])[C@@H:36]([CH3:37])[CH:38]=[CH:39][CH:40]=[CH:41][CH:42]=[CH:43][CH:44]=[CH:45][CH:46]=[CH:47][CH:48]=[CH:49][CH:50]=[CH:51][C@H:52]([O:53][C@@H:54]3[O:55][C@H:56]([CH3:57])[C@@H:58]([OH:59])[C@H:60]([NH2:61])[C@@H:62]3[OH:63])[CH2:64][C@@H:65]1[O:66]2", "reacting_atoms": [35, 34], "template_id": "65bf7618263ef0544bfb3455ab5e0cbc", "template_set": ["bkms"], "num_examples": 167, "necessary_reagent": "", "template_score": 0.01907286047935486, "rms_molwt": -1017.469830462, "num_rings": -3, "plausibility": 1, "tforms": ["65bf7618263ef0544bfb3455ab5e0cbc"], "rank": 4, "score": -115625.61466637765}, {"smiles": "COC(=O)[C@@H]1[C@@H](O)C[C@@]2(OP(=O)(O)O)C[C@@H](O)C[C@@H](O)[C@H](O)CC[C@@H](O)C[C@@H](O)CC(=O)O[C@@H](C)[C@H](C)[C@H](O)[C@@H](C)C=CC=CC=CC=CC=CC=CC=C[C@H](O[C@@H]3O[C@H](C)[C@@H](O)[C@H](N)[C@@H]3O)C[C@@H]1O2", "smiles_split": ["COC(=O)[C@@H]1[C@@H](O)C[C@@]2(OP(=O)(O)O)C[C@@H](O)C[C@@H](O)[C@H](O)CC[C@@H](O)C[C@@H](O)CC(=O)O[C@@H](C)[C@H](C)[C@H](O)[C@@H](C)C=CC=CC=CC=CC=CC=CC=C[C@H](O[C@@H]3O[C@H](C)[C@@H](O)[C@H](N)[C@@H]3O)C[C@@H]1O2"], "mapped_smiles": "[CH3:1][O:2][C:3](=[O:4])[C@@H:5]1[C@@H:6]([OH:7])[CH2:8][C@@:9]2([O:10][P:901]([OH:900])([OH:902])=[O:903])[CH2:11][C@@H:12]([OH:13])[CH2:14][C@@H:15]([OH:16])[C@H:17]([OH:18])[CH2:19][CH2:20][C@@H:21]([OH:22])[CH2:23][C@@H:24]([OH:25])[CH2:26][C:27](=[O:28])[O:29][C@@H:30]([CH3:31])[C@H:32]([CH3:33])[C@H:34]([OH:35])[C@@H:36]([CH3:37])[CH:38]=[CH:39][CH:40]=[CH:41][CH:42]=[CH:43][CH:44]=[CH:45][CH:46]=[CH:47][CH:48]=[CH:49][CH:50]=[CH:51][C@H:52]([O:53][C@@H:54]3[O:55][C@H:56]([CH3:57])[C@@H:58]([OH:59])[C@H:60]([NH2:61])[C@@H:62]3[OH:63])[CH2:64][C@@H:65]1[O:66]2", "reacting_atoms": [10, 9], "template_id": "65bf7618263ef0544bfb3455ab5e0cbc", "template_set": ["bkms", "bkms"], "num_examples": 170, "necessary_reagent": "", "template_score": 0.01907286047935486, "rms_molwt": -1017.469830462, "num_rings": -3, "plausibility": 1, "tforms": ["65bf7618263ef0544bfb3455ab5e0cbc", "f0739b8c583ec9afe508b2ff95aa9669"], "rank": 5, "score": -115625.61466637765}, {"smiles": "COC(=O)[C@@H]1[C@@H](O)C[C@@]2(O)C[C@@H](O)C[C@@H](O)[C@H](O)CC[C@@H](O)C[C@@H](O)CC(=O)O[C@@H](C)[C@H](C)[C@H](O)[C@@H](C)C=CC=CC=CC=CC=CC=CC=C[C@H](O[C@@H]3O[C@H](C)[C@@H](OP(=O)(O)O)[C@H](N)[C@@H]3O)C[C@@H]1O2", "smiles_split": ["COC(=O)[C@@H]1[C@@H](O)C[C@@]2(O)C[C@@H](O)C[C@@H](O)[C@H](O)CC[C@@H](O)C[C@@H](O)CC(=O)O[C@@H](C)[C@H](C)[C@H](O)[C@@H](C)C=CC=CC=CC=CC=CC=CC=C[C@H](O[C@@H]3O[C@H](C)[C@@H](OP(=O)(O)O)[C@H](N)[C@@H]3O)C[C@@H]1O2"], "mapped_smiles": "[CH3:1][O:2][C:3](=[O:4])[C@@H:5]1[C@@H:6]([OH:7])[CH2:8][C@@:9]2([OH:10])[CH2:11][C@@H:12]([OH:13])[CH2:14][C@@H:15]([OH:16])[C@H:17]([OH:18])[CH2:19][CH2:20][C@@H:21]([OH:22])[CH2:23][C@@H:24]([OH:25])[CH2:26][C:27](=[O:28])[O:29][C@@H:30]([CH3:31])[C@H:32]([CH3:33])[C@H:34]([OH:35])[C@@H:36]([CH3:37])[CH:38]=[CH:39][CH:40]=[CH:41][CH:42]=[CH:43][CH:44]=[CH:45][CH:46]=[CH:47][CH:48]=[CH:49][CH:50]=[CH:51][C@H:52]([O:53][C@@H:54]3[O:55][C@H:56]([CH3:57])[C@@H:58]([O:59][P:901]([OH:900])([OH:902])=[O:903])[C@H:60]([NH2:61])[C@@H:62]3[OH:63])[CH2:64][C@@H:65]1[O:66]2", "reacting_atoms": [59, 58], "template_id": "65bf7618263ef0544bfb3455ab5e0cbc", "template_set": ["bkms"], "num_examples": 167, "necessary_reagent": "", "template_score": 0.01907286047935486, "rms_molwt": -1017.4698304620001, "num_rings": -3, "plausibility": 1, "tforms": ["65bf7618263ef0544bfb3455ab5e0cbc"], "rank": 6, "score": -115625.61466637765}, {"smiles": "COC(=O)[C@@H]1[C@@H](O)C[C@@]2(O)C[C@@H](O)C[C@@H](O)[C@H](O)CC[C@@H](O)C[C@@H](O)CC(=O)O[C@@H](C)[C@H](C)[C@H](O)[C@@H](C)C=CC=CC=CC=CC=CC=CC=C[C@H](O[C@@H]3O[C@H](C)[C@@H](O)[C@H](N)[C@@H]3OP(=O)(O)O)C[C@@H]1O2", "smiles_split": ["COC(=O)[C@@H]1[C@@H](O)C[C@@]2(O)C[C@@H](O)C[C@@H](O)[C@H](O)CC[C@@H](O)C[C@@H](O)CC(=O)O[C@@H](C)[C@H](C)[C@H](O)[C@@H](C)C=CC=CC=CC=CC=CC=CC=C[C@H](O[C@@H]3O[C@H](C)[C@@H](O)[C@H](N)[C@@H]3OP(=O)(O)O)C[C@@H]1O2"], "mapped_smiles": "[CH3:1][O:2][C:3](=[O:4])[C@@H:5]1[C@@H:6]([OH:7])[CH2:8][C@@:9]2([OH:10])[CH2:11][C@@H:12]([OH:13])[CH2:14][C@@H:15]([OH:16])[C@H:17]([OH:18])[CH2:19][CH2:20][C@@H:21]([OH:22])[CH2:23][C@@H:24]([OH:25])[CH2:26][C:27](=[O:28])[O:29][C@@H:30]([CH3:31])[C@H:32]([CH3:33])[C@H:34]([OH:35])[C@@H:36]([CH3:37])[CH:38]=[CH:39][CH:40]=[CH:41][CH:42]=[CH:43][CH:44]=[CH:45][CH:46]=[CH:47][CH:48]=[CH:49][CH:50]=[CH:51][C@H:52]([O:53][C@@H:54]3[O:55][C@H:56]([CH3:57])[C@@H:58]([OH:59])[C@H:60]([NH2:61])[C@@H:62]3[O:63][P:901]([OH:900])([OH:902])=[O:903])[CH2:64][C@@H:65]1[O:66]2", "reacting_atoms": [63, 62], "template_id": "65bf7618263ef0544bfb3455ab5e0cbc", "template_set": ["bkms"], "num_examples": 167, "necessary_reagent": "", "template_score": 0.01907286047935486, "rms_molwt": -1017.4698304620001, "num_rings": -3, "plausibility": 1, "tforms": ["65bf7618263ef0544bfb3455ab5e0cbc"], "rank": 7, "score": -115625.61466637765}, {"smiles": "COC(=O)[C@@H]1[C@@H](O)C[C@@]2(O)C[C@@H](OP(=O)(O)O)C[C@@H](O)[C@H](O)CC[C@@H](O)C[C@@H](O)CC(=O)O[C@@H](C)[C@H](C)[C@H](O)[C@@H](C)C=CC=CC=CC=CC=CC=CC=C[C@H](O[C@@H]3O[C@H](C)[C@@H](O)[C@H](N)[C@@H]3O)C[C@@H]1O2", "smiles_split": ["COC(=O)[C@@H]1[C@@H](O)C[C@@]2(O)C[C@@H](OP(=O)(O)O)C[C@@H](O)[C@H](O)CC[C@@H](O)C[C@@H](O)CC(=O)O[C@@H](C)[C@H](C)[C@H](O)[C@@H](C)C=CC=CC=CC=CC=CC=CC=C[C@H](O[C@@H]3O[C@H](C)[C@@H](O)[C@H](N)[C@@H]3O)C[C@@H]1O2"], "mapped_smiles": "[CH3:1][O:2][C:3](=[O:4])[C@@H:5]1[C@@H:6]([OH:7])[CH2:8][C@@:9]2([OH:10])[CH2:11][C@@H:12]([O:13][P:901]([OH:900])([OH:902])=[O:903])[CH2:14][C@@H:15]([OH:16])[C@H:17]([OH:18])[CH2:19][CH2:20][C@@H:21]([OH:22])[CH2:23][C@@H:24]([OH:25])[CH2:26][C:27](=[O:28])[O:29][C@@H:30]([CH3:31])[C@H:32]([CH3:33])[C@H:34]([OH:35])[C@@H:36]([CH3:37])[CH:38]=[CH:39][CH:40]=[CH:41][CH:42]=[CH:43][CH:44]=[CH:45][CH:46]=[CH:47][CH:48]=[CH:49][CH:50]=[CH:51][C@H:52]([O:53][C@@H:54]3[O:55][C@H:56]([CH3:57])[C@@H:58]([OH:59])[C@H:60]([NH2:61])[C@@H:62]3[OH:63])[CH2:64][C@@H:65]1[O:66]2", "reacting_atoms": [13, 12], "template_id": "65bf7618263ef0544bfb3455ab5e0cbc", "template_set": ["bkms"], "num_examples": 167, "necessary_reagent": "", "template_score": 0.01907286047935486, "rms_molwt": -1017.469830462, "num_rings": -3, "plausibility": 1, "tforms": ["65bf7618263ef0544bfb3455ab5e0cbc"], "rank": 8, "score": -115625.61466637765}, {"smiles": "COC(=O)[C@@H]1[C@@H](O)C[C@@]2(O)C[C@@H](O)C[C@@H](O)[C@H](O)CC[C@@H](O)C[C@@H](OP(=O)(O)O)CC(=O)O[C@@H](C)[C@H](C)[C@H](O)[C@@H](C)C=CC=CC=CC=CC=CC=CC=C[C@H](O[C@@H]3O[C@H](C)[C@@H](O)[C@H](N)[C@@H]3O)C[C@@H]1O2", "smiles_split": ["COC(=O)[C@@H]1[C@@H](O)C[C@@]2(O)C[C@@H](O)C[C@@H](O)[C@H](O)CC[C@@H](O)C[C@@H](OP(=O)(O)O)CC(=O)O[C@@H](C)[C@H](C)[C@H](O)[C@@H](C)C=CC=CC=CC=CC=CC=CC=C[C@H](O[C@@H]3O[C@H](C)[C@@H](O)[C@H](N)[C@@H]3O)C[C@@H]1O2"], "mapped_smiles": "[CH3:1][O:2][C:3](=[O:4])[C@@H:5]1[C@@H:6]([OH:7])[CH2:8][C@@:9]2([OH:10])[CH2:11][C@@H:12]([OH:13])[CH2:14][C@@H:15]([OH:16])[C@H:17]([OH:18])[CH2:19][CH2:20][C@@H:21]([OH:22])[CH2:23][C@@H:24]([O:25][P:901]([OH:900])([OH:902])=[O:903])[CH2:26][C:27](=[O:28])[O:29][C@@H:30]([CH3:31])[C@H:32]([CH3:33])[C@H:34]([OH:35])[C@@H:36]([CH3:37])[CH:38]=[CH:39][CH:40]=[CH:41][CH:42]=[CH:43][CH:44]=[CH:45][CH:46]=[CH:47][CH:48]=[CH:49][CH:50]=[CH:51][C@H:52]([O:53][C@@H:54]3[O:55][C@H:56]([CH3:57])[C@@H:58]([OH:59])[C@H:60]([NH2:61])[C@@H:62]3[OH:63])[CH2:64][C@@H:65]1[O:66]2", "reacting_atoms": [25, 24], "template_id": "65bf7618263ef0544bfb3455ab5e0cbc", "template_set": ["bkms"], "num_examples": 167, "necessary_reagent": "", "template_score": 0.01907286047935486, "rms_molwt": -1017.469830462, "num_rings": -3, "plausibility": 1, "tforms": ["65bf7618263ef0544bfb3455ab5e0cbc"], "rank": 9, "score": -115625.61466637765}, {"smiles": "COC(=O)[C@H]1[C@@H]2C[C@@H](O[C@@H]3O[C@H](C)[C@@H](O)[C@H](N)[C@@H]3O)C=CC=CC=CC=CC=CC=CC=C[C@H](C)[C@@H](O)[C@@H](C)[C@H](C)OC(=O)C[C@H](O)C[C@H](O)CC[C@@H](O)[C@H](O)C[C@H](O)C[C@](O)(C[C@@H]1OP(=O)(O)O)O2", "smiles_split": ["COC(=O)[C@H]1[C@@H]2C[C@@H](O[C@@H]3O[C@H](C)[C@@H](O)[C@H](N)[C@@H]3O)C=CC=CC=CC=CC=CC=CC=C[C@H](C)[C@@H](O)[C@@H](C)[C@H](C)OC(=O)C[C@H](O)C[C@H](O)CC[C@@H](O)[C@H](O)C[C@H](O)C[C@](O)(C[C@@H]1OP(=O)(O)O)O2"], "mapped_smiles": "[CH3:1][O:2][C:3](=[O:4])[C@@H:5]1[C@@H:6]([O:7][P:901]([OH:900])([OH:902])=[O:903])[CH2:8][C@@:9]2([OH:10])[CH2:11][C@@H:12]([OH:13])[CH2:14][C@@H:15]([OH:16])[C@H:17]([OH:18])[CH2:19][CH2:20][C@@H:21]([OH:22])[CH2:23][C@@H:24]([OH:25])[CH2:26][C:27](=[O:28])[O:29][C@@H:30]([CH3:31])[C@H:32]([CH3:33])[C@H:34]([OH:35])[C@@H:36]([CH3:37])[CH:38]=[CH:39][CH:40]=[CH:41][CH:42]=[CH:43][CH:44]=[CH:45][CH:46]=[CH:47][CH:48]=[CH:49][CH:50]=[CH:51][C@H:52]([O:53][C@@H:54]3[O:55][C@H:56]([CH3:57])[C@@H:58]([OH:59])[C@H:60]([NH2:61])[C@@H:62]3[OH:63])[CH2:64][C@@H:65]1[O:66]2", "reacting_atoms": [7, 6], "template_id": "65bf7618263ef0544bfb3455ab5e0cbc", "template_set": ["bkms"], "num_examples": 167, "necessary_reagent": "", "template_score": 0.01907286047935486, "rms_molwt": -1017.4698304620005, "num_rings": -3, "plausibility": 1, "tforms": ["65bf7618263ef0544bfb3455ab5e0cbc"], "rank": 10, "score": -115625.61466637765}, {"smiles": "COC(=O)[C@@H]1[C@@H](O)C[C@@]2(O)C[C@@H](O)C[C@@H](OP(=O)(O)O)[C@H](O)CC[C@@H](O)C[C@@H](O)CC(=O)O[C@@H](C)[C@H](C)[C@H](O)[C@@H](C)C=CC=CC=CC=CC=CC=CC=C[C@H](O[C@@H]3O[C@H](C)[C@@H](O)[C@H](N)[C@@H]3O)C[C@@H]1O2", "smiles_split": ["COC(=O)[C@@H]1[C@@H](O)C[C@@]2(O)C[C@@H](O)C[C@@H](OP(=O)(O)O)[C@H](O)CC[C@@H](O)C[C@@H](O)CC(=O)O[C@@H](C)[C@H](C)[C@H](O)[C@@H](C)C=CC=CC=CC=CC=CC=CC=C[C@H](O[C@@H]3O[C@H](C)[C@@H](O)[C@H](N)[C@@H]3O)C[C@@H]1O2"], "mapped_smiles": "[CH3:1][O:2][C:3](=[O:4])[C@@H:5]1[C@@H:6]([OH:7])[CH2:8][C@@:9]2([OH:10])[CH2:11][C@@H:12]([OH:13])[CH2:14][C@@H:15]([O:16][P:901]([OH:900])([OH:902])=[O:903])[C@H:17]([OH:18])[CH2:19][CH2:20][C@@H:21]([OH:22])[CH2:23][C@@H:24]([OH:25])[CH2:26][C:27](=[O:28])[O:29][C@@H:30]([CH3:31])[C@H:32]([CH3:33])[C@H:34]([OH:35])[C@@H:36]([CH3:37])[CH:38]=[CH:39][CH:40]=[CH:41][CH:42]=[CH:43][CH:44]=[CH:45][CH:46]=[CH:47][CH:48]=[CH:49][CH:50]=[CH:51][C@H:52]([O:53][C@@H:54]3[O:55][C@H:56]([CH3:57])[C@@H:58]([OH:59])[C@H:60]([NH2:61])[C@@H:62]3[OH:63])[CH2:64][C@@H:65]1[O:66]2", "reacting_atoms": [16, 15], "template_id": "65bf7618263ef0544bfb3455ab5e0cbc", "template_set": ["bkms"], "num_examples": 167, "necessary_reagent": "", "template_score": 0.01907286047935486, "rms_molwt": -1017.469830462, "num_rings": -3, "plausibility": 1, "tforms": ["65bf7618263ef0544bfb3455ab5e0cbc"], "rank": 11, "score": -115625.61466637765}, {"smiles": "COC(=O)[C@@H]1[C@@H](O)C[C@@]2(O)C[C@@H](O)C[C@@H](O)[C@H](O)CC[C@@H](OP(=O)(O)O)C[C@@H](O)CC(=O)O[C@@H](C)[C@H](C)[C@H](O)[C@@H](C)C=CC=CC=CC=CC=CC=CC=C[C@H](O[C@@H]3O[C@H](C)[C@@H](O)[C@H](N)[C@@H]3O)C[C@@H]1O2", "smiles_split": ["COC(=O)[C@@H]1[C@@H](O)C[C@@]2(O)C[C@@H](O)C[C@@H](O)[C@H](O)CC[C@@H](OP(=O)(O)O)C[C@@H](O)CC(=O)O[C@@H](C)[C@H](C)[C@H](O)[C@@H](C)C=CC=CC=CC=CC=CC=CC=C[C@H](O[C@@H]3O[C@H](C)[C@@H](O)[C@H](N)[C@@H]3O)C[C@@H]1O2"], "mapped_smiles": "[CH3:1][O:2][C:3](=[O:4])[C@@H:5]1[C@@H:6]([OH:7])[CH2:8][C@@:9]2([OH:10])[CH2:11][C@@H:12]([OH:13])[CH2:14][C@@H:15]([OH:16])[C@H:17]([OH:18])[CH2:19][CH2:20][C@@H:21]([O:22][P:901]([OH:900])([OH:902])=[O:903])[CH2:23][C@@H:24]([OH:25])[CH2:26][C:27](=[O:28])[O:29][C@@H:30]([CH3:31])[C@H:32]([CH3:33])[C@H:34]([OH:35])[C@@H:36]([CH3:37])[CH:38]=[CH:39][CH:40]=[CH:41][CH:42]=[CH:43][CH:44]=[CH:45][CH:46]=[CH:47][CH:48]=[CH:49][CH:50]=[CH:51][C@H:52]([O:53][C@@H:54]3[O:55][C@H:56]([CH3:57])[C@@H:58]([OH:59])[C@H:60]([NH2:61])[C@@H:62]3[OH:63])[CH2:64][C@@H:65]1[O:66]2", "reacting_atoms": [22, 21], "template_id": "65bf7618263ef0544bfb3455ab5e0cbc", "template_set": ["bkms"], "num_examples": 167, "necessary_reagent": "", "template_score": 0.01907286047935486, "rms_molwt": -1017.469830462, "num_rings": -3, "plausibility": 1, "tforms": ["65bf7618263ef0544bfb3455ab5e0cbc"], "rank": 12, "score": -115625.61466637765}, {"smiles": "COC(=O)[C@@H]1[C@@H](O)C[C@@]2(O)C[C@@H](O)C[C@@H](O)[C@H](OP(=O)(O)O)CC[C@@H](O)C[C@@H](O)CC(=O)O[C@@H](C)[C@H](C)[C@H](O)[C@@H](C)C=CC=CC=CC=CC=CC=CC=C[C@H](O[C@@H]3O[C@H](C)[C@@H](O)[C@H](N)[C@@H]3O)C[C@@H]1O2", "smiles_split": ["COC(=O)[C@@H]1[C@@H](O)C[C@@]2(O)C[C@@H](O)C[C@@H](O)[C@H](OP(=O)(O)O)CC[C@@H](O)C[C@@H](O)CC(=O)O[C@@H](C)[C@H](C)[C@H](O)[C@@H](C)C=CC=CC=CC=CC=CC=CC=C[C@H](O[C@@H]3O[C@H](C)[C@@H](O)[C@H](N)[C@@H]3O)C[C@@H]1O2"], "mapped_smiles": "[CH3:1][O:2][C:3](=[O:4])[C@@H:5]1[C@@H:6]([OH:7])[CH2:8][C@@:9]2([OH:10])[CH2:11][C@@H:12]([OH:13])[CH2:14][C@@H:15]([OH:16])[C@H:17]([O:18][P:901]([OH:900])([OH:902])=[O:903])[CH2:19][CH2:20][C@@H:21]([OH:22])[CH2:23][C@@H:24]([OH:25])[CH2:26][C:27](=[O:28])[O:29][C@@H:30]([CH3:31])[C@H:32]([CH3:33])[C@H:34]([OH:35])[C@@H:36]([CH3:37])[CH:38]=[CH:39][CH:40]=[CH:41][CH:42]=[CH:43][CH:44]=[CH:45][CH:46]=[CH:47][CH:48]=[CH:49][CH:50]=[CH:51][C@H:52]([O:53][C@@H:54]3[O:55][C@H:56]([CH3:57])[C@@H:58]([OH:59])[C@H:60]([NH2:61])[C@@H:62]3[OH:63])[CH2:64][C@@H:65]1[O:66]2", "reacting_atoms": [18, 17], "template_id": "65bf7618263ef0544bfb3455ab5e0cbc", "template_set": ["bkms"], "num_examples": 167, "necessary_reagent": "", "template_score": 0.01907286047935486, "rms_molwt": -1017.469830462, "num_rings": -3, "plausibility": 1, "tforms": ["65bf7618263ef0544bfb3455ab5e0cbc"], "rank": 13, "score": -115625.61466637765}, {"smiles": "COC(=O)[C@@H]1[C@@H](O)C[C@@]2(O)C[C@@H](O)C[C@@H](O)[C@H](O)CCCC[C@@H](O)CC(=O)O[C@@H](C)[C@H](C)[C@H](O)[C@@H](C)C=CC=CC=CC=CC=CC=CC=C[C@H](O[C@@H]3O[C@H](C)[C@@H](O)[C@H](N)[C@@H]3O)C[C@@H]1O2", "smiles_split": ["COC(=O)[C@@H]1[C@@H](O)C[C@@]2(O)C[C@@H](O)C[C@@H](O)[C@H](O)CCCC[C@@H](O)CC(=O)O[C@@H](C)[C@H](C)[C@H](O)[C@@H](C)C=CC=CC=CC=CC=CC=CC=C[C@H](O[C@@H]3O[C@H](C)[C@@H](O)[C@H](N)[C@@H]3O)C[C@@H]1O2"], "mapped_smiles": "[CH3:1][O:2][C:3](=[O:4])[C@@H:5]1[C@@H:6]([OH:7])[CH2:8][C@@:9]2([OH:10])[CH2:11][C@@H:12]([OH:13])[CH2:14][C@@H:15]([OH:16])[C@H:17]([OH:18])[CH2:19][CH2:20][CH2:21][CH2:23][C@@H:24]([OH:25])[CH2:26][C:27](=[O:28])[O:29][C@@H:30]([CH3:31])[C@H:32]([CH3:33])[C@H:34]([OH:35])[C@@H:36]([CH3:37])[CH:38]=[CH:39][CH:40]=[CH:41][CH:42]=[CH:43][CH:44]=[CH:45][CH:46]=[CH:47][CH:48]=[CH:49][CH:50]=[CH:51][C@H:52]([O:53][C@@H:54]3[O:55][C@H:56]([CH3:57])[C@@H:58]([OH:59])[C@H:60]([NH2:61])[C@@H:62]3[OH:63])[CH2:64][C@@H:65]1[O:66]2", "reacting_atoms": [21], "template_id": "a034de99c75fe18016182f108d443d26", "template_set": ["bkms", "bkms"], "num_examples": 110, "necessary_reagent": "[O]", "template_score": 0.014515263959765434, "rms_molwt": -921.5085853200001, "num_rings": -3, "plausibility": 1, "tforms": ["9f387abf2274fc73429ecccd1b168e7b", "a034de99c75fe18016182f108d443d26"], "rank": 14, "score": -138411.58466504666}, {"smiles": "COC(=O)[C@@H]1[C@@H](O)C[C@@]2(O)CCC[C@@H](O)[C@H](O)CC[C@@H](O)C[C@@H](O)CC(=O)O[C@@H](C)[C@H](C)[C@H](O)[C@@H](C)C=CC=CC=CC=CC=CC=CC=C[C@H](O[C@@H]3O[C@H](C)[C@@H](O)[C@H](N)[C@@H]3O)C[C@@H]1O2", "smiles_split": ["COC(=O)[C@@H]1[C@@H](O)C[C@@]2(O)CCC[C@@H](O)[C@H](O)CC[C@@H](O)C[C@@H](O)CC(=O)O[C@@H](C)[C@H](C)[C@H](O)[C@@H](C)C=CC=CC=CC=CC=CC=CC=C[C@H](O[C@@H]3O[C@H](C)[C@@H](O)[C@H](N)[C@@H]3O)C[C@@H]1O2"], "mapped_smiles": "[CH3:1][O:2][C:3](=[O:4])[C@@H:5]1[C@@H:6]([OH:7])[CH2:8][C@@:9]2([OH:10])[CH2:11][CH2:12][CH2:14][C@@H:15]([OH:16])[C@H:17]([OH:18])[CH2:19][CH2:20][C@@H:21]([OH:22])[CH2:23][C@@H:24]([OH:25])[CH2:26][C:27](=[O:28])[O:29][C@@H:30]([CH3:31])[C@H:32]([CH3:33])[C@H:34]([OH:35])[C@@H:36]([CH3:37])[CH:38]=[CH:39][CH:40]=[CH:41][CH:42]=[CH:43][CH:44]=[CH:45][CH:46]=[CH:47][CH:48]=[CH:49][CH:50]=[CH:51][C@H:52]([O:53][C@@H:54]3[O:55][C@H:56]([CH3:57])[C@@H:58]([OH:59])[C@H:60]([NH2:61])[C@@H:62]3[OH:63])[CH2:64][C@@H:65]1[O:66]2", "reacting_atoms": [12], "template_id": "a034de99c75fe18016182f108d443d26", "template_set": ["bkms", "bkms"], "num_examples": 110, "necessary_reagent": "[O]", "template_score": 0.014515263959765434, "rms_molwt": -921.5085853200001, "num_rings": -3, "plausibility": 1, "tforms": ["9f387abf2274fc73429ecccd1b168e7b", "a034de99c75fe18016182f108d443d26"], "rank": 15, "score": -138411.58466504666}]}