{"smiles": "CCCCCCCC/C=C\\C/C=C\\C/C=C\\CCCC(=O)O[C@H](COC(=O)CCCCCCCCCCCCC)COC(=O)CCCCCCCCCCCCCCCCCCCCC", "sfscore": [0.42453646659851074, 0.625554084777832], "chem_result": [{"smiles": "CCCCCCCC/C=C\\C/C=C\\C/C=C\\CCCC(=O)O[C@H](COC(=O)CCCCCCCCCCCCC)COC(=O)CCCCCCCCCCCCCCCCCCCCC", "bw_confidence": 0.024009785003580565, "confidence": 0.5339103721402112, "rclass": "0 0 0", "children": [{"smiles": "C(=NC1CCCCC1)=NC1CCCCC1"}, {"smiles": "CCCCCCCC/C=C\\C/C=C\\CCCC(=O)O"}, {"smiles": "CN(C)c1ccncc1"}, {"smiles": "ClCCl"}]}, {"smiles": "CCCCCCCC/C=C\\C/C=C\\C/C=C\\CCCC(=O)O[C@H](COC(=O)CCCCCCCCCCCCC)COC(=O)CCCCCCCCCCCCCCCCCCCCC", "bw_confidence": 0.012441604594950322, "confidence": 0.2163408209762775, "rclass": "0 0 0", "children": [{"smiles": "CCCCCCCC/C=C\\C/C=C\\CCCC(=O)O[C@H](CO)COC(=O)CCCCCCCCCCCCCCCCC"}, {"smiles": "ClCCl"}]}, {"smiles": "CCCCCCCC/C=C\\C/C=C\\C/C=C\\CCCC(=O)O[C@H](COC(=O)CCCCCCCCCCCCC)COC(=O)CCCCCCCCCCCCCCCCCCCCC", "bw_confidence": 0.010939584004057194, "confidence": 0.16330059462458, "rclass": "8 8.1 8.1.10", "children": [{"smiles": "CCCCCCCC/C=C\\C/C=C\\CCCC(=O)O[C@H](COC(=O)CCCCCCCCCCCCC)COC(O)CCCCCCCCCCCCCCCCCC"}, {"smiles": "ClCCl"}, {"smiles": "O=[Cr](=O)([O-])Cl~c1cc[nH+]cc1"}]}, {"smiles": "CCCCCCCC/C=C\\C/C=C\\C/C=C\\CCCC(=O)O[C@H](COC(=O)CCCCCCCCCCCCC)COC(=O)CCCCCCCCCCCCCCCCCCCCC", "bw_confidence": 0.008888269211554929, "confidence": 0.11379387893762499, "rclass": "2 2.6 2.6.9", "children": [{"smiles": "C(=NC1CCCCC1)=NC1CCCCC1"}, {"smiles": "CCCCCCCC/C=C\\C/C=C\\CCCC(=O)O"}, {"smiles": "CCCCCCCCCCCCCCCCCCC(=O)OC[C@H](O)COC(=O)CCCCCCCCCCCCCCCCC"}, {"smiles": "CN(C)c1ccncc1"}, {"smiles": "ClCCl"}]}, {"smiles": "CCCCCCCC/C=C\\C/C=C\\C/C=C\\CCCC(=O)O[C@H](COC(=O)CCCCCCCCCCCCC)COC(=O)CCCCCCCCCCCCCCCCCCCCC", "bw_confidence": 0.0029811308347954344, "confidence": 0.021019620552050314, "rclass": "11 11.5 11.5", "children": [{"smiles": "CCCCCCCC/C=C\\C/C=C\\C/C=C\\CCCC(=O)O[C@H](COC(=O)CCCCCCCCCCCCCC)COC(=O)CCCCCCCCCCCCCCCCCCCC"}, {"smiles": "ClCCl"}, {"smiles": "O=C(O)C(F)(F)F"}]}, {"smiles": "CCCCCCCC/C=C\\C/C=C\\C/C=C\\CCCC(=O)O[C@H](COC(=O)CCCCCCCCCCCCC)COC(=O)CCCCCCCCCCCCCCCCCCCCC", "bw_confidence": 0.0019133891510476036, "confidence": 0.02771037938772183, "rclass": "0 0 0", "children": [{"smiles": "CCCCCCCC/C=C\\C/C=C\\CCCC(=O)O[C@H](COC(=O)CCCCCCCCCCCCC)COC(=O)CCCCCCCCCCCCCCCCCC"}, {"smiles": "CCCCCCCCC/C=C\\C/C=C\\CCCC(=O)O"}]}, {"smiles": "CCCCCCCC/C=C\\C/C=C\\C/C=C\\CCCC(=O)O[C@H](COC(=O)CCCCCCCCCCCCC)COC(=O)CCCCCCCCCCCCCCCCCCCCC", "bw_confidence": 0.0007751380720040906, "confidence": 0.05548173231519432, "rclass": "0 0 0", "children": [{"smiles": "CCCCCCCC/C=C\\C/C=C\\C/C=C\\CCCC(=O)O[C@H](COC(=O)CCCCCCCCCCCCCC)COC(=O)CCCCCCCCCCCCCCCCCCCC"}, {"smiles": "CCN(CC)CC"}, {"smiles": "CCN=C=NCCCN(C)C~Cl"}, {"smiles": "CN(C)c1ccncc1"}, {"smiles": "ClCCl"}]}, {"smiles": "CCCCCCCC/C=C\\C/C=C\\C/C=C\\CCCC(=O)O[C@H](COC(=O)CCCCCCCCCCCCC)COC(=O)CCCCCCCCCCCCCCCCCCCCC", "bw_confidence": 0.0007570542160999894, "confidence": 0.11908604914982263, "rclass": "2 2.6 2.6.2", "children": [{"smiles": "CCCCCCCC/C=C\\C/C=C\\CCCC(=O)O[C@H](CO)COC(=O)CCCCCCCCCCCCCCCCCC"}, {"smiles": "CCCCCCCCCCCCCCCCCCCC(=O)O"}, {"smiles": "CCN=C=NCCCN(C)C~Cl"}, {"smiles": "CN(C)c1ccncc1"}, {"smiles": "ClCCl"}]}, {"smiles": "CCCCCCCC/C=C\\C/C=C\\C/C=C\\CCCC(=O)O[C@H](COC(=O)CCCCCCCCCCCCC)COC(=O)CCCCCCCCCCCCCCCCCCCCC", "bw_confidence": 0.0006105553265597782, "confidence": 0.10150473108427782, "rclass": "2 2.6 2.6.9", "children": [{"smiles": "C(=NC1CCCCC1)=NC1CCCCC1"}, {"smiles": "CCCCCCCC/C=C\\C/C=C\\CCCC(=O)O[C@H](CO)COC(=O)CCCCCCCCCCCCCCCCCC"}, {"smiles": "CCCCCCCCCCCCCCCCCCCC(=O)O"}, {"smiles": "CN(C)c1ccncc1"}, {"smiles": "ClCCl"}]}, {"smiles": "CCCCCCCC/C=C\\C/C=C\\C/C=C\\CCCC(=O)O[C@H](COC(=O)CCCCCCCCCCCCC)COC(=O)CCCCCCCCCCCCCCCCCCCCC", "bw_confidence": 0.0005018396269298838, "confidence": 0.03350418160604304, "rclass": "0 0 0", "children": [{"smiles": "CCCCCCCC/C=C\\C/C=C\\C/C=C\\CCCC(=O)O[C@H](COC(=O)CCCCCCCCCCCCC)COC(=O)CCCCCCCCCCCCCCCCCC"}, {"smiles": "CCCCCCCCC/C=C\\C/C=C\\CCCC(=O)O"}]}, {"smiles": "CCCCCCCC/C=C\\C/C=C\\C/C=C\\CCCC(=O)O[C@H](COC(=O)CCCCCCCCCCCCC)COC(=O)CCCCCCCCCCCCCCCCCCCCC", "bw_confidence": 4.837634537449003e-05, "confidence": 0.03786642429240481, "rclass": "11 11.7 11.7", "children": [{"smiles": "CCCCCCCC/C=C\\C/C=C\\C/C=C\\CCCC(=O)O[C@H](COC(=O)CCCCCCCCCCCCC)COC(=O)CCCCCCCCCCCCCCCCCCC"}, {"smiles": "CCCCCCCCC/C=C\\C/C=C\\CCCC(=O)O[C@H](COC(=O)CCCCCCCCCCCCCC)COC(=O)CCCCCCCCCCCCCCCCCCC"}]}, {"smiles": "CCCCCCCC/C=C\\C/C=C\\C/C=C\\CCCC(=O)O[C@H](COC(=O)CCCCCCCCCCCCC)COC(=O)CCCCCCCCCCCCCCCCCCCCC", "bw_confidence": 3.120758700548276e-05, "confidence": 0.054177908589707134, "rclass": "11 11.5 11.5", "children": [{"smiles": "CC(=O)[O-]~CC(=O)[O-]~[Pb+2]~[Pd]"}, {"smiles": "CCCCCCCC/C=C\\C/C=C\\C/C=C\\CCCC(=O)O[C@H](COC(=O)CCCCCCCCCCCCC)COC(=O)CCCCCCCCCCCCCCCCCCC"}, {"smiles": "CCOC(C)=O"}]}], "chem_bw_confidence_list": [0.024009785003580565, 0.012441604594950322, 0.010939584004057194, 0.008888269211554929, 0.0029811308347954344, 0.0019133891510476036, 0.0007751380720040906, 0.0007570542160999894, 0.0006105553265597782, 0.0005018396269298838, 4.837634537449003e-05, 3.120758700548276e-05], "enzy_template_score_list": [0.6878787875175476, 0.6878787875175476, 0.6878787875175476, 0.018063504248857498, 0.018063504248857498, 0.018063504248857498, 0.018063504248857498, 0.018063504248857498, 0.018063504248857498, 0.015700986608862877, 0.015700986608862877, 0.015700986608862877, 0.007899067364633083, 0.007899067364633083, 0.007899067364633083], "enzy_result": [{"smiles": "CCCCCCCC/C=C\\C/C=C\\CCCCCCC(=O)O[C@H](COC(=O)CCCCCCCCCCCCC)COC(=O)CCCCCCCCCCCCCCCCCCCCC", "smiles_split": ["CCCCCCCC/C=C\\C/C=C\\CCCCCCC(=O)O[C@H](COC(=O)CCCCCCCCCCCCC)COC(=O)CCCCCCCCCCCCCCCCCCCCC"], "mapped_smiles": "[CH3:1][CH2:2][CH2:3][CH2:4][CH2:5][CH2:6][CH2:7][CH2:8]/[CH:9]=[CH:10]\\[CH2:11]/[CH:12]=[CH:13]\\[CH2:14][CH2:15][CH2:16][CH2:17][CH2:18][CH2:19][C:20](=[O:21])[O:22][C@H:23]([CH2:24][O:25][C:26](=[O:27])[CH2:28][CH2:29][CH2:30][CH2:31][CH2:32][CH2:33][CH2:34][CH2:35][CH2:36][CH2:37][CH2:38][CH2:39][CH3:40])[CH2:41][O:42][C:43](=[O:44])[CH2:45][CH2:46][CH2:47][CH2:48][CH2:49][CH2:50][CH2:51][CH2:52][CH2:53][CH2:54][CH2:55][CH2:56][CH2:57][CH2:58][CH2:59][CH2:60][CH2:61][CH2:62][CH2:63][CH2:64][CH3:65]", "reacting_atoms": [15, 16], "template_id": "b8752864a144b4d488d51a312d4ebfdc", "template_set": ["bkms", "bkms", "bkms"], "num_examples": 64, "necessary_reagent": "", "template_score": 0.6878787875175476, "rms_molwt": -914.83024124, "num_rings": 0, "plausibility": 1, "tforms": ["71d96988ab3623c8d39bf0ee6519c85b", "4b5c01ce1dd3e508649493e134ba9f1c", "b8752864a144b4d488d51a312d4ebfdc"], "rank": 1, "score": -1526.567654555017}, {"smiles": "CCCCCCCC/C=C\\CCCC/C=C\\CCCC(=O)O[C@H](COC(=O)CCCCCCCCCCCCC)COC(=O)CCCCCCCCCCCCCCCCCCCCC", "smiles_split": ["CCCCCCCC/C=C\\CCCC/C=C\\CCCC(=O)O[C@H](COC(=O)CCCCCCCCCCCCC)COC(=O)CCCCCCCCCCCCCCCCCCCCC"], "mapped_smiles": "[CH3:1][CH2:2][CH2:3][CH2:4][CH2:5][CH2:6][CH2:7][CH2:8]/[CH:9]=[CH:10]\\[CH2:11][CH2:12][CH2:13][CH2:14]/[CH:15]=[CH:16]\\[CH2:17][CH2:18][CH2:19][C:20](=[O:21])[O:22][C@H:23]([CH2:24][O:25][C:26](=[O:27])[CH2:28][CH2:29][CH2:30][CH2:31][CH2:32][CH2:33][CH2:34][CH2:35][CH2:36][CH2:37][CH2:38][CH2:39][CH3:40])[CH2:41][O:42][C:43](=[O:44])[CH2:45][CH2:46][CH2:47][CH2:48][CH2:49][CH2:50][CH2:51][CH2:52][CH2:53][CH2:54][CH2:55][CH2:56][CH2:57][CH2:58][CH2:59][CH2:60][CH2:61][CH2:62][CH2:63][CH2:64][CH3:65]", "reacting_atoms": [13, 12], "template_id": "b8752864a144b4d488d51a312d4ebfdc", "template_set": ["bkms", "bkms", "bkms"], "num_examples": 64, "necessary_reagent": "", "template_score": 0.6878787875175476, "rms_molwt": -914.83024124, "num_rings": 0, "plausibility": 1, "tforms": ["71d96988ab3623c8d39bf0ee6519c85b", "4b5c01ce1dd3e508649493e134ba9f1c", "b8752864a144b4d488d51a312d4ebfdc"], "rank": 2, "score": -1526.567654555017}, {"smiles": "CCCCCCCCCCC/C=C\\C/C=C\\CCCC(=O)O[C@H](COC(=O)CCCCCCCCCCCCC)COC(=O)CCCCCCCCCCCCCCCCCCCCC", "smiles_split": ["CCCCCCCCCCC/C=C\\C/C=C\\CCCC(=O)O[C@H](COC(=O)CCCCCCCCCCCCC)COC(=O)CCCCCCCCCCCCCCCCCCCCC"], "mapped_smiles": "[CH3:1][CH2:2][CH2:3][CH2:4][CH2:5][CH2:6][CH2:7][CH2:8][CH2:9][CH2:10][CH2:11]/[CH:12]=[CH:13]\\[CH2:14]/[CH:15]=[CH:16]\\[CH2:17][CH2:18][CH2:19][C:20](=[O:21])[O:22][C@H:23]([CH2:24][O:25][C:26](=[O:27])[CH2:28][CH2:29][CH2:30][CH2:31][CH2:32][CH2:33][CH2:34][CH2:35][CH2:36][CH2:37][CH2:38][CH2:39][CH3:40])[CH2:41][O:42][C:43](=[O:44])[CH2:45][CH2:46][CH2:47][CH2:48][CH2:49][CH2:50][CH2:51][CH2:52][CH2:53][CH2:54][CH2:55][CH2:56][CH2:57][CH2:58][CH2:59][CH2:60][CH2:61][CH2:62][CH2:63][CH2:64][CH3:65]", "reacting_atoms": [10, 9], "template_id": "b8752864a144b4d488d51a312d4ebfdc", "template_set": ["bkms", "bkms", "bkms"], "num_examples": 64, "necessary_reagent": "", "template_score": 0.6878787875175476, "rms_molwt": -914.83024124, "num_rings": 0, "plausibility": 1, "tforms": ["71d96988ab3623c8d39bf0ee6519c85b", "4b5c01ce1dd3e508649493e134ba9f1c", "b8752864a144b4d488d51a312d4ebfdc"], "rank": 3, "score": -1526.567654555017}, {"smiles": "CCCCCCCCCCCCCCCCCCCCCC(=O)OC[C@@H](COC(=O)CCCCCCCCCCCCC)OC(=O)CCC/C=C\\C/C=C\\CC1OC(=O)C1CCCCCCCC", "smiles_split": ["CCCCCCCCCCCCCCCCCCCCCC(=O)OC[C@@H](COC(=O)CCCCCCCCCCCCC)OC(=O)CCC/C=C\\C/C=C\\CC1OC(=O)C1CCCCCCCC"], "mapped_smiles": "[CH3:1][CH2:2][CH2:3][CH2:4][CH2:5][CH2:6][CH2:7][CH2:8][CH:9]1[CH:10]([CH2:11]/[CH:12]=[CH:13]\\[CH2:14]/[CH:15]=[CH:16]\\[CH2:17][CH2:18][CH2:19][C:20](=[O:21])[O:22][C@H:23]([CH2:24][O:25][C:26](=[O:27])[CH2:28][CH2:29][CH2:30][CH2:31][CH2:32][CH2:33][CH2:34][CH2:35][CH2:36][CH2:37][CH2:38][CH2:39][CH3:40])[CH2:41][O:42][C:43](=[O:44])[CH2:45][CH2:46][CH2:47][CH2:48][CH2:49][CH2:50][CH2:51][CH2:52][CH2:53][CH2:54][CH2:55][CH2:56][CH2:57][CH2:58][CH2:59][CH2:60][CH2:61][CH2:62][CH2:63][CH2:64][CH3:65])[O:902][C:901]1=[O:900]", "reacting_atoms": [10, 9], "template_id": "95b167a4e5e2cf14a7f1b2c6fb174cb0", "template_set": ["bkms"], "num_examples": 4, "necessary_reagent": "", "template_score": 0.018063504248857498, "rms_molwt": -956.804420416, "num_rings": -1, "plausibility": 1, "tforms": ["95b167a4e5e2cf14a7f1b2c6fb174cb0"], "rank": 4, "score": -62639.270574510425}, {"smiles": "CCCCCCCCCCCCCCCCCCCCCC(=O)OC[C@@H](COC(=O)CCCCCCCCCCCCC)OC(=O)CCC/C=C\\C/C=C\\CC1C(=O)OC1CCCCCCCC", "smiles_split": ["CCCCCCCCCCCCCCCCCCCCCC(=O)OC[C@@H](COC(=O)CCCCCCCCCCCCC)OC(=O)CCC/C=C\\C/C=C\\CC1C(=O)OC1CCCCCCCC"], "mapped_smiles": "[CH3:1][CH2:2][CH2:3][CH2:4][CH2:5][CH2:6][CH2:7][CH2:8][CH:9]1[CH:10]([CH2:11]/[CH:12]=[CH:13]\\[CH2:14]/[CH:15]=[CH:16]\\[CH2:17][CH2:18][CH2:19][C:20](=[O:21])[O:22][C@H:23]([CH2:24][O:25][C:26](=[O:27])[CH2:28][CH2:29][CH2:30][CH2:31][CH2:32][CH2:33][CH2:34][CH2:35][CH2:36][CH2:37][CH2:38][CH2:39][CH3:40])[CH2:41][O:42][C:43](=[O:44])[CH2:45][CH2:46][CH2:47][CH2:48][CH2:49][CH2:50][CH2:51][CH2:52][CH2:53][CH2:54][CH2:55][CH2:56][CH2:57][CH2:58][CH2:59][CH2:60][CH2:61][CH2:62][CH2:63][CH2:64][CH3:65])[C:901](=[O:900])[O:902]1", "reacting_atoms": [9, 10], "template_id": "95b167a4e5e2cf14a7f1b2c6fb174cb0", "template_set": ["bkms"], "num_examples": 4, "necessary_reagent": "", "template_score": 0.018063504248857498, "rms_molwt": -956.804420416, "num_rings": -1, "plausibility": 1, "tforms": ["95b167a4e5e2cf14a7f1b2c6fb174cb0"], "rank": 5, "score": -62639.270574510425}, {"smiles": "CCCCCCCC/C=C\\CC1C(=O)OC1C/C=C\\CCCC(=O)O[C@H](COC(=O)CCCCCCCCCCCCC)COC(=O)CCCCCCCCCCCCCCCCCCCCC", "smiles_split": ["CCCCCCCC/C=C\\CC1C(=O)OC1C/C=C\\CCCC(=O)O[C@H](COC(=O)CCCCCCCCCCCCC)COC(=O)CCCCCCCCCCCCCCCCCCCCC"], "mapped_smiles": "[CH3:1][CH2:2][CH2:3][CH2:4][CH2:5][CH2:6][CH2:7][CH2:8]/[CH:9]=[CH:10]\\[CH2:11][CH:12]1[CH:13]([CH2:14]/[CH:15]=[CH:16]\\[CH2:17][CH2:18][CH2:19][C:20](=[O:21])[O:22][C@H:23]([CH2:24][O:25][C:26](=[O:27])[CH2:28][CH2:29][CH2:30][CH2:31][CH2:32][CH2:33][CH2:34][CH2:35][CH2:36][CH2:37][CH2:38][CH2:39][CH3:40])[CH2:41][O:42][C:43](=[O:44])[CH2:45][CH2:46][CH2:47][CH2:48][CH2:49][CH2:50][CH2:51][CH2:52][CH2:53][CH2:54][CH2:55][CH2:56][CH2:57][CH2:58][CH2:59][CH2:60][CH2:61][CH2:62][CH2:63][CH2:64][CH3:65])[O:902][C:901]1=[O:900]", "reacting_atoms": [13, 12], "template_id": "95b167a4e5e2cf14a7f1b2c6fb174cb0", "template_set": ["bkms"], "num_examples": 4, "necessary_reagent": "", "template_score": 0.018063504248857498, "rms_molwt": -956.804420416, "num_rings": -1, "plausibility": 1, "tforms": ["95b167a4e5e2cf14a7f1b2c6fb174cb0"], "rank": 6, "score": -62639.270574510425}, {"smiles": "CCCCCCCC/C=C\\CC1OC(=O)C1C/C=C\\CCCC(=O)O[C@H](COC(=O)CCCCCCCCCCCCC)COC(=O)CCCCCCCCCCCCCCCCCCCCC", "smiles_split": ["CCCCCCCC/C=C\\CC1OC(=O)C1C/C=C\\CCCC(=O)O[C@H](COC(=O)CCCCCCCCCCCCC)COC(=O)CCCCCCCCCCCCCCCCCCCCC"], "mapped_smiles": "[CH3:1][CH2:2][CH2:3][CH2:4][CH2:5][CH2:6][CH2:7][CH2:8]/[CH:9]=[CH:10]\\[CH2:11][CH:12]1[CH:13]([CH2:14]/[CH:15]=[CH:16]\\[CH2:17][CH2:18][CH2:19][C:20](=[O:21])[O:22][C@H:23]([CH2:24][O:25][C:26](=[O:27])[CH2:28][CH2:29][CH2:30][CH2:31][CH2:32][CH2:33][CH2:34][CH2:35][CH2:36][CH2:37][CH2:38][CH2:39][CH3:40])[CH2:41][O:42][C:43](=[O:44])[CH2:45][CH2:46][CH2:47][CH2:48][CH2:49][CH2:50][CH2:51][CH2:52][CH2:53][CH2:54][CH2:55][CH2:56][CH2:57][CH2:58][CH2:59][CH2:60][CH2:61][CH2:62][CH2:63][CH2:64][CH3:65])[C:901](=[O:900])[O:902]1", "reacting_atoms": [12, 13], "template_id": "95b167a4e5e2cf14a7f1b2c6fb174cb0", "template_set": ["bkms"], "num_examples": 4, "necessary_reagent": "", "template_score": 0.018063504248857498, "rms_molwt": -956.804420416, "num_rings": -1, "plausibility": 1, "tforms": ["95b167a4e5e2cf14a7f1b2c6fb174cb0"], "rank": 7, "score": -62639.270574510425}, {"smiles": "CCCCCCCC/C=C\\C/C=C\\CC1OC(=O)C1CCCC(=O)O[C@H](COC(=O)CCCCCCCCCCCCC)COC(=O)CCCCCCCCCCCCCCCCCCCCC", "smiles_split": ["CCCCCCCC/C=C\\C/C=C\\CC1OC(=O)C1CCCC(=O)O[C@H](COC(=O)CCCCCCCCCCCCC)COC(=O)CCCCCCCCCCCCCCCCCCCCC"], "mapped_smiles": "[CH3:1][CH2:2][CH2:3][CH2:4][CH2:5][CH2:6][CH2:7][CH2:8]/[CH:9]=[CH:10]\\[CH2:11]/[CH:12]=[CH:13]\\[CH2:14][CH:15]1[CH:16]([CH2:17][CH2:18][CH2:19][C:20](=[O:21])[O:22][C@H:23]([CH2:24][O:25][C:26](=[O:27])[CH2:28][CH2:29][CH2:30][CH2:31][CH2:32][CH2:33][CH2:34][CH2:35][CH2:36][CH2:37][CH2:38][CH2:39][CH3:40])[CH2:41][O:42][C:43](=[O:44])[CH2:45][CH2:46][CH2:47][CH2:48][CH2:49][CH2:50][CH2:51][CH2:52][CH2:53][CH2:54][CH2:55][CH2:56][CH2:57][CH2:58][CH2:59][CH2:60][CH2:61][CH2:62][CH2:63][CH2:64][CH3:65])[C:901](=[O:900])[O:902]1", "reacting_atoms": [15, 16], "template_id": "95b167a4e5e2cf14a7f1b2c6fb174cb0", "template_set": ["bkms"], "num_examples": 4, "necessary_reagent": "", "template_score": 0.018063504248857498, "rms_molwt": -956.804420416, "num_rings": -1, "plausibility": 1, "tforms": ["95b167a4e5e2cf14a7f1b2c6fb174cb0"], "rank": 8, "score": -62639.270574510425}, {"smiles": "CCCCCCCC/C=C\\C/C=C\\CC1C(=O)OC1CCCC(=O)O[C@H](COC(=O)CCCCCCCCCCCCC)COC(=O)CCCCCCCCCCCCCCCCCCCCC", "smiles_split": ["CCCCCCCC/C=C\\C/C=C\\CC1C(=O)OC1CCCC(=O)O[C@H](COC(=O)CCCCCCCCCCCCC)COC(=O)CCCCCCCCCCCCCCCCCCCCC"], "mapped_smiles": "[CH3:1][CH2:2][CH2:3][CH2:4][CH2:5][CH2:6][CH2:7][CH2:8]/[CH:9]=[CH:10]\\[CH2:11]/[CH:12]=[CH:13]\\[CH2:14][CH:15]1[CH:16]([CH2:17][CH2:18][CH2:19][C:20](=[O:21])[O:22][C@H:23]([CH2:24][O:25][C:26](=[O:27])[CH2:28][CH2:29][CH2:30][CH2:31][CH2:32][CH2:33][CH2:34][CH2:35][CH2:36][CH2:37][CH2:38][CH2:39][CH3:40])[CH2:41][O:42][C:43](=[O:44])[CH2:45][CH2:46][CH2:47][CH2:48][CH2:49][CH2:50][CH2:51][CH2:52][CH2:53][CH2:54][CH2:55][CH2:56][CH2:57][CH2:58][CH2:59][CH2:60][CH2:61][CH2:62][CH2:63][CH2:64][CH3:65])[O:902][C:901]1=[O:900]", "reacting_atoms": [16, 15], "template_id": "95b167a4e5e2cf14a7f1b2c6fb174cb0", "template_set": ["bkms"], "num_examples": 4, "necessary_reagent": "", "template_score": 0.018063504248857498, "rms_molwt": -956.804420416, "num_rings": -1, "plausibility": 1, "tforms": ["95b167a4e5e2cf14a7f1b2c6fb174cb0"], "rank": 9, "score": -62639.270574510425}, {"smiles": "CCCCCCCC/C=C\\C/C=C\\C/C=C\\CCCC(=O)O[C@H](CO)COC(=O)CCCCCCCCCCCCCCCCCCCCC.CCCCCCCCCCCCCC(=O)SCCNC(=O)CCNC(=O)[C@H](O)C(C)(C)COP(=O)(O)OP(=O)(O)OC[C@H]1O[C@@H](n2cnc3c(N)ncnc32)[C@H](O)[C@@H]1OP(=O)(O)O", "smiles_split": ["CCCCCCCC/C=C\\C/C=C\\C/C=C\\CCCC(=O)O[C@H](CO)COC(=O)CCCCCCCCCCCCCCCCCCCCC", "CCCCCCCCCCCCCC(=O)SCCNC(=O)CCNC(=O)[C@H](O)C(C)(C)COP(=O)(O)OP(=O)(O)OC[C@H]1O[C@@H](n2cnc3c(N)ncnc32)[C@H](O)[C@@H]1OP(=O)(O)O"], "mapped_smiles": "[C:26](=[O:27])([CH2:28][CH2:29][CH2:30][CH2:31][CH2:32][CH2:33][CH2:34][CH2:35][CH2:36][CH2:37][CH2:38][CH2:39][CH3:40])[S:947][CH2:946][CH2:945][NH:944][C:942]([CH2:941][CH2:940][NH:939][C:937]([C@@H:935]([C:901]([CH3:900])([CH3:902])[CH2:903][O:904][P:905]([OH:906])(=[O:907])[O:908][P:909]([OH:910])(=[O:911])[O:912][CH2:913][C@H:914]1[O:915][C@@H:916]([n:917]2[cH:918][n:919][c:920]3[c:921]([NH2:922])[n:923][cH:924][n:925][c:926]23)[C@H:927]([OH:928])[C@@H:929]1[O:930][P:931]([OH:932])([OH:933])=[O:934])[OH:936])=[O:938])=[O:943].[CH3:1][CH2:2][CH2:3][CH2:4][CH2:5][CH2:6][CH2:7][CH2:8]/[CH:9]=[CH:10]\\[CH2:11]/[CH:12]=[CH:13]\\[CH2:14]/[CH:15]=[CH:16]\\[CH2:17][CH2:18][CH2:19][C:20](=[O:21])[O:22][C@H:23]([CH2:24][OH:25])[CH2:41][O:42][C:43](=[O:44])[CH2:45][CH2:46][CH2:47][CH2:48][CH2:49][CH2:50][CH2:51][CH2:52][CH2:53][CH2:54][CH2:55][CH2:56][CH2:57][CH2:58][CH2:59][CH2:60][CH2:61][CH2:62][CH2:63][CH2:64][CH3:65]", "reacting_atoms": [26, 25], "template_id": "4f507fe3c79f4d542f14417d7122ff5c", "template_set": ["bkms"], "num_examples": 31, "necessary_reagent": "", "template_score": 0.015700986608862877, "rms_molwt": -851.1202568922056, "num_rings": -3, "plausibility": 1, "tforms": ["4f507fe3c79f4d542f14417d7122ff5c"], "rank": 10, "score": -112756.0427098969}, {"smiles": "CCCCCCCC/C=C\\C/C=C\\C/C=C\\CCCC(=O)SCCNC(=O)CCNC(=O)[C@H](O)C(C)(C)COP(=O)(O)OP(=O)(O)OC[C@H]1O[C@@H](n2cnc3c(N)ncnc32)[C@H](O)[C@@H]1OP(=O)(O)O.CCCCCCCCCCCCCCCCCCCCCC(=O)OC[C@H](O)COC(=O)CCCCCCCCCCCCC", "smiles_split": ["CCCCCCCC/C=C\\C/C=C\\C/C=C\\CCCC(=O)SCCNC(=O)CCNC(=O)[C@H](O)C(C)(C)COP(=O)(O)OP(=O)(O)OC[C@H]1O[C@@H](n2cnc3c(N)ncnc32)[C@H](O)[C@@H]1OP(=O)(O)O", "CCCCCCCCCCCCCCCCCCCCCC(=O)OC[C@H](O)COC(=O)CCCCCCCCCCCCC"], "mapped_smiles": "[CH3:1][CH2:2][CH2:3][CH2:4][CH2:5][CH2:6][CH2:7][CH2:8]/[CH:9]=[CH:10]\\[CH2:11]/[CH:12]=[CH:13]\\[CH2:14]/[CH:15]=[CH:16]\\[CH2:17][CH2:18][CH2:19][C:20](=[O:21])[S:947][CH2:946][CH2:945][NH:944][C:942]([CH2:941][CH2:940][NH:939][C:937]([C@@H:935]([C:901]([CH3:900])([CH3:902])[CH2:903][O:904][P:905]([OH:906])(=[O:907])[O:908][P:909]([OH:910])(=[O:911])[O:912][CH2:913][C@H:914]1[O:915][C@@H:916]([n:917]2[cH:918][n:919][c:920]3[c:921]([NH2:922])[n:923][cH:924][n:925][c:926]23)[C@H:927]([OH:928])[C@@H:929]1[O:930][P:931]([OH:932])([OH:933])=[O:934])[OH:936])=[O:938])=[O:943].[OH:22][C@H:23]([CH2:24][O:25][C:26](=[O:27])[CH2:28][CH2:29][CH2:30][CH2:31][CH2:32][CH2:33][CH2:34][CH2:35][CH2:36][CH2:37][CH2:38][CH2:39][CH3:40])[CH2:41][O:42][C:43](=[O:44])[CH2:45][CH2:46][CH2:47][CH2:48][CH2:49][CH2:50][CH2:51][CH2:52][CH2:53][CH2:54][CH2:55][CH2:56][CH2:57][CH2:58][CH2:59][CH2:60][CH2:61][CH2:62][CH2:63][CH2:64][CH3:65]", "reacting_atoms": [20, 22], "template_id": "4f507fe3c79f4d542f14417d7122ff5c", "template_set": ["bkms"], "num_examples": 31, "necessary_reagent": "", "template_score": 0.015700986608862877, "rms_molwt": -867.1426113492574, "num_rings": -3, "plausibility": 1, "tforms": ["4f507fe3c79f4d542f14417d7122ff5c"], "rank": 11, "score": -114210.68247141289}, {"smiles": "CCCCCCCC/C=C\\C/C=C\\C/C=C\\CCCC(=O)O[C@@H](CO)COC(=O)CCCCCCCCCCCCC.CCCCCCCCCCCCCCCCCCCCCC(=O)SCCNC(=O)CCNC(=O)[C@H](O)C(C)(C)COP(=O)(O)OP(=O)(O)OC[C@H]1O[C@@H](n2cnc3c(N)ncnc32)[C@H](O)[C@@H]1OP(=O)(O)O", "smiles_split": ["CCCCCCCC/C=C\\C/C=C\\C/C=C\\CCCC(=O)O[C@@H](CO)COC(=O)CCCCCCCCCCCCC", "CCCCCCCCCCCCCCCCCCCCCC(=O)SCCNC(=O)CCNC(=O)[C@H](O)C(C)(C)COP(=O)(O)OP(=O)(O)OC[C@H]1O[C@@H](n2cnc3c(N)ncnc32)[C@H](O)[C@@H]1OP(=O)(O)O"], "mapped_smiles": "[C:43](=[O:44])([CH2:45][CH2:46][CH2:47][CH2:48][CH2:49][CH2:50][CH2:51][CH2:52][CH2:53][CH2:54][CH2:55][CH2:56][CH2:57][CH2:58][CH2:59][CH2:60][CH2:61][CH2:62][CH2:63][CH2:64][CH3:65])[S:947][CH2:946][CH2:945][NH:944][C:942]([CH2:941][CH2:940][NH:939][C:937]([C@@H:935]([C:901]([CH3:900])([CH3:902])[CH2:903][O:904][P:905]([OH:906])(=[O:907])[O:908][P:909]([OH:910])(=[O:911])[O:912][CH2:913][C@H:914]1[O:915][C@@H:916]([n:917]2[cH:918][n:919][c:920]3[c:921]([NH2:922])[n:923][cH:924][n:925][c:926]23)[C@H:927]([OH:928])[C@@H:929]1[O:930][P:931]([OH:932])([OH:933])=[O:934])[OH:936])=[O:938])=[O:943].[CH3:1][CH2:2][CH2:3][CH2:4][CH2:5][CH2:6][CH2:7][CH2:8]/[CH:9]=[CH:10]\\[CH2:11]/[CH:12]=[CH:13]\\[CH2:14]/[CH:15]=[CH:16]\\[CH2:17][CH2:18][CH2:19][C:20](=[O:21])[O:22][C@H:23]([CH2:24][O:25][C:26](=[O:27])[CH2:28][CH2:29][CH2:30][CH2:31][CH2:32][CH2:33][CH2:34][CH2:35][CH2:36][CH2:37][CH2:38][CH2:39][CH3:40])[CH2:41][OH:42]", "reacting_atoms": [43, 42], "template_id": "4f507fe3c79f4d542f14417d7122ff5c", "template_set": ["bkms"], "num_examples": 31, "necessary_reagent": "", "template_score": 0.015700986608862877, "rms_molwt": -876.2295632904037, "num_rings": -3, "plausibility": 1, "tforms": ["4f507fe3c79f4d542f14417d7122ff5c"], "rank": 12, "score": -114902.0677035951}, {"smiles": "CCCCCCCC/C=C\\CC1OC1C/C=C\\CCCC(=O)O[C@H](COC(=O)CCCCCCCCCCCCC)COC(=O)CCCCCCCCCCCCCCCCCCCCC", "smiles_split": ["CCCCCCCC/C=C\\CC1OC1C/C=C\\CCCC(=O)O[C@H](COC(=O)CCCCCCCCCCCCC)COC(=O)CCCCCCCCCCCCCCCCCCCCC"], "mapped_smiles": "[CH3:1][CH2:2][CH2:3][CH2:4][CH2:5][CH2:6][CH2:7][CH2:8]/[CH:9]=[CH:10]\\[CH2:11][CH:12]1[CH:13]([CH2:14]/[CH:15]=[CH:16]\\[CH2:17][CH2:18][CH2:19][C:20](=[O:21])[O:22][C@H:23]([CH2:24][O:25][C:26](=[O:27])[CH2:28][CH2:29][CH2:30][CH2:31][CH2:32][CH2:33][CH2:34][CH2:35][CH2:36][CH2:37][CH2:38][CH2:39][CH3:40])[CH2:41][O:42][C:43](=[O:44])[CH2:45][CH2:46][CH2:47][CH2:48][CH2:49][CH2:50][CH2:51][CH2:52][CH2:53][CH2:54][CH2:55][CH2:56][CH2:57][CH2:58][CH2:59][CH2:60][CH2:61][CH2:62][CH2:63][CH2:64][CH3:65])[O:900]1", "reacting_atoms": [13, 12], "template_id": "f37b459db04d0833960add5ede2a1b07", "template_set": ["bkms", "bkms"], "num_examples": 3, "necessary_reagent": "", "template_score": 0.007899067364633083, "rms_molwt": -928.8095057959999, "num_rings": -1, "plausibility": 1, "tforms": ["f37b459db04d0833960add5ede2a1b07", "f50376c0409518f641b57885a7fb7b10"], "rank": 13, "score": -136670.46652472753}, {"smiles": "CCCCCCCC/C=C\\C/C=C\\CC1OC1CCCC(=O)O[C@H](COC(=O)CCCCCCCCCCCCC)COC(=O)CCCCCCCCCCCCCCCCCCCCC", "smiles_split": ["CCCCCCCC/C=C\\C/C=C\\CC1OC1CCCC(=O)O[C@H](COC(=O)CCCCCCCCCCCCC)COC(=O)CCCCCCCCCCCCCCCCCCCCC"], "mapped_smiles": "[CH3:1][CH2:2][CH2:3][CH2:4][CH2:5][CH2:6][CH2:7][CH2:8]/[CH:9]=[CH:10]\\[CH2:11]/[CH:12]=[CH:13]\\[CH2:14][CH:15]1[CH:16]([CH2:17][CH2:18][CH2:19][C:20](=[O:21])[O:22][C@H:23]([CH2:24][O:25][C:26](=[O:27])[CH2:28][CH2:29][CH2:30][CH2:31][CH2:32][CH2:33][CH2:34][CH2:35][CH2:36][CH2:37][CH2:38][CH2:39][CH3:40])[CH2:41][O:42][C:43](=[O:44])[CH2:45][CH2:46][CH2:47][CH2:48][CH2:49][CH2:50][CH2:51][CH2:52][CH2:53][CH2:54][CH2:55][CH2:56][CH2:57][CH2:58][CH2:59][CH2:60][CH2:61][CH2:62][CH2:63][CH2:64][CH3:65])[O:900]1", "reacting_atoms": [15, 16], "template_id": "f37b459db04d0833960add5ede2a1b07", "template_set": ["bkms"], "num_examples": 2, "necessary_reagent": "", "template_score": 0.007899067364633083, "rms_molwt": -928.8095057959999, "num_rings": -1, "plausibility": 1, "tforms": ["f37b459db04d0833960add5ede2a1b07"], "rank": 14, "score": -136670.46652472753}, {"smiles": "CCCCCCCCCCCCCCCCCCCCCC(=O)OC[C@@H](COC(=O)CCCCCCCCCCCCC)OC(=O)CCC/C=C\\C/C=C\\CC1OC1CCCCCCCC", "smiles_split": ["CCCCCCCCCCCCCCCCCCCCCC(=O)OC[C@@H](COC(=O)CCCCCCCCCCCCC)OC(=O)CCC/C=C\\C/C=C\\CC1OC1CCCCCCCC"], "mapped_smiles": "[CH3:1][CH2:2][CH2:3][CH2:4][CH2:5][CH2:6][CH2:7][CH2:8][CH:9]1[CH:10]([CH2:11]/[CH:12]=[CH:13]\\[CH2:14]/[CH:15]=[CH:16]\\[CH2:17][CH2:18][CH2:19][C:20](=[O:21])[O:22][C@H:23]([CH2:24][O:25][C:26](=[O:27])[CH2:28][CH2:29][CH2:30][CH2:31][CH2:32][CH2:33][CH2:34][CH2:35][CH2:36][CH2:37][CH2:38][CH2:39][CH3:40])[CH2:41][O:42][C:43](=[O:44])[CH2:45][CH2:46][CH2:47][CH2:48][CH2:49][CH2:50][CH2:51][CH2:52][CH2:53][CH2:54][CH2:55][CH2:56][CH2:57][CH2:58][CH2:59][CH2:60][CH2:61][CH2:62][CH2:63][CH2:64][CH3:65])[O:900]1", "reacting_atoms": [10, 9], "template_id": "f37b459db04d0833960add5ede2a1b07", "template_set": ["bkms"], "num_examples": 2, "necessary_reagent": "", "template_score": 0.007899067364633083, "rms_molwt": -928.8095057959999, "num_rings": -1, "plausibility": 1, "tforms": ["f37b459db04d0833960add5ede2a1b07"], "rank": 15, "score": -136670.46652472753}]}