{"smiles": "CC/C=C\\C/C=C\\C/C=C\\C/C=C\\CCCCC(=O)OC[C@@H](COC(=O)CCCCCCCCCCC/C=C\\CCCCCCCC)OC(=O)CCCCCC/C=C\\C/C=C\\C/C=C\\CCCCC", "sfscore": [0.4193168580532074, 0.6330499649047852], "chem_result": [{"smiles": "CC/C=C\\C/C=C\\C/C=C\\C/C=C\\CCCCC(=O)OC[C@@H](COC(=O)CCCCCCCCCCC/C=C\\CCCCCCCC)OC(=O)CCCCCC/C=C\\C/C=C\\C/C=C\\CCCCC", "bw_confidence": 0.01858614392183707, "confidence": 0.06545748961319178, "rclass": "2 2.6 2.6.2", "children": [{"smiles": "CC/C=C\\C/C=C\\C/C=C\\CCCCC(=O)OC[C@H](O)COC(=O)CCCCCCCC/C=C\\CCCCCCC"}, {"smiles": "CCCCC/C=C\\C/C=C\\C/C=C\\CCCCCCC(=O)O"}]}, {"smiles": "CC/C=C\\C/C=C\\C/C=C\\C/C=C\\CCCCC(=O)OC[C@@H](COC(=O)CCCCCCCCCCC/C=C\\CCCCCCCC)OC(=O)CCCCCC/C=C\\C/C=C\\C/C=C\\CCCCC", "bw_confidence": 0.013722104069071924, "confidence": 0.004887217366958821, "rclass": "0 0 0", "children": [{"smiles": "CC/C=C\\C/C=C\\C/C=C\\CCCCC(=O)OC[C@@H](COC(=O)CCCCCCCCC/C=C\\CCCCCCC)OC(=O)CCCCCC/C=C\\C/C=C\\CCCCC"}, {"smiles": "ClCCl"}]}, {"smiles": "CC/C=C\\C/C=C\\C/C=C\\C/C=C\\CCCCC(=O)OC[C@@H](COC(=O)CCCCCCCCCCC/C=C\\CCCCCCCC)OC(=O)CCCCCC/C=C\\C/C=C\\C/C=C\\CCCCC", "bw_confidence": 0.013673880491308686, "confidence": 0.09365215143630784, "rclass": "8 8.1 8.1.10", "children": [{"smiles": "CC/C=C\\C/C=C\\C/C=C\\CCCCC(=O)OC[C@@H](COC(=O)CCCCCCCCCC/C=C\\CCCCCCC)OC(O)CCCCCC/C=C\\C/C=C\\CCCCC"}, {"smiles": "ClCCl"}, {"smiles": "O=[Cr](=O)([O-])Cl~c1cc[nH+]cc1"}]}, {"smiles": "CC/C=C\\C/C=C\\C/C=C\\C/C=C\\CCCCC(=O)OC[C@@H](COC(=O)CCCCCCCCCCC/C=C\\CCCCCCCC)OC(=O)CCCCCC/C=C\\C/C=C\\C/C=C\\CCCCC", "bw_confidence": 0.00976423289824201, "confidence": 0.11256970559888313, "rclass": "2 2.6 2.6.2", "children": [{"smiles": "CC/C=C\\C/C=C\\C/C=C\\CCCCC(=O)OC[C@H](O)COC(=O)CCCCCCCCC/C=C\\CCCCCCC"}, {"smiles": "CCCCC/C=C\\C/C=C\\CCCCCCC(=O)O"}]}, {"smiles": "CC/C=C\\C/C=C\\C/C=C\\C/C=C\\CCCCC(=O)OC[C@@H](COC(=O)CCCCCCCCCCC/C=C\\CCCCCCCC)OC(=O)CCCCCC/C=C\\C/C=C\\C/C=C\\CCCCC", "bw_confidence": 0.009179307363163807, "confidence": 0.18503724273582, "rclass": "2 2.6 2.6.2", "children": [{"smiles": "CC/C=C\\C/C=C\\C/C=C\\CCCCC(=O)OC[C@@H](CO)OC(=O)CCCCCC/C=C\\C/C=C\\CCCCC"}, {"smiles": "CCCCCCCC/C=C\\CCCCCCCC(=O)O"}]}, {"smiles": "CC/C=C\\C/C=C\\C/C=C\\C/C=C\\CCCCC(=O)OC[C@@H](COC(=O)CCCCCCCCCCC/C=C\\CCCCCCCC)OC(=O)CCCCCC/C=C\\C/C=C\\C/C=C\\CCCCC", "bw_confidence": 0.006695063269994937, "confidence": 0.010204255425847865, "rclass": "0 0 0", "children": [{"smiles": "CC/C=C\\C/C=C\\C/C=C\\CCCCC(=O)OC[C@@H](COC(=O)CCCCCCCCC/C=C\\CCCCCCC)OC(=O)CCCCCC/C=C\\C/C=C\\CCCCC"}, {"smiles": "CCCCC/C=C\\C/C=C\\C/C=C\\CCCCCCC(=O)O"}]}, {"smiles": "CC/C=C\\C/C=C\\C/C=C\\C/C=C\\CCCCC(=O)OC[C@@H](COC(=O)CCCCCCCCCCC/C=C\\CCCCCCCC)OC(=O)CCCCCC/C=C\\C/C=C\\C/C=C\\CCCCC", "bw_confidence": 0.004844227452996031, "confidence": 0.0076414535220518465, "rclass": "0 0 0", "children": [{"smiles": "CC/C=C\\C/C=C\\C/C=C\\C/C=C\\CCCCCCC(=O)O"}, {"smiles": "CC/C=C\\C/C=C\\C/C=C\\CCCCC(=O)OC[C@@H](COC(=O)CCCCCCCCC/C=C\\CCCCCCC)OC(=O)CCCCCC/C=C\\C/C=C\\CCCCC"}]}, {"smiles": "CC/C=C\\C/C=C\\C/C=C\\C/C=C\\CCCCC(=O)OC[C@@H](COC(=O)CCCCCCCCCCC/C=C\\CCCCCCCC)OC(=O)CCCCCC/C=C\\C/C=C\\C/C=C\\CCCCC", "bw_confidence": 0.004598959917018823, "confidence": 0.013981730083850404, "rclass": "0 0 0", "children": [{"smiles": "CC/C=C\\C/C=C\\C/C=C\\CCCCC(=O)OC[C@@H](COC(=O)CCCCCCCCC/C=C\\CCCCCCCC)OC(=O)CCCCCC/C=C\\C/C=C\\CCCCC"}, {"smiles": "CCCC[N+](CCCC)(CCCC)CCCC~[F-]"}]}, {"smiles": "CC/C=C\\C/C=C\\C/C=C\\C/C=C\\CCCCC(=O)OC[C@@H](COC(=O)CCCCCCCCCCC/C=C\\CCCCCCCC)OC(=O)CCCCCC/C=C\\C/C=C\\C/C=C\\CCCCC", "bw_confidence": 0.0034564709342342985, "confidence": 0.13123573753435414, "rclass": "0 0 0", "children": [{"smiles": "C(=NC1CCCCC1)=NC1CCCCC1"}, {"smiles": "CC/C=C\\C/C=C\\C/C=C\\CCCCC(=O)O"}, {"smiles": "CCCCCCCC/C=C\\CCCCCCCC(=O)OC[C@H](O)CO"}, {"smiles": "CN(C)c1ccncc1"}, {"smiles": "ClCCl"}]}, {"smiles": "CC/C=C\\C/C=C\\C/C=C\\C/C=C\\CCCCC(=O)OC[C@@H](COC(=O)CCCCCCCCCCC/C=C\\CCCCCCCC)OC(=O)CCCCCC/C=C\\C/C=C\\C/C=C\\CCCCC", "bw_confidence": 0.0026320420509318545, "confidence": 0.016488603234935482, "rclass": "11 11.5 11.5", "children": [{"smiles": "CC/C=C\\C/C=C\\C/C=C\\CCCCC(=O)OC[C@@H](COC(=O)CCCCCCCCCC/C=C\\CCCCCCCC)OC(=O)CCCCCC/C=C\\C/C=C\\CCCCC"}, {"smiles": "CCN=C=NCCCN(C)C~Cl"}, {"smiles": "CN(C)c1ccncc1"}, {"smiles": "ClCCl"}]}, {"smiles": "CC/C=C\\C/C=C\\C/C=C\\C/C=C\\CCCCC(=O)OC[C@@H](COC(=O)CCCCCCCCCCC/C=C\\CCCCCCCC)OC(=O)CCCCCC/C=C\\C/C=C\\C/C=C\\CCCCC", "bw_confidence": 0.0013952884619501675, "confidence": 0.014115075404283032, "rclass": "0 0 0", "children": [{"smiles": "CC/C=C\\C/C=C\\C/C=C\\CCCCC(=O)OC[C@H](COC(=O)CCCCCCCCC/C=C\\CCCCCCC)OC(=O)CCCCCC/C=C\\C/C=C\\CCCCC"}, {"smiles": "CCCCC/C=C\\C/C=C\\C/C=C\\CCCCCCC(=O)O"}]}, {"smiles": "CC/C=C\\C/C=C\\C/C=C\\C/C=C\\CCCCC(=O)OC[C@@H](COC(=O)CCCCCCCCCCC/C=C\\CCCCCCCC)OC(=O)CCCCCC/C=C\\C/C=C\\C/C=C\\CCCCC", "bw_confidence": 0.0004969724170718897, "confidence": 0.017581880889791054, "rclass": "0 0 0", "children": [{"smiles": "CC(=O)[O-]~CC(=O)[O-]~[Pb+2]~[Pd]"}, {"smiles": "CC/C=C\\C/C=C\\C/C=C\\C/C=C\\CCCCC(=O)OC[C@@H](COC(=O)CCCCCCCCC/C=C\\CCCCCCCC)OC(=O)CCCCCC/C=C\\C/C=C\\CCCCC"}]}], "chem_bw_confidence_list": [0.01858614392183707, 0.013722104069071924, 0.013673880491308686, 0.00976423289824201, 0.009179307363163807, 0.006695063269994937, 0.004844227452996031, 0.004598959917018823, 0.0034564709342342985, 0.0026320420509318545, 0.0013952884619501675, 0.0004969724170718897], "enzy_template_score_list": [0.857880175113678, 0.857880175113678, 0.857880175113678, 0.857880175113678, 0.857880175113678, 0.857880175113678, 0.857880175113678, 0.07927566021680832, 0.00823209248483181, 0.00823209248483181, 0.00823209248483181, 0.00823209248483181, 0.00823209248483181, 0.00823209248483181, 0.00823209248483181], "enzy_result": [{"smiles": "CC/C=C\\C/C=C\\CCCC/C=C\\CCCCC(=O)OC[C@@H](COC(=O)CCCCCCCCCCC/C=C\\CCCCCCCC)OC(=O)CCCCCC/C=C\\C/C=C\\C/C=C\\CCCCC", "smiles_split": ["CC/C=C\\C/C=C\\CCCC/C=C\\CCCCC(=O)OC[C@@H](COC(=O)CCCCCCCCCCC/C=C\\CCCCCCCC)OC(=O)CCCCCC/C=C\\C/C=C\\C/C=C\\CCCCC"], "mapped_smiles": "[CH3:1][CH2:2]/[CH:3]=[CH:4]\\[CH2:5]/[CH:6]=[CH:7]\\[CH2:8][CH2:9][CH2:10][CH2:11]/[CH:12]=[CH:13]\\[CH2:14][CH2:15][CH2:16][CH2:17][C:18](=[O:19])[O:20][CH2:21][C@@H:22]([CH2:23][O:24][C:25](=[O:26])[CH2:27][CH2:28][CH2:29][CH2:30][CH2:31][CH2:32][CH2:33][CH2:34][CH2:35][CH2:36][CH2:37]/[CH:38]=[CH:39]\\[CH2:40][CH2:41][CH2:42][CH2:43][CH2:44][CH2:45][CH2:46][CH3:47])[O:48][C:49](=[O:50])[CH2:51][CH2:52][CH2:53][CH2:54][CH2:55][CH2:56]/[CH:57]=[CH:58]\\[CH2:59]/[CH:60]=[CH:61]\\[CH2:62]/[CH:63]=[CH:64]\\[CH2:65][CH2:66][CH2:67][CH2:68][CH3:69]", "reacting_atoms": [10, 9], "template_id": "b8752864a144b4d488d51a312d4ebfdc", "template_set": ["bkms", "bkms", "bkms"], "num_examples": 64, "necessary_reagent": "", "template_score": 0.857880175113678, "rms_molwt": -960.8145911759999, "num_rings": 0, "plausibility": 1, "tforms": ["71d96988ab3623c8d39bf0ee6519c85b", "4b5c01ce1dd3e508649493e134ba9f1c", "b8752864a144b4d488d51a312d4ebfdc"], "rank": 1, "score": -1338.5483502174775}, {"smiles": "CC/C=C\\CCCC/C=C\\C/C=C\\CCCCC(=O)OC[C@@H](COC(=O)CCCCCCCCCCC/C=C\\CCCCCCCC)OC(=O)CCCCCC/C=C\\C/C=C\\C/C=C\\CCCCC", "smiles_split": ["CC/C=C\\CCCC/C=C\\C/C=C\\CCCCC(=O)OC[C@@H](COC(=O)CCCCCCCCCCC/C=C\\CCCCCCCC)OC(=O)CCCCCC/C=C\\C/C=C\\C/C=C\\CCCCC"], "mapped_smiles": "[CH3:1][CH2:2]/[CH:3]=[CH:4]\\[CH2:5][CH2:6][CH2:7][CH2:8]/[CH:9]=[CH:10]\\[CH2:11]/[CH:12]=[CH:13]\\[CH2:14][CH2:15][CH2:16][CH2:17][C:18](=[O:19])[O:20][CH2:21][C@@H:22]([CH2:23][O:24][C:25](=[O:26])[CH2:27][CH2:28][CH2:29][CH2:30][CH2:31][CH2:32][CH2:33][CH2:34][CH2:35][CH2:36][CH2:37]/[CH:38]=[CH:39]\\[CH2:40][CH2:41][CH2:42][CH2:43][CH2:44][CH2:45][CH2:46][CH3:47])[O:48][C:49](=[O:50])[CH2:51][CH2:52][CH2:53][CH2:54][CH2:55][CH2:56]/[CH:57]=[CH:58]\\[CH2:59]/[CH:60]=[CH:61]\\[CH2:62]/[CH:63]=[CH:64]\\[CH2:65][CH2:66][CH2:67][CH2:68][CH3:69]", "reacting_atoms": [7, 6], "template_id": "b8752864a144b4d488d51a312d4ebfdc", "template_set": ["bkms", "bkms", "bkms"], "num_examples": 64, "necessary_reagent": "", "template_score": 0.857880175113678, "rms_molwt": -960.8145911759999, "num_rings": 0, "plausibility": 1, "tforms": ["71d96988ab3623c8d39bf0ee6519c85b", "4b5c01ce1dd3e508649493e134ba9f1c", "b8752864a144b4d488d51a312d4ebfdc"], "rank": 2, "score": -1338.5483502174775}, {"smiles": "CC/C=C\\C/C=C\\C/C=C\\C/C=C\\CCCCC(=O)OC[C@@H](COC(=O)CCCCCCCCCCC/C=C\\CCCCCCCC)OC(=O)CCCCCCCCC/C=C\\C/C=C\\CCCCC", "smiles_split": ["CC/C=C\\C/C=C\\C/C=C\\C/C=C\\CCCCC(=O)OC[C@@H](COC(=O)CCCCCCCCCCC/C=C\\CCCCCCCC)OC(=O)CCCCCCCCC/C=C\\C/C=C\\CCCCC"], "mapped_smiles": "[CH3:1][CH2:2]/[CH:3]=[CH:4]\\[CH2:5]/[CH:6]=[CH:7]\\[CH2:8]/[CH:9]=[CH:10]\\[CH2:11]/[CH:12]=[CH:13]\\[CH2:14][CH2:15][CH2:16][CH2:17][C:18](=[O:19])[O:20][CH2:21][C@@H:22]([CH2:23][O:24][C:25](=[O:26])[CH2:27][CH2:28][CH2:29][CH2:30][CH2:31][CH2:32][CH2:33][CH2:34][CH2:35][CH2:36][CH2:37]/[CH:38]=[CH:39]\\[CH2:40][CH2:41][CH2:42][CH2:43][CH2:44][CH2:45][CH2:46][CH3:47])[O:48][C:49](=[O:50])[CH2:51][CH2:52][CH2:53][CH2:54][CH2:55][CH2:56][CH2:57][CH2:58][CH2:59]/[CH:60]=[CH:61]\\[CH2:62]/[CH:63]=[CH:64]\\[CH2:65][CH2:66][CH2:67][CH2:68][CH3:69]", "reacting_atoms": [58, 57], "template_id": "b8752864a144b4d488d51a312d4ebfdc", "template_set": ["bkms", "bkms", "bkms"], "num_examples": 64, "necessary_reagent": "", "template_score": 0.857880175113678, "rms_molwt": -960.8145911759999, "num_rings": 0, "plausibility": 1, "tforms": ["71d96988ab3623c8d39bf0ee6519c85b", "4b5c01ce1dd3e508649493e134ba9f1c", "b8752864a144b4d488d51a312d4ebfdc"], "rank": 3, "score": -1338.5483502174775}, {"smiles": "CC/C=C\\C/C=C\\C/C=C\\C/C=C\\CCCCC(=O)OC[C@@H](COC(=O)CCCCCCCCCCC/C=C\\CCCCCCCC)OC(=O)CCCCCC/C=C\\C/C=C\\CCCCCCCC", "smiles_split": ["CC/C=C\\C/C=C\\C/C=C\\C/C=C\\CCCCC(=O)OC[C@@H](COC(=O)CCCCCCCCCCC/C=C\\CCCCCCCC)OC(=O)CCCCCC/C=C\\C/C=C\\CCCCCCCC"], "mapped_smiles": "[CH3:1][CH2:2]/[CH:3]=[CH:4]\\[CH2:5]/[CH:6]=[CH:7]\\[CH2:8]/[CH:9]=[CH:10]\\[CH2:11]/[CH:12]=[CH:13]\\[CH2:14][CH2:15][CH2:16][CH2:17][C:18](=[O:19])[O:20][CH2:21][C@@H:22]([CH2:23][O:24][C:25](=[O:26])[CH2:27][CH2:28][CH2:29][CH2:30][CH2:31][CH2:32][CH2:33][CH2:34][CH2:35][CH2:36][CH2:37]/[CH:38]=[CH:39]\\[CH2:40][CH2:41][CH2:42][CH2:43][CH2:44][CH2:45][CH2:46][CH3:47])[O:48][C:49](=[O:50])[CH2:51][CH2:52][CH2:53][CH2:54][CH2:55][CH2:56]/[CH:57]=[CH:58]\\[CH2:59]/[CH:60]=[CH:61]\\[CH2:62][CH2:63][CH2:64][CH2:65][CH2:66][CH2:67][CH2:68][CH3:69]", "reacting_atoms": [63, 64], "template_id": "b8752864a144b4d488d51a312d4ebfdc", "template_set": ["bkms", "bkms", "bkms"], "num_examples": 64, "necessary_reagent": "", "template_score": 0.857880175113678, "rms_molwt": -960.8145911759999, "num_rings": 0, "plausibility": 1, "tforms": ["71d96988ab3623c8d39bf0ee6519c85b", "4b5c01ce1dd3e508649493e134ba9f1c", "b8752864a144b4d488d51a312d4ebfdc"], "rank": 4, "score": -1338.5483502174775}, {"smiles": "CC/C=C\\C/C=C\\C/C=C\\CCCCCCCC(=O)OC[C@@H](COC(=O)CCCCCCCCCCC/C=C\\CCCCCCCC)OC(=O)CCCCCC/C=C\\C/C=C\\C/C=C\\CCCCC", "smiles_split": ["CC/C=C\\C/C=C\\C/C=C\\CCCCCCCC(=O)OC[C@@H](COC(=O)CCCCCCCCCCC/C=C\\CCCCCCCC)OC(=O)CCCCCC/C=C\\C/C=C\\C/C=C\\CCCCC"], "mapped_smiles": "[CH3:1][CH2:2]/[CH:3]=[CH:4]\\[CH2:5]/[CH:6]=[CH:7]\\[CH2:8]/[CH:9]=[CH:10]\\[CH2:11][CH2:12][CH2:13][CH2:14][CH2:15][CH2:16][CH2:17][C:18](=[O:19])[O:20][CH2:21][C@@H:22]([CH2:23][O:24][C:25](=[O:26])[CH2:27][CH2:28][CH2:29][CH2:30][CH2:31][CH2:32][CH2:33][CH2:34][CH2:35][CH2:36][CH2:37]/[CH:38]=[CH:39]\\[CH2:40][CH2:41][CH2:42][CH2:43][CH2:44][CH2:45][CH2:46][CH3:47])[O:48][C:49](=[O:50])[CH2:51][CH2:52][CH2:53][CH2:54][CH2:55][CH2:56]/[CH:57]=[CH:58]\\[CH2:59]/[CH:60]=[CH:61]\\[CH2:62]/[CH:63]=[CH:64]\\[CH2:65][CH2:66][CH2:67][CH2:68][CH3:69]", "reacting_atoms": [12, 13], "template_id": "b8752864a144b4d488d51a312d4ebfdc", "template_set": ["bkms", "bkms", "bkms"], "num_examples": 64, "necessary_reagent": "", "template_score": 0.857880175113678, "rms_molwt": -960.8145911759999, "num_rings": 0, "plausibility": 1, "tforms": ["71d96988ab3623c8d39bf0ee6519c85b", "4b5c01ce1dd3e508649493e134ba9f1c", "b8752864a144b4d488d51a312d4ebfdc"], "rank": 5, "score": -1338.5483502174775}, {"smiles": "CC/C=C\\C/C=C\\C/C=C\\C/C=C\\CCCCC(=O)OC[C@@H](COC(=O)CCCCCCCCCCC/C=C\\CCCCCCCC)OC(=O)CCCCCC/C=C\\CCCC/C=C\\CCCCC", "smiles_split": ["CC/C=C\\C/C=C\\C/C=C\\C/C=C\\CCCCC(=O)OC[C@@H](COC(=O)CCCCCCCCCCC/C=C\\CCCCCCCC)OC(=O)CCCCCC/C=C\\CCCC/C=C\\CCCCC"], "mapped_smiles": "[CH3:1][CH2:2]/[CH:3]=[CH:4]\\[CH2:5]/[CH:6]=[CH:7]\\[CH2:8]/[CH:9]=[CH:10]\\[CH2:11]/[CH:12]=[CH:13]\\[CH2:14][CH2:15][CH2:16][CH2:17][C:18](=[O:19])[O:20][CH2:21][C@@H:22]([CH2:23][O:24][C:25](=[O:26])[CH2:27][CH2:28][CH2:29][CH2:30][CH2:31][CH2:32][CH2:33][CH2:34][CH2:35][CH2:36][CH2:37]/[CH:38]=[CH:39]\\[CH2:40][CH2:41][CH2:42][CH2:43][CH2:44][CH2:45][CH2:46][CH3:47])[O:48][C:49](=[O:50])[CH2:51][CH2:52][CH2:53][CH2:54][CH2:55][CH2:56]/[CH:57]=[CH:58]\\[CH2:59][CH2:60][CH2:61][CH2:62]/[CH:63]=[CH:64]\\[CH2:65][CH2:66][CH2:67][CH2:68][CH3:69]", "reacting_atoms": [61, 60], "template_id": "b8752864a144b4d488d51a312d4ebfdc", "template_set": ["bkms", "bkms", "bkms"], "num_examples": 64, "necessary_reagent": "", "template_score": 0.857880175113678, "rms_molwt": -960.8145911759999, "num_rings": 0, "plausibility": 1, "tforms": ["71d96988ab3623c8d39bf0ee6519c85b", "4b5c01ce1dd3e508649493e134ba9f1c", "b8752864a144b4d488d51a312d4ebfdc"], "rank": 6, "score": -1338.5483502174775}, {"smiles": "CCCCC/C=C\\C/C=C\\C/C=C\\CCCCCCC(=O)O[C@@H](COC(=O)CCCC/C=C\\C/C=C\\C/C=C\\CCCCC)COC(=O)CCCCCCCCCCC/C=C\\CCCCCCCC", "smiles_split": ["CCCCC/C=C\\C/C=C\\C/C=C\\CCCCCCC(=O)O[C@@H](COC(=O)CCCC/C=C\\C/C=C\\C/C=C\\CCCCC)COC(=O)CCCCCCCCCCC/C=C\\CCCCCCCC"], "mapped_smiles": "[CH3:1][CH2:2][CH2:3][CH2:4][CH2:5]/[CH:6]=[CH:7]\\[CH2:8]/[CH:9]=[CH:10]\\[CH2:11]/[CH:12]=[CH:13]\\[CH2:14][CH2:15][CH2:16][CH2:17][C:18](=[O:19])[O:20][CH2:21][C@@H:22]([CH2:23][O:24][C:25](=[O:26])[CH2:27][CH2:28][CH2:29][CH2:30][CH2:31][CH2:32][CH2:33][CH2:34][CH2:35][CH2:36][CH2:37]/[CH:38]=[CH:39]\\[CH2:40][CH2:41][CH2:42][CH2:43][CH2:44][CH2:45][CH2:46][CH3:47])[O:48][C:49](=[O:50])[CH2:51][CH2:52][CH2:53][CH2:54][CH2:55][CH2:56]/[CH:57]=[CH:58]\\[CH2:59]/[CH:60]=[CH:61]\\[CH2:62]/[CH:63]=[CH:64]\\[CH2:65][CH2:66][CH2:67][CH2:68][CH3:69]", "reacting_atoms": [4, 3], "template_id": "b8752864a144b4d488d51a312d4ebfdc", "template_set": ["bkms", "bkms", "bkms"], "num_examples": 64, "necessary_reagent": "", "template_score": 0.857880175113678, "rms_molwt": -960.8145911759999, "num_rings": 0, "plausibility": 1, "tforms": ["71d96988ab3623c8d39bf0ee6519c85b", "4b5c01ce1dd3e508649493e134ba9f1c", "b8752864a144b4d488d51a312d4ebfdc"], "rank": 7, "score": -1338.5483502174775}, {"smiles": "CC/C=C\\C/C=C\\C/C=C\\C/C=C\\CCCCC(=O)OC[C@@H](COC(=O)CCCCCCCCCCCCCCCCCCCCC)OC(=O)CCCCCC/C=C\\C/C=C\\C/C=C\\CCCCC", "smiles_split": ["CC/C=C\\C/C=C\\C/C=C\\C/C=C\\CCCCC(=O)OC[C@@H](COC(=O)CCCCCCCCCCCCCCCCCCCCC)OC(=O)CCCCCC/C=C\\C/C=C\\C/C=C\\CCCCC"], "mapped_smiles": "[CH3:1][CH2:2]/[CH:3]=[CH:4]\\[CH2:5]/[CH:6]=[CH:7]\\[CH2:8]/[CH:9]=[CH:10]\\[CH2:11]/[CH:12]=[CH:13]\\[CH2:14][CH2:15][CH2:16][CH2:17][C:18](=[O:19])[O:20][CH2:21][C@@H:22]([CH2:23][O:24][C:25](=[O:26])[CH2:27][CH2:28][CH2:29][CH2:30][CH2:31][CH2:32][CH2:33][CH2:34][CH2:35][CH2:36][CH2:37][CH2:38][CH2:39][CH2:40][CH2:41][CH2:42][CH2:43][CH2:44][CH2:45][CH2:46][CH3:47])[O:48][C:49](=[O:50])[CH2:51][CH2:52][CH2:53][CH2:54][CH2:55][CH2:56]/[CH:57]=[CH:58]\\[CH2:59]/[CH:60]=[CH:61]\\[CH2:62]/[CH:63]=[CH:64]\\[CH2:65][CH2:66][CH2:67][CH2:68][CH3:69]", "reacting_atoms": [39, 38], "template_id": "4b5c01ce1dd3e508649493e134ba9f1c", "template_set": ["bkms"], "num_examples": 15, "necessary_reagent": "", "template_score": 0.07927566021680832, "rms_molwt": -960.8145911759999, "num_rings": 0, "plausibility": 1, "tforms": ["4b5c01ce1dd3e508649493e134ba9f1c"], "rank": 8, "score": -14485.077638485875}, {"smiles": "CC/C=C\\C/C=C\\C/C=C\\C/C=C\\CCCCC(=O)OC[C@@H](COC(=O)CCCCCCCCCCCC1OC(=O)C1CCCCCCCC)OC(=O)CCCCCC/C=C\\C/C=C\\C/C=C\\CCCCC", "smiles_split": ["CC/C=C\\C/C=C\\C/C=C\\C/C=C\\CCCCC(=O)OC[C@@H](COC(=O)CCCCCCCCCCCC1OC(=O)C1CCCCCCCC)OC(=O)CCCCCC/C=C\\C/C=C\\C/C=C\\CCCCC"], "mapped_smiles": "[CH3:1][CH2:2]/[CH:3]=[CH:4]\\[CH2:5]/[CH:6]=[CH:7]\\[CH2:8]/[CH:9]=[CH:10]\\[CH2:11]/[CH:12]=[CH:13]\\[CH2:14][CH2:15][CH2:16][CH2:17][C:18](=[O:19])[O:20][CH2:21][C@@H:22]([CH2:23][O:24][C:25](=[O:26])[CH2:27][CH2:28][CH2:29][CH2:30][CH2:31][CH2:32][CH2:33][CH2:34][CH2:35][CH2:36][CH2:37][CH:38]1[CH:39]([CH2:40][CH2:41][CH2:42][CH2:43][CH2:44][CH2:45][CH2:46][CH3:47])[C:901](=[O:900])[O:902]1)[O:48][C:49](=[O:50])[CH2:51][CH2:52][CH2:53][CH2:54][CH2:55][CH2:56]/[CH:57]=[CH:58]\\[CH2:59]/[CH:60]=[CH:61]\\[CH2:62]/[CH:63]=[CH:64]\\[CH2:65][CH2:66][CH2:67][CH2:68][CH3:69]", "reacting_atoms": [38, 39], "template_id": "95b167a4e5e2cf14a7f1b2c6fb174cb0", "template_set": ["bkms"], "num_examples": 4, "necessary_reagent": "", "template_score": 0.00823209248483181, "rms_molwt": -1002.788770352, "num_rings": -1, "plausibility": 1, "tforms": ["95b167a4e5e2cf14a7f1b2c6fb174cb0"], "rank": 9, "score": -149643.66838202774}, {"smiles": "CC/C=C\\C/C=C\\C/C=C\\C/C=C\\CCCCC(=O)OC[C@@H](COC(=O)CCCCCCCCCCC/C=C\\CCCCCCCC)OC(=O)CCCCCC/C=C\\CC1C(=O)OC1C/C=C\\CCCCC", "smiles_split": ["CC/C=C\\C/C=C\\C/C=C\\C/C=C\\CCCCC(=O)OC[C@@H](COC(=O)CCCCCCCCCCC/C=C\\CCCCCCCC)OC(=O)CCCCCC/C=C\\CC1C(=O)OC1C/C=C\\CCCCC"], "mapped_smiles": "[CH3:1][CH2:2]/[CH:3]=[CH:4]\\[CH2:5]/[CH:6]=[CH:7]\\[CH2:8]/[CH:9]=[CH:10]\\[CH2:11]/[CH:12]=[CH:13]\\[CH2:14][CH2:15][CH2:16][CH2:17][C:18](=[O:19])[O:20][CH2:21][C@@H:22]([CH2:23][O:24][C:25](=[O:26])[CH2:27][CH2:28][CH2:29][CH2:30][CH2:31][CH2:32][CH2:33][CH2:34][CH2:35][CH2:36][CH2:37]/[CH:38]=[CH:39]\\[CH2:40][CH2:41][CH2:42][CH2:43][CH2:44][CH2:45][CH2:46][CH3:47])[O:48][C:49](=[O:50])[CH2:51][CH2:52][CH2:53][CH2:54][CH2:55][CH2:56]/[CH:57]=[CH:58]\\[CH2:59][CH:60]1[CH:61]([CH2:62]/[CH:63]=[CH:64]\\[CH2:65][CH2:66][CH2:67][CH2:68][CH3:69])[O:902][C:901]1=[O:900]", "reacting_atoms": [61, 60], "template_id": "95b167a4e5e2cf14a7f1b2c6fb174cb0", "template_set": ["bkms"], "num_examples": 4, "necessary_reagent": "", "template_score": 0.00823209248483181, "rms_molwt": -1002.788770352, "num_rings": -1, "plausibility": 1, "tforms": ["95b167a4e5e2cf14a7f1b2c6fb174cb0"], "rank": 10, "score": -149643.66838202774}, {"smiles": "CC/C=C\\C/C=C\\C/C=C\\C/C=C\\CCCCC(=O)OC[C@@H](COC(=O)CCCCCCCCCCCC1C(=O)OC1CCCCCCCC)OC(=O)CCCCCC/C=C\\C/C=C\\C/C=C\\CCCCC", "smiles_split": ["CC/C=C\\C/C=C\\C/C=C\\C/C=C\\CCCCC(=O)OC[C@@H](COC(=O)CCCCCCCCCCCC1C(=O)OC1CCCCCCCC)OC(=O)CCCCCC/C=C\\C/C=C\\C/C=C\\CCCCC"], "mapped_smiles": "[CH3:1][CH2:2]/[CH:3]=[CH:4]\\[CH2:5]/[CH:6]=[CH:7]\\[CH2:8]/[CH:9]=[CH:10]\\[CH2:11]/[CH:12]=[CH:13]\\[CH2:14][CH2:15][CH2:16][CH2:17][C:18](=[O:19])[O:20][CH2:21][C@@H:22]([CH2:23][O:24][C:25](=[O:26])[CH2:27][CH2:28][CH2:29][CH2:30][CH2:31][CH2:32][CH2:33][CH2:34][CH2:35][CH2:36][CH2:37][CH:38]1[CH:39]([CH2:40][CH2:41][CH2:42][CH2:43][CH2:44][CH2:45][CH2:46][CH3:47])[O:902][C:901]1=[O:900])[O:48][C:49](=[O:50])[CH2:51][CH2:52][CH2:53][CH2:54][CH2:55][CH2:56]/[CH:57]=[CH:58]\\[CH2:59]/[CH:60]=[CH:61]\\[CH2:62]/[CH:63]=[CH:64]\\[CH2:65][CH2:66][CH2:67][CH2:68][CH3:69]", "reacting_atoms": [39, 38], "template_id": "95b167a4e5e2cf14a7f1b2c6fb174cb0", "template_set": ["bkms"], "num_examples": 4, "necessary_reagent": "", "template_score": 0.00823209248483181, "rms_molwt": -1002.788770352, "num_rings": -1, "plausibility": 1, "tforms": ["95b167a4e5e2cf14a7f1b2c6fb174cb0"], "rank": 11, "score": -149643.66838202774}, {"smiles": "CC/C=C\\CC1C(=O)OC1C/C=C\\C/C=C\\CCCCC(=O)OC[C@@H](COC(=O)CCCCCCCCCCC/C=C\\CCCCCCCC)OC(=O)CCCCCC/C=C\\C/C=C\\C/C=C\\CCCCC", "smiles_split": ["CC/C=C\\CC1C(=O)OC1C/C=C\\C/C=C\\CCCCC(=O)OC[C@@H](COC(=O)CCCCCCCCCCC/C=C\\CCCCCCCC)OC(=O)CCCCCC/C=C\\C/C=C\\C/C=C\\CCCCC"], "mapped_smiles": "[CH3:1][CH2:2]/[CH:3]=[CH:4]\\[CH2:5][CH:6]1[CH:7]([CH2:8]/[CH:9]=[CH:10]\\[CH2:11]/[CH:12]=[CH:13]\\[CH2:14][CH2:15][CH2:16][CH2:17][C:18](=[O:19])[O:20][CH2:21][C@@H:22]([CH2:23][O:24][C:25](=[O:26])[CH2:27][CH2:28][CH2:29][CH2:30][CH2:31][CH2:32][CH2:33][CH2:34][CH2:35][CH2:36][CH2:37]/[CH:38]=[CH:39]\\[CH2:40][CH2:41][CH2:42][CH2:43][CH2:44][CH2:45][CH2:46][CH3:47])[O:48][C:49](=[O:50])[CH2:51][CH2:52][CH2:53][CH2:54][CH2:55][CH2:56]/[CH:57]=[CH:58]\\[CH2:59]/[CH:60]=[CH:61]\\[CH2:62]/[CH:63]=[CH:64]\\[CH2:65][CH2:66][CH2:67][CH2:68][CH3:69])[O:902][C:901]1=[O:900]", "reacting_atoms": [7, 6], "template_id": "95b167a4e5e2cf14a7f1b2c6fb174cb0", "template_set": ["bkms"], "num_examples": 4, "necessary_reagent": "", "template_score": 0.00823209248483181, "rms_molwt": -1002.788770352, "num_rings": -1, "plausibility": 1, "tforms": ["95b167a4e5e2cf14a7f1b2c6fb174cb0"], "rank": 12, "score": -149643.66838202774}, {"smiles": "CC/C=C\\C/C=C\\C/C=C\\C/C=C\\CCCCC(=O)OC[C@@H](COC(=O)CCCCCCCCCCC/C=C\\CCCCCCCC)OC(=O)CCCCCC/C=C\\C/C=C\\CC1C(=O)OC1CCCCC", "smiles_split": ["CC/C=C\\C/C=C\\C/C=C\\C/C=C\\CCCCC(=O)OC[C@@H](COC(=O)CCCCCCCCCCC/C=C\\CCCCCCCC)OC(=O)CCCCCC/C=C\\C/C=C\\CC1C(=O)OC1CCCCC"], "mapped_smiles": "[CH3:1][CH2:2]/[CH:3]=[CH:4]\\[CH2:5]/[CH:6]=[CH:7]\\[CH2:8]/[CH:9]=[CH:10]\\[CH2:11]/[CH:12]=[CH:13]\\[CH2:14][CH2:15][CH2:16][CH2:17][C:18](=[O:19])[O:20][CH2:21][C@@H:22]([CH2:23][O:24][C:25](=[O:26])[CH2:27][CH2:28][CH2:29][CH2:30][CH2:31][CH2:32][CH2:33][CH2:34][CH2:35][CH2:36][CH2:37]/[CH:38]=[CH:39]\\[CH2:40][CH2:41][CH2:42][CH2:43][CH2:44][CH2:45][CH2:46][CH3:47])[O:48][C:49](=[O:50])[CH2:51][CH2:52][CH2:53][CH2:54][CH2:55][CH2:56]/[CH:57]=[CH:58]\\[CH2:59]/[CH:60]=[CH:61]\\[CH2:62][CH:63]1[CH:64]([CH2:65][CH2:66][CH2:67][CH2:68][CH3:69])[O:902][C:901]1=[O:900]", "reacting_atoms": [64, 63], "template_id": "95b167a4e5e2cf14a7f1b2c6fb174cb0", "template_set": ["bkms"], "num_examples": 4, "necessary_reagent": "", "template_score": 0.00823209248483181, "rms_molwt": -1002.788770352, "num_rings": -1, "plausibility": 1, "tforms": ["95b167a4e5e2cf14a7f1b2c6fb174cb0"], "rank": 13, "score": -149643.66838202774}, {"smiles": "CC/C=C\\C/C=C\\CC1C(=O)OC1C/C=C\\CCCCC(=O)OC[C@@H](COC(=O)CCCCCCCCCCC/C=C\\CCCCCCCC)OC(=O)CCCCCC/C=C\\C/C=C\\C/C=C\\CCCCC", "smiles_split": ["CC/C=C\\C/C=C\\CC1C(=O)OC1C/C=C\\CCCCC(=O)OC[C@@H](COC(=O)CCCCCCCCCCC/C=C\\CCCCCCCC)OC(=O)CCCCCC/C=C\\C/C=C\\C/C=C\\CCCCC"], "mapped_smiles": "[CH3:1][CH2:2]/[CH:3]=[CH:4]\\[CH2:5]/[CH:6]=[CH:7]\\[CH2:8][CH:9]1[CH:10]([CH2:11]/[CH:12]=[CH:13]\\[CH2:14][CH2:15][CH2:16][CH2:17][C:18](=[O:19])[O:20][CH2:21][C@@H:22]([CH2:23][O:24][C:25](=[O:26])[CH2:27][CH2:28][CH2:29][CH2:30][CH2:31][CH2:32][CH2:33][CH2:34][CH2:35][CH2:36][CH2:37]/[CH:38]=[CH:39]\\[CH2:40][CH2:41][CH2:42][CH2:43][CH2:44][CH2:45][CH2:46][CH3:47])[O:48][C:49](=[O:50])[CH2:51][CH2:52][CH2:53][CH2:54][CH2:55][CH2:56]/[CH:57]=[CH:58]\\[CH2:59]/[CH:60]=[CH:61]\\[CH2:62]/[CH:63]=[CH:64]\\[CH2:65][CH2:66][CH2:67][CH2:68][CH3:69])[O:902][C:901]1=[O:900]", "reacting_atoms": [10, 9], "template_id": "95b167a4e5e2cf14a7f1b2c6fb174cb0", "template_set": ["bkms"], "num_examples": 4, "necessary_reagent": "", "template_score": 0.00823209248483181, "rms_molwt": -1002.788770352, "num_rings": -1, "plausibility": 1, "tforms": ["95b167a4e5e2cf14a7f1b2c6fb174cb0"], "rank": 14, "score": -149643.66838202774}, {"smiles": "CC/C=C\\CC1OC(=O)C1C/C=C\\C/C=C\\CCCCC(=O)OC[C@@H](COC(=O)CCCCCCCCCCC/C=C\\CCCCCCCC)OC(=O)CCCCCC/C=C\\C/C=C\\C/C=C\\CCCCC", "smiles_split": ["CC/C=C\\CC1OC(=O)C1C/C=C\\C/C=C\\CCCCC(=O)OC[C@@H](COC(=O)CCCCCCCCCCC/C=C\\CCCCCCCC)OC(=O)CCCCCC/C=C\\C/C=C\\C/C=C\\CCCCC"], "mapped_smiles": "[CH3:1][CH2:2]/[CH:3]=[CH:4]\\[CH2:5][CH:6]1[CH:7]([CH2:8]/[CH:9]=[CH:10]\\[CH2:11]/[CH:12]=[CH:13]\\[CH2:14][CH2:15][CH2:16][CH2:17][C:18](=[O:19])[O:20][CH2:21][C@@H:22]([CH2:23][O:24][C:25](=[O:26])[CH2:27][CH2:28][CH2:29][CH2:30][CH2:31][CH2:32][CH2:33][CH2:34][CH2:35][CH2:36][CH2:37]/[CH:38]=[CH:39]\\[CH2:40][CH2:41][CH2:42][CH2:43][CH2:44][CH2:45][CH2:46][CH3:47])[O:48][C:49](=[O:50])[CH2:51][CH2:52][CH2:53][CH2:54][CH2:55][CH2:56]/[CH:57]=[CH:58]\\[CH2:59]/[CH:60]=[CH:61]\\[CH2:62]/[CH:63]=[CH:64]\\[CH2:65][CH2:66][CH2:67][CH2:68][CH3:69])[C:901](=[O:900])[O:902]1", "reacting_atoms": [6, 7], "template_id": "95b167a4e5e2cf14a7f1b2c6fb174cb0", "template_set": ["bkms"], "num_examples": 4, "necessary_reagent": "", "template_score": 0.00823209248483181, "rms_molwt": -1002.788770352, "num_rings": -1, "plausibility": 1, "tforms": ["95b167a4e5e2cf14a7f1b2c6fb174cb0"], "rank": 15, "score": -149643.66838202774}]}