{"smiles": "CCCC/C=C\\C/C=C\\CCCCCCCCCC(=O)OC[C@@H](COC(=O)CCCCCCCCCCC/C=C\\C/C=C\\CCCCC)OC(=O)CCCCCCCCCCCCCC", "sfscore": [0.4253726005554199, 0.6242411136627197], "chem_result": [{"smiles": "CCCC/C=C\\C/C=C\\CCCCCCCCCC(=O)OC[C@@H](COC(=O)CCCCCCCCCCC/C=C\\C/C=C\\CCCCC)OC(=O)CCCCCCCCCCCCCC", "bw_confidence": 0.02919109220105263, "confidence": 0.009194302187460982, "rclass": "11 11.5 11.5", "children": [{"smiles": "CCCC/C=C\\C/C=C\\CCCCCCCCCC(=O)OC[C@@H](COC(=O)CCCCCCCCCCC/C=C\\C/C=C\\CCCCC)OC(=O)CCCCCCCCCCCCC"}, {"smiles": "ClCCl"}, {"smiles": "O=[Cr](=O)([O-])Cl~c1cc[nH+]cc1"}]}, {"smiles": "CCCC/C=C\\C/C=C\\CCCCCCCCCC(=O)OC[C@@H](COC(=O)CCCCCCCCCCC/C=C\\C/C=C\\CCCCC)OC(=O)CCCCCCCCCCCCCC", "bw_confidence": 0.019946079304594553, "confidence": 0.3557654037195571, "rclass": "0 0 0", "children": [{"smiles": "CCCC/C=C\\C/C=C\\CCCCCCCCCC(=O)Cl"}, {"smiles": "OCC(O)CO"}]}, {"smiles": "CCCC/C=C\\C/C=C\\CCCCCCCCCC(=O)OC[C@@H](COC(=O)CCCCCCCCCCC/C=C\\C/C=C\\CCCCC)OC(=O)CCCCCCCCCCCCCC", "bw_confidence": 0.009231304435259761, "confidence": 0.006104231848822922, "rclass": "11 11.5 11.5", "children": [{"smiles": "CCCC/C=C\\C/C=C\\CCCCCCCCCC(=O)OC[C@@H](COC(=O)CCCCCCCCCCC/C=C\\C/C=C\\CCCCC)OC(=O)CCCCCCCCCCCCCCC"}, {"smiles": "ClCCl"}, {"smiles": "O=C(O)C(F)(F)F"}]}, {"smiles": "CCCC/C=C\\C/C=C\\CCCCCCCCCC(=O)OC[C@@H](COC(=O)CCCCCCCCCCC/C=C\\C/C=C\\CCCCC)OC(=O)CCCCCCCCCCCCCC", "bw_confidence": 0.004765053500511621, "confidence": 0.13096599074004608, "rclass": "2 2.6 2.6.1", "children": [{"smiles": "CCCC/C=C\\C/C=C\\CCCCCCCCCC(=O)OC[C@H](O)COC(=O)CCCCCCCCCCC/C=C\\C/C=C\\CCCCC"}, {"smiles": "CCCCCCCCCCCCCCC(=O)Cl"}, {"smiles": "CCN(CC)CC"}, {"smiles": "ClCCl"}]}, {"smiles": "CCCC/C=C\\C/C=C\\CCCCCCCCCC(=O)OC[C@@H](COC(=O)CCCCCCCCCCC/C=C\\C/C=C\\CCCCC)OC(=O)CCCCCCCCCCCCCC", "bw_confidence": 0.0030913507485591254, "confidence": 0.008737602353223958, "rclass": "0 0 0", "children": [{"smiles": "CCCC/C=C\\C/C=C\\CCCCCCCCCC(=O)OC[C@@H](COC(=O)CCCCCCCCCC/C=C\\C/C=C\\CCCCC)OC(=O)CCCCCCCCCCCCC"}, {"smiles": "CCCCCCCCCCCCCCC(=O)O"}]}, {"smiles": "CCCC/C=C\\C/C=C\\CCCCCCCCCC(=O)OC[C@@H](COC(=O)CCCCCCCCCCC/C=C\\C/C=C\\CCCCC)OC(=O)CCCCCCCCCCCCCC", "bw_confidence": 0.0029943431473510532, "confidence": 0.06074714669872413, "rclass": "2 2.6 2.6.14", "children": [{"smiles": "CCCC/C=C\\C/C=C\\CCCCCCCCCC(=O)OC[C@H](O)COC(=O)CCCCCCCCCCC/C=C\\C/C=C\\CCCCC"}, {"smiles": "CCCCC/C=C\\C/C=C\\CCCCCCCCCCCC(=O)OC[C@@H](O)COC(=O)CCCCCCCCCCCCCC"}]}, {"smiles": "CCCC/C=C\\C/C=C\\CCCCCCCCCC(=O)OC[C@@H](COC(=O)CCCCCCCCCCC/C=C\\C/C=C\\CCCCC)OC(=O)CCCCCCCCCCCCCC", "bw_confidence": 0.002937140095306413, "confidence": 0.026551025550380383, "rclass": "7 7.6 7.6.1", "children": [{"smiles": "CCCC/C=C\\C/C=C\\CCCCCCCCCC(=O)OC[C@@H](COC(=O)CCCCCCCCCC/C=C\\C/C=C\\CCCCC)OC(=O)CCCCCCCCCCCCC"}, {"smiles": "CCCCC/C=C\\C/C=C\\CCCCC"}]}, {"smiles": "CCCC/C=C\\C/C=C\\CCCCCCCCCC(=O)OC[C@@H](COC(=O)CCCCCCCCCCC/C=C\\C/C=C\\CCCCC)OC(=O)CCCCCCCCCCCCCC", "bw_confidence": 0.0027171113712311837, "confidence": 0.005758996958324125, "rclass": "0 0 0", "children": [{"smiles": "CCCC/C=C\\C/C=C\\CCCCCCCCCC(=O)OC[C@@H](COC(=O)CCCCCCCCCCC/C=C\\C/C=C\\CCCCC)OC(=O)CCCCCCCCCCCCCC"}, {"smiles": "CN(C)c1ccncc1"}, {"smiles": "ClCCl"}]}, {"smiles": "CCCC/C=C\\C/C=C\\CCCCCCCCCC(=O)OC[C@@H](COC(=O)CCCCCCCCCCC/C=C\\C/C=C\\CCCCC)OC(=O)CCCCCCCCCCCCCC", "bw_confidence": 0.0023585294950596416, "confidence": 0.13656540012625942, "rclass": "2 2.6 2.6.2", "children": [{"smiles": "CCCC/C=C\\C/C=C\\CCCCCCCCCC(=O)OC[C@H](O)COC(=O)CCCCCCCCCCC/C=C\\C/C=C\\CCCCC"}, {"smiles": "CCCCCCCCCCCCCCC(=O)O"}, {"smiles": "CCN=C=NCCCN(C)C~Cl"}, {"smiles": "CN(C)c1ccncc1"}, {"smiles": "ClCCl"}]}, {"smiles": "CCCC/C=C\\C/C=C\\CCCCCCCCCC(=O)OC[C@@H](COC(=O)CCCCCCCCCCC/C=C\\C/C=C\\CCCCC)OC(=O)CCCCCCCCCCCCCC", "bw_confidence": 0.00045323403837209907, "confidence": 0.026080668557888466, "rclass": "7 7.9 7.9.8", "children": [{"smiles": "CC(=O)[O-]~CC(=O)[O-]~[Pb+2]~[Pd]"}, {"smiles": "CCCCC#CC/C=C\\CCCCCCCCCCC(=O)OC[C@@H](COC(=O)CCCCCCCCCCC/C=C\\C/C=C\\CCCCC)OC(=O)CCCCCCCCCCCCC"}]}, {"smiles": "CCCC/C=C\\C/C=C\\CCCCCCCCCC(=O)OC[C@@H](COC(=O)CCCCCCCCCCC/C=C\\C/C=C\\CCCCC)OC(=O)CCCCCCCCCCCCCC", "bw_confidence": 0.00043010977594683356, "confidence": 0.15027816811640196, "rclass": "5 5.3 5.3.1", "children": [{"smiles": "CCCC/C=C\\C/C=C\\CCCCCCCCCC(=O)OC[C@H](O)COC(=O)CCCCCCCCCCC/C=C\\C/C=C\\CCCCC"}, {"smiles": "CCCCCCCCCCCCCCC(=O)OS(=O)(=O)C(F)(F)F"}, {"smiles": "CCN(CC)CC"}, {"smiles": "ClCCl"}]}, {"smiles": "CCCC/C=C\\C/C=C\\CCCCCCCCCC(=O)OC[C@@H](COC(=O)CCCCCCCCCCC/C=C\\C/C=C\\CCCCC)OC(=O)CCCCCCCCCCCCCC", "bw_confidence": 0.0001740466732769412, "confidence": 0.016658243777371372, "rclass": "11 11.7 11.7", "children": [{"smiles": "CCCC/C=C\\C/C=C\\CCCCCCCCCC(=O)OC[C@H](COC(=O)CCCCCCCCCC/C=C\\C/C=C\\CCCCC)OC(=O)CCCCCCCCCCCCCC"}, {"smiles": "CCCCC/C=C\\C/C=C\\CCCCCCCCCCCC(=O)OC[C@@H](COC(=O)CCCCCCCCCCCCCCC)OC(=O)CCCCCCCCCCCCCC"}]}], "chem_bw_confidence_list": [0.02919109220105263, 0.019946079304594553, 0.009231304435259761, 0.004765053500511621, 0.0030913507485591254, 0.0029943431473510532, 0.002937140095306413, 0.0027171113712311837, 0.0023585294950596416, 0.00045323403837209907, 0.00043010977594683356, 0.0001740466732769412], "enzy_template_score_list": [0.7687070369720459, 0.7687070369720459, 0.7687070369720459, 0.7687070369720459, 0.027165673673152924, 0.027165673673152924, 0.027165673673152924, 0.009458639658987522, 0.009458639658987522, 0.009458639658987522, 0.009458639658987522, 0.009458639658987522, 0.009458639658987522, 0.009458639658987522, 0.009458639658987522], "enzy_result": [{"smiles": "CCCC/C=C\\C/C=C\\CCCCCCCCCC(=O)OC[C@@H](COC(=O)CCCCCCCCCCC/C=C\\CCCCCCCC)OC(=O)CCCCCCCCCCCCCC", "smiles_split": ["CCCC/C=C\\C/C=C\\CCCCCCCCCC(=O)OC[C@@H](COC(=O)CCCCCCCCCCC/C=C\\CCCCCCCC)OC(=O)CCCCCCCCCCCCCC"], "mapped_smiles": "[CH3:1][CH2:2][CH2:3][CH2:4]/[CH:5]=[CH:6]\\[CH2:7]/[CH:8]=[CH:9]\\[CH2:10][CH2:11][CH2:12][CH2:13][CH2:14][CH2:15][CH2:16][CH2:17][CH2:18][C:19](=[O:20])[O:21][CH2:22][C@@H:23]([CH2:24][O:25][C:26](=[O:27])[CH2:28][CH2:29][CH2:30][CH2:31][CH2:32][CH2:33][CH2:34][CH2:35][CH2:36][CH2:37][CH2:38]/[CH:39]=[CH:40]\\[CH2:41][CH2:42][CH2:43][CH2:44][CH2:45][CH2:46][CH2:47][CH3:48])[O:49][C:50](=[O:51])[CH2:52][CH2:53][CH2:54][CH2:55][CH2:56][CH2:57][CH2:58][CH2:59][CH2:60][CH2:61][CH2:62][CH2:63][CH2:64][CH3:65]", "reacting_atoms": [42, 43], "template_id": "b8752864a144b4d488d51a312d4ebfdc", "template_set": ["bkms", "bkms", "bkms"], "num_examples": 64, "necessary_reagent": "", "template_score": 0.7687070369720459, "rms_molwt": -912.8145911759999, "num_rings": 0, "plausibility": 1, "tforms": ["71d96988ab3623c8d39bf0ee6519c85b", "4b5c01ce1dd3e508649493e134ba9f1c", "b8752864a144b4d488d51a312d4ebfdc"], "rank": 1, "score": -1366.0516383655772}, {"smiles": "CCCC/C=C\\C/C=C\\CCCCCCCCCC(=O)OC[C@@H](COC(=O)CCCCCCCCCCCCCC/C=C\\CCCCC)OC(=O)CCCCCCCCCCCCCC", "smiles_split": ["CCCC/C=C\\C/C=C\\CCCCCCCCCC(=O)OC[C@@H](COC(=O)CCCCCCCCCCCCCC/C=C\\CCCCC)OC(=O)CCCCCCCCCCCCCC"], "mapped_smiles": "[CH3:1][CH2:2][CH2:3][CH2:4]/[CH:5]=[CH:6]\\[CH2:7]/[CH:8]=[CH:9]\\[CH2:10][CH2:11][CH2:12][CH2:13][CH2:14][CH2:15][CH2:16][CH2:17][CH2:18][C:19](=[O:20])[O:21][CH2:22][C@@H:23]([CH2:24][O:25][C:26](=[O:27])[CH2:28][CH2:29][CH2:30][CH2:31][CH2:32][CH2:33][CH2:34][CH2:35][CH2:36][CH2:37][CH2:38][CH2:39][CH2:40][CH2:41]/[CH:42]=[CH:43]\\[CH2:44][CH2:45][CH2:46][CH2:47][CH3:48])[O:49][C:50](=[O:51])[CH2:52][CH2:53][CH2:54][CH2:55][CH2:56][CH2:57][CH2:58][CH2:59][CH2:60][CH2:61][CH2:62][CH2:63][CH2:64][CH3:65]", "reacting_atoms": [40, 39], "template_id": "b8752864a144b4d488d51a312d4ebfdc", "template_set": ["bkms", "bkms", "bkms"], "num_examples": 64, "necessary_reagent": "", "template_score": 0.7687070369720459, "rms_molwt": -912.8145911759999, "num_rings": 0, "plausibility": 1, "tforms": ["71d96988ab3623c8d39bf0ee6519c85b", "4b5c01ce1dd3e508649493e134ba9f1c", "b8752864a144b4d488d51a312d4ebfdc"], "rank": 2, "score": -1366.0516383655772}, {"smiles": "CCCC/C=C\\CCCCCCCCCCCCC(=O)OC[C@@H](COC(=O)CCCCCCCCCCC/C=C\\C/C=C\\CCCCC)OC(=O)CCCCCCCCCCCCCC", "smiles_split": ["CCCC/C=C\\CCCCCCCCCCCCC(=O)OC[C@@H](COC(=O)CCCCCCCCCCC/C=C\\C/C=C\\CCCCC)OC(=O)CCCCCCCCCCCCCC"], "mapped_smiles": "[CH3:1][CH2:2][CH2:3][CH2:4]/[CH:5]=[CH:6]\\[CH2:7][CH2:8][CH2:9][CH2:10][CH2:11][CH2:12][CH2:13][CH2:14][CH2:15][CH2:16][CH2:17][CH2:18][C:19](=[O:20])[O:21][CH2:22][C@@H:23]([CH2:24][O:25][C:26](=[O:27])[CH2:28][CH2:29][CH2:30][CH2:31][CH2:32][CH2:33][CH2:34][CH2:35][CH2:36][CH2:37][CH2:38]/[CH:39]=[CH:40]\\[CH2:41]/[CH:42]=[CH:43]\\[CH2:44][CH2:45][CH2:46][CH2:47][CH3:48])[O:49][C:50](=[O:51])[CH2:52][CH2:53][CH2:54][CH2:55][CH2:56][CH2:57][CH2:58][CH2:59][CH2:60][CH2:61][CH2:62][CH2:63][CH2:64][CH3:65]", "reacting_atoms": [8, 9], "template_id": "b8752864a144b4d488d51a312d4ebfdc", "template_set": ["bkms", "bkms", "bkms"], "num_examples": 64, "necessary_reagent": "", "template_score": 0.7687070369720459, "rms_molwt": -912.8145911759999, "num_rings": 0, "plausibility": 1, "tforms": ["71d96988ab3623c8d39bf0ee6519c85b", "4b5c01ce1dd3e508649493e134ba9f1c", "b8752864a144b4d488d51a312d4ebfdc"], "rank": 3, "score": -1366.0516383655772}, {"smiles": "CCCCC/C=C\\C/C=C\\CCCCCCCCCCCC(=O)OC[C@H](COC(=O)CCCCCCCCC/C=C\\CCCCCCC)OC(=O)CCCCCCCCCCCCCC", "smiles_split": ["CCCCC/C=C\\C/C=C\\CCCCCCCCCCCC(=O)OC[C@H](COC(=O)CCCCCCCCC/C=C\\CCCCCCC)OC(=O)CCCCCCCCCCCCCC"], "mapped_smiles": "[CH3:1][CH2:2][CH2:3][CH2:4][CH2:5][CH2:6][CH2:7]/[CH:8]=[CH:9]\\[CH2:10][CH2:11][CH2:12][CH2:13][CH2:14][CH2:15][CH2:16][CH2:17][CH2:18][C:19](=[O:20])[O:21][CH2:22][C@@H:23]([CH2:24][O:25][C:26](=[O:27])[CH2:28][CH2:29][CH2:30][CH2:31][CH2:32][CH2:33][CH2:34][CH2:35][CH2:36][CH2:37][CH2:38]/[CH:39]=[CH:40]\\[CH2:41]/[CH:42]=[CH:43]\\[CH2:44][CH2:45][CH2:46][CH2:47][CH3:48])[O:49][C:50](=[O:51])[CH2:52][CH2:53][CH2:54][CH2:55][CH2:56][CH2:57][CH2:58][CH2:59][CH2:60][CH2:61][CH2:62][CH2:63][CH2:64][CH3:65]", "reacting_atoms": [6, 5], "template_id": "b8752864a144b4d488d51a312d4ebfdc", "template_set": ["bkms", "bkms", "bkms"], "num_examples": 64, "necessary_reagent": "", "template_score": 0.7687070369720459, "rms_molwt": -912.8145911759999, "num_rings": 0, "plausibility": 1, "tforms": ["71d96988ab3623c8d39bf0ee6519c85b", "4b5c01ce1dd3e508649493e134ba9f1c", "b8752864a144b4d488d51a312d4ebfdc"], "rank": 4, "score": -1366.0516383655772}, {"smiles": "CCCC/C=C\\C/C=C\\CCCCCCCCCC(=O)OC[C@H](O)COC(=O)CCCCCCCCCCC/C=C\\C/C=C\\CCCCC.CCCCCCCCCCCCCCC(=O)SCCNC(=O)CCNC(=O)[C@H](O)C(C)(C)COP(=O)(O)OP(=O)(O)OC[C@H]1O[C@@H](n2cnc3c(N)ncnc32)[C@H](O)[C@@H]1OP(=O)(O)O", "smiles_split": ["CCCC/C=C\\C/C=C\\CCCCCCCCCC(=O)OC[C@H](O)COC(=O)CCCCCCCCCCC/C=C\\C/C=C\\CCCCC", "CCCCCCCCCCCCCCC(=O)SCCNC(=O)CCNC(=O)[C@H](O)C(C)(C)COP(=O)(O)OP(=O)(O)OC[C@H]1O[C@@H](n2cnc3c(N)ncnc32)[C@H](O)[C@@H]1OP(=O)(O)O"], "mapped_smiles": "[C:50](=[O:51])([CH2:52][CH2:53][CH2:54][CH2:55][CH2:56][CH2:57][CH2:58][CH2:59][CH2:60][CH2:61][CH2:62][CH2:63][CH2:64][CH3:65])[S:947][CH2:946][CH2:945][NH:944][C:942]([CH2:941][CH2:940][NH:939][C:937]([C@@H:935]([C:901]([CH3:900])([CH3:902])[CH2:903][O:904][P:905]([OH:906])(=[O:907])[O:908][P:909]([OH:910])(=[O:911])[O:912][CH2:913][C@H:914]1[O:915][C@@H:916]([n:917]2[cH:918][n:919][c:920]3[c:921]([NH2:922])[n:923][cH:924][n:925][c:926]23)[C@H:927]([OH:928])[C@@H:929]1[O:930][P:931]([OH:932])([OH:933])=[O:934])[OH:936])=[O:938])=[O:943].[CH3:1][CH2:2][CH2:3][CH2:4]/[CH:5]=[CH:6]\\[CH2:7]/[CH:8]=[CH:9]\\[CH2:10][CH2:11][CH2:12][CH2:13][CH2:14][CH2:15][CH2:16][CH2:17][CH2:18][C:19](=[O:20])[O:21][CH2:22][C@@H:23]([CH2:24][O:25][C:26](=[O:27])[CH2:28][CH2:29][CH2:30][CH2:31][CH2:32][CH2:33][CH2:34][CH2:35][CH2:36][CH2:37][CH2:38]/[CH:39]=[CH:40]\\[CH2:41]/[CH:42]=[CH:43]\\[CH2:44][CH2:45][CH2:46][CH2:47][CH3:48])[OH:49]", "reacting_atoms": [50, 49], "template_id": "4f507fe3c79f4d542f14417d7122ff5c", "template_set": ["bkms"], "num_examples": 31, "necessary_reagent": "", "template_score": 0.027165673673152924, "rms_molwt": -852.6817962639457, "num_rings": -3, "plausibility": 1, "tforms": ["4f507fe3c79f4d542f14417d7122ff5c"], "rank": 5, "score": -65272.82780547731}, {"smiles": "CCCC/C=C\\C/C=C\\CCCCCCCCCC(=O)SCCNC(=O)CCNC(=O)[C@H](O)C(C)(C)COP(=O)(O)OP(=O)(O)OC[C@H]1O[C@@H](n2cnc3c(N)ncnc32)[C@H](O)[C@@H]1OP(=O)(O)O.CCCCC/C=C\\C/C=C\\CCCCCCCCCCCC(=O)OC[C@H](CO)OC(=O)CCCCCCCCCCCCCC", "smiles_split": ["CCCC/C=C\\C/C=C\\CCCCCCCCCC(=O)SCCNC(=O)CCNC(=O)[C@H](O)C(C)(C)COP(=O)(O)OP(=O)(O)OC[C@H]1O[C@@H](n2cnc3c(N)ncnc32)[C@H](O)[C@@H]1OP(=O)(O)O", "CCCCC/C=C\\C/C=C\\CCCCCCCCCCCC(=O)OC[C@H](CO)OC(=O)CCCCCCCCCCCCCC"], "mapped_smiles": "[CH3:1][CH2:2][CH2:3][CH2:4]/[CH:5]=[CH:6]\\[CH2:7]/[CH:8]=[CH:9]\\[CH2:10][CH2:11][CH2:12][CH2:13][CH2:14][CH2:15][CH2:16][CH2:17][CH2:18][C:19](=[O:20])[S:947][CH2:946][CH2:945][NH:944][C:942]([CH2:941][CH2:940][NH:939][C:937]([C@@H:935]([C:901]([CH3:900])([CH3:902])[CH2:903][O:904][P:905]([OH:906])(=[O:907])[O:908][P:909]([OH:910])(=[O:911])[O:912][CH2:913][C@H:914]1[O:915][C@@H:916]([n:917]2[cH:918][n:919][c:920]3[c:921]([NH2:922])[n:923][cH:924][n:925][c:926]23)[C@H:927]([OH:928])[C@@H:929]1[O:930][P:931]([OH:932])([OH:933])=[O:934])[OH:936])=[O:938])=[O:943].[OH:21][CH2:22][C@@H:23]([CH2:24][O:25][C:26](=[O:27])[CH2:28][CH2:29][CH2:30][CH2:31][CH2:32][CH2:33][CH2:34][CH2:35][CH2:36][CH2:37][CH2:38]/[CH:39]=[CH:40]\\[CH2:41]/[CH:42]=[CH:43]\\[CH2:44][CH2:45][CH2:46][CH2:47][CH3:48])[O:49][C:50](=[O:51])[CH2:52][CH2:53][CH2:54][CH2:55][CH2:56][CH2:57][CH2:58][CH2:59][CH2:60][CH2:61][CH2:62][CH2:63][CH2:64][CH3:65]", "reacting_atoms": [19, 21], "template_id": "4f507fe3c79f4d542f14417d7122ff5c", "template_set": ["bkms"], "num_examples": 31, "necessary_reagent": "", "template_score": 0.027165673673152924, "rms_molwt": -863.4985488988068, "num_rings": -3, "plausibility": 1, "tforms": ["4f507fe3c79f4d542f14417d7122ff5c"], "rank": 6, "score": -65833.20721208084}, {"smiles": "CCCC/C=C\\C/C=C\\CCCCCCCCCC(=O)OC[C@@H](CO)OC(=O)CCCCCCCCCCCCCC.CCCCC/C=C\\C/C=C\\CCCCCCCCCCCC(=O)SCCNC(=O)CCNC(=O)[C@H](O)C(C)(C)COP(=O)(O)OP(=O)(O)OC[C@H]1O[C@@H](n2cnc3c(N)ncnc32)[C@H](O)[C@@H]1OP(=O)(O)O", "smiles_split": ["CCCC/C=C\\C/C=C\\CCCCCCCCCC(=O)OC[C@@H](CO)OC(=O)CCCCCCCCCCCCCC", "CCCCC/C=C\\C/C=C\\CCCCCCCCCCCC(=O)SCCNC(=O)CCNC(=O)[C@H](O)C(C)(C)COP(=O)(O)OP(=O)(O)OC[C@H]1O[C@@H](n2cnc3c(N)ncnc32)[C@H](O)[C@@H]1OP(=O)(O)O"], "mapped_smiles": "[C:26](=[O:27])([CH2:28][CH2:29][CH2:30][CH2:31][CH2:32][CH2:33][CH2:34][CH2:35][CH2:36][CH2:37][CH2:38]/[CH:39]=[CH:40]\\[CH2:41]/[CH:42]=[CH:43]\\[CH2:44][CH2:45][CH2:46][CH2:47][CH3:48])[S:947][CH2:946][CH2:945][NH:944][C:942]([CH2:941][CH2:940][NH:939][C:937]([C@@H:935]([C:901]([CH3:900])([CH3:902])[CH2:903][O:904][P:905]([OH:906])(=[O:907])[O:908][P:909]([OH:910])(=[O:911])[O:912][CH2:913][C@H:914]1[O:915][C@@H:916]([n:917]2[cH:918][n:919][c:920]3[c:921]([NH2:922])[n:923][cH:924][n:925][c:926]23)[C@H:927]([OH:928])[C@@H:929]1[O:930][P:931]([OH:932])([OH:933])=[O:934])[OH:936])=[O:938])=[O:943].[CH3:1][CH2:2][CH2:3][CH2:4]/[CH:5]=[CH:6]\\[CH2:7]/[CH:8]=[CH:9]\\[CH2:10][CH2:11][CH2:12][CH2:13][CH2:14][CH2:15][CH2:16][CH2:17][CH2:18][C:19](=[O:20])[O:21][CH2:22][C@@H:23]([CH2:24][OH:25])[O:49][C:50](=[O:51])[CH2:52][CH2:53][CH2:54][CH2:55][CH2:56][CH2:57][CH2:58][CH2:59][CH2:60][CH2:61][CH2:62][CH2:63][CH2:64][CH3:65]", "reacting_atoms": [26, 25], "template_id": "4f507fe3c79f4d542f14417d7122ff5c", "template_set": ["bkms"], "num_examples": 31, "necessary_reagent": "", "template_score": 0.027165673673152924, "rms_molwt": -874.4065263348596, "num_rings": -3, "plausibility": 1, "tforms": ["4f507fe3c79f4d542f14417d7122ff5c"], "rank": 7, "score": -66410.12654612427}, {"smiles": "CCCC/C=C\\C/C=C\\CCCCCCCCCC(=O)OC[C@@H](COC(=O)CCCCCCCCCCC/C=C\\CC1C(=O)OC1CCCCC)OC(=O)CCCCCCCCCCCCCC", "smiles_split": ["CCCC/C=C\\C/C=C\\CCCCCCCCCC(=O)OC[C@@H](COC(=O)CCCCCCCCCCC/C=C\\CC1C(=O)OC1CCCCC)OC(=O)CCCCCCCCCCCCCC"], "mapped_smiles": "[CH3:1][CH2:2][CH2:3][CH2:4]/[CH:5]=[CH:6]\\[CH2:7]/[CH:8]=[CH:9]\\[CH2:10][CH2:11][CH2:12][CH2:13][CH2:14][CH2:15][CH2:16][CH2:17][CH2:18][C:19](=[O:20])[O:21][CH2:22][C@@H:23]([CH2:24][O:25][C:26](=[O:27])[CH2:28][CH2:29][CH2:30][CH2:31][CH2:32][CH2:33][CH2:34][CH2:35][CH2:36][CH2:37][CH2:38]/[CH:39]=[CH:40]\\[CH2:41][CH:42]1[CH:43]([CH2:44][CH2:45][CH2:46][CH2:47][CH3:48])[O:902][C:901]1=[O:900])[O:49][C:50](=[O:51])[CH2:52][CH2:53][CH2:54][CH2:55][CH2:56][CH2:57][CH2:58][CH2:59][CH2:60][CH2:61][CH2:62][CH2:63][CH2:64][CH3:65]", "reacting_atoms": [43, 42], "template_id": "95b167a4e5e2cf14a7f1b2c6fb174cb0", "template_set": ["bkms"], "num_examples": 4, "necessary_reagent": "", "template_score": 0.009458639658987522, "rms_molwt": -954.788770352, "num_rings": -1, "plausibility": 1, "tforms": ["95b167a4e5e2cf14a7f1b2c6fb174cb0"], "rank": 8, "score": -119624.467255487}, {"smiles": "CCCC/C=C\\C/C=C\\CCCCCCCCCC(=O)OC[C@@H](COC(=O)CCCCCCCCCCCC1OC(=O)C1C/C=C\\CCCCC)OC(=O)CCCCCCCCCCCCCC", "smiles_split": ["CCCC/C=C\\C/C=C\\CCCCCCCCCC(=O)OC[C@@H](COC(=O)CCCCCCCCCCCC1OC(=O)C1C/C=C\\CCCCC)OC(=O)CCCCCCCCCCCCCC"], "mapped_smiles": "[CH3:1][CH2:2][CH2:3][CH2:4]/[CH:5]=[CH:6]\\[CH2:7]/[CH:8]=[CH:9]\\[CH2:10][CH2:11][CH2:12][CH2:13][CH2:14][CH2:15][CH2:16][CH2:17][CH2:18][C:19](=[O:20])[O:21][CH2:22][C@@H:23]([CH2:24][O:25][C:26](=[O:27])[CH2:28][CH2:29][CH2:30][CH2:31][CH2:32][CH2:33][CH2:34][CH2:35][CH2:36][CH2:37][CH2:38][CH:39]1[CH:40]([CH2:41]/[CH:42]=[CH:43]\\[CH2:44][CH2:45][CH2:46][CH2:47][CH3:48])[C:901](=[O:900])[O:902]1)[O:49][C:50](=[O:51])[CH2:52][CH2:53][CH2:54][CH2:55][CH2:56][CH2:57][CH2:58][CH2:59][CH2:60][CH2:61][CH2:62][CH2:63][CH2:64][CH3:65]", "reacting_atoms": [39, 40], "template_id": "95b167a4e5e2cf14a7f1b2c6fb174cb0", "template_set": ["bkms"], "num_examples": 4, "necessary_reagent": "", "template_score": 0.009458639658987522, "rms_molwt": -954.788770352, "num_rings": -1, "plausibility": 1, "tforms": ["95b167a4e5e2cf14a7f1b2c6fb174cb0"], "rank": 9, "score": -119624.467255487}, {"smiles": "CCCCC/C=C\\C/C=C\\CCCCCCCCCCCC(=O)OC[C@H](COC(=O)CCCCCCCCC/C=C\\CC1C(=O)OC1CCCC)OC(=O)CCCCCCCCCCCCCC", "smiles_split": ["CCCCC/C=C\\C/C=C\\CCCCCCCCCCCC(=O)OC[C@H](COC(=O)CCCCCCCCC/C=C\\CC1C(=O)OC1CCCC)OC(=O)CCCCCCCCCCCCCC"], "mapped_smiles": "[CH3:1][CH2:2][CH2:3][CH2:4][CH:5]1[CH:6]([CH2:7]/[CH:8]=[CH:9]\\[CH2:10][CH2:11][CH2:12][CH2:13][CH2:14][CH2:15][CH2:16][CH2:17][CH2:18][C:19](=[O:20])[O:21][CH2:22][C@@H:23]([CH2:24][O:25][C:26](=[O:27])[CH2:28][CH2:29][CH2:30][CH2:31][CH2:32][CH2:33][CH2:34][CH2:35][CH2:36][CH2:37][CH2:38]/[CH:39]=[CH:40]\\[CH2:41]/[CH:42]=[CH:43]\\[CH2:44][CH2:45][CH2:46][CH2:47][CH3:48])[O:49][C:50](=[O:51])[CH2:52][CH2:53][CH2:54][CH2:55][CH2:56][CH2:57][CH2:58][CH2:59][CH2:60][CH2:61][CH2:62][CH2:63][CH2:64][CH3:65])[C:901](=[O:900])[O:902]1", "reacting_atoms": [5, 6], "template_id": "95b167a4e5e2cf14a7f1b2c6fb174cb0", "template_set": ["bkms"], "num_examples": 4, "necessary_reagent": "", "template_score": 0.009458639658987522, "rms_molwt": -954.788770352, "num_rings": -1, "plausibility": 1, "tforms": ["95b167a4e5e2cf14a7f1b2c6fb174cb0"], "rank": 10, "score": -119624.467255487}, {"smiles": "CCCC/C=C\\CC1C(=O)OC1CCCCCCCCCC(=O)OC[C@@H](COC(=O)CCCCCCCCCCC/C=C\\C/C=C\\CCCCC)OC(=O)CCCCCCCCCCCCCC", "smiles_split": ["CCCC/C=C\\CC1C(=O)OC1CCCCCCCCCC(=O)OC[C@@H](COC(=O)CCCCCCCCCCC/C=C\\C/C=C\\CCCCC)OC(=O)CCCCCCCCCCCCCC"], "mapped_smiles": "[CH3:1][CH2:2][CH2:3][CH2:4]/[CH:5]=[CH:6]\\[CH2:7][CH:8]1[CH:9]([CH2:10][CH2:11][CH2:12][CH2:13][CH2:14][CH2:15][CH2:16][CH2:17][CH2:18][C:19](=[O:20])[O:21][CH2:22][C@@H:23]([CH2:24][O:25][C:26](=[O:27])[CH2:28][CH2:29][CH2:30][CH2:31][CH2:32][CH2:33][CH2:34][CH2:35][CH2:36][CH2:37][CH2:38]/[CH:39]=[CH:40]\\[CH2:41]/[CH:42]=[CH:43]\\[CH2:44][CH2:45][CH2:46][CH2:47][CH3:48])[O:49][C:50](=[O:51])[CH2:52][CH2:53][CH2:54][CH2:55][CH2:56][CH2:57][CH2:58][CH2:59][CH2:60][CH2:61][CH2:62][CH2:63][CH2:64][CH3:65])[O:902][C:901]1=[O:900]", "reacting_atoms": [9, 8], "template_id": "95b167a4e5e2cf14a7f1b2c6fb174cb0", "template_set": ["bkms"], "num_examples": 4, "necessary_reagent": "", "template_score": 0.009458639658987522, "rms_molwt": -954.788770352, "num_rings": -1, "plausibility": 1, "tforms": ["95b167a4e5e2cf14a7f1b2c6fb174cb0"], "rank": 11, "score": -119624.467255487}, {"smiles": "CCCC/C=C\\CC1OC(=O)C1CCCCCCCCCC(=O)OC[C@@H](COC(=O)CCCCCCCCCCC/C=C\\C/C=C\\CCCCC)OC(=O)CCCCCCCCCCCCCC", "smiles_split": ["CCCC/C=C\\CC1OC(=O)C1CCCCCCCCCC(=O)OC[C@@H](COC(=O)CCCCCCCCCCC/C=C\\C/C=C\\CCCCC)OC(=O)CCCCCCCCCCCCCC"], "mapped_smiles": "[CH3:1][CH2:2][CH2:3][CH2:4]/[CH:5]=[CH:6]\\[CH2:7][CH:8]1[CH:9]([CH2:10][CH2:11][CH2:12][CH2:13][CH2:14][CH2:15][CH2:16][CH2:17][CH2:18][C:19](=[O:20])[O:21][CH2:22][C@@H:23]([CH2:24][O:25][C:26](=[O:27])[CH2:28][CH2:29][CH2:30][CH2:31][CH2:32][CH2:33][CH2:34][CH2:35][CH2:36][CH2:37][CH2:38]/[CH:39]=[CH:40]\\[CH2:41]/[CH:42]=[CH:43]\\[CH2:44][CH2:45][CH2:46][CH2:47][CH3:48])[O:49][C:50](=[O:51])[CH2:52][CH2:53][CH2:54][CH2:55][CH2:56][CH2:57][CH2:58][CH2:59][CH2:60][CH2:61][CH2:62][CH2:63][CH2:64][CH3:65])[C:901](=[O:900])[O:902]1", "reacting_atoms": [8, 9], "template_id": "95b167a4e5e2cf14a7f1b2c6fb174cb0", "template_set": ["bkms"], "num_examples": 4, "necessary_reagent": "", "template_score": 0.009458639658987522, "rms_molwt": -954.788770352, "num_rings": -1, "plausibility": 1, "tforms": ["95b167a4e5e2cf14a7f1b2c6fb174cb0"], "rank": 12, "score": -119624.467255487}, {"smiles": "CCCC/C=C\\C/C=C\\CCCCCCCCCC(=O)OC[C@@H](COC(=O)CCCCCCCCCCCC1C(=O)OC1C/C=C\\CCCCC)OC(=O)CCCCCCCCCCCCCC", "smiles_split": ["CCCC/C=C\\C/C=C\\CCCCCCCCCC(=O)OC[C@@H](COC(=O)CCCCCCCCCCCC1C(=O)OC1C/C=C\\CCCCC)OC(=O)CCCCCCCCCCCCCC"], "mapped_smiles": "[CH3:1][CH2:2][CH2:3][CH2:4]/[CH:5]=[CH:6]\\[CH2:7]/[CH:8]=[CH:9]\\[CH2:10][CH2:11][CH2:12][CH2:13][CH2:14][CH2:15][CH2:16][CH2:17][CH2:18][C:19](=[O:20])[O:21][CH2:22][C@@H:23]([CH2:24][O:25][C:26](=[O:27])[CH2:28][CH2:29][CH2:30][CH2:31][CH2:32][CH2:33][CH2:34][CH2:35][CH2:36][CH2:37][CH2:38][CH:39]1[CH:40]([CH2:41]/[CH:42]=[CH:43]\\[CH2:44][CH2:45][CH2:46][CH2:47][CH3:48])[O:902][C:901]1=[O:900])[O:49][C:50](=[O:51])[CH2:52][CH2:53][CH2:54][CH2:55][CH2:56][CH2:57][CH2:58][CH2:59][CH2:60][CH2:61][CH2:62][CH2:63][CH2:64][CH3:65]", "reacting_atoms": [40, 39], "template_id": "95b167a4e5e2cf14a7f1b2c6fb174cb0", "template_set": ["bkms"], "num_examples": 4, "necessary_reagent": "", "template_score": 0.009458639658987522, "rms_molwt": -954.788770352, "num_rings": -1, "plausibility": 1, "tforms": ["95b167a4e5e2cf14a7f1b2c6fb174cb0"], "rank": 13, "score": -119624.467255487}, {"smiles": "CCCC/C=C\\C/C=C\\CCCCCCCCCC(=O)OC[C@@H](COC(=O)CCCCCCCCCCC/C=C\\CC1OC(=O)C1CCCCC)OC(=O)CCCCCCCCCCCCCC", "smiles_split": ["CCCC/C=C\\C/C=C\\CCCCCCCCCC(=O)OC[C@@H](COC(=O)CCCCCCCCCCC/C=C\\CC1OC(=O)C1CCCCC)OC(=O)CCCCCCCCCCCCCC"], "mapped_smiles": "[CH3:1][CH2:2][CH2:3][CH2:4]/[CH:5]=[CH:6]\\[CH2:7]/[CH:8]=[CH:9]\\[CH2:10][CH2:11][CH2:12][CH2:13][CH2:14][CH2:15][CH2:16][CH2:17][CH2:18][C:19](=[O:20])[O:21][CH2:22][C@@H:23]([CH2:24][O:25][C:26](=[O:27])[CH2:28][CH2:29][CH2:30][CH2:31][CH2:32][CH2:33][CH2:34][CH2:35][CH2:36][CH2:37][CH2:38]/[CH:39]=[CH:40]\\[CH2:41][CH:42]1[CH:43]([CH2:44][CH2:45][CH2:46][CH2:47][CH3:48])[C:901](=[O:900])[O:902]1)[O:49][C:50](=[O:51])[CH2:52][CH2:53][CH2:54][CH2:55][CH2:56][CH2:57][CH2:58][CH2:59][CH2:60][CH2:61][CH2:62][CH2:63][CH2:64][CH3:65]", "reacting_atoms": [42, 43], "template_id": "95b167a4e5e2cf14a7f1b2c6fb174cb0", "template_set": ["bkms"], "num_examples": 4, "necessary_reagent": "", "template_score": 0.009458639658987522, "rms_molwt": -954.788770352, "num_rings": -1, "plausibility": 1, "tforms": ["95b167a4e5e2cf14a7f1b2c6fb174cb0"], "rank": 14, "score": -119624.467255487}, {"smiles": "CCCCC/C=C\\C/C=C\\CCCCCCCCCCCC(=O)OC[C@H](COC(=O)CCCCCCCCC/C=C\\CC1OC(=O)C1CCCC)OC(=O)CCCCCCCCCCCCCC", "smiles_split": ["CCCCC/C=C\\C/C=C\\CCCCCCCCCCCC(=O)OC[C@H](COC(=O)CCCCCCCCC/C=C\\CC1OC(=O)C1CCCC)OC(=O)CCCCCCCCCCCCCC"], "mapped_smiles": "[CH3:1][CH2:2][CH2:3][CH2:4][CH:5]1[CH:6]([CH2:7]/[CH:8]=[CH:9]\\[CH2:10][CH2:11][CH2:12][CH2:13][CH2:14][CH2:15][CH2:16][CH2:17][CH2:18][C:19](=[O:20])[O:21][CH2:22][C@@H:23]([CH2:24][O:25][C:26](=[O:27])[CH2:28][CH2:29][CH2:30][CH2:31][CH2:32][CH2:33][CH2:34][CH2:35][CH2:36][CH2:37][CH2:38]/[CH:39]=[CH:40]\\[CH2:41]/[CH:42]=[CH:43]\\[CH2:44][CH2:45][CH2:46][CH2:47][CH3:48])[O:49][C:50](=[O:51])[CH2:52][CH2:53][CH2:54][CH2:55][CH2:56][CH2:57][CH2:58][CH2:59][CH2:60][CH2:61][CH2:62][CH2:63][CH2:64][CH3:65])[O:902][C:901]1=[O:900]", "reacting_atoms": [6, 5], "template_id": "95b167a4e5e2cf14a7f1b2c6fb174cb0", "template_set": ["bkms"], "num_examples": 4, "necessary_reagent": "", "template_score": 0.009458639658987522, "rms_molwt": -954.788770352, "num_rings": -1, "plausibility": 1, "tforms": ["95b167a4e5e2cf14a7f1b2c6fb174cb0"], "rank": 15, "score": -119624.467255487}]}