{"smiles": "CC(=O)/C=C/[C@H]1[C@](C)(O)[C@@H](O)[C@@H](O)[C@H]2C(C)(C)CCC[C@@]21C", "sfscore": [0.44017523527145386, 0.6032189130783081], "chem_result": [{"smiles": "CC(=O)/C=C/[C@H]1[C@](C)(O)[C@@H](O)[C@@H](O)[C@H]2C(C)(C)CCC[C@@]21C", "bw_confidence": 0.027629816082146093, "confidence": 0.2339507941015972, "rclass": "6 6.3 6.3.6", "children": [{"smiles": "CC(=O)/C=C/[C@H]1[C@](C)(O)[C@@H](OC(C)=O)[C@@H](OC(C)=O)[C@H]2C(C)(C)CCC[C@@]21C"}, {"smiles": "CO"}, {"smiles": "O=C([O-])[O-]~[K+]~[K+]"}]}, {"smiles": "CC(=O)/C=C/[C@H]1[C@](C)(O)[C@@H](O)[C@@H](O)[C@H]2C(C)(C)CCC[C@@]21C", "bw_confidence": 0.023045238655437988, "confidence": 0.16651537569070463, "rclass": "7 7.5 7.5.1", "children": [{"smiles": "CC(=O)/C=C/[C@H]1[C@](C)(O)C(=O)[C@@H](O)[C@H]2C(C)(C)CCC[C@@]21C"}, {"smiles": "CO"}, {"smiles": "[BH4-]~[Na+]"}]}, {"smiles": "CC(=O)/C=C/[C@H]1[C@](C)(O)[C@@H](O)[C@@H](O)[C@H]2C(C)(C)CCC[C@@]21C", "bw_confidence": 0.012436064762168655, "confidence": 0.31846653633611116, "rclass": "8 8.1 8.1.10", "children": [{"smiles": "CC(O)/C=C/[C@H]1[C@](C)(O)[C@@H](O)[C@@H](O)[C@H]2C(C)(C)CCC[C@@]21C"}, {"smiles": "ClCCl"}, {"smiles": "O=[Cr](=O)([O-])Cl~c1cc[nH+]cc1"}]}, {"smiles": "CC(=O)/C=C/[C@H]1[C@](C)(O)[C@@H](O)[C@@H](O)[C@H]2C(C)(C)CCC[C@@]21C", "bw_confidence": 0.011308057851256605, "confidence": 0.10345980573856445, "rclass": "3 3.11 3.11.2", "children": [{"smiles": "CC(C)=O"}, {"smiles": "CC1(C)CCC[C@@]2(C)[C@H]1[C@H](O)[C@H](O)[C@@](C)(O)[C@@H]2C=O"}]}, {"smiles": "CC(=O)/C=C/[C@H]1[C@](C)(O)[C@@H](O)[C@@H](O)[C@H]2C(C)(C)CCC[C@@]21C", "bw_confidence": 0.009327480136957928, "confidence": 0.051789618388330946, "rclass": "10 10.4 10.4.11", "children": [{"smiles": "CC(=O)/C=C/[C@H]1C(C)=C[C@@H](O)[C@@H](O)[C@H]2C(C)(C)CCC[C@@]21C"}, {"smiles": "CC(C)=O"}, {"smiles": "C[N+]1([O-])CCOCC1"}, {"smiles": "O"}, {"smiles": "O=[Os](=O)(=O)=O"}]}, {"smiles": "CC(=O)/C=C/[C@H]1[C@](C)(O)[C@@H](O)[C@@H](O)[C@H]2C(C)(C)CCC[C@@]21C", "bw_confidence": 0.004575055453472176, "confidence": 0.023060254281659972, "rclass": "9 9.7 9.7.326", "children": [{"smiles": "CC(=O)/C=C/[C@H]1[C@](C)(O)[C@@H](O[C@@H]2O[C@H](CO)[C@@H](O)[C@H](O)[C@H]2O)[C@@H](O)[C@H]2C(C)(C)CCC[C@@]21C"}, {"smiles": "Cl"}]}, {"smiles": "CC(=O)/C=C/[C@H]1[C@](C)(O)[C@@H](O)[C@@H](O)[C@H]2C(C)(C)CCC[C@@]21C", "bw_confidence": 0.0035667931247381594, "confidence": 0.021313026244312746, "rclass": "0 0 0", "children": [{"smiles": "CC(=O)/C=C/[C@H]1[C@](C)(O)[C@@H](O)[C@@H](O)[C@H]2C(C)=CCC[C@@]21C"}, {"smiles": "CC(C)=O"}]}, {"smiles": "CC(=O)/C=C/[C@H]1[C@](C)(O)[C@@H](O)[C@@H](O)[C@H]2C(C)(C)CCC[C@@]21C", "bw_confidence": 0.002104991095115207, "confidence": 0.04680841718481512, "rclass": "10 10.4 10.4.3", "children": [{"smiles": "CC(=O)/C=C/[C@H]1[C@](C)(O)[C@@H](O)[C@@H](O)[C@H]2C(C)=CCC[C@@]21C"}, {"smiles": "ClCCl"}, {"smiles": "O=C(OO)c1cccc(Cl)c1"}]}, {"smiles": "CC(=O)/C=C/[C@H]1[C@](C)(O)[C@@H](O)[C@@H](O)[C@H]2C(C)(C)CCC[C@@]21C", "bw_confidence": 0.0017492561740795412, "confidence": 0.18552974983205406, "rclass": "6 6.3 6.3.6", "children": [{"smiles": "CC(=O)/C=C/[C@@H]1[C@@]2(C)CCCC(C)(C)[C@@H]2[C@H](OC(C)=O)[C@H](OC(C)=O)[C@@]1(C)OC(C)=O"}, {"smiles": "CO"}, {"smiles": "C[O-]~[Na+]"}]}, {"smiles": "CC(=O)/C=C/[C@H]1[C@](C)(O)[C@@H](O)[C@@H](O)[C@H]2C(C)(C)CCC[C@@]21C", "bw_confidence": 0.0014225333161783863, "confidence": 0.005052761572086643, "rclass": "11 11.7 11.7", "children": [{"smiles": "CC(=O)/C=C/[C@H]1[C@](C)(O)[C@@H](O)[C@@H](O)[C@H]2C(C)(C)CCC[C@@]21C"}, {"smiles": "CC(=O)/C=C/[C@H]1[C@](C)(O)[C@@H](O)[C@@H](O)[C@H]2C(C)(C)CCC[C@@]21C"}]}, {"smiles": "CC(=O)/C=C/[C@H]1[C@](C)(O)[C@@H](O)[C@@H](O)[C@H]2C(C)(C)CCC[C@@]21C", "bw_confidence": 3.1474225320159006e-05, "confidence": 0.005361695153908436, "rclass": "11 11.7 11.7", "children": [{"smiles": "CC(=O)/C=C/[C@H]1[C@](C)(O)[C@@H](O)[C@@H](O)[C@H]2C(C)(C)CCC[C@@]21C"}, {"smiles": "CC(=O)/C=C/[C@H]1[C@](C)(O)[C@@H](O)[C@@H](O)[C@H]2C(C)(C)[C@@H](O)[C@H](O)[C@@]21C"}]}], "chem_bw_confidence_list": [0.027629816082146093, 0.023045238655437988, 0.012436064762168655, 0.011308057851256605, 0.009327480136957928, 0.004575055453472176, 0.0035667931247381594, 0.002104991095115207, 0.0017492561740795412, 0.0014225333161783863, 3.1474225320159006e-05], "enzy_template_score_list": [0.06797704100608826, 0.0705336332321167, 0.0705336332321167, 0.0705336332321167, 0.0705336332321167, 0.055996861308813095, 0.0466189868748188, 0.05141182988882065, 0.018755527213215828, 0.018755527213215828, 0.026010602712631226, 0.026010602712631226, 0.026010602712631226, 0.026010602712631226, 0.016206080093979836], "enzy_result": [{"smiles": "CC(=O)CC[C@H]1[C@](C)(O)[C@@H](O)[C@@H](O)[C@H]2C(C)(C)CCC[C@@]21C", "smiles_split": ["CC(=O)CC[C@H]1[C@](C)(O)[C@@H](O)[C@@H](O)[C@H]2C(C)(C)CCC[C@@]21C"], "mapped_smiles": "[CH3:1][C:2](=[O:3])[CH2:4][CH2:5][C@H:6]1[C@:7]([CH3:8])([OH:9])[C@@H:10]([OH:11])[C@@H:12]([OH:13])[C@H:14]2[C:15]([CH3:16])([CH3:17])[CH2:18][CH2:19][CH2:20][C@:21]12[CH3:22]", "reacting_atoms": [5, 4], "template_id": "4923dc3115da113edf8b50711e57d8dc", "template_set": ["bkms", "bkms"], "num_examples": 64, "necessary_reagent": "", "template_score": 0.06797704100608826, "rms_molwt": -312.230059504, "num_rings": -2, "plausibility": 1, "tforms": ["4923dc3115da113edf8b50711e57d8dc", "3aa723e94015ff28bf98f446c2f42c69"], "rank": 1, "score": -4631.875137047231}, {"smiles": "CC(=O)/C=C/[C@@H]1[C@@]2(C)CCCC(C)(C)[C@@H]2[C@H](O)[C@H](O)[C@]1(O)CO", "smiles_split": ["CC(=O)/C=C/[C@@H]1[C@@]2(C)CCCC(C)(C)[C@@H]2[C@H](O)[C@H](O)[C@]1(O)CO"], "mapped_smiles": "[CH3:1][C:2](=[O:3])/[CH:4]=[CH:5]/[C@H:6]1[C@:7]([CH2:8][OH:900])([OH:9])[C@@H:10]([OH:11])[C@@H:12]([OH:13])[C@H:14]2[C:15]([CH3:16])([CH3:17])[CH2:18][CH2:19][CH2:20][C@:21]12[CH3:22]", "reacting_atoms": [8, 7], "template_id": "c4db9adeb4ad4c2bdb38e6a73be29f53", "template_set": ["bkms"], "num_examples": 14, "necessary_reagent": "", "template_score": 0.0705336332321167, "rms_molwt": -326.20932406, "num_rings": -2, "plausibility": 1, "tforms": ["c4db9adeb4ad4c2bdb38e6a73be29f53"], "rank": 2, "score": -4665.73332020626}, {"smiles": "CC(=O)/C=C/[C@H]1[C@](C)(O)[C@@H](O)[C@@H](O)[C@H]2C(C)(C)CCC[C@@]21CO", "smiles_split": ["CC(=O)/C=C/[C@H]1[C@](C)(O)[C@@H](O)[C@@H](O)[C@H]2C(C)(C)CCC[C@@]21CO"], "mapped_smiles": "[CH3:1][C:2](=[O:3])/[CH:4]=[CH:5]/[C@H:6]1[C@:7]([CH3:8])([OH:9])[C@@H:10]([OH:11])[C@@H:12]([OH:13])[C@H:14]2[C:15]([CH3:16])([CH3:17])[CH2:18][CH2:19][CH2:20][C@:21]12[CH2:22][OH:900]", "reacting_atoms": [22, 21], "template_id": "c4db9adeb4ad4c2bdb38e6a73be29f53", "template_set": ["bkms"], "num_examples": 14, "necessary_reagent": "", "template_score": 0.0705336332321167, "rms_molwt": -326.20932406, "num_rings": -2, "plausibility": 1, "tforms": ["c4db9adeb4ad4c2bdb38e6a73be29f53"], "rank": 3, "score": -4665.73332020626}, {"smiles": "CC(=O)/C=C/[C@H]1[C@](C)(O)[C@@H](O)[C@@H](O)[C@H]2C(C)(CO)CCC[C@@]21C", "smiles_split": ["CC(=O)/C=C/[C@H]1[C@](C)(O)[C@@H](O)[C@@H](O)[C@H]2C(C)(CO)CCC[C@@]21C"], "mapped_smiles": "[CH3:1][C:2](=[O:3])/[CH:4]=[CH:5]/[C@H:6]1[C@:7]([CH3:8])([OH:9])[C@@H:10]([OH:11])[C@@H:12]([OH:13])[C@H:14]2[C:15]([CH3:16])([CH2:17][OH:900])[CH2:18][CH2:19][CH2:20][C@:21]12[CH3:22]", "reacting_atoms": [17], "template_id": "c4db9adeb4ad4c2bdb38e6a73be29f53", "template_set": ["bkms"], "num_examples": 14, "necessary_reagent": "", "template_score": 0.0705336332321167, "rms_molwt": -326.20932406000003, "num_rings": -2, "plausibility": 1, "tforms": ["c4db9adeb4ad4c2bdb38e6a73be29f53"], "rank": 4, "score": -4665.73332020626}, {"smiles": "CC1(C)CCC[C@@]2(C)[C@H]1[C@H](O)[C@H](O)[C@@](C)(O)[C@@H]2/C=C/C(=O)CO", "smiles_split": ["CC1(C)CCC[C@@]2(C)[C@H]1[C@H](O)[C@H](O)[C@@](C)(O)[C@@H]2/C=C/C(=O)CO"], "mapped_smiles": "[CH2:1]([C:2](=[O:3])/[CH:4]=[CH:5]/[C@H:6]1[C@:7]([CH3:8])([OH:9])[C@@H:10]([OH:11])[C@@H:12]([OH:13])[C@H:14]2[C:15]([CH3:16])([CH3:17])[CH2:18][CH2:19][CH2:20][C@:21]12[CH3:22])[OH:900]", "reacting_atoms": [1], "template_id": "c4db9adeb4ad4c2bdb38e6a73be29f53", "template_set": ["bkms", "bkms"], "num_examples": 17, "necessary_reagent": "", "template_score": 0.0705336332321167, "rms_molwt": -326.20932406, "num_rings": -2, "plausibility": 1, "tforms": ["3419c59d28f00214d64c4f4aede94cb9", "c4db9adeb4ad4c2bdb38e6a73be29f53"], "rank": 5, "score": -4665.73332020626}, {"smiles": "C[C@H](O)/C=C/[C@H]1[C@](C)(O)[C@@H](O)[C@@H](O)[C@H]2C(C)(C)CCC[C@@]21C", "smiles_split": ["C[C@H](O)/C=C/[C@H]1[C@](C)(O)[C@@H](O)[C@@H](O)[C@H]2C(C)(C)CCC[C@@]21C"], "mapped_smiles": "[CH3:1][C@H:2]([OH:3])/[CH:4]=[CH:5]/[C@H:6]1[C@:7]([CH3:8])([OH:9])[C@@H:10]([OH:11])[C@@H:12]([OH:13])[C@H:14]2[C:15]([CH3:16])([CH3:17])[CH2:18][CH2:19][CH2:20][C@:21]12[CH3:22]", "reacting_atoms": [2, 3], "template_id": "0d140905b6a391a8b8e4e8520384ddd3", "template_set": ["bkms", "bkms", "bkms"], "num_examples": 30, "necessary_reagent": "", "template_score": 0.055996861308813095, "rms_molwt": -312.230059504, "num_rings": -2, "plausibility": 1, "tforms": ["0ab85d85194c630b5a04aefeac9ba75a", "0d140905b6a391a8b8e4e8520384ddd3", "95b8ada383eb8f3d3a3766b627374a54"], "rank": 6, "score": -6087.147710768098}, {"smiles": "CC(O)/C=C/[C@H]1[C@](C)(O)[C@@H](O)[C@@H](O)[C@H]2C(C)(C)CCC[C@@]21C", "smiles_split": ["CC(O)/C=C/[C@H]1[C@](C)(O)[C@@H](O)[C@@H](O)[C@H]2C(C)(C)CCC[C@@]21C"], "mapped_smiles": "[CH3:1][CH:2]([OH:3])/[CH:4]=[CH:5]/[C@H:6]1[C@:7]([CH3:8])([OH:9])[C@@H:10]([OH:11])[C@@H:12]([OH:13])[C@H:14]2[C:15]([CH3:16])([CH3:17])[CH2:18][CH2:19][CH2:20][C@:21]12[CH3:22]", "reacting_atoms": [2, 3], "template_id": "afd7b9342c357726c6287c17f12096d6", "template_set": ["bkms", "bkms", "bkms", "bkms", "bkms"], "num_examples": 206, "necessary_reagent": "", "template_score": 0.0466189868748188, "rms_molwt": -312.230059504, "num_rings": -2, "plausibility": 1, "tforms": ["afd7b9342c357726c6287c17f12096d6", "fbea35b37b8a0b8c9ebea8de8eb28297", "35e47acfcf35668ae7c84053bd47bef0", "c3df4b32a4526a4773e382bf5570b10d", "0c7dcd7f9823e2af4e741ccca881c752"], "rank": 7, "score": -6753.925540501444}, {"smiles": "CC(=C/C=C/C(C)=C/C=C/C=C(C)/C=C/C=O)/C=C/[C@H]1[C@](C)(O)[C@@H](O)[C@@H](O)[C@H]2C(C)(C)CCC[C@@]21C", "smiles_split": ["CC(=C/C=C/C(C)=C/C=C/C=C(C)/C=C/C=O)/C=C/[C@H]1[C@](C)(O)[C@@H](O)[C@@H](O)[C@H]2C(C)(C)CCC[C@@]21C"], "mapped_smiles": "[CH3:1][C:2](/[CH:4]=[CH:5]/[C@H:6]1[C@:7]([CH3:8])([OH:9])[C@@H:10]([OH:11])[C@@H:12]([OH:13])[C@H:14]2[C:15]([CH3:16])([CH3:17])[CH2:18][CH2:19][CH2:20][C@:21]12[CH3:22])=[CH:914]/[CH:913]=[CH:912]/[C:910](=[CH:909]/[CH:908]=[CH:907]/[CH:906]=[C:901]([CH3:900])/[CH:902]=[CH:903]/[CH:904]=[O:905])[CH3:911]", "reacting_atoms": [2], "template_id": "65306d986fab78ffe0f8b4155045f7a9", "template_set": ["bkms", "bkms"], "num_examples": 2, "necessary_reagent": "[O]", "template_score": 0.05141182988882065, "rms_molwt": -494.33960995199993, "num_rings": -2, "plausibility": 1, "tforms": ["65306d986fab78ffe0f8b4155045f7a9", "35baeee5ea46b44855563794f7bbe42d"], "rank": 8, "score": -10532.262202393485}, {"smiles": "CC(=O)/C=C/[C@@H]1[C@@]2(C)CCCC(C)(C)[C@@H]2[C@H](O)C[C@@]1(C)O", "smiles_split": ["CC(=O)/C=C/[C@@H]1[C@@]2(C)CCCC(C)(C)[C@@H]2[C@H](O)C[C@@]1(C)O"], "mapped_smiles": "[CH3:1][C:2](=[O:3])/[CH:4]=[CH:5]/[C@H:6]1[C@:7]([CH3:8])([OH:9])[CH2:10][C@@H:12]([OH:13])[C@H:14]2[C:15]([CH3:16])([CH3:17])[CH2:18][CH2:19][CH2:20][C@:21]12[CH3:22]", "reacting_atoms": [10, 7], "template_id": "9f387abf2274fc73429ecccd1b168e7b", "template_set": ["bkms", "bkms", "bkms"], "num_examples": 112, "necessary_reagent": "[O]", "template_score": 0.018755527213215828, "rms_molwt": -294.21949481999997, "num_rings": -2, "plausibility": 1, "tforms": ["9f387abf2274fc73429ecccd1b168e7b", "a034de99c75fe18016182f108d443d26", "1e88af05e222f852e6c6826cd2d6b4d5"], "rank": 9, "score": -14926.322715406846}, {"smiles": "CC(=O)/C=C/[C@H]1[C@](C)(O)[C@@H](O)C[C@H]2C(C)(C)CCC[C@@]21C", "smiles_split": ["CC(=O)/C=C/[C@H]1[C@](C)(O)[C@@H](O)C[C@H]2C(C)(C)CCC[C@@]21C"], "mapped_smiles": "[CH3:1][C:2](=[O:3])/[CH:4]=[CH:5]/[C@H:6]1[C@:7]([CH3:8])([OH:9])[C@@H:10]([OH:11])[CH2:12][C@H:14]2[C:15]([CH3:16])([CH3:17])[CH2:18][CH2:19][CH2:20][C@:21]12[CH3:22]", "reacting_atoms": [12], "template_id": "9f387abf2274fc73429ecccd1b168e7b", "template_set": ["bkms", "bkms", "bkms"], "num_examples": 112, "necessary_reagent": "[O]", "template_score": 0.018755527213215828, "rms_molwt": -294.21949481999997, "num_rings": -2, "plausibility": 1, "tforms": ["9f387abf2274fc73429ecccd1b168e7b", "a034de99c75fe18016182f108d443d26", "1e88af05e222f852e6c6826cd2d6b4d5"], "rank": 10, "score": -14926.322715406846}, {"smiles": "CCC(=O)O[C@]1(C)[C@@H](OC(C)=O)[C@@H](O)[C@H]2C(C)(C)CCC[C@]2(C)[C@H]1/C=C/C(C)=O", "smiles_split": ["CCC(=O)O[C@]1(C)[C@@H](OC(C)=O)[C@@H](O)[C@H]2C(C)(C)CCC[C@]2(C)[C@H]1/C=C/C(C)=O"], "mapped_smiles": "[CH3:1][C:2](=[O:3])/[CH:4]=[CH:5]/[C@H:6]1[C@:7]([CH3:8])([O:9][C:902]([CH2:901][CH3:900])=[O:903])[C@@H:10]([O:11][C:904]([CH3:905])=[O:906])[C@@H:12]([OH:13])[C@H:14]2[C:15]([CH3:16])([CH3:17])[CH2:18][CH2:19][CH2:20][C@:21]12[CH3:22]", "reacting_atoms": [9, 11], "template_id": "e29d3285327953138436183ca1e3a6c8", "template_set": ["bkms"], "num_examples": 1, "necessary_reagent": "", "template_score": 0.026010602712631226, "rms_molwt": -408.251188872, "num_rings": -2, "plausibility": 1, "tforms": ["e29d3285327953138436183ca1e3a6c8"], "rank": 11, "score": -16178.880441834268}, {"smiles": "CCC(=O)O[C@H]1[C@@H](OC(C)=O)[C@H]2C(C)(C)CCC[C@]2(C)[C@@H](/C=C/C(C)=O)[C@]1(C)O", "smiles_split": ["CCC(=O)O[C@H]1[C@@H](OC(C)=O)[C@H]2C(C)(C)CCC[C@]2(C)[C@@H](/C=C/C(C)=O)[C@]1(C)O"], "mapped_smiles": "[CH3:1][C:2](=[O:3])/[CH:4]=[CH:5]/[C@H:6]1[C@:7]([CH3:8])([OH:9])[C@@H:10]([O:11][C:902]([CH2:901][CH3:900])=[O:903])[C@@H:12]([O:13][C:904]([CH3:905])=[O:906])[C@H:14]2[C:15]([CH3:16])([CH3:17])[CH2:18][CH2:19][CH2:20][C@:21]12[CH3:22]", "reacting_atoms": [11, 13], "template_id": "e29d3285327953138436183ca1e3a6c8", "template_set": ["bkms"], "num_examples": 1, "necessary_reagent": "", "template_score": 0.026010602712631226, "rms_molwt": -408.25118887199994, "num_rings": -2, "plausibility": 1, "tforms": ["e29d3285327953138436183ca1e3a6c8"], "rank": 12, "score": -16178.880441834268}, {"smiles": "CCC(=O)O[C@@H]1[C@H](OC(C)=O)[C@@](C)(O)[C@H](/C=C/C(C)=O)[C@@]2(C)CCCC(C)(C)[C@H]12", "smiles_split": ["CCC(=O)O[C@@H]1[C@H](OC(C)=O)[C@@](C)(O)[C@H](/C=C/C(C)=O)[C@@]2(C)CCCC(C)(C)[C@H]12"], "mapped_smiles": "[CH3:1][C:2](=[O:3])/[CH:4]=[CH:5]/[C@H:6]1[C@:7]([CH3:8])([OH:9])[C@@H:10]([O:11][C:904]([CH3:905])=[O:906])[C@@H:12]([O:13][C:902]([CH2:901][CH3:900])=[O:903])[C@H:14]2[C:15]([CH3:16])([CH3:17])[CH2:18][CH2:19][CH2:20][C@:21]12[CH3:22]", "reacting_atoms": [13, 12, 10, 11], "template_id": "e29d3285327953138436183ca1e3a6c8", "template_set": ["bkms"], "num_examples": 1, "necessary_reagent": "", "template_score": 0.026010602712631226, "rms_molwt": -408.251188872, "num_rings": -2, "plausibility": 1, "tforms": ["e29d3285327953138436183ca1e3a6c8"], "rank": 13, "score": -16178.880441834268}, {"smiles": "CCC(=O)O[C@H]1[C@@H](O)[C@H]2C(C)(C)CCC[C@]2(C)[C@@H](/C=C/C(C)=O)[C@]1(C)OC(C)=O", "smiles_split": ["CCC(=O)O[C@H]1[C@@H](O)[C@H]2C(C)(C)CCC[C@]2(C)[C@@H](/C=C/C(C)=O)[C@]1(C)OC(C)=O"], "mapped_smiles": "[CH3:1][C:2](=[O:3])/[CH:4]=[CH:5]/[C@H:6]1[C@:7]([CH3:8])([O:9][C:904]([CH3:905])=[O:906])[C@@H:10]([O:11][C:902]([CH2:901][CH3:900])=[O:903])[C@@H:12]([OH:13])[C@H:14]2[C:15]([CH3:16])([CH3:17])[CH2:18][CH2:19][CH2:20][C@:21]12[CH3:22]", "reacting_atoms": [11, 10, 7, 9], "template_id": "e29d3285327953138436183ca1e3a6c8", "template_set": ["bkms"], "num_examples": 1, "necessary_reagent": "", "template_score": 0.026010602712631226, "rms_molwt": -408.2511888719999, "num_rings": -2, "plausibility": 1, "tforms": ["e29d3285327953138436183ca1e3a6c8"], "rank": 14, "score": -16178.880441834268}, {"smiles": "C[C@@H](O)/C=C/[C@H]1[C@](C)(O)[C@@H](O)[C@@H](O)[C@H]2C(C)(C)CCC[C@@]21C", "smiles_split": ["C[C@@H](O)/C=C/[C@H]1[C@](C)(O)[C@@H](O)[C@@H](O)[C@H]2C(C)(C)CCC[C@@]21C"], "mapped_smiles": "[CH3:1][C@@H:2]([OH:3])/[CH:4]=[CH:5]/[C@H:6]1[C@:7]([CH3:8])([OH:9])[C@@H:10]([OH:11])[C@@H:12]([OH:13])[C@H:14]2[C:15]([CH3:16])([CH3:17])[CH2:18][CH2:19][CH2:20][C@:21]12[CH3:22]", "reacting_atoms": [2, 3], "template_id": "18b2aa1ea96dd75874904b621191c3c2", "template_set": ["bkms", "bkms", "bkms", "bkms"], "num_examples": 19, "necessary_reagent": "", "template_score": 0.016206080093979836, "rms_molwt": -312.230059504, "num_rings": -2, "plausibility": 1, "tforms": ["ddb19434e1c4179ba615ca4c72cf8ede", "18b2aa1ea96dd75874904b621191c3c2", "e29e2f2b3e04834bd935b5ccb00ce05e", "514f85e27cde897b293a615b31eb9208"], "rank": 15, "score": -21032.91876564043}]}