{"smiles": "C[C@H]1C[C@]2(C)CC(=O)O[C@@H]3CCN4CC[C@H](COC(=O)[C@]1(C)O2)[C@H]34", "sfscore": [0.5583094954490662, 0.44374802708625793], "chem_result": [{"smiles": "C[C@H]1C[C@]2(C)CC(=O)O[C@@H]3CCN4CC[C@H](COC(=O)[C@]1(C)O2)[C@H]34", "bw_confidence": 0.031711298894128534, "confidence": 0.24739850524977627, "rclass": "7 7.6 7.6.1", "children": [{"smiles": "C=C1C[C@]2(C)CC(=O)O[C@@H]3CCN4CC[C@H](COC(=O)[C@]1(C)O2)[C@H]34"}, {"smiles": "CO"}, {"smiles": "[Pd]"}]}, {"smiles": "C[C@H]1C[C@]2(C)CC(=O)O[C@@H]3CCN4CC[C@H](COC(=O)[C@]1(C)O2)[C@H]34", "bw_confidence": 0.012812712361530948, "confidence": 0.06293889737655552, "rclass": "11 11.5 11.5", "children": [{"smiles": "C[C@H]1C[C@]2(C)CC(=O)O[C@@H]3CCN4CC[C@H](COC(=O)[C@]1(C)O2)[C@H]34"}, {"smiles": "ClCCl"}]}, {"smiles": "C[C@H]1C[C@]2(C)CC(=O)O[C@@H]3CCN4CC[C@H](COC(=O)[C@]1(C)O2)[C@H]34", "bw_confidence": 0.010780678951494557, "confidence": 0.047419102034023976, "rclass": "3 3.11 3.11.91", "children": [{"smiles": "CI"}, {"smiles": "C[C@H]1C[C@]2(C)CC(=O)O[C@@H]3CCN4CC[C@H](COC(=O)[C@]1(C)O2)[C@H]34"}]}, {"smiles": "C[C@H]1C[C@]2(C)CC(=O)O[C@@H]3CCN4CC[C@H](COC(=O)[C@]1(C)O2)[C@H]34", "bw_confidence": 0.005783500246766302, "confidence": 0.11046286412535311, "rclass": "8 8.8 8.8.18", "children": [{"smiles": "C[C@H]1C[C@]2(C)CC(=O)O[C@@H]3CCN4CC[C@H](COC(=O)[C@]1(C)O2)[C@H]34"}, {"smiles": "N#CC1=C(C#N)C(=O)C(Cl)=C(Cl)C1=O"}]}, {"smiles": "C[C@H]1C[C@]2(C)CC(=O)O[C@@H]3CCN4CC[C@H](COC(=O)[C@]1(C)O2)[C@H]34", "bw_confidence": 0.0012265103117574854, "confidence": 0.017653994005055428, "rclass": "11 11.5 11.5", "children": [{"smiles": "CO"}, {"smiles": "C[C@H]1C[C@]2(C)CC(=O)O[C@@H]3CCN4CC[C@H](COC(=O)[C@]1(C)O2)[C@H]34"}, {"smiles": "[Pd]"}]}, {"smiles": "C[C@H]1C[C@]2(C)CC(=O)O[C@@H]3CCN4CC[C@H](COC(=O)[C@]1(C)O2)[C@H]34", "bw_confidence": 0.001104069853604381, "confidence": 0.07164773629750218, "rclass": "3 3.11 3.11.91", "children": [{"smiles": "C1CCOC1"}, {"smiles": "CI"}, {"smiles": "C[C@H]1CC2(C)CC(=O)O[C@@H]3CCN4CC[C@H](COC(=O)[C@]1(C)O2)[C@H]34"}, {"smiles": "[Li+]~C[Si](C)(C)[N-][Si](C)(C)C"}]}, {"smiles": "C[C@H]1C[C@]2(C)CC(=O)O[C@@H]3CCN4CC[C@H](COC(=O)[C@]1(C)O2)[C@H]34", "bw_confidence": 0.0010004243791678611, "confidence": 0.007917107285827195, "rclass": "11 11.5 11.5", "children": [{"smiles": "CC1CC2(C)CC(=O)OC3CCN4CCC(COC(=O)C1(C)O2)C34"}, {"smiles": "C[C@H]1C[C@]2(C)CC(=O)O[C@@H]3CCN4CC[C@H](COC(=O)[C@]1(C)O2)[C@H]34"}]}, {"smiles": "C[C@H]1C[C@]2(C)CC(=O)O[C@@H]3CCN4CC[C@H](COC(=O)[C@]1(C)O2)[C@H]34", "bw_confidence": 0.0005828346445487597, "confidence": 0.02534455404908116, "rclass": "4 4.2 4.2.8", "children": [{"smiles": "CC1=C(C)C(=O)OC[C@H]2CCN3CC[C@H](OC(=O)C1)[C@H]23"}, {"smiles": "CC1=CC(=O)O[C@@H]2CCN3CC[C@H](COC(=O)[C@](C)(O)[C@@H](C)C1)[C@H]23"}]}], "chem_bw_confidence_list": [0.031711298894128534, 0.012812712361530948, 0.010780678951494557, 0.005783500246766302, 0.0012265103117574854, 0.001104069853604381, 0.0010004243791678611, 0.0005828346445487597], "enzy_template_score_list": [0.009815095923841, 0.006524373777210712, 0.005107431672513485, 0.005107431672513485, 0.008914614096283913, 0.013359482400119305, 0.013359482400119305, 0.003501910250633955, 0.003501910250633955, 0.0034586277324706316, 0.0029309014789760113, 0.0029309014789760113, 0.011728929355740547, 0.0025259375106543303, 0.0021418838296085596], "enzy_result": [{"smiles": "C[C@H]1C[C@]2(C)CC(=O)O[C@@H]3CCN4CC[C@H](CC(=O)[C@]1(C)O2)[C@H]34", "smiles_split": ["C[C@H]1C[C@]2(C)CC(=O)O[C@@H]3CCN4CC[C@H](CC(=O)[C@]1(C)O2)[C@H]34"], "mapped_smiles": "[CH3:1][C@H:2]1[CH2:3][C@:4]2([CH3:5])[CH2:6][C:7](=[O:8])[O:9][C@@H:10]3[CH2:11][CH2:12][N:13]4[CH2:14][CH2:15][C@H:16]([CH2:17][C:19](=[O:20])[C@:21]1([CH3:22])[O:23]2)[C@H:24]34", "reacting_atoms": [16, 17, 19], "template_id": "938660d538b6d5ad986af8d7868bb2d6", "template_set": ["bkms", "bkms"], "num_examples": 4, "necessary_reagent": "[O]", "template_score": 0.009815095923841, "rms_molwt": -321.194008344, "num_rings": -4, "plausibility": 1, "tforms": ["4ee68f5eacb771a3941ce2ab5e94e6d6", "938660d538b6d5ad986af8d7868bb2d6"], "rank": 1, "score": -39718.64795732923}, {"smiles": "C[C@H]1C[C@](C)(CC(=O)O[C@@H]2CCN3CC[C@H](CO)[C@H]23)O[C@@]1(C)C(=O)O", "smiles_split": ["C[C@H]1C[C@](C)(CC(=O)O[C@@H]2CCN3CC[C@H](CO)[C@H]23)O[C@@]1(C)C(=O)O"], "mapped_smiles": "[CH3:1][C@H:2]1[CH2:3][C@:4]([CH3:5])([CH2:6][C:7](=[O:8])[O:9][C@@H:10]2[CH2:11][CH2:12][N:13]3[CH2:14][CH2:15][C@H:16]([CH2:17][OH:900])[C@H:24]23)[O:23][C@:21]1([C:19]([OH:18])=[O:20])[CH3:22]", "reacting_atoms": [17, 16, 18], "template_id": "ae8d9358572caa70ad53fa32d55bf70f", "template_set": ["bkms", "bkms", "bkms"], "num_examples": 8, "necessary_reagent": "", "template_score": 0.006524373777210712, "rms_molwt": -355.19948764799994, "num_rings": -3, "plausibility": 1, "tforms": ["7910a54d7603187350ed6638391c6225", "ae8d9358572caa70ad53fa32d55bf70f", "32a66720769b642b5e0ad1e93148dc69"], "rank": 2, "score": -57382.243292457526}, {"smiles": "C[C@H]1C[C@](C)(CCO)O[C@@]1(C)C(=O)OC[C@H]1CCN2CC[C@@H](O)[C@@H]12", "smiles_split": ["C[C@H]1C[C@](C)(CCO)O[C@@]1(C)C(=O)OC[C@H]1CCN2CC[C@@H](O)[C@@H]12"], "mapped_smiles": "[CH3:1][C@H:2]1[CH2:3][C@:4]([CH3:5])([CH2:6][CH2:7][OH:8])[O:23][C@:21]1([C:19]([O:18][CH2:17][C@H:16]1[CH2:15][CH2:14][N:13]2[CH2:12][CH2:11][C@@H:10]([OH:9])[C@H:24]21)=[O:20])[CH3:22]", "reacting_atoms": [7, 8, 9], "template_id": "01a6fb40acf39db49baf38b10f0ec875", "template_set": ["bkms"], "num_examples": 1, "necessary_reagent": "", "template_score": 0.005107431672513485, "rms_molwt": -341.22022309199997, "num_rings": -3, "plausibility": 1, "tforms": ["01a6fb40acf39db49baf38b10f0ec875"], "rank": 3, "score": -70394.327672931}, {"smiles": "C[C@H]1C[C@](C)(CC(=O)O[C@@H]2CCN3CC[C@H](CO)[C@H]23)O[C@@]1(C)CO", "smiles_split": ["C[C@H]1C[C@](C)(CC(=O)O[C@@H]2CCN3CC[C@H](CO)[C@H]23)O[C@@]1(C)CO"], "mapped_smiles": "[CH3:1][C@H:2]1[CH2:3][C@:4]([CH3:5])([CH2:6][C:7](=[O:8])[O:9][C@@H:10]2[CH2:11][CH2:12][N:13]3[CH2:14][CH2:15][C@H:16]([CH2:17][OH:18])[C@H:24]23)[O:23][C@:21]1([CH2:19][OH:20])[CH3:22]", "reacting_atoms": [19, 20, 18], "template_id": "01a6fb40acf39db49baf38b10f0ec875", "template_set": ["bkms"], "num_examples": 1, "necessary_reagent": "", "template_score": 0.005107431672513485, "rms_molwt": -341.22022309199997, "num_rings": -3, "plausibility": 1, "tforms": ["01a6fb40acf39db49baf38b10f0ec875"], "rank": 4, "score": -70394.327672931}, {"smiles": "C[C@H]1C[C@](C)(CC(=O)O[C@@H]2CCN3CC[C@H](C[S+](C)C[C@H]4O[C@@H](n5cnc6c(N)ncnc65)[C@H](O)[C@@H]4O)[C@H]23)O[C@@]1(C)C(=O)O", "smiles_split": ["C[C@H]1C[C@](C)(CC(=O)O[C@@H]2CCN3CC[C@H](C[S+](C)C[C@H]4O[C@@H](n5cnc6c(N)ncnc65)[C@H](O)[C@@H]4O)[C@H]23)O[C@@]1(C)C(=O)O"], "mapped_smiles": "[CH3:1][C@H:2]1[CH2:3][C@:4]([CH3:5])([CH2:6][C:7](=[O:8])[O:9][C@@H:10]2[CH2:11][CH2:12][N:13]3[CH2:14][CH2:15][C@H:16]([CH2:17][S+:901]([CH3:900])[CH2:902][C@H:903]4[O:904][C@@H:905]([n:906]5[cH:907][n:908][c:909]6[c:910]([NH2:911])[n:912][cH:913][n:914][c:915]56)[C@H:916]([OH:917])[C@@H:918]4[OH:919])[C@H:24]23)[O:23][C@:21]1([C:19]([OH:18])=[O:20])[CH3:22]", "reacting_atoms": [17, 16, 18], "template_id": "8bcbd1aa3d7766e8e26a9ca69d7b6c51", "template_set": ["bkms"], "num_examples": 2, "necessary_reagent": "", "template_score": 0.008914614096283913, "rms_molwt": -635.2857597560901, "num_rings": -6, "plausibility": 1, "tforms": ["8bcbd1aa3d7766e8e26a9ca69d7b6c51"], "rank": 5, "score": -97204.99773411902}, {"smiles": "C[C@H]1C[C@](C)(CC(=O)O[C@@H]2CCN3CC[C@H](CO)[C@H]23)O[C@@]1(C)C(=O)SCCNC(=O)CCNC(=O)[C@H](O)C(C)(C)COP(=O)(O)OP(=O)(O)OC[C@H]1O[C@@H](n2cnc3c(N)ncnc32)[C@H](O)[C@@H]1OP(=O)(O)O", "smiles_split": ["C[C@H]1C[C@](C)(CC(=O)O[C@@H]2CCN3CC[C@H](CO)[C@H]23)O[C@@]1(C)C(=O)SCCNC(=O)CCNC(=O)[C@H](O)C(C)(C)COP(=O)(O)OP(=O)(O)OC[C@H]1O[C@@H](n2cnc3c(N)ncnc32)[C@H](O)[C@@H]1OP(=O)(O)O"], "mapped_smiles": "[CH3:1][C@H:2]1[CH2:3][C@:4]([CH3:5])([CH2:6][C:7](=[O:8])[O:9][C@@H:10]2[CH2:11][CH2:12][N:13]3[CH2:14][CH2:15][C@H:16]([CH2:17][OH:18])[C@H:24]23)[O:23][C@:21]1([C:19](=[O:20])[S:947][CH2:946][CH2:945][NH:944][C:942]([CH2:941][CH2:940][NH:939][C:937]([C@@H:935]([C:901]([CH3:900])([CH3:902])[CH2:903][O:904][P:905]([OH:906])(=[O:907])[O:908][P:909]([OH:910])(=[O:911])[O:912][CH2:913][C@H:914]1[O:915][C@@H:916]([n:917]2[cH:918][n:919][c:920]3[c:921]([NH2:922])[n:923][cH:924][n:925][c:926]23)[C@H:927]([OH:928])[C@@H:929]1[O:930][P:931]([OH:932])([OH:933])=[O:934])[OH:936])=[O:938])=[O:943])[CH3:22]", "reacting_atoms": [19, 18], "template_id": "4f507fe3c79f4d542f14417d7122ff5c", "template_set": ["bkms"], "num_examples": 31, "necessary_reagent": "", "template_score": 0.013359482400119305, "rms_molwt": -1104.3041319259999, "num_rings": -6, "plausibility": 1, "tforms": ["4f507fe3c79f4d542f14417d7122ff5c"], "rank": 6, "score": -115775.41341001462}, {"smiles": "C[C@H]1C[C@](C)(CC(=O)SCCNC(=O)CCNC(=O)[C@H](O)C(C)(C)COP(=O)(O)OP(=O)(O)OC[C@H]2O[C@@H](n3cnc4c(N)ncnc43)[C@H](O)[C@@H]2OP(=O)(O)O)O[C@@]1(C)C(=O)OC[C@H]1CCN2CC[C@@H](O)[C@@H]12", "smiles_split": ["C[C@H]1C[C@](C)(CC(=O)SCCNC(=O)CCNC(=O)[C@H](O)C(C)(C)COP(=O)(O)OP(=O)(O)OC[C@H]2O[C@@H](n3cnc4c(N)ncnc43)[C@H](O)[C@@H]2OP(=O)(O)O)O[C@@]1(C)C(=O)OC[C@H]1CCN2CC[C@@H](O)[C@@H]12"], "mapped_smiles": "[CH3:1][C@H:2]1[CH2:3][C@:4]([CH3:5])([CH2:6][C:7](=[O:8])[S:947][CH2:946][CH2:945][NH:944][C:942]([CH2:941][CH2:940][NH:939][C:937]([C@@H:935]([C:901]([CH3:900])([CH3:902])[CH2:903][O:904][P:905]([OH:906])(=[O:907])[O:908][P:909]([OH:910])(=[O:911])[O:912][CH2:913][C@H:914]2[O:915][C@@H:916]([n:917]3[cH:918][n:919][c:920]4[c:921]([NH2:922])[n:923][cH:924][n:925][c:926]34)[C@H:927]([OH:928])[C@@H:929]2[O:930][P:931]([OH:932])([OH:933])=[O:934])[OH:936])=[O:938])=[O:943])[O:23][C@:21]1([C:19]([O:18][CH2:17][C@H:16]1[CH2:15][CH2:14][N:13]2[CH2:12][CH2:11][C@@H:10]([OH:9])[C@H:24]21)=[O:20])[CH3:22]", "reacting_atoms": [7, 10, 9], "template_id": "4f507fe3c79f4d542f14417d7122ff5c", "template_set": ["bkms"], "num_examples": 31, "necessary_reagent": "", "template_score": 0.013359482400119305, "rms_molwt": -1104.3041319259999, "num_rings": -6, "plausibility": 1, "tforms": ["4f507fe3c79f4d542f14417d7122ff5c"], "rank": 7, "score": -115775.41341001462}, {"smiles": "C[C@H]1C[C@]2(C)CC(=O)O[C@@H]3CCN4CC[C@H](COC(O)[C@]1(C)O2)[C@H]34", "smiles_split": ["C[C@H]1C[C@]2(C)CC(=O)O[C@@H]3CCN4CC[C@H](COC(O)[C@]1(C)O2)[C@H]34"], "mapped_smiles": "[CH3:1][C@H:2]1[CH2:3][C@:4]2([CH3:5])[CH2:6][C:7](=[O:8])[O:9][C@@H:10]3[CH2:11][CH2:12][N:13]4[CH2:14][CH2:15][C@H:16]([CH2:17][O:18][CH:19]([OH:20])[C@:21]1([CH3:22])[O:23]2)[C@H:24]34", "reacting_atoms": [19, 20], "template_id": "5c19ad9117c39b8de47b69bf60cd49ce", "template_set": ["bkms"], "num_examples": 20, "necessary_reagent": "", "template_score": 0.003501910250633955, "rms_molwt": -339.20457302799997, "num_rings": -4, "plausibility": 1, "tforms": ["5c19ad9117c39b8de47b69bf60cd49ce"], "rank": 8, "score": -117176.09323340487}, {"smiles": "C[C@H]1C[C@]2(C)CC(O)O[C@@H]3CCN4CC[C@H](COC(=O)[C@]1(C)O2)[C@H]34", "smiles_split": ["C[C@H]1C[C@]2(C)CC(O)O[C@@H]3CCN4CC[C@H](COC(=O)[C@]1(C)O2)[C@H]34"], "mapped_smiles": "[CH3:1][C@H:2]1[CH2:3][C@:4]2([CH3:5])[CH2:6][CH:7]([OH:8])[O:9][C@@H:10]3[CH2:11][CH2:12][N:13]4[CH2:14][CH2:15][C@H:16]([CH2:17][O:18][C:19](=[O:20])[C@:21]1([CH3:22])[O:23]2)[C@H:24]34", "reacting_atoms": [7, 8], "template_id": "5c19ad9117c39b8de47b69bf60cd49ce", "template_set": ["bkms"], "num_examples": 20, "necessary_reagent": "", "template_score": 0.003501910250633955, "rms_molwt": -339.20457302799997, "num_rings": -4, "plausibility": 1, "tforms": ["5c19ad9117c39b8de47b69bf60cd49ce"], "rank": 9, "score": -117176.09323340487}, {"smiles": "CC(=O)OC[C@H]1CCN2CC[C@@H](OC(=O)C[C@@]3(C)C[C@H](C)[C@](C)(C(=O)O)O3)[C@@H]12", "smiles_split": ["CC(=O)OC[C@H]1CCN2CC[C@@H](OC(=O)C[C@@]3(C)C[C@H](C)[C@](C)(C(=O)O)O3)[C@@H]12"], "mapped_smiles": "[CH3:1][C@H:2]1[CH2:3][C@:4]([CH3:5])([CH2:6][C:7](=[O:8])[O:9][C@@H:10]2[CH2:11][CH2:12][N:13]3[CH2:14][CH2:15][C@H:16]([CH2:17][O:903][C:901]([CH3:900])=[O:902])[C@H:24]23)[O:23][C@:21]1([C:19]([OH:18])=[O:20])[CH3:22]", "reacting_atoms": [17, 18], "template_id": "a65cebe69b29fd35be3e7e93111c8c8b", "template_set": ["bkms"], "num_examples": 1, "necessary_reagent": "", "template_score": 0.0034586277324706316, "rms_molwt": -397.2100523319999, "num_rings": -3, "plausibility": 1, "tforms": ["a65cebe69b29fd35be3e7e93111c8c8b"], "rank": 10, "score": -121639.96324448074}, {"smiles": "C[C@H]1C[C@](C)(CC=O)O[C@@]1(C)C(=O)OC[C@H]1CCN2CC[C@@H](O)[C@@H]12", "smiles_split": ["C[C@H]1C[C@](C)(CC=O)O[C@@]1(C)C(=O)OC[C@H]1CCN2CC[C@@H](O)[C@@H]12"], "mapped_smiles": "[CH3:1][C@H:2]1[CH2:3][C@:4]([CH3:5])([CH2:6][CH:7]=[O:8])[O:23][C@:21]1([C:19]([O:18][CH2:17][C@H:16]1[CH2:15][CH2:14][N:13]2[CH2:12][CH2:11][C@@H:10]([OH:9])[C@H:24]21)=[O:20])[CH3:22]", "reacting_atoms": [7, 10, 9], "template_id": "160ec3743cc29c56d490bc96f0dc1569", "template_set": ["bkms"], "num_examples": 4, "necessary_reagent": "", "template_score": 0.0029309014789760113, "rms_molwt": -339.20457302799997, "num_rings": -3, "plausibility": 1, "tforms": ["160ec3743cc29c56d490bc96f0dc1569"], "rank": 11, "score": -122670.18229750704}, {"smiles": "C[C@H]1C[C@](C)(CC(=O)O[C@@H]2CCN3CC[C@H](CO)[C@H]23)O[C@@]1(C)C=O", "smiles_split": ["C[C@H]1C[C@](C)(CC(=O)O[C@@H]2CCN3CC[C@H](CO)[C@H]23)O[C@@]1(C)C=O"], "mapped_smiles": "[CH3:1][C@H:2]1[CH2:3][C@:4]([CH3:5])([CH2:6][C:7](=[O:8])[O:9][C@@H:10]2[CH2:11][CH2:12][N:13]3[CH2:14][CH2:15][C@H:16]([CH2:17][OH:18])[C@H:24]23)[O:23][C@:21]1([CH:19]=[O:20])[CH3:22]", "reacting_atoms": [19, 18], "template_id": "160ec3743cc29c56d490bc96f0dc1569", "template_set": ["bkms"], "num_examples": 4, "necessary_reagent": "", "template_score": 0.0029309014789760113, "rms_molwt": -339.20457302799997, "num_rings": -3, "plausibility": 1, "tforms": ["160ec3743cc29c56d490bc96f0dc1569"], "rank": 12, "score": -122670.18229750704}, {"smiles": "C[C@H]1C[C@](C)(CC(=O)O[C@@H]2CCN3CC[C@H](C(=O)SCCNC(=O)CCNC(=O)C(O)C(C)(C)COP(=O)(O)OP(=O)(O)OC[C@H]4O[C@@H](n5cnc6c(N)ncnc65)[C@H](O)[C@@H]4OP(=O)(O)O)[C@H]23)O[C@@]1(C)C(=O)O", "smiles_split": ["C[C@H]1C[C@](C)(CC(=O)O[C@@H]2CCN3CC[C@H](C(=O)SCCNC(=O)CCNC(=O)C(O)C(C)(C)COP(=O)(O)OP(=O)(O)OC[C@H]4O[C@@H](n5cnc6c(N)ncnc65)[C@H](O)[C@@H]4OP(=O)(O)O)[C@H]23)O[C@@]1(C)C(=O)O"], "mapped_smiles": "[CH3:1][C@H:2]1[CH2:3][C@:4]([CH3:5])([CH2:6][C:7](=[O:8])[O:9][C@@H:10]2[CH2:11][CH2:12][N:13]3[CH2:14][CH2:15][C@H:16]([C:17]([S:947][CH2:946][CH2:945][NH:944][C:942]([CH2:941][CH2:940][NH:939][C:937]([CH:935]([C:901]([CH3:900])([CH3:902])[CH2:903][O:904][P:905]([OH:906])(=[O:907])[O:908][P:909]([OH:910])(=[O:911])[O:912][CH2:913][C@H:914]4[O:915][C@@H:916]([n:917]5[cH:918][n:919][c:920]6[c:921]([NH2:922])[n:923][cH:924][n:925][c:926]56)[C@H:927]([OH:928])[C@@H:929]4[O:930][P:931]([OH:932])([OH:933])=[O:934])[OH:936])=[O:938])=[O:943])=[O:948])[C@H:24]23)[O:23][C@:21]1([C:19]([OH:18])=[O:20])[CH3:22]", "reacting_atoms": [17, 16, 18], "template_id": "9f3b19cd8c8782c0627d082858f1e37f", "template_set": ["bkms"], "num_examples": 1, "necessary_reagent": "", "template_score": 0.011728929355740547, "rms_molwt": -1118.2833964820002, "num_rings": -6, "plausibility": 1, "tforms": ["9f3b19cd8c8782c0627d082858f1e37f"], "rank": 13, "score": -130467.46044170498}, {"smiles": "C[C@H]1C[C@](C)(CC(=O)O)O[C@@]1(C)C(=O)OC[C@H]1CCN2CC[C@@H](O)[C@@H]12", "smiles_split": ["C[C@H]1C[C@](C)(CC(=O)O)O[C@@]1(C)C(=O)OC[C@H]1CCN2CC[C@@H](O)[C@@H]12"], "mapped_smiles": "[CH3:1][C@H:2]1[CH2:3][C@:4]([CH3:5])([CH2:6][C:7](=[O:8])[OH:900])[O:23][C@:21]1([C:19]([O:18][CH2:17][C@H:16]1[CH2:15][CH2:14][N:13]2[CH2:12][CH2:11][C@@H:10]([OH:9])[C@H:24]21)=[O:20])[CH3:22]", "reacting_atoms": [7, 10, 9], "template_id": "32a66720769b642b5e0ad1e93148dc69", "template_set": ["bkms", "bkms", "bkms"], "num_examples": 10, "necessary_reagent": "", "template_score": 0.0025259375106543303, "rms_molwt": -355.199487648, "num_rings": -3, "plausibility": 1, "tforms": ["1d00154e9ccd13be40f33b35ec95ede6", "7910a54d7603187350ed6638391c6225", "32a66720769b642b5e0ad1e93148dc69"], "rank": 14, "score": -148215.54446050143}, {"smiles": "C[C@H]1C[C@@]2(C)O[C@@]1(C)C(=O)OC[C@H]1CCN3CC[C@@H](OC(=O)C2O)[C@@H]13", "smiles_split": ["C[C@H]1C[C@@]2(C)O[C@@]1(C)C(=O)OC[C@H]1CCN3CC[C@@H](OC(=O)C2O)[C@@H]13"], "mapped_smiles": "C[C@H]1C[C@@]2(C)O[C@@]1(C)C(=O)OC[C@H]1CCN3CC[C@@H](OC(=O)C2O)[C@@H]13", "reacting_atoms": [-1], "template_id": "81213fb75e46892b9fa5f6321771952e", "template_set": ["bkms", "bkms"], "num_examples": 28, "necessary_reagent": "", "template_score": 0.0021418838296085596, "rms_molwt": -353.18383758399995, "num_rings": -4, "plausibility": 1, "tforms": ["30e9d56bde10fbb0c5513016c230904e", "81213fb75e46892b9fa5f6321771952e"], "rank": 15, "score": -198511.76839680466}]}