{"smiles": "COc1ccc(-c2oc3c(OC)c(OC)cc(O)c3c(=O)c2OC)cc1C", "sfscore": [0.4911133646965027, 0.5339632034301758], "chem_result": [{"smiles": "COc1ccc(-c2oc3c(OC)c(OC)cc(O)c3c(=O)c2OC)cc1C", "bw_confidence": 0.05971886173267354, "confidence": 0.9124017013311607, "rclass": "6 6.3 6.3.1", "children": [{"smiles": "CO"}, {"smiles": "COc1ccc(-c2oc3c(OC)c(OC)cc(OCc4ccccc4)c3c(=O)c2OC)cc1C"}, {"smiles": "[Pd]"}]}, {"smiles": "COc1ccc(-c2oc3c(OC)c(OC)cc(O)c3c(=O)c2OC)cc1C", "bw_confidence": 0.0285220817751551, "confidence": 0.9635214230481713, "rclass": "3 3.1 3.1.5", "children": [{"smiles": "COc1cc(O)c2c(=O)c(OC)c(Br)oc2c1OC"}, {"smiles": "COc1ccc(B(O)O)cc1C"}]}, {"smiles": "COc1ccc(-c2oc3c(OC)c(OC)cc(O)c3c(=O)c2OC)cc1C", "bw_confidence": 0.0136914507071993, "confidence": 0.8197969590779314, "rclass": "1 1.7 1.7.4", "children": [{"smiles": "CI"}, {"smiles": "CN(C)C=O"}, {"smiles": "COc1cc(O)c2c(=O)c(OC)c(-c3ccc(O)c(C)c3)oc2c1OC"}, {"smiles": "O=C([O-])[O-]~[K+]~[K+]"}]}, {"smiles": "COc1ccc(-c2oc3c(OC)c(OC)cc(O)c3c(=O)c2OC)cc1C", "bw_confidence": 0.008216029900063574, "confidence": 0.7777161664352353, "rclass": "9 9.7 9.7.173", "children": [{"smiles": "COc1ccc(-c2oc3c(OC)c(OC)cc(N)c3c(=O)c2OC)cc1C"}, {"smiles": "O"}, {"smiles": "O=N[O-]~[Na+]"}, {"smiles": "O=S(=O)(O)O"}]}, {"smiles": "COc1ccc(-c2oc3c(OC)c(OC)cc(O)c3c(=O)c2OC)cc1C", "bw_confidence": 0.007443866488655488, "confidence": 0.9598971971981092, "rclass": "7 7.9 7.9.1", "children": [{"smiles": "CO"}, {"smiles": "COc1ccc(-c2oc3c(OC)c(OC)cc(O)c3c(=O)c2OC)cc1C=O"}, {"smiles": "[BH4-]~[Na+]"}]}, {"smiles": "COc1ccc(-c2oc3c(OC)c(OC)cc(O)c3c(=O)c2OC)cc1C", "bw_confidence": 0.0071096692664865445, "confidence": 0.4035332732352825, "rclass": "0 0 0", "children": [{"smiles": "CCOC(=O)C(OC)C(=O)c1c(O)cc(OC)c(OC)c1OC"}, {"smiles": "COc1ccc(C(=O)Cl)cc1C"}]}, {"smiles": "COc1ccc(-c2oc3c(OC)c(OC)cc(O)c3c(=O)c2OC)cc1C", "bw_confidence": 0.00620690287809323, "confidence": 0.25936170411791454, "rclass": "0 0 0", "children": [{"smiles": "COc1ccc(-c2oc3c(OC)c(OC)cc(O)c3c(=O)c2OC)cc1C"}, {"smiles": "ClCCl"}, {"smiles": "O=C(OO)c1cccc(Cl)c1"}]}, {"smiles": "COc1ccc(-c2oc3c(OC)c(OC)cc(O)c3c(=O)c2OC)cc1C", "bw_confidence": 0.003182560742235406, "confidence": 0.5750685381926434, "rclass": "0 0 0", "children": [{"smiles": "COc1ccc(-c2oc3c(OC)c(OC)cc(O)c3c(=O)c2OC)cc1"}, {"smiles": "COc1ccc(B(O)O)cc1C"}]}, {"smiles": "COc1ccc(-c2oc3c(OC)c(OC)cc(O)c3c(=O)c2OC)cc1C", "bw_confidence": 0.0026696180377934297, "confidence": 0.212093167315743, "rclass": "0 0 0", "children": [{"smiles": "CO"}, {"smiles": "COc1ccc(-c2oc3c(OC)c(OC)cc(O)c3c(=O)c2O)cc1"}, {"smiles": "C[O-]~[Na+]"}]}, {"smiles": "COc1ccc(-c2oc3c(OC)c(OC)cc(O)c3c(=O)c2OC)cc1C", "bw_confidence": 0.0022663031769887985, "confidence": 0.5180196603637846, "rclass": "0 0 0", "children": [{"smiles": "COc1cc(O)cc(OC)c1O"}, {"smiles": "COc1ccc(C(=O)Cl)cc1C"}]}, {"smiles": "COc1ccc(-c2oc3c(OC)c(OC)cc(O)c3c(=O)c2OC)cc1C", "bw_confidence": 0.001906544013705284, "confidence": 0.26349188084977754, "rclass": "11 11.9 11.9", "children": [{"smiles": "COc1ccc(-c2oc3c(OC)c(OC)cc(O)c3c(=O)c2OC)cc1C~COc1ccc(-c2oc3c(OC)c(OC)cc(O)c3c(=O)c2OC)cc1C"}]}, {"smiles": "COc1ccc(-c2oc3c(OC)c(OC)cc(O)c3c(=O)c2OC)cc1C", "bw_confidence": 0.001089240942812666, "confidence": 0.46456417809033146, "rclass": "0 0 0", "children": [{"smiles": "COc1cc(O)c2c(=O)c(OC)c(-c3ccc(O)c(C)c3)oc2c1OC"}, {"smiles": "COc1ccc(C(=O)O)cc1C"}]}], "chem_bw_confidence_list": [0.05971886173267354, 0.0285220817751551, 0.0136914507071993, 0.008216029900063574, 0.007443866488655488, 0.0071096692664865445, 0.00620690287809323, 0.003182560742235406, 0.0026696180377934297, 0.0022663031769887985, 0.001906544013705284, 0.001089240942812666], "enzy_template_score_list": [0.9427153468132019, 0.9427153468132019, 0.053765229880809784, 0.053765229880809784, 0.0022654528729617596, 0.0022654528729617596, 0.0003732918994501233, 0.0003732918994501233, 0.0003732918994501233, 0.0003732918994501233, 0.0003732918994501233, 0.0003732918994501233, 0.00015923421597108245, 0.00012002034782199189, 0.00011305986845400184], "enzy_result": [{"smiles": "COc1ccc(-c2oc3c(O)c(OC)cc(O)c3c(=O)c2OC)cc1C", "smiles_split": ["COc1ccc(-c2oc3c(O)c(OC)cc(O)c3c(=O)c2OC)cc1C"], "mapped_smiles": "[CH3:1][O:2][c:3]1[cH:4][cH:5][c:6](-[c:7]2[o:8][c:9]3[c:10]([OH:11])[c:13]([O:14][CH3:15])[cH:16][c:17]([OH:18])[c:19]3[c:20](=[O:21])[c:22]2[O:23][CH3:24])[cH:25][c:26]1[CH3:27]", "reacting_atoms": [11], "template_id": "2551d11188f054ec481b33efb71a6eff", "template_set": ["bkms", "bkms"], "num_examples": 240, "necessary_reagent": "[C]", "template_score": 0.9427153468132019, "rms_molwt": -358.105252916, "num_rings": -3, "plausibility": 1, "tforms": ["e0e2b378d623262efad3f5cff831b758", "2551d11188f054ec481b33efb71a6eff"], "rank": 1, "score": -282.3217163129115}, {"smiles": "COc1ccc(-c2oc3c(OC)c(OC)cc(O)c3c(=O)c2O)cc1C", "smiles_split": ["COc1ccc(-c2oc3c(OC)c(OC)cc(O)c3c(=O)c2O)cc1C"], "mapped_smiles": "[CH3:1][O:2][c:3]1[cH:4][cH:5][c:6](-[c:7]2[o:8][c:9]3[c:10]([O:11][CH3:12])[c:13]([O:14][CH3:15])[cH:16][c:17]([OH:18])[c:19]3[c:20](=[O:21])[c:22]2[OH:23])[cH:25][c:26]1[CH3:27]", "reacting_atoms": [23], "template_id": "2551d11188f054ec481b33efb71a6eff", "template_set": ["bkms", "bkms"], "num_examples": 240, "necessary_reagent": "[C]", "template_score": 0.9427153468132019, "rms_molwt": -358.105252916, "num_rings": -3, "plausibility": 1, "tforms": ["e0e2b378d623262efad3f5cff831b758", "2551d11188f054ec481b33efb71a6eff"], "rank": 2, "score": -282.3217163129115}, {"smiles": "COc1ccc(-c2oc3c(OC)c(O)cc(O)c3c(=O)c2OC)cc1C", "smiles_split": ["COc1ccc(-c2oc3c(OC)c(O)cc(O)c3c(=O)c2OC)cc1C"], "mapped_smiles": "[CH3:1][O:2][c:3]1[cH:4][cH:5][c:6](-[c:7]2[o:8][c:9]3[c:10]([O:11][CH3:12])[c:13]([OH:14])[cH:16][c:17]([OH:18])[c:19]3[c:20](=[O:21])[c:22]2[O:23][CH3:24])[cH:25][c:26]1[CH3:27]", "reacting_atoms": [14], "template_id": "e0e2b378d623262efad3f5cff831b758", "template_set": ["bkms"], "num_examples": 223, "necessary_reagent": "[C]", "template_score": 0.053765229880809784, "rms_molwt": -358.105252916, "num_rings": -3, "plausibility": 1, "tforms": ["e0e2b378d623262efad3f5cff831b758"], "rank": 3, "score": -4950.20695153431}, {"smiles": "COc1cc(O)c2c(=O)c(OC)c(-c3ccc(O)c(C)c3)oc2c1OC", "smiles_split": ["COc1cc(O)c2c(=O)c(OC)c(-c3ccc(O)c(C)c3)oc2c1OC"], "mapped_smiles": "[OH:2][c:3]1[cH:4][cH:5][c:6](-[c:7]2[o:8][c:9]3[c:10]([O:11][CH3:12])[c:13]([O:14][CH3:15])[cH:16][c:17]([OH:18])[c:19]3[c:20](=[O:21])[c:22]2[O:23][CH3:24])[cH:25][c:26]1[CH3:27]", "reacting_atoms": [2], "template_id": "e0e2b378d623262efad3f5cff831b758", "template_set": ["bkms"], "num_examples": 223, "necessary_reagent": "[C]", "template_score": 0.053765229880809784, "rms_molwt": -358.105252916, "num_rings": -3, "plausibility": 1, "tforms": ["e0e2b378d623262efad3f5cff831b758"], "rank": 4, "score": -4950.20695153431}, {"smiles": "COc1ccc(-c2cc(=O)c3c(O)cc(OC)c(OC)c3o2)cc1C", "smiles_split": ["COc1ccc(-c2cc(=O)c3c(O)cc(OC)c(OC)c3o2)cc1C"], "mapped_smiles": "[CH3:1][O:2][c:3]1[cH:4][cH:5][c:6](-[c:7]2[o:8][c:9]3[c:10]([O:11][CH3:12])[c:13]([O:14][CH3:15])[cH:16][c:17]([OH:18])[c:19]3[c:20](=[O:21])[cH:22]2)[cH:25][c:26]1[CH3:27]", "reacting_atoms": [22], "template_id": "1a928e11e0a91811bf447cad0daef66f", "template_set": ["bkms", "bkms"], "num_examples": 3, "necessary_reagent": "[C]~[O]", "template_score": 0.0022654528729617596, "rms_molwt": -342.110338296, "num_rings": -3, "plausibility": 1, "tforms": ["faff7dbbd37a446d0d4ce166bf3d727d", "1a928e11e0a91811bf447cad0daef66f"], "rank": 5, "score": -112118.86286909641}, {"smiles": "COc1cc(O)c2c(=O)c(OC)c(-c3ccc(OC)c(C)c3)oc2c1", "smiles_split": ["COc1cc(O)c2c(=O)c(OC)c(-c3ccc(OC)c(C)c3)oc2c1"], "mapped_smiles": "[CH3:1][O:2][c:3]1[cH:4][cH:5][c:6](-[c:7]2[o:8][c:9]3[cH:10][c:13]([O:14][CH3:15])[cH:16][c:17]([OH:18])[c:19]3[c:20](=[O:21])[c:22]2[O:23][CH3:24])[cH:25][c:26]1[CH3:27]", "reacting_atoms": [10], "template_id": "1a928e11e0a91811bf447cad0daef66f", "template_set": ["bkms", "bkms"], "num_examples": 3, "necessary_reagent": "[C]~[O]", "template_score": 0.0022654528729617596, "rms_molwt": -342.110338296, "num_rings": -3, "plausibility": 1, "tforms": ["faff7dbbd37a446d0d4ce166bf3d727d", "1a928e11e0a91811bf447cad0daef66f"], "rank": 6, "score": -112118.86286909641}, {"smiles": "COc1cc(O)c2c(=O)c(O)c(-c3ccc(O)c(C)c3)oc2c1OC", "smiles_split": ["COc1cc(O)c2c(=O)c(O)c(-c3ccc(O)c(C)c3)oc2c1OC"], "mapped_smiles": "[OH:2][c:3]1[cH:4][cH:5][c:6](-[c:7]2[o:8][c:9]3[c:10]([O:11][CH3:12])[c:13]([O:14][CH3:15])[cH:16][c:17]([OH:18])[c:19]3[c:20](=[O:21])[c:22]2[OH:23])[cH:25][c:26]1[CH3:27]", "reacting_atoms": [23, 2], "template_id": "074847fb586107a6d5e50b5a296db20d", "template_set": ["bkms"], "num_examples": 5, "necessary_reagent": "[C]", "template_score": 0.0003732918994501233, "rms_molwt": -344.089602852, "num_rings": -3, "plausibility": 1, "tforms": ["074847fb586107a6d5e50b5a296db20d"], "rank": 7, "score": -672396.0535166579}, {"smiles": "COc1ccc(-c2oc3c(O)c(O)cc(O)c3c(=O)c2OC)cc1C", "smiles_split": ["COc1ccc(-c2oc3c(O)c(O)cc(O)c3c(=O)c2OC)cc1C"], "mapped_smiles": "[CH3:1][O:2][c:3]1[cH:4][cH:5][c:6](-[c:7]2[o:8][c:9]3[c:10]([OH:11])[c:13]([OH:14])[cH:16][c:17]([OH:18])[c:19]3[c:20](=[O:21])[c:22]2[O:23][CH3:24])[cH:25][c:26]1[CH3:27]", "reacting_atoms": [14, 11], "template_id": "074847fb586107a6d5e50b5a296db20d", "template_set": ["bkms"], "num_examples": 5, "necessary_reagent": "[C]", "template_score": 0.0003732918994501233, "rms_molwt": -344.089602852, "num_rings": -3, "plausibility": 1, "tforms": ["074847fb586107a6d5e50b5a296db20d"], "rank": 8, "score": -672396.0535166579}, {"smiles": "COc1cc(O)c2c(=O)c(OC)c(-c3ccc(O)c(C)c3)oc2c1O", "smiles_split": ["COc1cc(O)c2c(=O)c(OC)c(-c3ccc(O)c(C)c3)oc2c1O"], "mapped_smiles": "[OH:2][c:3]1[cH:4][cH:5][c:6](-[c:7]2[o:8][c:9]3[c:10]([OH:11])[c:13]([O:14][CH3:15])[cH:16][c:17]([OH:18])[c:19]3[c:20](=[O:21])[c:22]2[O:23][CH3:24])[cH:25][c:26]1[CH3:27]", "reacting_atoms": [11, 2], "template_id": "074847fb586107a6d5e50b5a296db20d", "template_set": ["bkms"], "num_examples": 5, "necessary_reagent": "[C]", "template_score": 0.0003732918994501233, "rms_molwt": -344.089602852, "num_rings": -3, "plausibility": 1, "tforms": ["074847fb586107a6d5e50b5a296db20d"], "rank": 9, "score": -672396.0535166579}, {"smiles": "COc1ccc(-c2oc3c(OC)c(O)cc(O)c3c(=O)c2O)cc1C", "smiles_split": ["COc1ccc(-c2oc3c(OC)c(O)cc(O)c3c(=O)c2O)cc1C"], "mapped_smiles": "[CH3:1][O:2][c:3]1[cH:4][cH:5][c:6](-[c:7]2[o:8][c:9]3[c:10]([O:11][CH3:12])[c:13]([OH:14])[cH:16][c:17]([OH:18])[c:19]3[c:20](=[O:21])[c:22]2[OH:23])[cH:25][c:26]1[CH3:27]", "reacting_atoms": [23, 14], "template_id": "074847fb586107a6d5e50b5a296db20d", "template_set": ["bkms"], "num_examples": 5, "necessary_reagent": "[C]", "template_score": 0.0003732918994501233, "rms_molwt": -344.089602852, "num_rings": -3, "plausibility": 1, "tforms": ["074847fb586107a6d5e50b5a296db20d"], "rank": 10, "score": -672396.0535166579}, {"smiles": "COc1ccc(-c2oc3c(O)c(OC)cc(O)c3c(=O)c2O)cc1C", "smiles_split": ["COc1ccc(-c2oc3c(O)c(OC)cc(O)c3c(=O)c2O)cc1C"], "mapped_smiles": "[CH3:1][O:2][c:3]1[cH:4][cH:5][c:6](-[c:7]2[o:8][c:9]3[c:10]([OH:11])[c:13]([O:14][CH3:15])[cH:16][c:17]([OH:18])[c:19]3[c:20](=[O:21])[c:22]2[OH:23])[cH:25][c:26]1[CH3:27]", "reacting_atoms": [23, 11], "template_id": "074847fb586107a6d5e50b5a296db20d", "template_set": ["bkms"], "num_examples": 5, "necessary_reagent": "[C]", "template_score": 0.0003732918994501233, "rms_molwt": -344.089602852, "num_rings": -3, "plausibility": 1, "tforms": ["074847fb586107a6d5e50b5a296db20d"], "rank": 11, "score": -672396.0535166579}, {"smiles": "COc1c(-c2ccc(O)c(C)c2)oc2c(OC)c(O)cc(O)c2c1=O", "smiles_split": ["COc1c(-c2ccc(O)c(C)c2)oc2c(OC)c(O)cc(O)c2c1=O"], "mapped_smiles": "[OH:2][c:3]1[cH:4][cH:5][c:6](-[c:7]2[o:8][c:9]3[c:10]([O:11][CH3:12])[c:13]([OH:14])[cH:16][c:17]([OH:18])[c:19]3[c:20](=[O:21])[c:22]2[O:23][CH3:24])[cH:25][c:26]1[CH3:27]", "reacting_atoms": [14, 2], "template_id": "074847fb586107a6d5e50b5a296db20d", "template_set": ["bkms"], "num_examples": 5, "necessary_reagent": "[C]", "template_score": 0.0003732918994501233, "rms_molwt": -344.089602852, "num_rings": -3, "plausibility": 1, "tforms": ["074847fb586107a6d5e50b5a296db20d"], "rank": 12, "score": -672396.0535166579}, {"smiles": "COc1ccc(-c2oc3c(OC)c(OC)ccc3c(=O)c2OC)cc1C", "smiles_split": ["COc1ccc(-c2oc3c(OC)c(OC)ccc3c(=O)c2OC)cc1C"], "mapped_smiles": "[CH3:1][O:2][c:3]1[cH:4][cH:5][c:6](-[c:7]2[o:8][c:9]3[c:10]([O:11][CH3:12])[c:13]([O:14][CH3:15])[cH:16][cH:17][c:19]3[c:20](=[O:21])[c:22]2[O:23][CH3:24])[cH:25][c:26]1[CH3:27]", "reacting_atoms": [17], "template_id": "3c2c4cfbcb3bcb992a014c1db6900c8d", "template_set": ["bkms", "bkms"], "num_examples": 211, "necessary_reagent": "[O]", "template_score": 0.00015923421597108245, "rms_molwt": -356.12598835999995, "num_rings": -3, "plausibility": 1, "tforms": ["707a7ee9f88daa3e9e86cf844cd1e066", "3c2c4cfbcb3bcb992a014c1db6900c8d"], "rank": 13, "score": -1671431.0619971182}, {"smiles": "COc1ccc(-c2oc3c(OC)c(OC)cc(OC)c3c(=O)c2OC)cc1C", "smiles_split": ["COc1ccc(-c2oc3c(OC)c(OC)cc(OC)c3c(=O)c2OC)cc1C"], "mapped_smiles": "[CH3:1][O:2][c:3]1[cH:4][cH:5][c:6](-[c:7]2[o:8][c:9]3[c:10]([O:11][CH3:12])[c:13]([O:14][CH3:15])[cH:16][c:17]([O:18][CH3:900])[c:19]3[c:20](=[O:21])[c:22]2[O:23][CH3:24])[cH:25][c:26]1[CH3:27]", "reacting_atoms": [18], "template_id": "c11dbf440d2e73a73293e1875c2ee134", "template_set": ["bkms"], "num_examples": 59, "necessary_reagent": "", "template_score": 0.00012002034782199189, "rms_molwt": -386.136553044, "num_rings": -3, "plausibility": 1, "tforms": ["c11dbf440d2e73a73293e1875c2ee134"], "rank": 14, "score": -2468949.242496174}, {"smiles": "COc1ccc(-c2oc3c(OC)c(OC)c(O)c(O)c3c(=O)c2OC)cc1C", "smiles_split": ["COc1ccc(-c2oc3c(OC)c(OC)c(O)c(O)c3c(=O)c2OC)cc1C"], "mapped_smiles": "[CH3:1][O:2][c:3]1[cH:4][cH:5][c:6](-[c:7]2[o:8][c:9]3[c:10]([O:11][CH3:12])[c:13]([O:14][CH3:15])[c:16]([OH:900])[c:17]([OH:18])[c:19]3[c:20](=[O:21])[c:22]2[O:23][CH3:24])[cH:25][c:26]1[CH3:27]", "reacting_atoms": [16], "template_id": "f53e9cbdf728108a37f743b6e04eb4f2", "template_set": ["bkms"], "num_examples": 56, "necessary_reagent": "", "template_score": 0.00011305986845400184, "rms_molwt": -388.11581759999996, "num_rings": -3, "plausibility": 1, "tforms": ["f53e9cbdf728108a37f743b6e04eb4f2"], "rank": 15, "score": -2620948.9794320166}]}