{"smiles": "CC/C=C\\C/C=C\\C/C=C\\CCCCCCCC(=O)OC[C@H](COC(=O)CCCCCCCCCCC/C=C\\CCCCCCCC)OC(=O)CC/C=C\\C/C=C\\C/C=C\\C/C=C\\C/C=C\\CCCCC", "sfscore": [0.4165845513343811, 0.6374709010124207], "chem_result": [{"smiles": "CC/C=C\\C/C=C\\C/C=C\\CCCCCCCC(=O)OC[C@H](COC(=O)CCCCCCCCCCC/C=C\\CCCCCCCC)OC(=O)CC/C=C\\C/C=C\\C/C=C\\C/C=C\\C/C=C\\CCCCC", "bw_confidence": 0.028574000853773436, "confidence": 0.024752649709203736, "rclass": "0 0 0", "children": [{"smiles": "CC/C=C\\C/C=C\\CCCCCCCC(=O)OC[C@H](COC(=O)CCCCCCCCCC/C=C\\CCCCCCCC)OC(=O)CC/C=C\\C/C=C\\C/C=C\\C/C=C\\CCCCC"}, {"smiles": "ClCCl"}, {"smiles": "O=[Cr](=O)([O-])Cl~c1cc[nH+]cc1"}]}, {"smiles": "CC/C=C\\C/C=C\\C/C=C\\CCCCCCCC(=O)OC[C@H](COC(=O)CCCCCCCCCCC/C=C\\CCCCCCCC)OC(=O)CC/C=C\\C/C=C\\C/C=C\\C/C=C\\C/C=C\\CCCCC", "bw_confidence": 0.01231422924602397, "confidence": 0.027408747296764666, "rclass": "0 0 0", "children": [{"smiles": "CC/C=C\\C/C=C\\CCCCCCCC(=O)OC[C@H](COC(=O)CCCCCCCCC/C=C\\CCCCCCCC)OC(=O)CC/C=C\\C/C=C\\C/C=C\\C/C=C\\CCCCC"}, {"smiles": "ClCCl"}]}, {"smiles": "CC/C=C\\C/C=C\\C/C=C\\CCCCCCCC(=O)OC[C@H](COC(=O)CCCCCCCCCCC/C=C\\CCCCCCCC)OC(=O)CC/C=C\\C/C=C\\C/C=C\\C/C=C\\C/C=C\\CCCCC", "bw_confidence": 0.01150873231017597, "confidence": 0.2535001797012924, "rclass": "0 0 0", "children": [{"smiles": "C(=NC1CCCCC1)=NC1CCCCC1"}, {"smiles": "CC/C=C\\C/C=C\\CCCCCCCC(=O)O"}, {"smiles": "CCCCC/C=C\\C/C=C\\C/C=C\\C/C=C\\CCC(=O)O"}, {"smiles": "CN(C)c1ccncc1"}, {"smiles": "ClCCl"}]}, {"smiles": "CC/C=C\\C/C=C\\C/C=C\\CCCCCCCC(=O)OC[C@H](COC(=O)CCCCCCCCCCC/C=C\\CCCCCCCC)OC(=O)CC/C=C\\C/C=C\\C/C=C\\C/C=C\\C/C=C\\CCCCC", "bw_confidence": 0.01088599200035208, "confidence": 0.01959381408650168, "rclass": "11 11.5 11.5", "children": [{"smiles": "CC/C=C\\C/C=C\\CCCCCCCC(=O)OC[C@H](COC(=O)CCCCCCCCCC/C=C\\CCCCCCCC)OC(=O)CC/C=C\\C/C=C\\C/C=C\\C/C=C\\CCCCC"}, {"smiles": "CCCC[N+](CCCC)(CCCC)CCCC~[F-]"}]}, {"smiles": "CC/C=C\\C/C=C\\C/C=C\\CCCCCCCC(=O)OC[C@H](COC(=O)CCCCCCCCCCC/C=C\\CCCCCCCC)OC(=O)CC/C=C\\C/C=C\\C/C=C\\C/C=C\\C/C=C\\CCCCC", "bw_confidence": 0.009465484367161034, "confidence": 0.057532812197050316, "rclass": "0 0 0", "children": [{"smiles": "CC/C=C\\C/C=C\\CCCCCCCC(=O)OC[C@H](COC(=O)CCCCCCCCCC/C=C\\CCCCCCCC)OC(=O)CC/C=C\\C/C=C\\C/C=C\\C/C=C\\CCCCC"}, {"smiles": "CCN=C=NCCCN(C)C~Cl"}, {"smiles": "CN(C)c1ccncc1"}, {"smiles": "ClCCl"}]}, {"smiles": "CC/C=C\\C/C=C\\C/C=C\\CCCCCCCC(=O)OC[C@H](COC(=O)CCCCCCCCCCC/C=C\\CCCCCCCC)OC(=O)CC/C=C\\C/C=C\\C/C=C\\C/C=C\\C/C=C\\CCCCC", "bw_confidence": 0.0030937824473855854, "confidence": 0.004554301528894443, "rclass": "0 0 0", "children": [{"smiles": "CC/C=C\\C/C=C\\C/C=C\\CCCCCCCC(=O)OC[C@H](COC(=O)CCCCCCCCCC/C=C\\CCCCCCCC)OC(=O)/C=C\\C/C=C\\C/C=C\\C/C=C\\C/C=C\\CCCCC"}, {"smiles": "[H][H]"}]}, {"smiles": "CC/C=C\\C/C=C\\C/C=C\\CCCCCCCC(=O)OC[C@H](COC(=O)CCCCCCCCCCC/C=C\\CCCCCCCC)OC(=O)CC/C=C\\C/C=C\\C/C=C\\C/C=C\\C/C=C\\CCCCC", "bw_confidence": 0.0007376585888839831, "confidence": 0.026578684182354022, "rclass": "0 0 0", "children": [{"smiles": "CC/C=C\\C/C=C\\CCCCCCCC(=O)OC[C@H](COC(=O)CCCCCCCCC/C=C\\CCCCCCCC)OC(=O)CC/C=C\\C/C=C\\C/C=C\\C/C=C\\CCCCC"}, {"smiles": "CCCCC/C=C\\C/C=C\\C/C=C\\CCC(=O)O[C@H](COC(=O)CCCCCCC/C=C\\CCCCCCCC)COC(=O)CCCCCCCCC/C=C\\CCCCCCCC"}]}, {"smiles": "CC/C=C\\C/C=C\\C/C=C\\CCCCCCCC(=O)OC[C@H](COC(=O)CCCCCCCCCCC/C=C\\CCCCCCCC)OC(=O)CC/C=C\\C/C=C\\C/C=C\\C/C=C\\C/C=C\\CCCCC", "bw_confidence": 0.0006972019285331363, "confidence": 0.027829893366209682, "rclass": "0 0 0", "children": [{"smiles": "CC/C=C\\C/C=C\\CCCCCCCC(=O)OC[C@H](COC(=O)CCCCCCCCC/C=C\\CCCCCCCC)OC(=O)CC/C=C\\C/C=C\\C/C=C\\C/C=C\\CCCCC"}, {"smiles": "CCCCCCC/C=C\\CCCCCCCCCC(=O)OC[C@@H](O)COC(=O)CCCCCCCC/C=C\\CCCCCCCC"}]}, {"smiles": "CC/C=C\\C/C=C\\C/C=C\\CCCCCCCC(=O)OC[C@H](COC(=O)CCCCCCCCCCC/C=C\\CCCCCCCC)OC(=O)CC/C=C\\C/C=C\\C/C=C\\C/C=C\\C/C=C\\CCCCC", "bw_confidence": 0.0005764068313288341, "confidence": 0.01572623704129288, "rclass": "0 0 0", "children": [{"smiles": "CC/C=C\\C/C=C\\CCCCCCCC(=O)OC[C@H](COC(=O)CCCCCCCCC/C=C\\CCCCCCCC)OC(=O)CC/C=C\\C/C=C\\C/C=C\\C/C=C\\CCCCC"}, {"smiles": "CCCCC/C=C\\C/C=C\\C/C=C\\C/C=C\\CCC(=O)O[C@H](COC(=O)CCCCCCC/C=C\\CCCCCCCC)COC(=O)CCCCCCCCCC/C=C\\CCCCCCCC"}]}, {"smiles": "CC/C=C\\C/C=C\\C/C=C\\CCCCCCCC(=O)OC[C@H](COC(=O)CCCCCCCCCCC/C=C\\CCCCCCCC)OC(=O)CC/C=C\\C/C=C\\C/C=C\\C/C=C\\C/C=C\\CCCCC", "bw_confidence": 0.0004539099131594269, "confidence": 0.01485734474248725, "rclass": "0 0 0", "children": [{"smiles": "CC/C=C\\C/C=C\\CCCCCCCC(=O)OC[C@H](COC(=O)CCCCCCCCC/C=C\\CCCCCCCC)OC(=O)CC/C=C\\C/C=C\\C/C=C\\C/C=C\\CCCCC"}, {"smiles": "CCCCC/C=C\\C/C=C\\C/C=C\\C/C=C\\CCC(=O)O[C@H](COC(=O)CCCCCCC/C=C\\CCCCCCCC)COC(=O)CCCCCCCCCC/C=C\\CCCCCCC"}]}, {"smiles": "CC/C=C\\C/C=C\\C/C=C\\CCCCCCCC(=O)OC[C@H](COC(=O)CCCCCCCCCCC/C=C\\CCCCCCCC)OC(=O)CC/C=C\\C/C=C\\C/C=C\\C/C=C\\C/C=C\\CCCCC", "bw_confidence": 0.0003155572046981056, "confidence": 0.003863715020901846, "rclass": "0 0 0", "children": [{"smiles": "CC/C=C\\C/C=C\\CCCCCCCC(=O)OC[C@H](COC(=O)CCCCCCCCC/C=C\\CCCCCCCC)OC(=O)CC/C=C\\C/C=C\\C/C=C\\C/C=C\\CCCCC"}, {"smiles": "CC/C=C\\C/C=C\\CCCCCCCC(=O)OC[C@H](O)COC(=O)CCCCCCCCCC/C=C\\CCCCCCC"}]}], "chem_bw_confidence_list": [0.028574000853773436, 0.01231422924602397, 0.01150873231017597, 0.01088599200035208, 0.009465484367161034, 0.0030937824473855854, 0.0007376585888839831, 0.0006972019285331363, 0.0005764068313288341, 0.0004539099131594269, 0.0003155572046981056], "enzy_template_score_list": [0.7654232978820801, 0.7654232978820801, 0.7654232978820801, 0.7654232978820801, 0.7654232978820801, 0.7654232978820801, 0.7654232978820801, 0.7654232978820801, 0.0958237275481224, 0.027100415900349617, 0.027100415900349617, 0.027100415900349617, 0.013351380825042725, 0.013351380825042725, 0.013351380825042725], "enzy_result": [{"smiles": "CC/C=C\\C/C=C\\C/C=C\\CCCCCCCC(=O)OC[C@H](COC(=O)CCCCCCCCCCC/C=C\\CCCCCCCC)OC(=O)CC/C=C\\C/C=C\\CCCC/C=C\\C/C=C\\CCCCC", "smiles_split": ["CC/C=C\\C/C=C\\C/C=C\\CCCCCCCC(=O)OC[C@H](COC(=O)CCCCCCCCCCC/C=C\\CCCCCCCC)OC(=O)CC/C=C\\C/C=C\\CCCC/C=C\\C/C=C\\CCCCC"], "mapped_smiles": "[CH3:1][CH2:2]/[CH:3]=[CH:4]\\[CH2:5]/[CH:6]=[CH:7]\\[CH2:8]/[CH:9]=[CH:10]\\[CH2:11][CH2:12][CH2:13][CH2:14][CH2:15][CH2:16][CH2:17][C:18](=[O:19])[O:20][CH2:21][C@H:22]([CH2:23][O:24][C:25](=[O:26])[CH2:27][CH2:28][CH2:29][CH2:30][CH2:31][CH2:32][CH2:33][CH2:34][CH2:35][CH2:36][CH2:37]/[CH:38]=[CH:39]\\[CH2:40][CH2:41][CH2:42][CH2:43][CH2:44][CH2:45][CH2:46][CH3:47])[O:48][C:49](=[O:50])[CH2:51][CH2:52]/[CH:53]=[CH:54]\\[CH2:55]/[CH:56]=[CH:57]\\[CH2:58][CH2:59][CH2:60][CH2:61]/[CH:62]=[CH:63]\\[CH2:64]/[CH:65]=[CH:66]\\[CH2:67][CH2:68][CH2:69][CH2:70][CH3:71]", "reacting_atoms": [60, 59], "template_id": "b8752864a144b4d488d51a312d4ebfdc", "template_set": ["bkms", "bkms", "bkms"], "num_examples": 64, "necessary_reagent": "", "template_score": 0.7654232978820801, "rms_molwt": -986.83024124, "num_rings": 0, "plausibility": 1, "tforms": ["71d96988ab3623c8d39bf0ee6519c85b", "4b5c01ce1dd3e508649493e134ba9f1c", "b8752864a144b4d488d51a312d4ebfdc"], "rank": 1, "score": -1565.817595449889}, {"smiles": "CC/C=C\\C/C=C\\C/C=C\\CCCCCCCC(=O)OC[C@H](COC(=O)CCCCCCCCCCC/C=C\\CCCCCCCC)OC(=O)CC/C=C\\CCCC/C=C\\C/C=C\\C/C=C\\CCCCC", "smiles_split": ["CC/C=C\\C/C=C\\C/C=C\\CCCCCCCC(=O)OC[C@H](COC(=O)CCCCCCCCCCC/C=C\\CCCCCCCC)OC(=O)CC/C=C\\CCCC/C=C\\C/C=C\\C/C=C\\CCCCC"], "mapped_smiles": "[CH3:1][CH2:2]/[CH:3]=[CH:4]\\[CH2:5]/[CH:6]=[CH:7]\\[CH2:8]/[CH:9]=[CH:10]\\[CH2:11][CH2:12][CH2:13][CH2:14][CH2:15][CH2:16][CH2:17][C:18](=[O:19])[O:20][CH2:21][C@H:22]([CH2:23][O:24][C:25](=[O:26])[CH2:27][CH2:28][CH2:29][CH2:30][CH2:31][CH2:32][CH2:33][CH2:34][CH2:35][CH2:36][CH2:37]/[CH:38]=[CH:39]\\[CH2:40][CH2:41][CH2:42][CH2:43][CH2:44][CH2:45][CH2:46][CH3:47])[O:48][C:49](=[O:50])[CH2:51][CH2:52]/[CH:53]=[CH:54]\\[CH2:55][CH2:56][CH2:57][CH2:58]/[CH:59]=[CH:60]\\[CH2:61]/[CH:62]=[CH:63]\\[CH2:64]/[CH:65]=[CH:66]\\[CH2:67][CH2:68][CH2:69][CH2:70][CH3:71]", "reacting_atoms": [57, 56], "template_id": "b8752864a144b4d488d51a312d4ebfdc", "template_set": ["bkms", "bkms", "bkms"], "num_examples": 64, "necessary_reagent": "", "template_score": 0.7654232978820801, "rms_molwt": -986.83024124, "num_rings": 0, "plausibility": 1, "tforms": ["71d96988ab3623c8d39bf0ee6519c85b", "4b5c01ce1dd3e508649493e134ba9f1c", "b8752864a144b4d488d51a312d4ebfdc"], "rank": 2, "score": -1565.817595449889}, {"smiles": "CC/C=C\\C/C=C\\C/C=C\\CCCCCCCC(=O)OC[C@H](COC(=O)CCCCCCCCCCC/C=C\\CCCCCCCC)OC(=O)CC/C=C\\C/C=C\\C/C=C\\C/C=C\\CCCCCCCC", "smiles_split": ["CC/C=C\\C/C=C\\C/C=C\\CCCCCCCC(=O)OC[C@H](COC(=O)CCCCCCCCCCC/C=C\\CCCCCCCC)OC(=O)CC/C=C\\C/C=C\\C/C=C\\C/C=C\\CCCCCCCC"], "mapped_smiles": "[CH3:1][CH2:2]/[CH:3]=[CH:4]\\[CH2:5]/[CH:6]=[CH:7]\\[CH2:8]/[CH:9]=[CH:10]\\[CH2:11][CH2:12][CH2:13][CH2:14][CH2:15][CH2:16][CH2:17][C:18](=[O:19])[O:20][CH2:21][C@H:22]([CH2:23][O:24][C:25](=[O:26])[CH2:27][CH2:28][CH2:29][CH2:30][CH2:31][CH2:32][CH2:33][CH2:34][CH2:35][CH2:36][CH2:37]/[CH:38]=[CH:39]\\[CH2:40][CH2:41][CH2:42][CH2:43][CH2:44][CH2:45][CH2:46][CH3:47])[O:48][C:49](=[O:50])[CH2:51][CH2:52]/[CH:53]=[CH:54]\\[CH2:55]/[CH:56]=[CH:57]\\[CH2:58]/[CH:59]=[CH:60]\\[CH2:61]/[CH:62]=[CH:63]\\[CH2:64][CH2:65][CH2:66][CH2:67][CH2:68][CH2:69][CH2:70][CH3:71]", "reacting_atoms": [65, 66], "template_id": "b8752864a144b4d488d51a312d4ebfdc", "template_set": ["bkms", "bkms", "bkms"], "num_examples": 64, "necessary_reagent": "", "template_score": 0.7654232978820801, "rms_molwt": -986.83024124, "num_rings": 0, "plausibility": 1, "tforms": ["71d96988ab3623c8d39bf0ee6519c85b", "4b5c01ce1dd3e508649493e134ba9f1c", "b8752864a144b4d488d51a312d4ebfdc"], "rank": 3, "score": -1565.817595449889}, {"smiles": "CC/C=C\\CCCC/C=C\\CCCCCCCC(=O)OC[C@H](COC(=O)CCCCCCCCCCC/C=C\\CCCCCCCC)OC(=O)CC/C=C\\C/C=C\\C/C=C\\C/C=C\\C/C=C\\CCCCC", "smiles_split": ["CC/C=C\\CCCC/C=C\\CCCCCCCC(=O)OC[C@H](COC(=O)CCCCCCCCCCC/C=C\\CCCCCCCC)OC(=O)CC/C=C\\C/C=C\\C/C=C\\C/C=C\\C/C=C\\CCCCC"], "mapped_smiles": "[CH3:1][CH2:2]/[CH:3]=[CH:4]\\[CH2:5][CH2:6][CH2:7][CH2:8]/[CH:9]=[CH:10]\\[CH2:11][CH2:12][CH2:13][CH2:14][CH2:15][CH2:16][CH2:17][C:18](=[O:19])[O:20][CH2:21][C@H:22]([CH2:23][O:24][C:25](=[O:26])[CH2:27][CH2:28][CH2:29][CH2:30][CH2:31][CH2:32][CH2:33][CH2:34][CH2:35][CH2:36][CH2:37]/[CH:38]=[CH:39]\\[CH2:40][CH2:41][CH2:42][CH2:43][CH2:44][CH2:45][CH2:46][CH3:47])[O:48][C:49](=[O:50])[CH2:51][CH2:52]/[CH:53]=[CH:54]\\[CH2:55]/[CH:56]=[CH:57]\\[CH2:58]/[CH:59]=[CH:60]\\[CH2:61]/[CH:62]=[CH:63]\\[CH2:64]/[CH:65]=[CH:66]\\[CH2:67][CH2:68][CH2:69][CH2:70][CH3:71]", "reacting_atoms": [7, 6], "template_id": "b8752864a144b4d488d51a312d4ebfdc", "template_set": ["bkms", "bkms", "bkms"], "num_examples": 64, "necessary_reagent": "", "template_score": 0.7654232978820801, "rms_molwt": -986.83024124, "num_rings": 0, "plausibility": 1, "tforms": ["71d96988ab3623c8d39bf0ee6519c85b", "4b5c01ce1dd3e508649493e134ba9f1c", "b8752864a144b4d488d51a312d4ebfdc"], "rank": 4, "score": -1565.817595449889}, {"smiles": "CCCCC/C=C\\C/C=C\\C/C=C\\C/C=C\\C/C=C\\CCC(=O)O[C@H](COC(=O)CCCCCCC/C=C\\C/C=C\\CCCCC)COC(=O)CCCCCCCCCCC/C=C\\CCCCCCCC", "smiles_split": ["CCCCC/C=C\\C/C=C\\C/C=C\\C/C=C\\C/C=C\\CCC(=O)O[C@H](COC(=O)CCCCCCC/C=C\\C/C=C\\CCCCC)COC(=O)CCCCCCCCCCC/C=C\\CCCCCCCC"], "mapped_smiles": "[CH3:1][CH2:2][CH2:3][CH2:4][CH2:5]/[CH:6]=[CH:7]\\[CH2:8]/[CH:9]=[CH:10]\\[CH2:11][CH2:12][CH2:13][CH2:14][CH2:15][CH2:16][CH2:17][C:18](=[O:19])[O:20][CH2:21][C@H:22]([CH2:23][O:24][C:25](=[O:26])[CH2:27][CH2:28][CH2:29][CH2:30][CH2:31][CH2:32][CH2:33][CH2:34][CH2:35][CH2:36][CH2:37]/[CH:38]=[CH:39]\\[CH2:40][CH2:41][CH2:42][CH2:43][CH2:44][CH2:45][CH2:46][CH3:47])[O:48][C:49](=[O:50])[CH2:51][CH2:52]/[CH:53]=[CH:54]\\[CH2:55]/[CH:56]=[CH:57]\\[CH2:58]/[CH:59]=[CH:60]\\[CH2:61]/[CH:62]=[CH:63]\\[CH2:64]/[CH:65]=[CH:66]\\[CH2:67][CH2:68][CH2:69][CH2:70][CH3:71]", "reacting_atoms": [4, 3], "template_id": "b8752864a144b4d488d51a312d4ebfdc", "template_set": ["bkms", "bkms", "bkms"], "num_examples": 64, "necessary_reagent": "", "template_score": 0.7654232978820801, "rms_molwt": -986.83024124, "num_rings": 0, "plausibility": 1, "tforms": ["71d96988ab3623c8d39bf0ee6519c85b", "4b5c01ce1dd3e508649493e134ba9f1c", "b8752864a144b4d488d51a312d4ebfdc"], "rank": 5, "score": -1565.817595449889}, {"smiles": "CC/C=C\\C/C=C\\C/C=C\\CCCCCCCC(=O)OC[C@H](COC(=O)CCCCCCCCCCC/C=C\\CCCCCCCC)OC(=O)CCCCC/C=C\\C/C=C\\C/C=C\\C/C=C\\CCCCC", "smiles_split": ["CC/C=C\\C/C=C\\C/C=C\\CCCCCCCC(=O)OC[C@H](COC(=O)CCCCCCCCCCC/C=C\\CCCCCCCC)OC(=O)CCCCC/C=C\\C/C=C\\C/C=C\\C/C=C\\CCCCC"], "mapped_smiles": "[CH3:1][CH2:2]/[CH:3]=[CH:4]\\[CH2:5]/[CH:6]=[CH:7]\\[CH2:8]/[CH:9]=[CH:10]\\[CH2:11][CH2:12][CH2:13][CH2:14][CH2:15][CH2:16][CH2:17][C:18](=[O:19])[O:20][CH2:21][C@H:22]([CH2:23][O:24][C:25](=[O:26])[CH2:27][CH2:28][CH2:29][CH2:30][CH2:31][CH2:32][CH2:33][CH2:34][CH2:35][CH2:36][CH2:37]/[CH:38]=[CH:39]\\[CH2:40][CH2:41][CH2:42][CH2:43][CH2:44][CH2:45][CH2:46][CH3:47])[O:48][C:49](=[O:50])[CH2:51][CH2:52][CH2:53][CH2:54][CH2:55]/[CH:56]=[CH:57]\\[CH2:58]/[CH:59]=[CH:60]\\[CH2:61]/[CH:62]=[CH:63]\\[CH2:64]/[CH:65]=[CH:66]\\[CH2:67][CH2:68][CH2:69][CH2:70][CH3:71]", "reacting_atoms": [54, 53], "template_id": "b8752864a144b4d488d51a312d4ebfdc", "template_set": ["bkms", "bkms", "bkms"], "num_examples": 64, "necessary_reagent": "", "template_score": 0.7654232978820801, "rms_molwt": -986.83024124, "num_rings": 0, "plausibility": 1, "tforms": ["71d96988ab3623c8d39bf0ee6519c85b", "4b5c01ce1dd3e508649493e134ba9f1c", "b8752864a144b4d488d51a312d4ebfdc"], "rank": 6, "score": -1565.817595449889}, {"smiles": "CC/C=C\\C/C=C\\CCCCCCCCCCC(=O)OC[C@H](COC(=O)CCCCCCCCCCC/C=C\\CCCCCCCC)OC(=O)CC/C=C\\C/C=C\\C/C=C\\C/C=C\\C/C=C\\CCCCC", "smiles_split": ["CC/C=C\\C/C=C\\CCCCCCCCCCC(=O)OC[C@H](COC(=O)CCCCCCCCCCC/C=C\\CCCCCCCC)OC(=O)CC/C=C\\C/C=C\\C/C=C\\C/C=C\\C/C=C\\CCCCC"], "mapped_smiles": "[CH3:1][CH2:2]/[CH:3]=[CH:4]\\[CH2:5]/[CH:6]=[CH:7]\\[CH2:8][CH2:9][CH2:10][CH2:11][CH2:12][CH2:13][CH2:14][CH2:15][CH2:16][CH2:17][C:18](=[O:19])[O:20][CH2:21][C@H:22]([CH2:23][O:24][C:25](=[O:26])[CH2:27][CH2:28][CH2:29][CH2:30][CH2:31][CH2:32][CH2:33][CH2:34][CH2:35][CH2:36][CH2:37]/[CH:38]=[CH:39]\\[CH2:40][CH2:41][CH2:42][CH2:43][CH2:44][CH2:45][CH2:46][CH3:47])[O:48][C:49](=[O:50])[CH2:51][CH2:52]/[CH:53]=[CH:54]\\[CH2:55]/[CH:56]=[CH:57]\\[CH2:58]/[CH:59]=[CH:60]\\[CH2:61]/[CH:62]=[CH:63]\\[CH2:64]/[CH:65]=[CH:66]\\[CH2:67][CH2:68][CH2:69][CH2:70][CH3:71]", "reacting_atoms": [9, 10], "template_id": "b8752864a144b4d488d51a312d4ebfdc", "template_set": ["bkms", "bkms", "bkms"], "num_examples": 64, "necessary_reagent": "", "template_score": 0.7654232978820801, "rms_molwt": -986.83024124, "num_rings": 0, "plausibility": 1, "tforms": ["71d96988ab3623c8d39bf0ee6519c85b", "4b5c01ce1dd3e508649493e134ba9f1c", "b8752864a144b4d488d51a312d4ebfdc"], "rank": 7, "score": -1565.817595449889}, {"smiles": "CC/C=C\\C/C=C\\C/C=C\\CCCCCCCC(=O)OC[C@H](COC(=O)CCCCCCCCCCC/C=C\\CCCCCCCC)OC(=O)CC/C=C\\C/C=C\\C/C=C\\CCCC/C=C\\CCCCC", "smiles_split": ["CC/C=C\\C/C=C\\C/C=C\\CCCCCCCC(=O)OC[C@H](COC(=O)CCCCCCCCCCC/C=C\\CCCCCCCC)OC(=O)CC/C=C\\C/C=C\\C/C=C\\CCCC/C=C\\CCCCC"], "mapped_smiles": "[CH3:1][CH2:2]/[CH:3]=[CH:4]\\[CH2:5]/[CH:6]=[CH:7]\\[CH2:8]/[CH:9]=[CH:10]\\[CH2:11][CH2:12][CH2:13][CH2:14][CH2:15][CH2:16][CH2:17][C:18](=[O:19])[O:20][CH2:21][C@H:22]([CH2:23][O:24][C:25](=[O:26])[CH2:27][CH2:28][CH2:29][CH2:30][CH2:31][CH2:32][CH2:33][CH2:34][CH2:35][CH2:36][CH2:37]/[CH:38]=[CH:39]\\[CH2:40][CH2:41][CH2:42][CH2:43][CH2:44][CH2:45][CH2:46][CH3:47])[O:48][C:49](=[O:50])[CH2:51][CH2:52]/[CH:53]=[CH:54]\\[CH2:55]/[CH:56]=[CH:57]\\[CH2:58]/[CH:59]=[CH:60]\\[CH2:61][CH2:62][CH2:63][CH2:64]/[CH:65]=[CH:66]\\[CH2:67][CH2:68][CH2:69][CH2:70][CH3:71]", "reacting_atoms": [63, 62], "template_id": "b8752864a144b4d488d51a312d4ebfdc", "template_set": ["bkms", "bkms", "bkms"], "num_examples": 64, "necessary_reagent": "", "template_score": 0.7654232978820801, "rms_molwt": -986.83024124, "num_rings": 0, "plausibility": 1, "tforms": ["71d96988ab3623c8d39bf0ee6519c85b", "4b5c01ce1dd3e508649493e134ba9f1c", "b8752864a144b4d488d51a312d4ebfdc"], "rank": 8, "score": -1565.817595449889}, {"smiles": "CC/C=C\\C/C=C\\C/C=C\\CCCCCCCC(=O)OC[C@H](COC(=O)CCCCCCCCCCCCCCCCCCCCC)OC(=O)CC/C=C\\C/C=C\\C/C=C\\C/C=C\\C/C=C\\CCCCC", "smiles_split": ["CC/C=C\\C/C=C\\C/C=C\\CCCCCCCC(=O)OC[C@H](COC(=O)CCCCCCCCCCCCCCCCCCCCC)OC(=O)CC/C=C\\C/C=C\\C/C=C\\C/C=C\\C/C=C\\CCCCC"], "mapped_smiles": "[CH3:1][CH2:2]/[CH:3]=[CH:4]\\[CH2:5]/[CH:6]=[CH:7]\\[CH2:8]/[CH:9]=[CH:10]\\[CH2:11][CH2:12][CH2:13][CH2:14][CH2:15][CH2:16][CH2:17][C:18](=[O:19])[O:20][CH2:21][C@H:22]([CH2:23][O:24][C:25](=[O:26])[CH2:27][CH2:28][CH2:29][CH2:30][CH2:31][CH2:32][CH2:33][CH2:34][CH2:35][CH2:36][CH2:37][CH2:38][CH2:39][CH2:40][CH2:41][CH2:42][CH2:43][CH2:44][CH2:45][CH2:46][CH3:47])[O:48][C:49](=[O:50])[CH2:51][CH2:52]/[CH:53]=[CH:54]\\[CH2:55]/[CH:56]=[CH:57]\\[CH2:58]/[CH:59]=[CH:60]\\[CH2:61]/[CH:62]=[CH:63]\\[CH2:64]/[CH:65]=[CH:66]\\[CH2:67][CH2:68][CH2:69][CH2:70][CH3:71]", "reacting_atoms": [39, 38], "template_id": "4b5c01ce1dd3e508649493e134ba9f1c", "template_set": ["bkms"], "num_examples": 15, "necessary_reagent": "", "template_score": 0.0958237275481224, "rms_molwt": -986.83024124, "num_rings": 0, "plausibility": 1, "tforms": ["4b5c01ce1dd3e508649493e134ba9f1c"], "rank": 9, "score": -12507.479081203064}, {"smiles": "CC/C=C\\C/C=C\\C/C=C\\CCCCCCCC(=O)SCCNC(=O)CCNC(=O)[C@H](O)C(C)(C)COP(=O)(O)OP(=O)(O)OC[C@H]1O[C@@H](n2cnc3c(N)ncnc32)[C@H](O)[C@@H]1OP(=O)(O)O.CCCCC/C=C\\C/C=C\\C/C=C\\C/C=C\\C/C=C\\CCC(=O)O[C@H](CO)COC(=O)CCCCCCCCCCC/C=C\\CCCCCCCC", "smiles_split": ["CC/C=C\\C/C=C\\C/C=C\\CCCCCCCC(=O)SCCNC(=O)CCNC(=O)[C@H](O)C(C)(C)COP(=O)(O)OP(=O)(O)OC[C@H]1O[C@@H](n2cnc3c(N)ncnc32)[C@H](O)[C@@H]1OP(=O)(O)O", "CCCCC/C=C\\C/C=C\\C/C=C\\C/C=C\\C/C=C\\CCC(=O)O[C@H](CO)COC(=O)CCCCCCCCCCC/C=C\\CCCCCCCC"], "mapped_smiles": "[CH3:1][CH2:2]/[CH:3]=[CH:4]\\[CH2:5]/[CH:6]=[CH:7]\\[CH2:8]/[CH:9]=[CH:10]\\[CH2:11][CH2:12][CH2:13][CH2:14][CH2:15][CH2:16][CH2:17][C:18](=[O:19])[S:947][CH2:946][CH2:945][NH:944][C:942]([CH2:941][CH2:940][NH:939][C:937]([C@@H:935]([C:901]([CH3:900])([CH3:902])[CH2:903][O:904][P:905]([OH:906])(=[O:907])[O:908][P:909]([OH:910])(=[O:911])[O:912][CH2:913][C@H:914]1[O:915][C@@H:916]([n:917]2[cH:918][n:919][c:920]3[c:921]([NH2:922])[n:923][cH:924][n:925][c:926]23)[C@H:927]([OH:928])[C@@H:929]1[O:930][P:931]([OH:932])([OH:933])=[O:934])[OH:936])=[O:938])=[O:943].[OH:20][CH2:21][C@H:22]([CH2:23][O:24][C:25](=[O:26])[CH2:27][CH2:28][CH2:29][CH2:30][CH2:31][CH2:32][CH2:33][CH2:34][CH2:35][CH2:36][CH2:37]/[CH:38]=[CH:39]\\[CH2:40][CH2:41][CH2:42][CH2:43][CH2:44][CH2:45][CH2:46][CH3:47])[O:48][C:49](=[O:50])[CH2:51][CH2:52]/[CH:53]=[CH:54]\\[CH2:55]/[CH:56]=[CH:57]\\[CH2:58]/[CH:59]=[CH:60]\\[CH2:61]/[CH:62]=[CH:63]\\[CH2:64]/[CH:65]=[CH:66]\\[CH2:67][CH2:68][CH2:69][CH2:70][CH3:71]", "reacting_atoms": [18, 20], "template_id": "4f507fe3c79f4d542f14417d7122ff5c", "template_set": ["bkms"], "num_examples": 31, "necessary_reagent": "", "template_score": 0.027100415900349617, "rms_molwt": -888.9463790672002, "num_rings": -3, "plausibility": 1, "tforms": ["4f507fe3c79f4d542f14417d7122ff5c"], "rank": 10, "score": -70477.60018289155}, {"smiles": "CC/C=C\\C/C=C\\C/C=C\\CCCCCCCC(=O)OC[C@@H](O)COC(=O)CCCCCCCCCCC/C=C\\CCCCCCCC.CCCCC/C=C\\C/C=C\\C/C=C\\C/C=C\\C/C=C\\CCC(=O)SCCNC(=O)CCNC(=O)[C@H](O)C(C)(C)COP(=O)(O)OP(=O)(O)OC[C@H]1O[C@@H](n2cnc3c(N)ncnc32)[C@H](O)[C@@H]1OP(=O)(O)O", "smiles_split": ["CC/C=C\\C/C=C\\C/C=C\\CCCCCCCC(=O)OC[C@@H](O)COC(=O)CCCCCCCCCCC/C=C\\CCCCCCCC", "CCCCC/C=C\\C/C=C\\C/C=C\\C/C=C\\C/C=C\\CCC(=O)SCCNC(=O)CCNC(=O)[C@H](O)C(C)(C)COP(=O)(O)OP(=O)(O)OC[C@H]1O[C@@H](n2cnc3c(N)ncnc32)[C@H](O)[C@@H]1OP(=O)(O)O"], "mapped_smiles": "[C:49](=[O:50])([CH2:51][CH2:52]/[CH:53]=[CH:54]\\[CH2:55]/[CH:56]=[CH:57]\\[CH2:58]/[CH:59]=[CH:60]\\[CH2:61]/[CH:62]=[CH:63]\\[CH2:64]/[CH:65]=[CH:66]\\[CH2:67][CH2:68][CH2:69][CH2:70][CH3:71])[S:947][CH2:946][CH2:945][NH:944][C:942]([CH2:941][CH2:940][NH:939][C:937]([C@@H:935]([C:901]([CH3:900])([CH3:902])[CH2:903][O:904][P:905]([OH:906])(=[O:907])[O:908][P:909]([OH:910])(=[O:911])[O:912][CH2:913][C@H:914]1[O:915][C@@H:916]([n:917]2[cH:918][n:919][c:920]3[c:921]([NH2:922])[n:923][cH:924][n:925][c:926]23)[C@H:927]([OH:928])[C@@H:929]1[O:930][P:931]([OH:932])([OH:933])=[O:934])[OH:936])=[O:938])=[O:943].[CH3:1][CH2:2]/[CH:3]=[CH:4]\\[CH2:5]/[CH:6]=[CH:7]\\[CH2:8]/[CH:9]=[CH:10]\\[CH2:11][CH2:12][CH2:13][CH2:14][CH2:15][CH2:16][CH2:17][C:18](=[O:19])[O:20][CH2:21][C@H:22]([CH2:23][O:24][C:25](=[O:26])[CH2:27][CH2:28][CH2:29][CH2:30][CH2:31][CH2:32][CH2:33][CH2:34][CH2:35][CH2:36][CH2:37]/[CH:38]=[CH:39]\\[CH2:40][CH2:41][CH2:42][CH2:43][CH2:44][CH2:45][CH2:46][CH3:47])[OH:48]", "reacting_atoms": [49, 48], "template_id": "4f507fe3c79f4d542f14417d7122ff5c", "template_set": ["bkms"], "num_examples": 31, "necessary_reagent": "", "template_score": 0.027100415900349617, "rms_molwt": -899.2687508379738, "num_rings": -3, "plausibility": 1, "tforms": ["4f507fe3c79f4d542f14417d7122ff5c"], "rank": 11, "score": -71024.78149644041}, {"smiles": "CC/C=C\\C/C=C\\C/C=C\\CCCCCCCC(=O)OC[C@H](CO)OC(=O)CC/C=C\\C/C=C\\C/C=C\\C/C=C\\C/C=C\\CCCCC.CCCCCCCC/C=C\\CCCCCCCCCCCC(=O)SCCNC(=O)CCNC(=O)[C@H](O)C(C)(C)COP(=O)(O)OP(=O)(O)OC[C@H]1O[C@@H](n2cnc3c(N)ncnc32)[C@H](O)[C@@H]1OP(=O)(O)O", "smiles_split": ["CC/C=C\\C/C=C\\C/C=C\\CCCCCCCC(=O)OC[C@H](CO)OC(=O)CC/C=C\\C/C=C\\C/C=C\\C/C=C\\C/C=C\\CCCCC", "CCCCCCCC/C=C\\CCCCCCCCCCCC(=O)SCCNC(=O)CCNC(=O)[C@H](O)C(C)(C)COP(=O)(O)OP(=O)(O)OC[C@H]1O[C@@H](n2cnc3c(N)ncnc32)[C@H](O)[C@@H]1OP(=O)(O)O"], "mapped_smiles": "[C:25](=[O:26])([CH2:27][CH2:28][CH2:29][CH2:30][CH2:31][CH2:32][CH2:33][CH2:34][CH2:35][CH2:36][CH2:37]/[CH:38]=[CH:39]\\[CH2:40][CH2:41][CH2:42][CH2:43][CH2:44][CH2:45][CH2:46][CH3:47])[S:947][CH2:946][CH2:945][NH:944][C:942]([CH2:941][CH2:940][NH:939][C:937]([C@@H:935]([C:901]([CH3:900])([CH3:902])[CH2:903][O:904][P:905]([OH:906])(=[O:907])[O:908][P:909]([OH:910])(=[O:911])[O:912][CH2:913][C@H:914]1[O:915][C@@H:916]([n:917]2[cH:918][n:919][c:920]3[c:921]([NH2:922])[n:923][cH:924][n:925][c:926]23)[C@H:927]([OH:928])[C@@H:929]1[O:930][P:931]([OH:932])([OH:933])=[O:934])[OH:936])=[O:938])=[O:943].[CH3:1][CH2:2]/[CH:3]=[CH:4]\\[CH2:5]/[CH:6]=[CH:7]\\[CH2:8]/[CH:9]=[CH:10]\\[CH2:11][CH2:12][CH2:13][CH2:14][CH2:15][CH2:16][CH2:17][C:18](=[O:19])[O:20][CH2:21][C@H:22]([CH2:23][OH:24])[O:48][C:49](=[O:50])[CH2:51][CH2:52]/[CH:53]=[CH:54]\\[CH2:55]/[CH:56]=[CH:57]\\[CH2:58]/[CH:59]=[CH:60]\\[CH2:61]/[CH:62]=[CH:63]\\[CH2:64]/[CH:65]=[CH:66]\\[CH2:67][CH2:68][CH2:69][CH2:70][CH3:71]", "reacting_atoms": [25, 24], "template_id": "4f507fe3c79f4d542f14417d7122ff5c", "template_set": ["bkms"], "num_examples": 31, "necessary_reagent": "", "template_score": 0.027100415900349617, "rms_molwt": -901.1265654643083, "num_rings": -3, "plausibility": 1, "tforms": ["4f507fe3c79f4d542f14417d7122ff5c"], "rank": 12, "score": -71024.78149644041}, {"smiles": "CC/C=C\\CC1C(=O)OC1C/C=C\\CCCCCCCC(=O)OC[C@H](COC(=O)CCCCCCCCCCC/C=C\\CCCCCCCC)OC(=O)CC/C=C\\C/C=C\\C/C=C\\C/C=C\\C/C=C\\CCCCC", "smiles_split": ["CC/C=C\\CC1C(=O)OC1C/C=C\\CCCCCCCC(=O)OC[C@H](COC(=O)CCCCCCCCCCC/C=C\\CCCCCCCC)OC(=O)CC/C=C\\C/C=C\\C/C=C\\C/C=C\\C/C=C\\CCCCC"], "mapped_smiles": "[CH3:1][CH2:2]/[CH:3]=[CH:4]\\[CH2:5][CH:6]1[CH:7]([CH2:8]/[CH:9]=[CH:10]\\[CH2:11][CH2:12][CH2:13][CH2:14][CH2:15][CH2:16][CH2:17][C:18](=[O:19])[O:20][CH2:21][C@H:22]([CH2:23][O:24][C:25](=[O:26])[CH2:27][CH2:28][CH2:29][CH2:30][CH2:31][CH2:32][CH2:33][CH2:34][CH2:35][CH2:36][CH2:37]/[CH:38]=[CH:39]\\[CH2:40][CH2:41][CH2:42][CH2:43][CH2:44][CH2:45][CH2:46][CH3:47])[O:48][C:49](=[O:50])[CH2:51][CH2:52]/[CH:53]=[CH:54]\\[CH2:55]/[CH:56]=[CH:57]\\[CH2:58]/[CH:59]=[CH:60]\\[CH2:61]/[CH:62]=[CH:63]\\[CH2:64]/[CH:65]=[CH:66]\\[CH2:67][CH2:68][CH2:69][CH2:70][CH3:71])[O:902][C:901]1=[O:900]", "reacting_atoms": [7, 6], "template_id": "95b167a4e5e2cf14a7f1b2c6fb174cb0", "template_set": ["bkms"], "num_examples": 4, "necessary_reagent": "", "template_score": 0.013351380825042725, "rms_molwt": -1028.804420416, "num_rings": -1, "plausibility": 1, "tforms": ["95b167a4e5e2cf14a7f1b2c6fb174cb0"], "rank": 13, "score": -96105.72541797021}, {"smiles": "CC/C=C\\C/C=C\\CC1C(=O)OC1CCCCCCCC(=O)OC[C@H](COC(=O)CCCCCCCCCCC/C=C\\CCCCCCCC)OC(=O)CC/C=C\\C/C=C\\C/C=C\\C/C=C\\C/C=C\\CCCCC", "smiles_split": ["CC/C=C\\C/C=C\\CC1C(=O)OC1CCCCCCCC(=O)OC[C@H](COC(=O)CCCCCCCCCCC/C=C\\CCCCCCCC)OC(=O)CC/C=C\\C/C=C\\C/C=C\\C/C=C\\C/C=C\\CCCCC"], "mapped_smiles": "[CH3:1][CH2:2]/[CH:3]=[CH:4]\\[CH2:5]/[CH:6]=[CH:7]\\[CH2:8][CH:9]1[CH:10]([CH2:11][CH2:12][CH2:13][CH2:14][CH2:15][CH2:16][CH2:17][C:18](=[O:19])[O:20][CH2:21][C@H:22]([CH2:23][O:24][C:25](=[O:26])[CH2:27][CH2:28][CH2:29][CH2:30][CH2:31][CH2:32][CH2:33][CH2:34][CH2:35][CH2:36][CH2:37]/[CH:38]=[CH:39]\\[CH2:40][CH2:41][CH2:42][CH2:43][CH2:44][CH2:45][CH2:46][CH3:47])[O:48][C:49](=[O:50])[CH2:51][CH2:52]/[CH:53]=[CH:54]\\[CH2:55]/[CH:56]=[CH:57]\\[CH2:58]/[CH:59]=[CH:60]\\[CH2:61]/[CH:62]=[CH:63]\\[CH2:64]/[CH:65]=[CH:66]\\[CH2:67][CH2:68][CH2:69][CH2:70][CH3:71])[O:902][C:901]1=[O:900]", "reacting_atoms": [10, 9], "template_id": "95b167a4e5e2cf14a7f1b2c6fb174cb0", "template_set": ["bkms"], "num_examples": 4, "necessary_reagent": "", "template_score": 0.013351380825042725, "rms_molwt": -1028.804420416, "num_rings": -1, "plausibility": 1, "tforms": ["95b167a4e5e2cf14a7f1b2c6fb174cb0"], "rank": 14, "score": -96105.72541797021}, {"smiles": "CCCCC/C=C\\C/C=C\\C/C=C\\C/C=C\\C/C=C\\CCC(=O)O[C@H](COC(=O)CCCCCCC/C=C\\C/C=C\\CC1OC(=O)C1CC)COC(=O)CCCCCCCCCCC/C=C\\CCCCCCCC", "smiles_split": ["CCCCC/C=C\\C/C=C\\C/C=C\\C/C=C\\C/C=C\\CCC(=O)O[C@H](COC(=O)CCCCCCC/C=C\\C/C=C\\CC1OC(=O)C1CC)COC(=O)CCCCCCCCCCC/C=C\\CCCCCCCC"], "mapped_smiles": "[CH3:1][CH2:2][CH:3]1[CH:4]([CH2:5]/[CH:6]=[CH:7]\\[CH2:8]/[CH:9]=[CH:10]\\[CH2:11][CH2:12][CH2:13][CH2:14][CH2:15][CH2:16][CH2:17][C:18](=[O:19])[O:20][CH2:21][C@H:22]([CH2:23][O:24][C:25](=[O:26])[CH2:27][CH2:28][CH2:29][CH2:30][CH2:31][CH2:32][CH2:33][CH2:34][CH2:35][CH2:36][CH2:37]/[CH:38]=[CH:39]\\[CH2:40][CH2:41][CH2:42][CH2:43][CH2:44][CH2:45][CH2:46][CH3:47])[O:48][C:49](=[O:50])[CH2:51][CH2:52]/[CH:53]=[CH:54]\\[CH2:55]/[CH:56]=[CH:57]\\[CH2:58]/[CH:59]=[CH:60]\\[CH2:61]/[CH:62]=[CH:63]\\[CH2:64]/[CH:65]=[CH:66]\\[CH2:67][CH2:68][CH2:69][CH2:70][CH3:71])[O:902][C:901]1=[O:900]", "reacting_atoms": [4, 3], "template_id": "95b167a4e5e2cf14a7f1b2c6fb174cb0", "template_set": ["bkms"], "num_examples": 4, "necessary_reagent": "", "template_score": 0.013351380825042725, "rms_molwt": -1028.804420416, "num_rings": -1, "plausibility": 1, "tforms": ["95b167a4e5e2cf14a7f1b2c6fb174cb0"], "rank": 15, "score": -96105.72541797021}]}