{"smiles": "CC1=C(/C=C/C(C)=C\\C=C/C(C)=C\\C=C\\C=C(C)\\C=C/C=C(C)\\C=C\\C2=C(C)[C@@H](O)[C@@H](O)CC2(C)C)C(C)(C)C[C@@H](O)C1=O", "sfscore": [0.4274803698062897, 0.6214765310287476], "chem_result": [{"smiles": "CC1=C(/C=C/C(C)=C\\C=C/C(C)=C\\C=C\\C=C(C)\\C=C/C=C(C)\\C=C\\C2=C(C)[C@@H](O)[C@@H](O)CC2(C)C)C(C)(C)C[C@@H](O)C1=O", "bw_confidence": 0.010608566287561481, "confidence": 0.4606328405851683, "rclass": "6 6.3 6.3.2", "children": [{"smiles": "CC1=C(/C=C/C(C)=C\\C=C/C(C)=C\\C=C/C=C(C)\\C=C/C=C(C)\\C=C\\C2=C(C)[C@@H](O[Si](C)(C)C(C)(C)C)[C@@H](O[Si](C)(C)C(C)(C)C)CC2(C)C)C(C)(C)C[C@@H](O[Si](C)(C)C(C)(C)C)C1=O"}, {"smiles": "CCCC[N+](CCCC)(CCCC)CCCC~[F-]"}]}, {"smiles": "CC1=C(/C=C/C(C)=C\\C=C/C(C)=C\\C=C\\C=C(C)\\C=C/C=C(C)\\C=C\\C2=C(C)[C@@H](O)[C@@H](O)CC2(C)C)C(C)(C)C[C@@H](O)C1=O", "bw_confidence": 0.0016165112696832633, "confidence": 0.48492651128488845, "rclass": "6 6.3 6.3.2", "children": [{"smiles": "C1CCOC1"}, {"smiles": "CC1=C(/C=C/C(C)=C\\C=C/C(C)=C\\C=C\\C=C(C)\\C=C\\C=C(C)/C=C\\C2=C(C)[C@@H](O)[C@@H](O)CC2(C)C)C(C)(C)C[C@@H](O[Si](C)(C)C(C)(C)C)C1=O"}, {"smiles": "CCCC[N+](CCCC)(CCCC)CCCC~[F-]"}]}, {"smiles": "CC1=C(/C=C/C(C)=C\\C=C/C(C)=C\\C=C\\C=C(C)\\C=C/C=C(C)\\C=C\\C2=C(C)[C@@H](O)[C@@H](O)CC2(C)C)C(C)(C)C[C@@H](O)C1=O", "bw_confidence": 0.0015648478822634392, "confidence": 0.07778695702082768, "rclass": "11 11.5 11.5", "children": [{"smiles": "CC(C)=O"}, {"smiles": "CC1=C(/C=C/C(C)=C\\C=C/C(C)=C\\C=C/C=C(C)\\C=C/C=C(C)\\C=C\\C2=C(C)[C@@H](O)[C@@H](O)CC2(C)C)C(C)(C)C[C@@H](O)C1=O"}]}, {"smiles": "CC1=C(/C=C/C(C)=C\\C=C/C(C)=C\\C=C\\C=C(C)\\C=C/C=C(C)\\C=C\\C2=C(C)[C@@H](O)[C@@H](O)CC2(C)C)C(C)(C)C[C@@H](O)C1=O", "bw_confidence": 0.0015509149726372275, "confidence": 0.23205038203584752, "rclass": "7 7.5 7.5.1", "children": [{"smiles": "CC1=C(/C=C\\C(C)=C/C=C/C(C)=C/C=C/C=C(C)\\C=C/C=C(C)\\C=C\\C2=C(C)C(=O)[C@H](O)CC2(C)C)C(C)(C)C[C@H](O)C1=O"}, {"smiles": "CCO"}, {"smiles": "[BH4-]~[Na+]"}]}, {"smiles": "CC1=C(/C=C/C(C)=C\\C=C/C(C)=C\\C=C\\C=C(C)\\C=C/C=C(C)\\C=C\\C2=C(C)[C@@H](O)[C@@H](O)CC2(C)C)C(C)(C)C[C@@H](O)C1=O", "bw_confidence": 0.0011509231341998258, "confidence": 0.21739794171008928, "rclass": "9 9.7 9.7.326", "children": [{"smiles": "CC1=C(/C=C/C(C)=C\\C=C/C(C)=C\\C=C/C=C(C)\\C=C\\C=C(C)\\C=C\\C2=C(C)[C@@H](O)[C@@H](O[C@@H]3O[C@H](CO)[C@@H](O)[C@H](O)[C@H]3O)CC2(C)C)C(C)(C)C[C@@H](O)C1=O"}, {"smiles": "O"}]}, {"smiles": "CC1=C(/C=C/C(C)=C\\C=C/C(C)=C\\C=C\\C=C(C)\\C=C/C=C(C)\\C=C\\C2=C(C)[C@@H](O)[C@@H](O)CC2(C)C)C(C)(C)C[C@@H](O)C1=O", "bw_confidence": 0.000879715465974415, "confidence": 0.16509723833179643, "rclass": "10 10.4 10.4.11", "children": [{"smiles": "CC(C)=O"}, {"smiles": "CC1=C(/C=C\\C(C)=C\\C=C/C(C)=C\\C=C/C=C(C)\\C=C/C=C(C)\\C=C\\C2=C(C)C(=O)[C@H](O)CC2(C)C)C(C)(C)CC=C1"}, {"smiles": "C[N+]1([O-])CCOCC1"}, {"smiles": "O"}, {"smiles": "O=[Os](=O)(=O)=O"}]}, {"smiles": "CC1=C(/C=C/C(C)=C\\C=C/C(C)=C\\C=C\\C=C(C)\\C=C/C=C(C)\\C=C\\C2=C(C)[C@@H](O)[C@@H](O)CC2(C)C)C(C)(C)C[C@@H](O)C1=O", "bw_confidence": 0.0007474928769861513, "confidence": 0.06323584021507428, "rclass": "11 11.5 11.5", "children": [{"smiles": "CC1=C(/C=C/C(C)=C\\C=C/C(C)=C\\C=C/C=C(C)\\C=C\\C=C(C)/C=C\\C2=C(C)[C@@H](O)[C@@H](O)CC2(C)C)C(C)(C)C[C@@H](O)C1=O"}, {"smiles": "ClCCl"}]}, {"smiles": "CC1=C(/C=C/C(C)=C\\C=C/C(C)=C\\C=C\\C=C(C)\\C=C/C=C(C)\\C=C\\C2=C(C)[C@@H](O)[C@@H](O)CC2(C)C)C(C)(C)C[C@@H](O)C1=O", "bw_confidence": 0.000718223700447786, "confidence": 0.2730308281465485, "rclass": "8 8.7 8.7.4", "children": [{"smiles": "CC1=C(/C=C/C(C)=C\\C=C/C(C)=C\\C=C/C=C(C)\\C=C\\C=C(C)\\C=C\\C2=C(C)[C@@H](O)[C@@H](O)CC2(C)C)C(C)(C)CCC1"}, {"smiles": "ClCCl"}, {"smiles": "O=C(OO)c1cccc(Cl)c1"}]}, {"smiles": "CC1=C(/C=C/C(C)=C\\C=C/C(C)=C\\C=C\\C=C(C)\\C=C/C=C(C)\\C=C\\C2=C(C)[C@@H](O)[C@@H](O)CC2(C)C)C(C)(C)C[C@@H](O)C1=O", "bw_confidence": 0.0005794842920173074, "confidence": 0.6048161546216015, "rclass": "6 6.3 6.3.6", "children": [{"smiles": "CC(=O)O[C@H]1CC(C)(C)C(/C=C/C(C)=C/C=C/C(C)=C/C=C/C=C(C)/C=C/C=C(C)/C=C\\C2=C(C)[C@@H](OC(C)=O)[C@@H](OC(C)=O)CC2(C)C)=C(C)C1=O"}, {"smiles": "CO"}, {"smiles": "C[O-]~[Na+]"}]}, {"smiles": "CC1=C(/C=C/C(C)=C\\C=C/C(C)=C\\C=C\\C=C(C)\\C=C/C=C(C)\\C=C\\C2=C(C)[C@@H](O)[C@@H](O)CC2(C)C)C(C)(C)C[C@@H](O)C1=O", "bw_confidence": 0.0003487271518888799, "confidence": 0.0900489990135177, "rclass": "0 0 0", "children": [{"smiles": "CC1=C(/C=C/C(C)=C/C=C/C(C)=C/C=C/C=C(C)/C=C/C=C(C)/C=C/C2=C(C)[C@@H](O)[C@@H](O)CC2(C)C)C(C)(C)C[C@@H](O)C1=O"}, {"smiles": "CC1=C(/C=C/C(C)=C/C=C/C(C)=C/C=C/C=C(C)/C=C/C=C(C)/C=C\\C2=C(C)[C@@H](O)[C@@H](O)CC2(C)C)C(C)(C)C[C@@H](O)C1=O"}]}, {"smiles": "CC1=C(/C=C/C(C)=C\\C=C/C(C)=C\\C=C\\C=C(C)\\C=C/C=C(C)\\C=C\\C2=C(C)[C@@H](O)[C@@H](O)CC2(C)C)C(C)(C)C[C@@H](O)C1=O", "bw_confidence": 0.00014716537131848005, "confidence": 0.08285516924342391, "rclass": "11 11.5 11.5", "children": [{"smiles": "CC(C)=O"}, {"smiles": "CC1=C(/C=C/C(C)=C\\C=C/C(C)=C\\C=C/C=C(C)\\C=C\\C=C(C)/C=C\\C2=C(C)[C@@H](O)[C@@H](O)CC2(C)C)C(C)(C)C[C@@H](O)C1=O"}]}], "chem_bw_confidence_list": [0.010608566287561481, 0.0016165112696832633, 0.0015648478822634392, 0.0015509149726372275, 0.0011509231341998258, 0.000879715465974415, 0.0007474928769861513, 0.000718223700447786, 0.0005794842920173074, 0.0003487271518888799, 0.00014716537131848005], "enzy_template_score_list": [0.3270423114299774, 0.07815730571746826, 0.016844194382429123, 0.008623992092907429, 0.00810740701854229, 0.00810740701854229, 0.005087114404886961, 0.005087114404886961, 0.004462020006030798, 0.004462020006030798, 0.004462020006030798, 0.006930232979357243, 0.006930232979357243, 0.006930232979357243, 0.0032546091824769974], "enzy_result": [{"smiles": "CC1=C(/C=C/C(C)=C\\C=C/C(C)=C\\C=C\\C=C(C)\\C=C/C=C(C)\\C=C\\C2=C(C)[C@@H](O)[C@@H](O)CC2(C)C)C(C)(C)CCC1=O", "smiles_split": ["CC1=C(/C=C/C(C)=C\\C=C/C(C)=C\\C=C\\C=C(C)\\C=C/C=C(C)\\C=C\\C2=C(C)[C@@H](O)[C@@H](O)CC2(C)C)C(C)(C)CCC1=O"], "mapped_smiles": "[CH3:1][C:2]1=[C:3](/[CH:4]=[CH:5]/[C:6]([CH3:7])=[CH:8]\\[CH:9]=[CH:10]/[C:11]([CH3:12])=[CH:13]\\[CH:14]=[CH:15]\\[CH:16]=[C:17]([CH3:18])\\[CH:19]=[CH:20]/[CH:21]=[C:22]([CH3:23])\\[CH:24]=[CH:25]\\[C:26]2=[C:27]([CH3:28])[C@@H:29]([OH:30])[C@@H:31]([OH:32])[CH2:33][C:34]2([CH3:35])[CH3:36])[C:37]([CH3:38])([CH3:39])[CH2:40][CH2:41][C:43]1=[O:44]", "reacting_atoms": [41], "template_id": "21617d0f61d9d27c826624aa360af4cd", "template_set": ["bkms", "bkms", "bkms", "bkms", "bkms", "bkms", "bkms"], "num_examples": 126, "necessary_reagent": "[O]", "template_score": 0.3270423114299774, "rms_molwt": -582.407295588, "num_rings": -2, "plausibility": 1, "tforms": ["cdf161fbfa4379d23cfc2368cee04eb7", "e02e12739f79a157fa00ff4d0ff860fe", "a034de99c75fe18016182f108d443d26", "5aee4c366bfae630c700f282deea2128", "21617d0f61d9d27c826624aa360af4cd", "9f387abf2274fc73429ecccd1b168e7b", "c74ca0a617022d556d9b2b5912d52981"], "rank": 1, "score": -1878.989081824652}, {"smiles": "CC1=C(/C=C/C(C)=C\\C=C/C(C)=C\\C=C\\C=C(C)\\C=C/C=C(C)\\C=C\\C2=C(C)[C@@H](O)[C@@H](O)CC2(C)C)C(C)(C)C[C@@H](O)C1", "smiles_split": ["CC1=C(/C=C/C(C)=C\\C=C/C(C)=C\\C=C\\C=C(C)\\C=C/C=C(C)\\C=C\\C2=C(C)[C@@H](O)[C@@H](O)CC2(C)C)C(C)(C)C[C@@H](O)C1"], "mapped_smiles": "[CH3:1][C:2]1=[C:3](/[CH:4]=[CH:5]/[C:6]([CH3:7])=[CH:8]\\[CH:9]=[CH:10]/[C:11]([CH3:12])=[CH:13]\\[CH:14]=[CH:15]\\[CH:16]=[C:17]([CH3:18])\\[CH:19]=[CH:20]/[CH:21]=[C:22]([CH3:23])\\[CH:24]=[CH:25]\\[C:26]2=[C:27]([CH3:28])[C@@H:29]([OH:30])[C@@H:31]([OH:32])[CH2:33][C:34]2([CH3:35])[CH3:36])[C:37]([CH3:38])([CH3:39])[CH2:40][C@@H:41]([OH:42])[CH2:43]1", "reacting_atoms": [43], "template_id": "8df0e4bf3414218d8d119a51db14630c", "template_set": ["bkms", "bkms", "bkms", "bkms"], "num_examples": 20, "necessary_reagent": "[O]", "template_score": 0.07815730571746826, "rms_molwt": -584.422945652, "num_rings": -2, "plausibility": 1, "tforms": ["34676ae492f4fb24a000cbc76b68dcc0", "c692718ab2eabf8aadf4df947fc75b15", "2c39827075d1ca797d6c3001566d566d", "8df0e4bf3414218d8d119a51db14630c"], "rank": 2, "score": -7990.410195678567}, {"smiles": "CC1=C(/C=C/C(C)=C\\C=C/C(C)=C\\C=C\\C=C(C)\\C=C/C=C(C)\\C=C\\C2=C(C)[C@@H](O)[C@@H](O)CC2(C)C)C(C)(C)C[C@@H](O)C1O", "smiles_split": ["CC1=C(/C=C/C(C)=C\\C=C/C(C)=C\\C=C\\C=C(C)\\C=C/C=C(C)\\C=C\\C2=C(C)[C@@H](O)[C@@H](O)CC2(C)C)C(C)(C)C[C@@H](O)C1O"], "mapped_smiles": "[CH3:1][C:2]1=[C:3](/[CH:4]=[CH:5]/[C:6]([CH3:7])=[CH:8]\\[CH:9]=[CH:10]/[C:11]([CH3:12])=[CH:13]\\[CH:14]=[CH:15]\\[CH:16]=[C:17]([CH3:18])\\[CH:19]=[CH:20]/[CH:21]=[C:22]([CH3:23])\\[CH:24]=[CH:25]\\[C:26]2=[C:27]([CH3:28])[C@@H:29]([OH:30])[C@@H:31]([OH:32])[CH2:33][C:34]2([CH3:35])[CH3:36])[C:37]([CH3:38])([CH3:39])[CH2:40][C@@H:41]([OH:42])[CH:43]1[OH:44]", "reacting_atoms": [43, 44], "template_id": "fbea35b37b8a0b8c9ebea8de8eb28297", "template_set": ["bkms", "bkms", "bkms", "bkms"], "num_examples": 24, "necessary_reagent": "", "template_score": 0.016844194382429123, "rms_molwt": -600.417860272, "num_rings": -2, "plausibility": 1, "tforms": ["fd6b8f04bbf012783d7ec26e58e617f0", "c4b399cfd6eb731833c5f03b5be817cf", "c3df4b32a4526a4773e382bf5570b10d", "fbea35b37b8a0b8c9ebea8de8eb28297"], "rank": 3, "score": -38190.914203367975}, {"smiles": "CC1=C(/C=C/C(C)=C\\C=C/C(C)=C/C=C/C=C(C)\\C=C/C=C(C)\\C=C\\C2=C(C)C(O)(O)[C@H](O)CC2(C)C)C(C)(C)C[C@H](O)[C@@H]1O", "smiles_split": ["CC1=C(/C=C/C(C)=C\\C=C/C(C)=C/C=C/C=C(C)\\C=C/C=C(C)\\C=C\\C2=C(C)C(O)(O)[C@H](O)CC2(C)C)C(C)(C)C[C@H](O)[C@@H]1O"], "mapped_smiles": "[CH3:1][C:2]1=[C:3](/[CH:4]=[CH:5]/[C:6]([CH3:7])=[CH:8]\\[CH:9]=[CH:10]/[C:11]([CH3:12])=[CH:13]\\[CH:14]=[CH:15]\\[CH:16]=[C:17]([CH3:18])\\[CH:19]=[CH:20]/[CH:21]=[C:22]([CH3:23])\\[CH:24]=[CH:25]\\[C:26]2=[C:27]([CH3:28])[C@@H:29]([OH:30])[C@@H:31]([OH:32])[CH2:33][C:34]2([CH3:35])[CH3:36])[C:37]([CH3:38])([CH3:39])[CH2:40][C@@H:41]([OH:42])[C:43]1([OH:44])[OH:900]", "reacting_atoms": [43, 44], "template_id": "5ede315ce65b507388ad81b3652afe42", "template_set": ["bkms", "bkms", "bkms"], "num_examples": 5, "necessary_reagent": "", "template_score": 0.008623992092907429, "rms_molwt": -616.412774892, "num_rings": -2, "plausibility": 1, "tforms": ["682c66f2537b34949f7229c6b9b0969d", "5ede315ce65b507388ad81b3652afe42", "4c2927502f3ab9598135139bd8bbb11b"], "rank": 4, "score": -76914.21399285788}, {"smiles": "CC1=C(/C=C/C(C)=C\\C=C/C(C)=C/C=C/C=C(C)\\C=C/C=C(C)\\C=C\\C2=C(C)[C@@H](O)[C@H](O)CC2(C)C)C(C)(C)C[C@H](O)[C@@H]1O", "smiles_split": ["CC1=C(/C=C/C(C)=C\\C=C/C(C)=C/C=C/C=C(C)\\C=C/C=C(C)\\C=C\\C2=C(C)[C@@H](O)[C@H](O)CC2(C)C)C(C)(C)C[C@H](O)[C@@H]1O"], "mapped_smiles": "[CH3:1][C:2]1=[C:3](/[CH:4]=[CH:5]/[C:6]([CH3:7])=[CH:8]\\[CH:9]=[CH:10]/[C:11]([CH3:12])=[CH:13]\\[CH:14]=[CH:15]\\[CH:16]=[C:17]([CH3:18])\\[CH:19]=[CH:20]/[CH:21]=[C:22]([CH3:23])\\[CH:24]=[CH:25]\\[C:26]2=[C:27]([CH3:28])[C@@H:29]([OH:30])[C@@H:31]([OH:32])[CH2:33][C:34]2([CH3:35])[CH3:36])[C:37]([CH3:38])([CH3:39])[CH2:40][C@@H:41]([OH:42])[C@@H:43]1[OH:44]", "reacting_atoms": [43, 44], "template_id": "0c7dcd7f9823e2af4e741ccca881c752", "template_set": ["bkms", "bkms", "bkms", "bkms", "bkms", "bkms", "bkms"], "num_examples": 227, "necessary_reagent": "", "template_score": 0.00810740701854229, "rms_molwt": -600.417860272, "num_rings": -2, "plausibility": 1, "tforms": ["0ab85d85194c630b5a04aefeac9ba75a", "ae2b4433467f6c332e28eefbfb960239", "95b8ada383eb8f3d3a3766b627374a54", "35e47acfcf35668ae7c84053bd47bef0", "f6cdcbae041656aca70feaa5c8fceefa", "94deac637c526bb74dde070f976219af", "0c7dcd7f9823e2af4e741ccca881c752"], "rank": 5, "score": -81073.41607260086}, {"smiles": "CC1=C(/C=C/C(C)=C\\C=C/C(C)=C\\C=C\\C=C(C)\\C=C/C=C(C)\\C=C\\C2=C(C)[C@@H](O)[C@@H](O)CC2(C)C)C(C)(C)C[C@@H](O)[C@H]1O", "smiles_split": ["CC1=C(/C=C/C(C)=C\\C=C/C(C)=C\\C=C\\C=C(C)\\C=C/C=C(C)\\C=C\\C2=C(C)[C@@H](O)[C@@H](O)CC2(C)C)C(C)(C)C[C@@H](O)[C@H]1O"], "mapped_smiles": "[CH3:1][C:2]1=[C:3](/[CH:4]=[CH:5]/[C:6]([CH3:7])=[CH:8]\\[CH:9]=[CH:10]/[C:11]([CH3:12])=[CH:13]\\[CH:14]=[CH:15]\\[CH:16]=[C:17]([CH3:18])\\[CH:19]=[CH:20]/[CH:21]=[C:22]([CH3:23])\\[CH:24]=[CH:25]\\[C:26]2=[C:27]([CH3:28])[C@@H:29]([OH:30])[C@@H:31]([OH:32])[CH2:33][C:34]2([CH3:35])[CH3:36])[C:37]([CH3:38])([CH3:39])[CH2:40][C@@H:41]([OH:42])[C@H:43]1[OH:44]", "reacting_atoms": [43, 44], "template_id": "0c7dcd7f9823e2af4e741ccca881c752", "template_set": ["bkms", "bkms", "bkms", "bkms", "bkms", "bkms"], "num_examples": 206, "necessary_reagent": "", "template_score": 0.00810740701854229, "rms_molwt": -600.417860272, "num_rings": -2, "plausibility": 1, "tforms": ["0fe4b4a3b99fecf5b1b5c01d8ce1d175", "0c7dcd7f9823e2af4e741ccca881c752", "35e47acfcf35668ae7c84053bd47bef0", "e29e2f2b3e04834bd935b5ccb00ce05e", "357126d096b9d2e32d257375a420472a", "ddb19434e1c4179ba615ca4c72cf8ede"], "rank": 6, "score": -81073.41607260086}, {"smiles": "CC1=C(/C=C/C(C)=C\\C=C/C(C)=C/C=C/C=C(C)\\C=C/C=C(C)\\C=C\\C2=C(C)C(=O)[C@H](O)CC2(C)C)C(C)(C)C[C@H](O)C1", "smiles_split": ["CC1=C(/C=C/C(C)=C\\C=C/C(C)=C/C=C/C=C(C)\\C=C/C=C(C)\\C=C\\C2=C(C)C(=O)[C@H](O)CC2(C)C)C(C)(C)C[C@H](O)C1"], "mapped_smiles": "[CH3:1][C:2]1=[C:3](/[CH:4]=[CH:5]/[C:6]([CH3:7])=[CH:8]\\[CH:9]=[CH:10]/[C:11]([CH3:12])=[CH:13]\\[CH:14]=[CH:15]\\[CH:16]=[C:17]([CH3:18])\\[CH:19]=[CH:20]/[CH:21]=[C:22]([CH3:23])\\[CH:24]=[CH:25]\\[C:26]2=[C:27]([CH3:28])[CH2:29][C@@H:31]([OH:32])[CH2:33][C:34]2([CH3:35])[CH3:36])[C:37]([CH3:38])([CH3:39])[CH2:40][C@@H:41]([OH:42])[C:43]1=[O:44]", "reacting_atoms": [29], "template_id": "9f387abf2274fc73429ecccd1b168e7b", "template_set": ["bkms", "bkms", "bkms", "bkms", "bkms"], "num_examples": 138, "necessary_reagent": "[O]", "template_score": 0.005087114404886961, "rms_molwt": -582.407295588, "num_rings": -2, "plausibility": 1, "tforms": ["737f5dcdb5d6409ce1447b5b5eb3e8e9", "a034de99c75fe18016182f108d443d26", "20fd3b34ac63c5117000e3f7f9c4d7c2", "9f387abf2274fc73429ecccd1b168e7b", "d2ffafb18be6a34efad6416950de1e32"], "rank": 7, "score": -120797.15209103498}, {"smiles": "CC1=C(/C=C/C(C)=C\\C=C/C(C)=C\\C=C\\C=C(C)\\C=C/C=C(C)\\C=C\\C2=C(C)[C@@H](O)CCC2(C)C)C(C)(C)C[C@@H](O)C1=O", "smiles_split": ["CC1=C(/C=C/C(C)=C\\C=C/C(C)=C\\C=C\\C=C(C)\\C=C/C=C(C)\\C=C\\C2=C(C)[C@@H](O)CCC2(C)C)C(C)(C)C[C@@H](O)C1=O"], "mapped_smiles": "[CH3:1][C:2]1=[C:3](/[CH:4]=[CH:5]/[C:6]([CH3:7])=[CH:8]\\[CH:9]=[CH:10]/[C:11]([CH3:12])=[CH:13]\\[CH:14]=[CH:15]\\[CH:16]=[C:17]([CH3:18])\\[CH:19]=[CH:20]/[CH:21]=[C:22]([CH3:23])\\[CH:24]=[CH:25]\\[C:26]2=[C:27]([CH3:28])[C@@H:29]([OH:30])[CH2:31][CH2:33][C:34]2([CH3:35])[CH3:36])[C:37]([CH3:38])([CH3:39])[CH2:40][C@@H:41]([OH:42])[C:43]1=[O:44]", "reacting_atoms": [31], "template_id": "9f387abf2274fc73429ecccd1b168e7b", "template_set": ["bkms", "bkms", "bkms", "bkms"], "num_examples": 119, "necessary_reagent": "[O]", "template_score": 0.005087114404886961, "rms_molwt": -582.407295588, "num_rings": -2, "plausibility": 1, "tforms": ["cdf161fbfa4379d23cfc2368cee04eb7", "9f387abf2274fc73429ecccd1b168e7b", "a034de99c75fe18016182f108d443d26", "e02e12739f79a157fa00ff4d0ff860fe"], "rank": 8, "score": -120797.15209103498}, {"smiles": "CO[C@@H]1C(C)=C(/C=C/C(C)=C\\C=C/C(C)=C/C=C/C=C(C)\\C=C/C=C(C)\\C=C\\C2=C(C)C(=O)[C@H](O)CC2(C)C)C(C)(C)C[C@@H]1O", "smiles_split": ["CO[C@@H]1C(C)=C(/C=C/C(C)=C\\C=C/C(C)=C/C=C/C=C(C)\\C=C/C=C(C)\\C=C\\C2=C(C)C(=O)[C@H](O)CC2(C)C)C(C)(C)C[C@@H]1O"], "mapped_smiles": "[CH3:1][C:2]1=[C:3](/[CH:4]=[CH:5]/[C:6]([CH3:7])=[CH:8]\\[CH:9]=[CH:10]/[C:11]([CH3:12])=[CH:13]\\[CH:14]=[CH:15]\\[CH:16]=[C:17]([CH3:18])\\[CH:19]=[CH:20]/[CH:21]=[C:22]([CH3:23])\\[CH:24]=[CH:25]\\[C:26]2=[C:27]([CH3:28])[C@@H:29]([O:30][CH3:900])[C@@H:31]([OH:32])[CH2:33][C:34]2([CH3:35])[CH3:36])[C:37]([CH3:38])([CH3:39])[CH2:40][C@@H:41]([OH:42])[C:43]1=[O:44]", "reacting_atoms": [30, 29], "template_id": "a090a3516f516a1ef9b165a0c4bf67c4", "template_set": ["bkms"], "num_examples": 5, "necessary_reagent": "", "template_score": 0.004462020006030798, "rms_molwt": -612.417860272, "num_rings": -2, "plausibility": 1, "tforms": ["a090a3516f516a1ef9b165a0c4bf67c4"], "rank": 9, "score": -148656.34228669523}, {"smiles": "CO[C@H]1CC(C)(C)C(/C=C/C(C)=C\\C=C/C(C)=C/C=C/C=C(C)\\C=C/C=C(C)\\C=C\\C2=C(C)C(=O)[C@H](O)CC2(C)C)=C(C)[C@H]1O", "smiles_split": ["CO[C@H]1CC(C)(C)C(/C=C/C(C)=C\\C=C/C(C)=C/C=C/C=C(C)\\C=C/C=C(C)\\C=C\\C2=C(C)C(=O)[C@H](O)CC2(C)C)=C(C)[C@H]1O"], "mapped_smiles": "[CH3:1][C:2]1=[C:3](/[CH:4]=[CH:5]/[C:6]([CH3:7])=[CH:8]\\[CH:9]=[CH:10]/[C:11]([CH3:12])=[CH:13]\\[CH:14]=[CH:15]\\[CH:16]=[C:17]([CH3:18])\\[CH:19]=[CH:20]/[CH:21]=[C:22]([CH3:23])\\[CH:24]=[CH:25]\\[C:26]2=[C:27]([CH3:28])[C@@H:29]([OH:30])[C@@H:31]([O:32][CH3:900])[CH2:33][C:34]2([CH3:35])[CH3:36])[C:37]([CH3:38])([CH3:39])[CH2:40][C@@H:41]([OH:42])[C:43]1=[O:44]", "reacting_atoms": [32, 31], "template_id": "a090a3516f516a1ef9b165a0c4bf67c4", "template_set": ["bkms"], "num_examples": 5, "necessary_reagent": "", "template_score": 0.004462020006030798, "rms_molwt": -612.417860272, "num_rings": -2, "plausibility": 1, "tforms": ["a090a3516f516a1ef9b165a0c4bf67c4"], "rank": 10, "score": -148656.34228669523}, {"smiles": "CO[C@@H]1CC(C)(C)C(/C=C/C(C)=C\\C=C/C(C)=C\\C=C\\C=C(C)\\C=C/C=C(C)\\C=C\\C2=C(C)[C@@H](O)[C@@H](O)CC2(C)C)=C(C)C1=O", "smiles_split": ["CO[C@@H]1CC(C)(C)C(/C=C/C(C)=C\\C=C/C(C)=C\\C=C\\C=C(C)\\C=C/C=C(C)\\C=C\\C2=C(C)[C@@H](O)[C@@H](O)CC2(C)C)=C(C)C1=O"], "mapped_smiles": "[CH3:1][C:2]1=[C:3](/[CH:4]=[CH:5]/[C:6]([CH3:7])=[CH:8]\\[CH:9]=[CH:10]/[C:11]([CH3:12])=[CH:13]\\[CH:14]=[CH:15]\\[CH:16]=[C:17]([CH3:18])\\[CH:19]=[CH:20]/[CH:21]=[C:22]([CH3:23])\\[CH:24]=[CH:25]\\[C:26]2=[C:27]([CH3:28])[C@@H:29]([OH:30])[C@@H:31]([OH:32])[CH2:33][C:34]2([CH3:35])[CH3:36])[C:37]([CH3:38])([CH3:39])[CH2:40][C@@H:41]([O:42][CH3:900])[C:43]1=[O:44]", "reacting_atoms": [42, 41], "template_id": "a090a3516f516a1ef9b165a0c4bf67c4", "template_set": ["bkms", "bkms"], "num_examples": 7, "necessary_reagent": "", "template_score": 0.004462020006030798, "rms_molwt": -612.417860272, "num_rings": -2, "plausibility": 1, "tforms": ["10b7ee1d0fdcfac744e7f8a861fb413c", "a090a3516f516a1ef9b165a0c4bf67c4"], "rank": 11, "score": -148656.34228669523}, {"smiles": "CC1=C(/C=C/C(C)=C\\C=C/C(C)=C\\C=C\\C=C(C)\\C=C/C=C(C)\\C=C\\C2=C(C)[C@@H](O)[C@@H](O)CC2(C)C)C(C)(C)C[C@@H](OC2O[C@H](COC(=O)CCCCC(C)C)[C@@H](O)[C@H](O)[C@H]2O)C1=O", "smiles_split": ["CC1=C(/C=C/C(C)=C\\C=C/C(C)=C\\C=C\\C=C(C)\\C=C/C=C(C)\\C=C\\C2=C(C)[C@@H](O)[C@@H](O)CC2(C)C)C(C)(C)C[C@@H](OC2O[C@H](COC(=O)CCCCC(C)C)[C@@H](O)[C@H](O)[C@H]2O)C1=O"], "mapped_smiles": "[CH3:1][C:2]1=[C:3](/[CH:4]=[CH:5]/[C:6]([CH3:7])=[CH:8]\\[CH:9]=[CH:10]/[C:11]([CH3:12])=[CH:13]\\[CH:14]=[CH:15]\\[CH:16]=[C:17]([CH3:18])\\[CH:19]=[CH:20]/[CH:21]=[C:22]([CH3:23])\\[CH:24]=[CH:25]\\[C:26]2=[C:27]([CH3:28])[C@@H:29]([OH:30])[C@@H:31]([OH:32])[CH2:33][C:34]2([CH3:35])[CH3:36])[C:37]([CH3:38])([CH3:39])[CH2:40][C@@H:41]([O:42][CH:913]2[O:912][C@H:911]([CH2:910][O:909][C:907]([CH2:906][CH2:905][CH2:904][CH2:903][CH:901]([CH3:900])[CH3:902])=[O:908])[C@@H:918]([OH:919])[C@H:916]([OH:917])[C@H:914]2[OH:915])[C:43]1=[O:44]", "reacting_atoms": [42, 41], "template_id": "4efe086ebca6ccedf79da73edd15390a", "template_set": ["bkms"], "num_examples": 2, "necessary_reagent": "", "template_score": 0.006930232979357243, "rms_molwt": -886.5594986960002, "num_rings": -3, "plausibility": 1, "tforms": ["4efe086ebca6ccedf79da73edd15390a"], "rank": 12, "score": -172918.79449618328}, {"smiles": "CC1=C(/C=C/C(C)=C\\C=C/C(C)=C\\C=C\\C=C(C)\\C=C/C=C(C)\\C=C\\C2=C(C)[C@@H](O)[C@@H](OC3O[C@H](COC(=O)CCCCC(C)C)[C@@H](O)[C@H](O)[C@H]3O)CC2(C)C)C(C)(C)C[C@@H](O)C1=O", "smiles_split": ["CC1=C(/C=C/C(C)=C\\C=C/C(C)=C\\C=C\\C=C(C)\\C=C/C=C(C)\\C=C\\C2=C(C)[C@@H](O)[C@@H](OC3O[C@H](COC(=O)CCCCC(C)C)[C@@H](O)[C@H](O)[C@H]3O)CC2(C)C)C(C)(C)C[C@@H](O)C1=O"], "mapped_smiles": "[CH3:1][C:2]1=[C:3](/[CH:4]=[CH:5]/[C:6]([CH3:7])=[CH:8]\\[CH:9]=[CH:10]/[C:11]([CH3:12])=[CH:13]\\[CH:14]=[CH:15]\\[CH:16]=[C:17]([CH3:18])\\[CH:19]=[CH:20]/[CH:21]=[C:22]([CH3:23])\\[CH:24]=[CH:25]\\[C:26]2=[C:27]([CH3:28])[C@@H:29]([OH:30])[C@@H:31]([O:32][CH:913]3[O:912][C@H:911]([CH2:910][O:909][C:907]([CH2:906][CH2:905][CH2:904][CH2:903][CH:901]([CH3:900])[CH3:902])=[O:908])[C@@H:918]([OH:919])[C@H:916]([OH:917])[C@H:914]3[OH:915])[CH2:33][C:34]2([CH3:35])[CH3:36])[C:37]([CH3:38])([CH3:39])[CH2:40][C@@H:41]([OH:42])[C:43]1=[O:44]", "reacting_atoms": [32, 31], "template_id": "4efe086ebca6ccedf79da73edd15390a", "template_set": ["bkms"], "num_examples": 2, "necessary_reagent": "", "template_score": 0.006930232979357243, "rms_molwt": -886.559498696, "num_rings": -3, "plausibility": 1, "tforms": ["4efe086ebca6ccedf79da73edd15390a"], "rank": 13, "score": -172918.79449618328}, {"smiles": "CC1=C(/C=C/C(C)=C\\C=C/C(C)=C\\C=C\\C=C(C)\\C=C/C=C(C)\\C=C\\C2=C(C)[C@@H](OC3O[C@H](COC(=O)CCCCC(C)C)[C@@H](O)[C@H](O)[C@H]3O)[C@@H](O)CC2(C)C)C(C)(C)C[C@@H](O)C1=O", "smiles_split": ["CC1=C(/C=C/C(C)=C\\C=C/C(C)=C\\C=C\\C=C(C)\\C=C/C=C(C)\\C=C\\C2=C(C)[C@@H](OC3O[C@H](COC(=O)CCCCC(C)C)[C@@H](O)[C@H](O)[C@H]3O)[C@@H](O)CC2(C)C)C(C)(C)C[C@@H](O)C1=O"], "mapped_smiles": "[CH3:1][C:2]1=[C:3](/[CH:4]=[CH:5]/[C:6]([CH3:7])=[CH:8]\\[CH:9]=[CH:10]/[C:11]([CH3:12])=[CH:13]\\[CH:14]=[CH:15]\\[CH:16]=[C:17]([CH3:18])\\[CH:19]=[CH:20]/[CH:21]=[C:22]([CH3:23])\\[CH:24]=[CH:25]\\[C:26]2=[C:27]([CH3:28])[C@@H:29]([O:30][CH:913]3[O:912][C@H:911]([CH2:910][O:909][C:907]([CH2:906][CH2:905][CH2:904][CH2:903][CH:901]([CH3:900])[CH3:902])=[O:908])[C@@H:918]([OH:919])[C@H:916]([OH:917])[C@H:914]3[OH:915])[C@@H:31]([OH:32])[CH2:33][C:34]2([CH3:35])[CH3:36])[C:37]([CH3:38])([CH3:39])[CH2:40][C@@H:41]([OH:42])[C:43]1=[O:44]", "reacting_atoms": [30, 29], "template_id": "4efe086ebca6ccedf79da73edd15390a", "template_set": ["bkms"], "num_examples": 2, "necessary_reagent": "", "template_score": 0.006930232979357243, "rms_molwt": -886.5594986960001, "num_rings": -3, "plausibility": 1, "tforms": ["4efe086ebca6ccedf79da73edd15390a"], "rank": 14, "score": -172918.79449618328}, {"smiles": "CC1=C(/C=C/C(C)=C\\C=C/C(C)=C/C=C/C=C(C)\\C=C/C=C(C)\\C=C\\C2=C(C)C(=O)[C@H](O)CC2(C)C)C(C)(C)C[C@H](O)C1=O", "smiles_split": ["CC1=C(/C=C/C(C)=C\\C=C/C(C)=C/C=C/C=C(C)\\C=C/C=C(C)\\C=C\\C2=C(C)C(=O)[C@H](O)CC2(C)C)C(C)(C)C[C@H](O)C1=O"], "mapped_smiles": "[CH3:1][C:2]1=[C:3](/[CH:4]=[CH:5]/[C:6]([CH3:7])=[CH:8]\\[CH:9]=[CH:10]/[C:11]([CH3:12])=[CH:13]\\[CH:14]=[CH:15]\\[CH:16]=[C:17]([CH3:18])\\[CH:19]=[CH:20]/[CH:21]=[C:22]([CH3:23])\\[CH:24]=[CH:25]\\[C:26]2=[C:27]([CH3:28])[C:29](=[O:30])[C@@H:31]([OH:32])[CH2:33][C:34]2([CH3:35])[CH3:36])[C:37]([CH3:38])([CH3:39])[CH2:40][C@@H:41]([OH:42])[C:43]1=[O:44]", "reacting_atoms": [29, 30], "template_id": "b590ea2ff6ab89045dfb94642c36bddd", "template_set": ["bkms", "bkms", "bkms", "bkms", "bkms"], "num_examples": 84, "necessary_reagent": "", "template_score": 0.0032546091824769974, "rms_molwt": -596.386560144, "num_rings": -2, "plausibility": 1, "tforms": ["b590ea2ff6ab89045dfb94642c36bddd", "b59740068c57ecb6807521ba4b5edc66", "9d1cf9bfb3c450506eb1b20829d1d1cc", "c627bff8facce9b80afdec232a0c9a06", "ffc0020dc62161fbad38200d1cbbbd42"], "rank": 15, "score": -194584.0950409349}]}