{"smiles": "C=C1Oc2cc(OC)cc(C(=O)O[C@H]3COC(=O)C[C@H](N)c4ccc(c(Cl)c4)O[C@@H]4c5ccc3cc5C3=CC=C[C@@]34O[C@@H]3OC(C)(C)[C@@H](N(C)C)[C@@H](O)[C@@H]3O)c2NC1=O", "sfscore": [0.5460593700408936, 0.46430233120918274], "chem_result": [{"smiles": "C=C1Oc2cc(OC)cc(C(=O)O[C@H]3COC(=O)C[C@H](N)c4ccc(c(Cl)c4)O[C@@H]4c5ccc3cc5C3=CC=C[C@@]34O[C@@H]3OC(C)(C)[C@@H](N(C)C)[C@@H](O)[C@@H]3O)c2NC1=O", "bw_confidence": 0.34025570001121086, "confidence": 0.054945201634870794, "rclass": "6 6.1 6.1.1", "children": [{"smiles": "C=C1Oc2cc(OC)cc(C(=O)O[C@H]3COC(=O)C[C@H](NC(=O)OC(C)(C)C)c4ccc(c(Cl)c4)O[C@@H]4c5ccc3cc5C3=CC=C[C@@]34O[C@@H]3OC(C)(C)[C@@H](N(C)C)[C@@H](O)[C@@H]3O)c2NC1=O"}, {"smiles": "ClCCl"}, {"smiles": "O=C(O)C(F)(F)F"}]}, {"smiles": "C=C1Oc2cc(OC)cc(C(=O)O[C@H]3COC(=O)C[C@H](N)c4ccc(c(Cl)c4)O[C@@H]4c5ccc3cc5C3=CC=C[C@@]34O[C@@H]3OC(C)(C)[C@@H](N(C)C)[C@@H](O)[C@@H]3O)c2NC1=O", "bw_confidence": 0.07731783190442439, "confidence": 0.2601747053787428, "rclass": "9 9.7 9.7.102", "children": [{"smiles": "C1CCOC1"}, {"smiles": "C=C1Oc2cc(OC)cc(C(=O)O[C@H]3COC(=O)C[C@H](N=[N+]=[N-])c4ccc(c(Cl)c4)O[C@@H]4c5ccc3cc5C3=CC=C[C@@]34O[C@@H]3OC(C)(C)[C@@H](N(C)C)[C@@H](O)[C@@H]3O)c2NC1=O"}, {"smiles": "O"}, {"smiles": "c1ccc(P(c2ccccc2)c2ccccc2)cc1"}]}, {"smiles": "C=C1Oc2cc(OC)cc(C(=O)O[C@H]3COC(=O)C[C@H](N)c4ccc(c(Cl)c4)O[C@@H]4c5ccc3cc5C3=CC=C[C@@]34O[C@@H]3OC(C)(C)[C@@H](N(C)C)[C@@H](O)[C@@H]3O)c2NC1=O", "bw_confidence": 0.03602269889898012, "confidence": 0.10355748277474633, "rclass": "6 6.1 6.1.1", "children": [{"smiles": "C=C1Oc2cc(OC)cc(C(=O)O[C@H]3COC(=O)C[C@H](NC(=O)OC(C)(C)C)c4ccc(c(Cl)c4)O[C@@H]4c5ccc3cc5C3=CC=C[C@@]34O[C@@H]3OC(C)(C)[C@@H](N)[C@@H](O)[C@@H]3O)c2NC1=O"}, {"smiles": "ClCCl"}, {"smiles": "O=C(O)C(F)(F)F"}]}, {"smiles": "C=C1Oc2cc(OC)cc(C(=O)O[C@H]3COC(=O)C[C@H](N)c4ccc(c(Cl)c4)O[C@@H]4c5ccc3cc5C3=CC=C[C@@]34O[C@@H]3OC(C)(C)[C@@H](N(C)C)[C@@H](O)[C@@H]3O)c2NC1=O", "bw_confidence": 0.03097140516688343, "confidence": 0.05227794510904397, "rclass": "10 10.1 10.1.2", "children": [{"smiles": "C=C1Oc2cc(OC)cc(C(=O)O[C@H]3COC(=O)C[C@H](N)c4ccc(cc4)O[C@@H]4c5ccc3cc5C3=CC=C[C@@]34O[C@@H]3OC(C)(C)[C@@H](N(C)C)[C@@H](O)[C@@H]3O)c2NC1=O"}, {"smiles": "O=C1CCC(=O)N1Cl"}]}, {"smiles": "C=C1Oc2cc(OC)cc(C(=O)O[C@H]3COC(=O)C[C@H](N)c4ccc(c(Cl)c4)O[C@@H]4c5ccc3cc5C3=CC=C[C@@]34O[C@@H]3OC(C)(C)[C@@H](N(C)C)[C@@H](O)[C@@H]3O)c2NC1=O", "bw_confidence": 0.02231329725453836, "confidence": 0.13303884011609096, "rclass": "11 11.9 11.9", "children": [{"smiles": "C=C1Oc2cc(OC)cc(C(=O)O[C@H]3COC(=O)C[C@H](N)c4ccc(c(Cl)c4)O[C@@H]4c5ccc3cc5C3=CC=C[C@@]34O[C@@H]3OC(C)(C)[C@@H](N(C)C)[C@@H](O)[C@@H]3O)c2NC1=O~Cl"}, {"smiles": "O"}]}, {"smiles": "C=C1Oc2cc(OC)cc(C(=O)O[C@H]3COC(=O)C[C@H](N)c4ccc(c(Cl)c4)O[C@@H]4c5ccc3cc5C3=CC=C[C@@]34O[C@@H]3OC(C)(C)[C@@H](N(C)C)[C@@H](O)[C@@H]3O)c2NC1=O", "bw_confidence": 0.019622827056297143, "confidence": 0.16692666240460008, "rclass": "9 9.7 9.7.13", "children": [{"smiles": "C=C1Oc2cc(OC)cc(C(=O)O[C@H]3COC(=O)C[C@H](N=[N+]=[N-])c4ccc(c(Cl)c4)O[C@@H]4c5ccc3cc5C3=CC=C[C@@]34O[C@@H]3OC(C)(C)[C@@H](N(C)C)[C@@H](O)[C@@H]3O)c2NC1=O"}, {"smiles": "CC(=O)O"}, {"smiles": "[Zn]"}]}], "chem_bw_confidence_list": [0.34025570001121086, 0.07731783190442439, 0.03602269889898012, 0.03097140516688343, 0.02231329725453836, 0.019622827056297143], "enzy_template_score_list": [0.6070619225502014, 0.03472351282835007, 0.03472351282835007, 0.022207750007510185, 0.014299987815320492, 0.014299987815320492, 0.014299987815320492, 0.014299987815320492, 0.014299987815320492, 0.014299987815320492, 0.014299987815320492, 0.014299987815320492, 0.013942735269665718, 0.013942735269665718, 0.010644476860761642], "enzy_result": [{"smiles": "C=C1Oc2cc(O)cc(C(=O)O[C@H]3COC(=O)C[C@H](N)c4ccc(c(Cl)c4)O[C@@H]4c5ccc3cc5C3=CC=C[C@@]34O[C@@H]3OC(C)(C)[C@@H](N(C)C)[C@@H](O)[C@@H]3O)c2NC1=O", "smiles_split": ["C=C1Oc2cc(O)cc(C(=O)O[C@H]3COC(=O)C[C@H](N)c4ccc(c(Cl)c4)O[C@@H]4c5ccc3cc5C3=CC=C[C@@]34O[C@@H]3OC(C)(C)[C@@H](N(C)C)[C@@H](O)[C@@H]3O)c2NC1=O"], "mapped_smiles": "[CH2:1]=[C:2]1[O:3][c:4]2[cH:5][c:6]([OH:7])[cH:9][c:10]([C:11](=[O:12])[O:13][C@H:14]3[CH2:15][O:16][C:17](=[O:18])[CH2:19][C@H:20]([NH2:21])[c:22]4[cH:23][cH:24][c:25]([c:26]([Cl:27])[cH:28]4)[O:29][C@@H:30]4[c:31]5[cH:32][cH:33][c:34]3[cH:35][c:36]5[C:37]3=[CH:38][CH:39]=[CH:40][C@:41]43[O:42][C@@H:43]3[O:44][C:45]([CH3:46])([CH3:47])[C@@H:48]([N:49]([CH3:50])[CH3:51])[C@@H:52]([OH:53])[C@@H:54]3[OH:55])[c:56]2[NH:57][C:58]1=[O:59]", "reacting_atoms": [7], "template_id": "e0e2b378d623262efad3f5cff831b758", "template_set": ["bkms"], "num_examples": 223, "necessary_reagent": "[C]", "template_score": 0.6070619225502014, "rms_molwt": -815.2457014640001, "num_rings": -11, "plausibility": 1, "tforms": ["e0e2b378d623262efad3f5cff831b758"], "rank": 1, "score": -1911.8177414658296}, {"smiles": "C=C1Oc2cc(OC)cc(C(=O)O[C@H]3COC(=O)C[C@H](N)c4ccc(c(Cl)c4)O[C@@H]4c5ccc3cc5C3=CC=C[C@@]34O[C@@H]3OC(C)(C)[C@@H](N(C)C)[C@@H](O)[C@@H]3OC(C)=O)c2NC1=O", "smiles_split": ["C=C1Oc2cc(OC)cc(C(=O)O[C@H]3COC(=O)C[C@H](N)c4ccc(c(Cl)c4)O[C@@H]4c5ccc3cc5C3=CC=C[C@@]34O[C@@H]3OC(C)(C)[C@@H](N(C)C)[C@@H](O)[C@@H]3OC(C)=O)c2NC1=O"], "mapped_smiles": "[CH2:1]=[C:2]1[O:3][c:4]2[cH:5][c:6]([O:7][CH3:8])[cH:9][c:10]([C:11](=[O:12])[O:13][C@H:14]3[CH2:15][O:16][C:17](=[O:18])[CH2:19][C@H:20]([NH2:21])[c:22]4[cH:23][cH:24][c:25]([c:26]([Cl:27])[cH:28]4)[O:29][C@@H:30]4[c:31]5[cH:32][cH:33][c:34]3[cH:35][c:36]5[C:37]3=[CH:38][CH:39]=[CH:40][C@:41]43[O:42][C@@H:43]3[O:44][C:45]([CH3:46])([CH3:47])[C@@H:48]([N:49]([CH3:50])[CH3:51])[C@@H:52]([OH:53])[C@@H:54]3[O:55][C:901]([CH3:900])=[O:902])[c:56]2[NH:57][C:58]1=[O:59]", "reacting_atoms": [55, 54], "template_id": "c4c17358d77559e0452152e0cbfcc087", "template_set": ["bkms"], "num_examples": 34, "necessary_reagent": "", "template_score": 0.03472351282835007, "rms_molwt": -871.2719162120002, "num_rings": -11, "plausibility": 1, "tforms": ["c4c17358d77559e0452152e0cbfcc087"], "rank": 2, "score": -36071.783865555335}, {"smiles": "C=C1Oc2cc(OC)cc(C(=O)O[C@H]3COC(=O)C[C@H](N)c4ccc(c(Cl)c4)O[C@@H]4c5ccc3cc5C3=CC=C[C@@]34O[C@@H]3OC(C)(C)[C@@H](N(C)C)[C@@H](OC(C)=O)[C@@H]3O)c2NC1=O", "smiles_split": ["C=C1Oc2cc(OC)cc(C(=O)O[C@H]3COC(=O)C[C@H](N)c4ccc(c(Cl)c4)O[C@@H]4c5ccc3cc5C3=CC=C[C@@]34O[C@@H]3OC(C)(C)[C@@H](N(C)C)[C@@H](OC(C)=O)[C@@H]3O)c2NC1=O"], "mapped_smiles": "[CH2:1]=[C:2]1[O:3][c:4]2[cH:5][c:6]([O:7][CH3:8])[cH:9][c:10]([C:11](=[O:12])[O:13][C@H:14]3[CH2:15][O:16][C:17](=[O:18])[CH2:19][C@H:20]([NH2:21])[c:22]4[cH:23][cH:24][c:25]([c:26]([Cl:27])[cH:28]4)[O:29][C@@H:30]4[c:31]5[cH:32][cH:33][c:34]3[cH:35][c:36]5[C:37]3=[CH:38][CH:39]=[CH:40][C@:41]43[O:42][C@@H:43]3[O:44][C:45]([CH3:46])([CH3:47])[C@@H:48]([N:49]([CH3:50])[CH3:51])[C@@H:52]([O:53][C:901]([CH3:900])=[O:902])[C@@H:54]3[OH:55])[c:56]2[NH:57][C:58]1=[O:59]", "reacting_atoms": [53, 52], "template_id": "c4c17358d77559e0452152e0cbfcc087", "template_set": ["bkms"], "num_examples": 34, "necessary_reagent": "", "template_score": 0.03472351282835007, "rms_molwt": -871.2719162120002, "num_rings": -11, "plausibility": 1, "tforms": ["c4c17358d77559e0452152e0cbfcc087"], "rank": 3, "score": -36071.783865555335}, {"smiles": "COc1cc2c(c(C(=O)O[C@H]3COC(=O)C[C@H](N)c4ccc(c(Cl)c4)O[C@@H]4c5ccc3cc5C3=CC=C[C@@]34O[C@@H]3OC(C)(C)[C@@H](N(C)C)[C@@H](O)[C@@H]3O)c1)NC(=O)[C@@H](CO)O2", "smiles_split": ["COc1cc2c(c(C(=O)O[C@H]3COC(=O)C[C@H](N)c4ccc(c(Cl)c4)O[C@@H]4c5ccc3cc5C3=CC=C[C@@]34O[C@@H]3OC(C)(C)[C@@H](N(C)C)[C@@H](O)[C@@H]3O)c1)NC(=O)[C@@H](CO)O2"], "mapped_smiles": "[CH2:1]([C@H:2]1[O:3][c:4]2[cH:5][c:6]([O:7][CH3:8])[cH:9][c:10]([C:11](=[O:12])[O:13][C@H:14]3[CH2:15][O:16][C:17](=[O:18])[CH2:19][C@H:20]([NH2:21])[c:22]4[cH:23][cH:24][c:25]([c:26]([Cl:27])[cH:28]4)[O:29][C@@H:30]4[c:31]5[cH:32][cH:33][c:34]3[cH:35][c:36]5[C:37]3=[CH:38][CH:39]=[CH:40][C@:41]43[O:42][C@@H:43]3[O:44][C:45]([CH3:46])([CH3:47])[C@@H:48]([N:49]([CH3:50])[CH3:51])[C@@H:52]([OH:53])[C@@H:54]3[OH:55])[c:56]2[NH:57][C:58]1=[O:59])[OH:900]", "reacting_atoms": [1, 2], "template_id": "cc1b568f88f0523a9934c6f5484d6db6", "template_set": ["bkms"], "num_examples": 1, "necessary_reagent": "", "template_score": 0.022207750007510185, "rms_molwt": -847.2719162120002, "num_rings": -11, "plausibility": 1, "tforms": ["cc1b568f88f0523a9934c6f5484d6db6"], "rank": 4, "score": -55821.867415211564}, {"smiles": "C=C1Oc2c(O)c(OC)cc(C(=O)O[C@H]3COC(=O)C[C@H](N)c4ccc(c(Cl)c4)O[C@@H]4c5ccc3cc5C3=CC=C[C@@]34O[C@@H]3OC(C)(C)[C@@H](N(C)C)[C@@H](O)[C@@H]3O)c2NC1=O", "smiles_split": ["C=C1Oc2c(O)c(OC)cc(C(=O)O[C@H]3COC(=O)C[C@H](N)c4ccc(c(Cl)c4)O[C@@H]4c5ccc3cc5C3=CC=C[C@@]34O[C@@H]3OC(C)(C)[C@@H](N(C)C)[C@@H](O)[C@@H]3O)c2NC1=O"], "mapped_smiles": "[CH2:1]=[C:2]1[O:3][c:4]2[c:5]([OH:900])[c:6]([O:7][CH3:8])[cH:9][c:10]([C:11](=[O:12])[O:13][C@H:14]3[CH2:15][O:16][C:17](=[O:18])[CH2:19][C@H:20]([NH2:21])[c:22]4[cH:23][cH:24][c:25]([c:26]([Cl:27])[cH:28]4)[O:29][C@@H:30]4[c:31]5[cH:32][cH:33][c:34]3[cH:35][c:36]5[C:37]3=[CH:38][CH:39]=[CH:40][C@:41]43[O:42][C@@H:43]3[O:44][C:45]([CH3:46])([CH3:47])[C@@H:48]([N:49]([CH3:50])[CH3:51])[C@@H:52]([OH:53])[C@@H:54]3[OH:55])[c:56]2[NH:57][C:58]1=[O:59]", "reacting_atoms": [5], "template_id": "f53e9cbdf728108a37f743b6e04eb4f2", "template_set": ["bkms"], "num_examples": 56, "necessary_reagent": "", "template_score": 0.014299987815320492, "rms_molwt": -845.2562661480001, "num_rings": -11, "plausibility": 1, "tforms": ["f53e9cbdf728108a37f743b6e04eb4f2"], "rank": 5, "score": -84313.22404468605}, {"smiles": "C=C1Oc2cc(OC)cc(C(=O)O[C@H]3COC(=O)C[C@H](N)c4ccc(c(Cl)c4)O[C@@H]4c5cc(O)c3cc5C3=CC=C[C@@]34O[C@@H]3OC(C)(C)[C@@H](N(C)C)[C@@H](O)[C@@H]3O)c2NC1=O", "smiles_split": ["C=C1Oc2cc(OC)cc(C(=O)O[C@H]3COC(=O)C[C@H](N)c4ccc(c(Cl)c4)O[C@@H]4c5cc(O)c3cc5C3=CC=C[C@@]34O[C@@H]3OC(C)(C)[C@@H](N(C)C)[C@@H](O)[C@@H]3O)c2NC1=O"], "mapped_smiles": "[CH2:1]=[C:2]1[O:3][c:4]2[cH:5][c:6]([O:7][CH3:8])[cH:9][c:10]([C:11](=[O:12])[O:13][C@H:14]3[CH2:15][O:16][C:17](=[O:18])[CH2:19][C@H:20]([NH2:21])[c:22]4[cH:23][cH:24][c:25]([c:26]([Cl:27])[cH:28]4)[O:29][C@@H:30]4[c:31]5[cH:32][c:33]([OH:900])[c:34]3[cH:35][c:36]5[C:37]3=[CH:38][CH:39]=[CH:40][C@:41]43[O:42][C@@H:43]3[O:44][C:45]([CH3:46])([CH3:47])[C@@H:48]([N:49]([CH3:50])[CH3:51])[C@@H:52]([OH:53])[C@@H:54]3[OH:55])[c:56]2[NH:57][C:58]1=[O:59]", "reacting_atoms": [33], "template_id": "f53e9cbdf728108a37f743b6e04eb4f2", "template_set": ["bkms"], "num_examples": 56, "necessary_reagent": "", "template_score": 0.014299987815320492, "rms_molwt": -845.2562661480001, "num_rings": -11, "plausibility": 1, "tforms": ["f53e9cbdf728108a37f743b6e04eb4f2"], "rank": 6, "score": -84313.22404468605}, {"smiles": "C=C1Oc2cc(OC)cc(C(=O)O[C@H]3COC(=O)C[C@H](N)c4cc(Cl)c(cc4O)O[C@@H]4c5ccc3cc5C3=CC=C[C@@]34O[C@@H]3OC(C)(C)[C@@H](N(C)C)[C@@H](O)[C@@H]3O)c2NC1=O", "smiles_split": ["C=C1Oc2cc(OC)cc(C(=O)O[C@H]3COC(=O)C[C@H](N)c4cc(Cl)c(cc4O)O[C@@H]4c5ccc3cc5C3=CC=C[C@@]34O[C@@H]3OC(C)(C)[C@@H](N(C)C)[C@@H](O)[C@@H]3O)c2NC1=O"], "mapped_smiles": "[CH2:1]=[C:2]1[O:3][c:4]2[cH:5][c:6]([O:7][CH3:8])[cH:9][c:10]([C:11](=[O:12])[O:13][C@H:14]3[CH2:15][O:16][C:17](=[O:18])[CH2:19][C@H:20]([NH2:21])[c:22]4[c:23]([OH:900])[cH:24][c:25]([c:26]([Cl:27])[cH:28]4)[O:29][C@@H:30]4[c:31]5[cH:32][cH:33][c:34]3[cH:35][c:36]5[C:37]3=[CH:38][CH:39]=[CH:40][C@:41]43[O:42][C@@H:43]3[O:44][C:45]([CH3:46])([CH3:47])[C@@H:48]([N:49]([CH3:50])[CH3:51])[C@@H:52]([OH:53])[C@@H:54]3[OH:55])[c:56]2[NH:57][C:58]1=[O:59]", "reacting_atoms": [23], "template_id": "f53e9cbdf728108a37f743b6e04eb4f2", "template_set": ["bkms"], "num_examples": 56, "necessary_reagent": "", "template_score": 0.014299987815320492, "rms_molwt": -845.2562661480001, "num_rings": -11, "plausibility": 1, "tforms": ["f53e9cbdf728108a37f743b6e04eb4f2"], "rank": 7, "score": -84313.22404468605}, {"smiles": "C=C1Oc2cc(OC)cc(C(=O)O[C@H]3COC(=O)C[C@H](N)c4ccc(c(Cl)c4)O[C@@H]4c5ccc3c(O)c5C3=CC=C[C@@]34O[C@@H]3OC(C)(C)[C@@H](N(C)C)[C@@H](O)[C@@H]3O)c2NC1=O", "smiles_split": ["C=C1Oc2cc(OC)cc(C(=O)O[C@H]3COC(=O)C[C@H](N)c4ccc(c(Cl)c4)O[C@@H]4c5ccc3c(O)c5C3=CC=C[C@@]34O[C@@H]3OC(C)(C)[C@@H](N(C)C)[C@@H](O)[C@@H]3O)c2NC1=O"], "mapped_smiles": "[CH2:1]=[C:2]1[O:3][c:4]2[cH:5][c:6]([O:7][CH3:8])[cH:9][c:10]([C:11](=[O:12])[O:13][C@H:14]3[CH2:15][O:16][C:17](=[O:18])[CH2:19][C@H:20]([NH2:21])[c:22]4[cH:23][cH:24][c:25]([c:26]([Cl:27])[cH:28]4)[O:29][C@@H:30]4[c:31]5[cH:32][cH:33][c:34]3[c:35]([OH:900])[c:36]5[C:37]3=[CH:38][CH:39]=[CH:40][C@:41]43[O:42][C@@H:43]3[O:44][C:45]([CH3:46])([CH3:47])[C@@H:48]([N:49]([CH3:50])[CH3:51])[C@@H:52]([OH:53])[C@@H:54]3[OH:55])[c:56]2[NH:57][C:58]1=[O:59]", "reacting_atoms": [35], "template_id": "f53e9cbdf728108a37f743b6e04eb4f2", "template_set": ["bkms"], "num_examples": 56, "necessary_reagent": "", "template_score": 0.014299987815320492, "rms_molwt": -845.2562661480001, "num_rings": -11, "plausibility": 1, "tforms": ["f53e9cbdf728108a37f743b6e04eb4f2"], "rank": 8, "score": -84313.22404468605}, {"smiles": "C=C1Oc2cc(OC)cc(C(=O)O[C@H]3COC(=O)C[C@H](N)c4ccc(c(Cl)c4O)O[C@@H]4c5ccc3cc5C3=CC=C[C@@]34O[C@@H]3OC(C)(C)[C@@H](N(C)C)[C@@H](O)[C@@H]3O)c2NC1=O", "smiles_split": ["C=C1Oc2cc(OC)cc(C(=O)O[C@H]3COC(=O)C[C@H](N)c4ccc(c(Cl)c4O)O[C@@H]4c5ccc3cc5C3=CC=C[C@@]34O[C@@H]3OC(C)(C)[C@@H](N(C)C)[C@@H](O)[C@@H]3O)c2NC1=O"], "mapped_smiles": "[CH2:1]=[C:2]1[O:3][c:4]2[cH:5][c:6]([O:7][CH3:8])[cH:9][c:10]([C:11](=[O:12])[O:13][C@H:14]3[CH2:15][O:16][C:17](=[O:18])[CH2:19][C@H:20]([NH2:21])[c:22]4[cH:23][cH:24][c:25]([c:26]([Cl:27])[c:28]4[OH:900])[O:29][C@@H:30]4[c:31]5[cH:32][cH:33][c:34]3[cH:35][c:36]5[C:37]3=[CH:38][CH:39]=[CH:40][C@:41]43[O:42][C@@H:43]3[O:44][C:45]([CH3:46])([CH3:47])[C@@H:48]([N:49]([CH3:50])[CH3:51])[C@@H:52]([OH:53])[C@@H:54]3[OH:55])[c:56]2[NH:57][C:58]1=[O:59]", "reacting_atoms": [28], "template_id": "f53e9cbdf728108a37f743b6e04eb4f2", "template_set": ["bkms"], "num_examples": 56, "necessary_reagent": "", "template_score": 0.014299987815320492, "rms_molwt": -845.2562661480001, "num_rings": -11, "plausibility": 1, "tforms": ["f53e9cbdf728108a37f743b6e04eb4f2"], "rank": 9, "score": -84313.22404468605}, {"smiles": "C=C1Oc2cc(OC)cc(C(=O)O[C@H]3COC(=O)C[C@H](N)c4ccc(c(Cl)c4)O[C@@H]4c5c(O)cc3cc5C3=CC=C[C@@]34O[C@@H]3OC(C)(C)[C@@H](N(C)C)[C@@H](O)[C@@H]3O)c2NC1=O", "smiles_split": ["C=C1Oc2cc(OC)cc(C(=O)O[C@H]3COC(=O)C[C@H](N)c4ccc(c(Cl)c4)O[C@@H]4c5c(O)cc3cc5C3=CC=C[C@@]34O[C@@H]3OC(C)(C)[C@@H](N(C)C)[C@@H](O)[C@@H]3O)c2NC1=O"], "mapped_smiles": "[CH2:1]=[C:2]1[O:3][c:4]2[cH:5][c:6]([O:7][CH3:8])[cH:9][c:10]([C:11](=[O:12])[O:13][C@H:14]3[CH2:15][O:16][C:17](=[O:18])[CH2:19][C@H:20]([NH2:21])[c:22]4[cH:23][cH:24][c:25]([c:26]([Cl:27])[cH:28]4)[O:29][C@@H:30]4[c:31]5[c:32]([OH:900])[cH:33][c:34]3[cH:35][c:36]5[C:37]3=[CH:38][CH:39]=[CH:40][C@:41]43[O:42][C@@H:43]3[O:44][C:45]([CH3:46])([CH3:47])[C@@H:48]([N:49]([CH3:50])[CH3:51])[C@@H:52]([OH:53])[C@@H:54]3[OH:55])[c:56]2[NH:57][C:58]1=[O:59]", "reacting_atoms": [32], "template_id": "f53e9cbdf728108a37f743b6e04eb4f2", "template_set": ["bkms"], "num_examples": 56, "necessary_reagent": "", "template_score": 0.014299987815320492, "rms_molwt": -845.2562661480001, "num_rings": -11, "plausibility": 1, "tforms": ["f53e9cbdf728108a37f743b6e04eb4f2"], "rank": 10, "score": -84313.22404468605}, {"smiles": "C=C1Oc2cc(OC)c(O)c(C(=O)O[C@H]3COC(=O)C[C@H](N)c4ccc(c(Cl)c4)O[C@@H]4c5ccc3cc5C3=CC=C[C@@]34O[C@@H]3OC(C)(C)[C@@H](N(C)C)[C@@H](O)[C@@H]3O)c2NC1=O", "smiles_split": ["C=C1Oc2cc(OC)c(O)c(C(=O)O[C@H]3COC(=O)C[C@H](N)c4ccc(c(Cl)c4)O[C@@H]4c5ccc3cc5C3=CC=C[C@@]34O[C@@H]3OC(C)(C)[C@@H](N(C)C)[C@@H](O)[C@@H]3O)c2NC1=O"], "mapped_smiles": "[CH2:1]=[C:2]1[O:3][c:4]2[cH:5][c:6]([O:7][CH3:8])[c:9]([OH:900])[c:10]([C:11](=[O:12])[O:13][C@H:14]3[CH2:15][O:16][C:17](=[O:18])[CH2:19][C@H:20]([NH2:21])[c:22]4[cH:23][cH:24][c:25]([c:26]([Cl:27])[cH:28]4)[O:29][C@@H:30]4[c:31]5[cH:32][cH:33][c:34]3[cH:35][c:36]5[C:37]3=[CH:38][CH:39]=[CH:40][C@:41]43[O:42][C@@H:43]3[O:44][C:45]([CH3:46])([CH3:47])[C@@H:48]([N:49]([CH3:50])[CH3:51])[C@@H:52]([OH:53])[C@@H:54]3[OH:55])[c:56]2[NH:57][C:58]1=[O:59]", "reacting_atoms": [9], "template_id": "f53e9cbdf728108a37f743b6e04eb4f2", "template_set": ["bkms", "bkms"], "num_examples": 60, "necessary_reagent": "", "template_score": 0.014299987815320492, "rms_molwt": -845.2562661480001, "num_rings": -11, "plausibility": 1, "tforms": ["f53e9cbdf728108a37f743b6e04eb4f2", "83d85e7a585f92eaccf25b635972a3d6"], "rank": 11, "score": -84313.22404468605}, {"smiles": "C=C1Oc2cc(OC)cc(C(=O)O[C@H]3COC(=O)C[C@H](N)c4cc(O)c(c(Cl)c4)O[C@@H]4c5ccc3cc5C3=CC=C[C@@]34O[C@@H]3OC(C)(C)[C@@H](N(C)C)[C@@H](O)[C@@H]3O)c2NC1=O", "smiles_split": ["C=C1Oc2cc(OC)cc(C(=O)O[C@H]3COC(=O)C[C@H](N)c4cc(O)c(c(Cl)c4)O[C@@H]4c5ccc3cc5C3=CC=C[C@@]34O[C@@H]3OC(C)(C)[C@@H](N(C)C)[C@@H](O)[C@@H]3O)c2NC1=O"], "mapped_smiles": "[CH2:1]=[C:2]1[O:3][c:4]2[cH:5][c:6]([O:7][CH3:8])[cH:9][c:10]([C:11](=[O:12])[O:13][C@H:14]3[CH2:15][O:16][C:17](=[O:18])[CH2:19][C@H:20]([NH2:21])[c:22]4[cH:23][c:24]([OH:900])[c:25]([c:26]([Cl:27])[cH:28]4)[O:29][C@@H:30]4[c:31]5[cH:32][cH:33][c:34]3[cH:35][c:36]5[C:37]3=[CH:38][CH:39]=[CH:40][C@:41]43[O:42][C@@H:43]3[O:44][C:45]([CH3:46])([CH3:47])[C@@H:48]([N:49]([CH3:50])[CH3:51])[C@@H:52]([OH:53])[C@@H:54]3[OH:55])[c:56]2[NH:57][C:58]1=[O:59]", "reacting_atoms": [24], "template_id": "f53e9cbdf728108a37f743b6e04eb4f2", "template_set": ["bkms"], "num_examples": 56, "necessary_reagent": "", "template_score": 0.014299987815320492, "rms_molwt": -845.2562661480001, "num_rings": -11, "plausibility": 1, "tforms": ["f53e9cbdf728108a37f743b6e04eb4f2"], "rank": 12, "score": -84313.22404468605}, {"smiles": "C=C1Oc2cc(OC)cc(C(=O)O[C@H]3COC(=O)C[C@H](N)c4ccc(c(Cl)c4)O[C@@H]4c5ccc3cc5C3=CC=C[C@@]34O[C@@H]3OC(C)(C)[C@@H](N(C)C)[C@@H](OP(=O)(O)O)[C@@H]3O)c2NC1=O", "smiles_split": ["C=C1Oc2cc(OC)cc(C(=O)O[C@H]3COC(=O)C[C@H](N)c4ccc(c(Cl)c4)O[C@@H]4c5ccc3cc5C3=CC=C[C@@]34O[C@@H]3OC(C)(C)[C@@H](N(C)C)[C@@H](OP(=O)(O)O)[C@@H]3O)c2NC1=O"], "mapped_smiles": "[CH2:1]=[C:2]1[O:3][c:4]2[cH:5][c:6]([O:7][CH3:8])[cH:9][c:10]([C:11](=[O:12])[O:13][C@H:14]3[CH2:15][O:16][C:17](=[O:18])[CH2:19][C@H:20]([NH2:21])[c:22]4[cH:23][cH:24][c:25]([c:26]([Cl:27])[cH:28]4)[O:29][C@@H:30]4[c:31]5[cH:32][cH:33][c:34]3[cH:35][c:36]5[C:37]3=[CH:38][CH:39]=[CH:40][C@:41]43[O:42][C@@H:43]3[O:44][C:45]([CH3:46])([CH3:47])[C@@H:48]([N:49]([CH3:50])[CH3:51])[C@@H:52]([O:53][P:901]([OH:900])([OH:902])=[O:903])[C@@H:54]3[OH:55])[c:56]2[NH:57][C:58]1=[O:59]", "reacting_atoms": [53, 52], "template_id": "65bf7618263ef0544bfb3455ab5e0cbc", "template_set": ["bkms"], "num_examples": 167, "necessary_reagent": "", "template_score": 0.013942735269665718, "rms_molwt": -909.2276820500002, "num_rings": -11, "plausibility": 1, "tforms": ["65bf7618263ef0544bfb3455ab5e0cbc"], "rank": 13, "score": -91535.55915091479}, {"smiles": "C=C1Oc2cc(OC)cc(C(=O)O[C@H]3COC(=O)C[C@H](N)c4ccc(c(Cl)c4)O[C@@H]4c5ccc3cc5C3=CC=C[C@@]34O[C@@H]3OC(C)(C)[C@@H](N(C)C)[C@@H](O)[C@@H]3OP(=O)(O)O)c2NC1=O", "smiles_split": ["C=C1Oc2cc(OC)cc(C(=O)O[C@H]3COC(=O)C[C@H](N)c4ccc(c(Cl)c4)O[C@@H]4c5ccc3cc5C3=CC=C[C@@]34O[C@@H]3OC(C)(C)[C@@H](N(C)C)[C@@H](O)[C@@H]3OP(=O)(O)O)c2NC1=O"], "mapped_smiles": "[CH2:1]=[C:2]1[O:3][c:4]2[cH:5][c:6]([O:7][CH3:8])[cH:9][c:10]([C:11](=[O:12])[O:13][C@H:14]3[CH2:15][O:16][C:17](=[O:18])[CH2:19][C@H:20]([NH2:21])[c:22]4[cH:23][cH:24][c:25]([c:26]([Cl:27])[cH:28]4)[O:29][C@@H:30]4[c:31]5[cH:32][cH:33][c:34]3[cH:35][c:36]5[C:37]3=[CH:38][CH:39]=[CH:40][C@:41]43[O:42][C@@H:43]3[O:44][C:45]([CH3:46])([CH3:47])[C@@H:48]([N:49]([CH3:50])[CH3:51])[C@@H:52]([OH:53])[C@@H:54]3[O:55][P:901]([OH:900])([OH:902])=[O:903])[c:56]2[NH:57][C:58]1=[O:59]", "reacting_atoms": [55, 54], "template_id": "65bf7618263ef0544bfb3455ab5e0cbc", "template_set": ["bkms"], "num_examples": 167, "necessary_reagent": "", "template_score": 0.013942735269665718, "rms_molwt": -909.2276820500002, "num_rings": -11, "plausibility": 1, "tforms": ["65bf7618263ef0544bfb3455ab5e0cbc"], "rank": 14, "score": -91535.55915091479}, {"smiles": "C=C1Oc2cc(OC)cc(C(=O)O[C@@H]3O[C@H](CO)[C@@H](O)[C@H](O)[C@H]3O)c2NC1=O.CN(C)[C@H]1[C@@H](O)[C@H](O)[C@H](O[C@]23C=CC=C2c2cc4ccc2[C@H]3Oc2ccc(cc2Cl)[C@@H](N)CC(=O)OC[C@@H]4O)OC1(C)C", "smiles_split": ["C=C1Oc2cc(OC)cc(C(=O)O[C@@H]3O[C@H](CO)[C@@H](O)[C@H](O)[C@H]3O)c2NC1=O", "CN(C)[C@H]1[C@@H](O)[C@H](O)[C@H](O[C@]23C=CC=C2c2cc4ccc2[C@H]3Oc2ccc(cc2Cl)[C@@H](N)CC(=O)OC[C@@H]4O)OC1(C)C"], "mapped_smiles": "[CH2:1]=[C:2]1[O:3][c:4]2[cH:5][c:6]([O:7][CH3:8])[cH:9][c:10]([C:11](=[O:12])[O:905][C@@H:904]3[O:903][C@H:902]([CH2:901][OH:900])[C@@H:910]([OH:911])[C@H:908]([OH:909])[C@H:906]3[OH:907])[c:56]2[NH:57][C:58]1=[O:59].[OH:13][C@H:14]1[CH2:15][O:16][C:17](=[O:18])[CH2:19][C@H:20]([NH2:21])[c:22]2[cH:23][cH:24][c:25]([c:26]([Cl:27])[cH:28]2)[O:29][C@@H:30]2[c:31]3[cH:32][cH:33][c:34]1[cH:35][c:36]3[C:37]1=[CH:38][CH:39]=[CH:40][C@:41]21[O:42][C@@H:43]1[O:44][C:45]([CH3:46])([CH3:47])[C@@H:48]([N:49]([CH3:50])[CH3:51])[C@@H:52]([OH:53])[C@@H:54]1[OH:55]", "reacting_atoms": [11, 13], "template_id": "bca7de07e0e250a7d0e9a394a6f1ca4b", "template_set": ["bkms"], "num_examples": 13, "necessary_reagent": "", "template_score": 0.010644476860761642, "rms_molwt": -515.9976532883409, "num_rings": -12, "plausibility": 1, "tforms": ["bca7de07e0e250a7d0e9a394a6f1ca4b"], "rank": 15, "score": -111330.11731442803}]}