{"smiles": "N[C@H]1CCN(O)C1=O", "sfscore": [0.5265409350395203, 0.4844440519809723], "chem_result": [{"smiles": "N[C@H]1CCN(O)C1=O", "bw_confidence": 0.09780584612201265, "confidence": 0.8911805200456138, "rclass": "6 6.1 6.1.3", "children": [{"smiles": "CO"}, {"smiles": "O=C(N[C@H]1CCN(O)C1=O)OCc1ccccc1"}, {"smiles": "[Pd]"}]}, {"smiles": "N[C@H]1CCN(O)C1=O", "bw_confidence": 0.023165936218028194, "confidence": 0.8780780850442657, "rclass": "9 9.7 9.7.102", "children": [{"smiles": "C1CCOC1"}, {"smiles": "O"}, {"smiles": "[N-]=[N+]=N[C@H]1CCN(O)C1=O"}, {"smiles": "c1ccc(P(c2ccccc2)c2ccccc2)cc1"}]}, {"smiles": "N[C@H]1CCN(O)C1=O", "bw_confidence": 0.01668454084803466, "confidence": 0.04900013030700264, "rclass": "2 2.1 2.1.2", "children": [{"smiles": "Cl"}, {"smiles": "N[C@H](CCNO)C(=O)O"}]}, {"smiles": "N[C@H]1CCN(O)C1=O", "bw_confidence": 0.013976730721529374, "confidence": 0.43869603779766997, "rclass": "0 0 0", "children": [{"smiles": "N[C@H](CCCl)C(=O)O"}, {"smiles": "ON~Cl"}]}, {"smiles": "N[C@H]1CCN(O)C1=O", "bw_confidence": 0.011747131964534642, "confidence": 0.6764528468354614, "rclass": "11 11.9 11.9", "children": [{"smiles": "O"}, {"smiles": "O=C1[C@@H](N~Cl)CCN1O"}, {"smiles": "[OH-]~[Na+]"}]}, {"smiles": "N[C@H]1CCN(O)C1=O", "bw_confidence": 0.006357059240765034, "confidence": 0.17712647957543082, "rclass": "8 8.8 8.8.11", "children": [{"smiles": "C=O"}, {"smiles": "N[C@H]1CCNC1=O"}, {"smiles": "ON~Cl"}]}, {"smiles": "N[C@H]1CCN(O)C1=O", "bw_confidence": 0.005311605388007329, "confidence": 0.2325319052218325, "rclass": "11 11.9 11.9", "children": [{"smiles": "O=C1NCC[C@@H]1N~Cl"}, {"smiles": "O=C1[C@@H](N~Cl)CCN1O"}]}, {"smiles": "N[C@H]1CCN(O)C1=O", "bw_confidence": 0.004460734990286087, "confidence": 0.3094605564486081, "rclass": "11 11.9 11.9", "children": [{"smiles": "N[C@H]1CCN(O)C1=O"}, {"smiles": "O=C1[C@@H](N~Cl)CCN1O"}]}, {"smiles": "N[C@H]1CCN(O)C1=O", "bw_confidence": 0.0033209725681445346, "confidence": 0.7453372855260229, "rclass": "0 0 0", "children": [{"smiles": "CC(C)(C)OC(=O)N[C@H]1CCNC1=O"}, {"smiles": "ClCCl"}, {"smiles": "O=C(O)C(F)(F)F"}]}, {"smiles": "N[C@H]1CCN(O)C1=O", "bw_confidence": 0.0023454873142102132, "confidence": 0.6423547132867449, "rclass": "6 6.1 6.1.1", "children": [{"smiles": "CC(C)(C)OC(=O)N[C@H]1CCNC1=O"}, {"smiles": "O=C(O)C(F)(F)F"}]}], "chem_bw_confidence_list": [0.09780584612201265, 0.023165936218028194, 0.01668454084803466, 0.013976730721529374, 0.011747131964534642, 0.006357059240765034, 0.005311605388007329, 0.004460734990286087, 0.0033209725681445346, 0.0023454873142102132], "enzy_template_score_list": [0.17079347372055054, 0.12055420130491257, 0.08354774117469788, 0.10768553614616394, 0.049893587827682495, 0.04287799820303917, 0.0347156822681427, 0.02310262620449066, 0.0175405815243721, 0.0367993488907814, 0.012765529565513134, 0.012121113017201424, 0.011535598896443844, 0.007266456261277199, 0.011601060628890991], "enzy_result": [{"smiles": "CN[C@H]1CCN(O)C1=O", "smiles_split": ["CN[C@H]1CCN(O)C1=O"], "mapped_smiles": "[NH:1]([C@H:2]1[CH2:3][CH2:4][N:5]([OH:6])[C:7]1=[O:8])[CH3:900]", "reacting_atoms": [1], "template_id": "3da917dd3c393d47a13567247125cb57", "template_set": ["bkms"], "num_examples": 14, "necessary_reagent": "", "template_score": 0.17079347372055054, "rms_molwt": -130.07422756, "num_rings": -1, "plausibility": 1, "tforms": ["3da917dd3c393d47a13567247125cb57"], "rank": 1, "score": -393.3425465508027}, {"smiles": "CC(=O)N[C@H]1CCN(O)C1=O", "smiles_split": ["CC(=O)N[C@H]1CCN(O)C1=O"], "mapped_smiles": "[NH:1]([C@H:2]1[CH2:3][CH2:4][N:5]([OH:6])[C:7]1=[O:8])[C:901]([CH3:900])=[O:902]", "reacting_atoms": [1], "template_id": "d894f7b7841da60b74742d99a5a5bb35", "template_set": ["bkms", "bkms"], "num_examples": 32, "necessary_reagent": "", "template_score": 0.12055420130491257, "rms_molwt": -158.06914218, "num_rings": -1, "plausibility": 1, "tforms": ["388ad5abaf44caf5eaa7f2822e863ae4", "d894f7b7841da60b74742d99a5a5bb35"], "rank": 2, "score": -714.5838497775134}, {"smiles": "O=CN[C@H]1CCN(O)C1=O", "smiles_split": ["O=CN[C@H]1CCN(O)C1=O"], "mapped_smiles": "[NH:1]([C@H:2]1[CH2:3][CH2:4][N:5]([OH:6])[C:7]1=[O:8])[CH:901]=[O:900]", "reacting_atoms": [1], "template_id": "d54b0a0696dcc8c23caf14780ed73884", "template_set": ["bkms", "bkms"], "num_examples": 7, "necessary_reagent": "", "template_score": 0.08354774117469788, "rms_molwt": -144.053492116, "num_rings": -1, "plausibility": 1, "tforms": ["d54b0a0696dcc8c23caf14780ed73884", "b4868606bb56acc2e456261c49f360a8"], "rank": 3, "score": -914.7571438354079}, {"smiles": "O=C1[C@@H](Nc2nc(O)nc(O)n2)CCN1O", "smiles_split": ["O=C1[C@@H](Nc2nc(O)nc(O)n2)CCN1O"], "mapped_smiles": "[NH:1]([C@H:2]1[CH2:3][CH2:4][N:5]([OH:6])[C:7]1=[O:8])[c:906]1[n:905][c:903]([OH:904])[n:902][c:901]([OH:900])[n:907]1", "reacting_atoms": [1], "template_id": "d8e66154803d5c21fcd07daf067fc696", "template_set": ["bkms"], "num_examples": 2, "necessary_reagent": "", "template_score": 0.10768553614616394, "rms_molwt": -227.065453768, "num_rings": -2, "plausibility": 1, "tforms": ["d8e66154803d5c21fcd07daf067fc696"], "rank": 4, "score": -1311.0427355431632}, {"smiles": "O=C1[C@@H](NS(=O)(=O)O)CCN1O", "smiles_split": ["O=C1[C@@H](NS(=O)(=O)O)CCN1O"], "mapped_smiles": "[NH:1]([C@H:2]1[CH2:3][CH2:4][N:5]([OH:6])[C:7]1=[O:8])[S:901]([OH:900])(=[O:902])=[O:903]", "reacting_atoms": [1], "template_id": "64b5467c36535a6d600803a1517586bd", "template_set": ["bkms"], "num_examples": 2, "necessary_reagent": "", "template_score": 0.049893587827682495, "rms_molwt": -196.015392356, "num_rings": -1, "plausibility": 1, "tforms": ["64b5467c36535a6d600803a1517586bd"], "rank": 5, "score": -1930.4841131782557}, {"smiles": "O=C(O)CN[C@H]1CCN(O)C1=O", "smiles_split": ["O=C(O)CN[C@H]1CCN(O)C1=O"], "mapped_smiles": "[NH:1]([C@H:2]1[CH2:3][CH2:4][N:5]([OH:6])[C:7]1=[O:8])[CH2:903][C:901]([OH:900])=[O:902]", "reacting_atoms": [1], "template_id": "aaaf3e48f0fa6bdf12f7ccde42db7c1a", "template_set": ["bkms"], "num_examples": 2, "necessary_reagent": "", "template_score": 0.04287799820303917, "rms_molwt": -174.0640568, "num_rings": -1, "plausibility": 1, "tforms": ["aaaf3e48f0fa6bdf12f7ccde42db7c1a"], "rank": 6, "score": -2246.3450414524723}, {"smiles": "N=C(N)N[C@H]1CCN(O)C1=O", "smiles_split": ["N=C(N)N[C@H]1CCN(O)C1=O"], "mapped_smiles": "[NH:1]([C@H:2]1[CH2:3][CH2:4][N:5]([OH:6])[C:7]1=[O:8])[C:901]([NH2:900])=[NH:902]", "reacting_atoms": [1], "template_id": "08add6c41136941e28a79944dc213b00", "template_set": ["bkms"], "num_examples": 9, "necessary_reagent": "", "template_score": 0.0347156822681427, "rms_molwt": -158.08037556, "num_rings": -1, "plausibility": 1, "tforms": ["08add6c41136941e28a79944dc213b00"], "rank": 7, "score": -2481.4746433594028}, {"smiles": "O=C(O)N[C@H]1CCN(O)C1=O", "smiles_split": ["O=C(O)N[C@H]1CCN(O)C1=O"], "mapped_smiles": "[NH:1]([C@H:2]1[CH2:3][CH2:4][N:5]([OH:6])[C:7]1=[O:8])[C:901]([OH:900])=[O:902]", "reacting_atoms": [1], "template_id": "069dd8c1d748523e2825c5a2b434d123", "template_set": ["bkms"], "num_examples": 1, "necessary_reagent": "", "template_score": 0.02310262620449066, "rms_molwt": -160.048406736, "num_rings": -1, "plausibility": 1, "tforms": ["069dd8c1d748523e2825c5a2b434d123"], "rank": 8, "score": -3728.843834151321}, {"smiles": "O=C1[C@@H](NO)CCN1O", "smiles_split": ["O=C1[C@@H](NO)CCN1O"], "mapped_smiles": "[NH:1]([C@H:2]1[CH2:3][CH2:4][N:5]([OH:6])[C:7]1=[O:8])[OH:900]", "reacting_atoms": [1], "template_id": "d699d652112cb1e6de21998a52035652", "template_set": ["bkms"], "num_examples": 2, "necessary_reagent": "", "template_score": 0.0175405815243721, "rms_molwt": -132.053492116, "num_rings": -1, "plausibility": 1, "tforms": ["d699d652112cb1e6de21998a52035652"], "rank": 9, "score": -3829.9950200712515}, {"smiles": "N[C@@H](CCC(=O)N[C@H]1CCN(O)C1=O)C(=O)O", "smiles_split": ["N[C@@H](CCC(=O)N[C@H]1CCN(O)C1=O)C(=O)O"], "mapped_smiles": "[NH:1]([C@H:2]1[CH2:3][CH2:4][N:5]([OH:6])[C:7]1=[O:8])[C:904]([CH2:903][CH2:902][C@H:901]([NH2:900])[C:906]([OH:907])=[O:908])=[O:905]", "reacting_atoms": [1], "template_id": "2fa1a6a80a242402bb52dbcbbcb2cb5e", "template_set": ["bkms", "bkms"], "num_examples": 23, "necessary_reagent": "", "template_score": 0.0367993488907814, "rms_molwt": -245.10117058, "num_rings": -1, "plausibility": 1, "tforms": ["2fa1a6a80a242402bb52dbcbbcb2cb5e", "07048584408ca9903cf30565528b6681"], "rank": 10, "score": -4330.672578786363}, {"smiles": "NC(=O)N[C@H]1CCN(O)C1=O", "smiles_split": ["NC(=O)N[C@H]1CCN(O)C1=O"], "mapped_smiles": "[NH:1]([C@H:2]1[CH2:3][CH2:4][N:5]([OH:6])[C:7]1=[O:8])[C:901]([NH2:900])=[O:902]", "reacting_atoms": [1], "template_id": "4c4aab061589e4012144faf880565288", "template_set": ["bkms"], "num_examples": 5, "necessary_reagent": "", "template_score": 0.012765529565513134, "rms_molwt": -159.064391148, "num_rings": -1, "plausibility": 1, "tforms": ["4c4aab061589e4012144faf880565288"], "rank": 11, "score": -6748.3361997019465}, {"smiles": "CCN(O)[C@H]1CCN(O)C1=O", "smiles_split": ["CCN(O)[C@H]1CCN(O)C1=O"], "mapped_smiles": "[N:1]([C@H:2]1[CH2:3][CH2:4][N:5]([OH:6])[C:7]1=[O:8])([CH2:901][CH3:900])[OH:902]", "reacting_atoms": [1], "template_id": "adde32404cbd2214d251de08eb5c549a", "template_set": ["bkms"], "num_examples": 1, "necessary_reagent": "", "template_score": 0.012121113017201424, "rms_molwt": -160.084792244, "num_rings": -1, "plausibility": 1, "tforms": ["adde32404cbd2214d251de08eb5c549a"], "rank": 12, "score": -7107.1101435210885}, {"smiles": "O=C1[C@@H](NCCO)CCN1O", "smiles_split": ["O=C1[C@@H](NCCO)CCN1O"], "mapped_smiles": "[NH:1]([C@H:2]1[CH2:3][CH2:4][N:5]([OH:6])[C:7]1=[O:8])[CH2:902][CH2:901][OH:900]", "reacting_atoms": [1], "template_id": "7fe39da461a0a99f48fde2d65dbdf304", "template_set": ["bkms"], "num_examples": 1, "necessary_reagent": "", "template_score": 0.011535598896443844, "rms_molwt": -160.084792244, "num_rings": -1, "plausibility": 1, "tforms": ["7fe39da461a0a99f48fde2d65dbdf304"], "rank": 13, "score": -7467.846797436288}, {"smiles": "O=C1CCN(O)C1=O", "smiles_split": ["O=C1CCN(O)C1=O"], "mapped_smiles": "[C:2]1(=[O:900])[CH2:3][CH2:4][N:5]([OH:6])[C:7]1=[O:8]", "reacting_atoms": [2], "template_id": "f2f891512d001a81944e9fa4a4f299f9", "template_set": ["bkms", "bkms", "bkms"], "num_examples": 8, "necessary_reagent": "[N]", "template_score": 0.007266456261277199, "rms_molwt": -115.02694302, "num_rings": -1, "plausibility": 1, "tforms": ["148b27288429492bb3bfa579aa82280a", "9a182abd3b298bfa9815b9ad158211ef", "f2f891512d001a81944e9fa4a4f299f9"], "rank": 14, "score": -7904.151875173171}, {"smiles": "CC(=O)NCCCN[C@H]1CCN(O)C1=O", "smiles_split": ["CC(=O)NCCCN[C@H]1CCN(O)C1=O"], "mapped_smiles": "[NH:1]([C@H:2]1[CH2:3][CH2:4][N:5]([OH:6])[C:7]1=[O:8])[CH2:906][CH2:905][CH2:904][NH:903][C:901]([CH3:900])=[O:902]", "reacting_atoms": [1], "template_id": "24173bc807c27ae14170176392e217ef", "template_set": ["bkms"], "num_examples": 1, "necessary_reagent": "", "template_score": 0.011601060628890991, "rms_molwt": -215.126991404, "num_rings": -1, "plausibility": 1, "tforms": ["24173bc807c27ae14170176392e217ef"], "rank": 15, "score": -11151.552811606038}]}