{"smiles": "CC[C@H](O)[C@@H](O)CCCCCC[C@H](O)[C@@H]1CC[C@H]([C@@H]2CC[C@H]([C@H](O)CCCCCCCCCCCCC3=C[C@H](C)OC3=O)O2)O1", "sfscore": [0.5153963565826416, 0.5002994537353516], "chem_result": [{"smiles": "CC[C@H](O)[C@@H](O)CCCCCC[C@H](O)[C@@H]1CC[C@H]([C@@H]2CC[C@H]([C@H](O)CCCCCCCCCCCCC3=C[C@H](C)OC3=O)O2)O1", "bw_confidence": 0.06617353922342435, "confidence": 0.42014325378388945, "rclass": "7 7.5 7.5.1", "children": [{"smiles": "CC[C@H](O)[C@@H](O)CCCCCC[C@H](O)[C@@H]1CC[C@H]([C@@H]2CC[C@H](C(=O)CCCCCCCCCCCC3=C[C@H](C)OC3=O)O2)O1"}, {"smiles": "[BH4-]~[Na+]"}]}, {"smiles": "CC[C@H](O)[C@@H](O)CCCCCC[C@H](O)[C@@H]1CC[C@H]([C@@H]2CC[C@H]([C@H](O)CCCCCCCCCCCCC3=C[C@H](C)OC3=O)O2)O1", "bw_confidence": 0.007696041161354997, "confidence": 0.022235077800025347, "rclass": "10 10.4 10.4.9", "children": [{"smiles": "C/C=C/CCCCCCC[C@H](O)[C@@H]1CC[C@H]([C@@H]2CC[C@H]([C@H](O)CCCCCCCCCCCC3=C[C@H](C)OC3=O)O2)O1"}, {"smiles": "CC[C@H]1CN2CC[C@H]1C[C@H]2[C@H](Oc1nnc(O[C@H](c2ccnc3ccc(OC)cc23~N#C[Fe-3](C#N)(C#N)(C#N)(C#N)C#N~O=C([O-])[O-]~O=[Os-2](=O)(O)(O)(O)O~[K+]~[K+]~[K+]~[K+]~[K+]~[K+]~[K+])[C@@H]2C[C@@H]3CCN2C[C@@H]3CC)c2ccccc12)c1ccnc2ccc(OC)cc12"}]}, {"smiles": "CC[C@H](O)[C@@H](O)CCCCCC[C@H](O)[C@@H]1CC[C@H]([C@@H]2CC[C@H]([C@H](O)CCCCCCCCCCCCC3=C[C@H](C)OC3=O)O2)O1", "bw_confidence": 0.0048376994366446276, "confidence": 0.07774351621523562, "rclass": "0 0 0", "children": [{"smiles": "CC[C@H](O)[C@@H](O)CCCCCC[C@H](O)[C@@H]1CC[C@H]([C@@H]2CC[C@H](C=O)O2)O1"}, {"smiles": "C[C@H]1C=C(CCCCCCCCCCCCCBr)C(=O)O1"}]}, {"smiles": "CC[C@H](O)[C@@H](O)CCCCCC[C@H](O)[C@@H]1CC[C@H]([C@@H]2CC[C@H]([C@H](O)CCCCCCCCCCCCC3=C[C@H](C)OC3=O)O2)O1", "bw_confidence": 0.004632029588393455, "confidence": 0.283973651848864, "rclass": "6 6.3 6.3.2", "children": [{"smiles": "C1CCOC1"}, {"smiles": "CCCC[N+](CCCC)(CCCC)CCCC~[F-]"}, {"smiles": "CC[C@H](O[Si](C)(C)C(C)(C)C)[C@H](CCCCCC[C@H](O[Si](C)(C)C(C)(C)C)[C@@H]1CC[C@H]([C@@H]2CC[C@H]([C@@H](CCCCCCCCCCCCC3=C[C@H](C)OC3=O)O[Si](C)(C)C(C)(C)C)O2)O1)O[Si](C)(C)C(C)(C)C"}]}, {"smiles": "CC[C@H](O)[C@@H](O)CCCCCC[C@H](O)[C@@H]1CC[C@H]([C@@H]2CC[C@H]([C@H](O)CCCCCCCCCCCCC3=C[C@H](C)OC3=O)O2)O1", "bw_confidence": 0.0014743509073159612, "confidence": 0.018016872654942586, "rclass": "11 11.5 11.5", "children": [{"smiles": "CC[C@H](O)[C@@H](O)CCCCCC[C@H](O)[C@@H]1CC[C@H]([C@@H]2CC[C@H]([C@H](O)CCCCCCCCCCCC3=C[C@H](C)OC3=O)O2)O1"}, {"smiles": "Cc1ccccc1"}]}, {"smiles": "CC[C@H](O)[C@@H](O)CCCCCC[C@H](O)[C@@H]1CC[C@H]([C@@H]2CC[C@H]([C@H](O)CCCCCCCCCCCCC3=C[C@H](C)OC3=O)O2)O1", "bw_confidence": 0.0009688219006944037, "confidence": 0.3445138388838433, "rclass": "6 6.3 6.3.2", "children": [{"smiles": "CC[C@H](O)[C@@H](O)CCCCCC[C@H](O)[C@@H]1CC[C@H]([C@@H]2CC[C@H]([C@@H](CCCCCCCCCCCCC3=C[C@H](C)OC3=O)O[Si](C)(C)C(C)(C)C)O2)O1"}, {"smiles": "Cl"}]}, {"smiles": "CC[C@H](O)[C@@H](O)CCCCCC[C@H](O)[C@@H]1CC[C@H]([C@@H]2CC[C@H]([C@H](O)CCCCCCCCCCCCC3=C[C@H](C)OC3=O)O2)O1", "bw_confidence": 0.0007866718528102144, "confidence": 0.02679200399352579, "rclass": "6 6.3 6.3.16", "children": [{"smiles": "CC[C@H]1OC(C)(C)O[C@H]1CCCCCC[C@H](O)[C@@H]1CC[C@H]([C@@H]2CC[C@H]([C@H](O)CCCCCCCCCCCC3=C[C@H](C)OC3=O)O2)O1"}, {"smiles": "Cl"}]}, {"smiles": "CC[C@H](O)[C@@H](O)CCCCCC[C@H](O)[C@@H]1CC[C@H]([C@@H]2CC[C@H]([C@H](O)CCCCCCCCCCCCC3=C[C@H](C)OC3=O)O2)O1", "bw_confidence": 0.0005819937184569875, "confidence": 0.08742418250083109, "rclass": "11 11.5 11.5", "children": [{"smiles": "CC#N"}, {"smiles": "CC[C@H](O)[C@@H](O)CCCCCC[C@H](O)[C@@H]1CC[C@H]([C@@H]2CC[C@H]([C@@H](O)CCCCCCCCCCCC3=C[C@H](C)OC3=O)O2)O1"}, {"smiles": "O"}]}, {"smiles": "CC[C@H](O)[C@@H](O)CCCCCC[C@H](O)[C@@H]1CC[C@H]([C@@H]2CC[C@H]([C@H](O)CCCCCCCCCCCCC3=C[C@H](C)OC3=O)O2)O1", "bw_confidence": 0.000476120587256044, "confidence": 0.5907133480273854, "rclass": "0 0 0", "children": [{"smiles": "C1CCOC1"}, {"smiles": "CCCC[N+](CCCC)(CCCC)CCCC~[F-]"}, {"smiles": "CC[C@H](O[Si](c1ccccc1)(c1ccccc1)C(C)(C)C)[C@@H](O)CCCCCC[C@H](O[Si](C)(C)C(C)(C)C)[C@@H]1CC[C@H]([C@@H]2CC[C@H]([C@H](O)CCCCCCCCCCCCC3=C[C@H](C)OC3=O)O2)O1"}]}, {"smiles": "CC[C@H](O)[C@@H](O)CCCCCC[C@H](O)[C@@H]1CC[C@H]([C@@H]2CC[C@H]([C@H](O)CCCCCCCCCCCCC3=C[C@H](C)OC3=O)O2)O1", "bw_confidence": 0.0003719678086749423, "confidence": 0.008718640777614623, "rclass": "0 0 0", "children": [{"smiles": "CC[C@H](O)[C@@H](O)CCCCCC[C@H](O)[C@@H]1CC[C@@H]([C@H](O)CCCCCCCCCCCC2=C[C@H](C)OC2=O)O1"}, {"smiles": "Cc1ccc(S(=O)(=O)[O-])cc1~c1cc[nH+]cc1"}, {"smiles": "ClCCl"}]}, {"smiles": "CC[C@H](O)[C@@H](O)CCCCCC[C@H](O)[C@@H]1CC[C@H]([C@@H]2CC[C@H]([C@H](O)CCCCCCCCCCCCC3=C[C@H](C)OC3=O)O2)O1", "bw_confidence": 0.0003043616718224749, "confidence": 0.373826122486311, "rclass": "0 0 0", "children": [{"smiles": "C1CCOC1"}, {"smiles": "CCCC[N+](CCCC)(CCCC)CCCC~[F-]"}, {"smiles": "CC[C@H](O[Si](c1ccccc1)(c1ccccc1)C(C)(C)C)[C@@H](CCCCCC[C@H](O[Si](c1ccccc1)(c1ccccc1)C(C)(C)C)[C@@H]1CC[C@H]([C@@H]2CC[C@H]([C@@H](CCCCCCCCCCCC3=C[C@H](C)OC3=O)O[Si](C)(C)C(C)(C)C)O2)O1)O[Si](C)(C)C(C)(C)C"}]}], "chem_bw_confidence_list": [0.06617353922342435, 0.007696041161354997, 0.0048376994366446276, 0.004632029588393455, 0.0014743509073159612, 0.0009688219006944037, 0.0007866718528102144, 0.0005819937184569875, 0.000476120587256044, 0.0003719678086749423, 0.0003043616718224749], "enzy_template_score_list": [0.021190237253904343, 0.021190237253904343, 0.021190237253904343, 0.021190237253904343, 0.021190237253904343, 0.021190237253904343, 0.021190237253904343, 0.021190237253904343, 0.021190237253904343, 0.021190237253904343, 0.021190237253904343, 0.021190237253904343, 0.021190237253904343, 0.021190237253904343, 0.021190237253904343], "enzy_result": [{"smiles": "CC[C@H](O)[C@@H](O)CCCCCC[C@H](O)[C@@H]1CC[C@H]([C@@H]2CC[C@H]([C@H](O)CCCCCCCCCCCC(O)C3=C[C@H](C)OC3=O)O2)O1", "smiles_split": ["CC[C@H](O)[C@@H](O)CCCCCC[C@H](O)[C@@H]1CC[C@H]([C@@H]2CC[C@H]([C@H](O)CCCCCCCCCCCC(O)C3=C[C@H](C)OC3=O)O2)O1"], "mapped_smiles": "CC[C@H](O)[C@@H](O)CCCCCC[C@H](O)[C@@H]1CC[C@H]([C@@H]2CC[C@H]([C@H](O)CCCCCCCCCCCC(O)C3=C[C@H](C)OC3=O)O2)O1", "reacting_atoms": [-1], "template_id": "81213fb75e46892b9fa5f6321771952e", "template_set": ["bkms", "bkms", "bkms"], "num_examples": 30, "necessary_reagent": "", "template_score": 0.021190237253904343, "rms_molwt": -654.4706836920001, "num_rings": -3, "plausibility": 1, "tforms": ["30e9d56bde10fbb0c5513016c230904e", "81213fb75e46892b9fa5f6321771952e", "19859b775fcd1996c7213b40cc4bafbb"], "rank": 1, "score": -39832.92393222801}, {"smiles": "CC[C@H](O)[C@@H](O)CCC(O)CCC[C@H](O)[C@@H]1CC[C@H]([C@@H]2CC[C@H]([C@H](O)CCCCCCCCCCCCC3=C[C@H](C)OC3=O)O2)O1", "smiles_split": ["CC[C@H](O)[C@@H](O)CCC(O)CCC[C@H](O)[C@@H]1CC[C@H]([C@@H]2CC[C@H]([C@H](O)CCCCCCCCCCCCC3=C[C@H](C)OC3=O)O2)O1"], "mapped_smiles": "CC[C@H](O)[C@@H](O)CCC(O)CCC[C@H](O)[C@@H]1CC[C@H]([C@@H]2CC[C@H]([C@H](O)CCCCCCCCCCCCC3=C[C@H](C)OC3=O)O2)O1", "reacting_atoms": [-1], "template_id": "81213fb75e46892b9fa5f6321771952e", "template_set": ["bkms", "bkms", "bkms"], "num_examples": 30, "necessary_reagent": "", "template_score": 0.021190237253904343, "rms_molwt": -654.4706836920001, "num_rings": -3, "plausibility": 1, "tforms": ["30e9d56bde10fbb0c5513016c230904e", "81213fb75e46892b9fa5f6321771952e", "19859b775fcd1996c7213b40cc4bafbb"], "rank": 2, "score": -39832.92393222801}, {"smiles": "CC[C@H](O)[C@@H](O)CCCCC(O)C[C@H](O)[C@@H]1CC[C@H]([C@@H]2CC[C@H]([C@H](O)CCCCCCCCCCCCC3=C[C@H](C)OC3=O)O2)O1", "smiles_split": ["CC[C@H](O)[C@@H](O)CCCCC(O)C[C@H](O)[C@@H]1CC[C@H]([C@@H]2CC[C@H]([C@H](O)CCCCCCCCCCCCC3=C[C@H](C)OC3=O)O2)O1"], "mapped_smiles": "CC[C@H](O)[C@@H](O)CCCCC(O)C[C@H](O)[C@@H]1CC[C@H]([C@@H]2CC[C@H]([C@H](O)CCCCCCCCCCCCC3=C[C@H](C)OC3=O)O2)O1", "reacting_atoms": [-1], "template_id": "81213fb75e46892b9fa5f6321771952e", "template_set": ["bkms", "bkms", "bkms"], "num_examples": 30, "necessary_reagent": "", "template_score": 0.021190237253904343, "rms_molwt": -654.4706836920001, "num_rings": -3, "plausibility": 1, "tforms": ["30e9d56bde10fbb0c5513016c230904e", "81213fb75e46892b9fa5f6321771952e", "19859b775fcd1996c7213b40cc4bafbb"], "rank": 3, "score": -39832.92393222801}, {"smiles": "CC[C@H](O)[C@@H](O)CCCCCC[C@H](O)[C@@H]1CC[C@H]([C@@H]2CC(O)[C@H]([C@H](O)CCCCCCCCCCCCC3=C[C@H](C)OC3=O)O2)O1", "smiles_split": ["CC[C@H](O)[C@@H](O)CCCCCC[C@H](O)[C@@H]1CC[C@H]([C@@H]2CC(O)[C@H]([C@H](O)CCCCCCCCCCCCC3=C[C@H](C)OC3=O)O2)O1"], "mapped_smiles": "CC[C@H](O)[C@@H](O)CCCCCC[C@H](O)[C@@H]1CC[C@H]([C@@H]2CC(O)[C@H]([C@H](O)CCCCCCCCCCCCC3=C[C@H](C)OC3=O)O2)O1", "reacting_atoms": [-1], "template_id": "81213fb75e46892b9fa5f6321771952e", "template_set": ["bkms", "bkms", "bkms"], "num_examples": 30, "necessary_reagent": "", "template_score": 0.021190237253904343, "rms_molwt": -654.4706836920001, "num_rings": -3, "plausibility": 1, "tforms": ["30e9d56bde10fbb0c5513016c230904e", "81213fb75e46892b9fa5f6321771952e", "19859b775fcd1996c7213b40cc4bafbb"], "rank": 4, "score": -39832.92393222801}, {"smiles": "CC[C@H](O)[C@@H](O)CCCC(O)CC[C@H](O)[C@@H]1CC[C@H]([C@@H]2CC[C@H]([C@H](O)CCCCCCCCCCCCC3=C[C@H](C)OC3=O)O2)O1", "smiles_split": ["CC[C@H](O)[C@@H](O)CCCC(O)CC[C@H](O)[C@@H]1CC[C@H]([C@@H]2CC[C@H]([C@H](O)CCCCCCCCCCCCC3=C[C@H](C)OC3=O)O2)O1"], "mapped_smiles": "CC[C@H](O)[C@@H](O)CCCC(O)CC[C@H](O)[C@@H]1CC[C@H]([C@@H]2CC[C@H]([C@H](O)CCCCCCCCCCCCC3=C[C@H](C)OC3=O)O2)O1", "reacting_atoms": [-1], "template_id": "81213fb75e46892b9fa5f6321771952e", "template_set": ["bkms", "bkms", "bkms"], "num_examples": 30, "necessary_reagent": "", "template_score": 0.021190237253904343, "rms_molwt": -654.4706836920001, "num_rings": -3, "plausibility": 1, "tforms": ["30e9d56bde10fbb0c5513016c230904e", "81213fb75e46892b9fa5f6321771952e", "19859b775fcd1996c7213b40cc4bafbb"], "rank": 5, "score": -39832.92393222801}, {"smiles": "CC[C@H](O)[C@@H](O)CC(O)CCCC[C@H](O)[C@@H]1CC[C@H]([C@@H]2CC[C@H]([C@H](O)CCCCCCCCCCCCC3=C[C@H](C)OC3=O)O2)O1", "smiles_split": ["CC[C@H](O)[C@@H](O)CC(O)CCCC[C@H](O)[C@@H]1CC[C@H]([C@@H]2CC[C@H]([C@H](O)CCCCCCCCCCCCC3=C[C@H](C)OC3=O)O2)O1"], "mapped_smiles": "CC[C@H](O)[C@@H](O)CC(O)CCCC[C@H](O)[C@@H]1CC[C@H]([C@@H]2CC[C@H]([C@H](O)CCCCCCCCCCCCC3=C[C@H](C)OC3=O)O2)O1", "reacting_atoms": [-1], "template_id": "81213fb75e46892b9fa5f6321771952e", "template_set": ["bkms", "bkms", "bkms"], "num_examples": 30, "necessary_reagent": "", "template_score": 0.021190237253904343, "rms_molwt": -654.4706836920001, "num_rings": -3, "plausibility": 1, "tforms": ["30e9d56bde10fbb0c5513016c230904e", "81213fb75e46892b9fa5f6321771952e", "19859b775fcd1996c7213b40cc4bafbb"], "rank": 6, "score": -39832.92393222801}, {"smiles": "CC[C@H](O)[C@@H](O)CCCCCC[C@H](O)[C@@H]1CC[C@H]([C@@H]2CC[C@H]([C@H](O)CCCCCCC(O)CCCCCC3=C[C@H](C)OC3=O)O2)O1", "smiles_split": ["CC[C@H](O)[C@@H](O)CCCCCC[C@H](O)[C@@H]1CC[C@H]([C@@H]2CC[C@H]([C@H](O)CCCCCCC(O)CCCCCC3=C[C@H](C)OC3=O)O2)O1"], "mapped_smiles": "CC[C@H](O)[C@@H](O)CCCCCC[C@H](O)[C@@H]1CC[C@H]([C@@H]2CC[C@H]([C@H](O)CCCCCCC(O)CCCCCC3=C[C@H](C)OC3=O)O2)O1", "reacting_atoms": [-1], "template_id": "81213fb75e46892b9fa5f6321771952e", "template_set": ["bkms", "bkms", "bkms"], "num_examples": 30, "necessary_reagent": "", "template_score": 0.021190237253904343, "rms_molwt": -654.4706836920001, "num_rings": -3, "plausibility": 1, "tforms": ["30e9d56bde10fbb0c5513016c230904e", "81213fb75e46892b9fa5f6321771952e", "19859b775fcd1996c7213b40cc4bafbb"], "rank": 7, "score": -39832.92393222801}, {"smiles": "CC[C@H](O)[C@@H](O)C(O)CCCCC[C@H](O)[C@@H]1CC[C@H]([C@@H]2CC[C@H]([C@H](O)CCCCCCCCCCCCC3=C[C@H](C)OC3=O)O2)O1", "smiles_split": ["CC[C@H](O)[C@@H](O)C(O)CCCCC[C@H](O)[C@@H]1CC[C@H]([C@@H]2CC[C@H]([C@H](O)CCCCCCCCCCCCC3=C[C@H](C)OC3=O)O2)O1"], "mapped_smiles": "CC[C@H](O)[C@@H](O)C(O)CCCCC[C@H](O)[C@@H]1CC[C@H]([C@@H]2CC[C@H]([C@H](O)CCCCCCCCCCCCC3=C[C@H](C)OC3=O)O2)O1", "reacting_atoms": [-1], "template_id": "81213fb75e46892b9fa5f6321771952e", "template_set": ["bkms", "bkms", "bkms"], "num_examples": 30, "necessary_reagent": "", "template_score": 0.021190237253904343, "rms_molwt": -654.4706836920001, "num_rings": -3, "plausibility": 1, "tforms": ["30e9d56bde10fbb0c5513016c230904e", "81213fb75e46892b9fa5f6321771952e", "19859b775fcd1996c7213b40cc4bafbb"], "rank": 8, "score": -39832.92393222801}, {"smiles": "CC[C@H](O)[C@@H](O)CCCCCC[C@H](O)[C@@H]1CC(O)[C@H]([C@@H]2CC[C@H]([C@H](O)CCCCCCCCCCCCC3=C[C@H](C)OC3=O)O2)O1", "smiles_split": ["CC[C@H](O)[C@@H](O)CCCCCC[C@H](O)[C@@H]1CC(O)[C@H]([C@@H]2CC[C@H]([C@H](O)CCCCCCCCCCCCC3=C[C@H](C)OC3=O)O2)O1"], "mapped_smiles": "CC[C@H](O)[C@@H](O)CCCCCC[C@H](O)[C@@H]1CC(O)[C@H]([C@@H]2CC[C@H]([C@H](O)CCCCCCCCCCCCC3=C[C@H](C)OC3=O)O2)O1", "reacting_atoms": [-1], "template_id": "81213fb75e46892b9fa5f6321771952e", "template_set": ["bkms", "bkms", "bkms"], "num_examples": 30, "necessary_reagent": "", "template_score": 0.021190237253904343, "rms_molwt": -654.4706836920001, "num_rings": -3, "plausibility": 1, "tforms": ["30e9d56bde10fbb0c5513016c230904e", "81213fb75e46892b9fa5f6321771952e", "19859b775fcd1996c7213b40cc4bafbb"], "rank": 9, "score": -39832.92393222801}, {"smiles": "CC[C@H](O)[C@@H](O)CCCCCC[C@H](O)[C@@H]1CC[C@H]([C@@H]2CC[C@H]([C@H](O)CCCCCC(O)CCCCCCC3=C[C@H](C)OC3=O)O2)O1", "smiles_split": ["CC[C@H](O)[C@@H](O)CCCCCC[C@H](O)[C@@H]1CC[C@H]([C@@H]2CC[C@H]([C@H](O)CCCCCC(O)CCCCCCC3=C[C@H](C)OC3=O)O2)O1"], "mapped_smiles": "CC[C@H](O)[C@@H](O)CCCCCC[C@H](O)[C@@H]1CC[C@H]([C@@H]2CC[C@H]([C@H](O)CCCCCC(O)CCCCCCC3=C[C@H](C)OC3=O)O2)O1", "reacting_atoms": [-1], "template_id": "81213fb75e46892b9fa5f6321771952e", "template_set": ["bkms", "bkms", "bkms"], "num_examples": 30, "necessary_reagent": "", "template_score": 0.021190237253904343, "rms_molwt": -654.4706836920001, "num_rings": -3, "plausibility": 1, "tforms": ["30e9d56bde10fbb0c5513016c230904e", "81213fb75e46892b9fa5f6321771952e", "19859b775fcd1996c7213b40cc4bafbb"], "rank": 10, "score": -39832.92393222801}, {"smiles": "CC[C@H](O)[C@@H](O)CCCCCC[C@H](O)[C@@H]1CC[C@H]([C@@H]2CC[C@H]([C@H](O)CCCCCCCCCCC(O)CC3=C[C@H](C)OC3=O)O2)O1", "smiles_split": ["CC[C@H](O)[C@@H](O)CCCCCC[C@H](O)[C@@H]1CC[C@H]([C@@H]2CC[C@H]([C@H](O)CCCCCCCCCCC(O)CC3=C[C@H](C)OC3=O)O2)O1"], "mapped_smiles": "CC[C@H](O)[C@@H](O)CCCCCC[C@H](O)[C@@H]1CC[C@H]([C@@H]2CC[C@H]([C@H](O)CCCCCCCCCCC(O)CC3=C[C@H](C)OC3=O)O2)O1", "reacting_atoms": [-1], "template_id": "81213fb75e46892b9fa5f6321771952e", "template_set": ["bkms", "bkms", "bkms"], "num_examples": 30, "necessary_reagent": "", "template_score": 0.021190237253904343, "rms_molwt": -654.4706836920001, "num_rings": -3, "plausibility": 1, "tforms": ["30e9d56bde10fbb0c5513016c230904e", "81213fb75e46892b9fa5f6321771952e", "19859b775fcd1996c7213b40cc4bafbb"], "rank": 11, "score": -39832.92393222801}, {"smiles": "CC[C@H](O)[C@@H](O)CCCCCC[C@H](O)[C@@H]1CC[C@H]([C@@H]2CC[C@H]([C@H](O)CC(O)CCCCCCCCCCC3=C[C@H](C)OC3=O)O2)O1", "smiles_split": ["CC[C@H](O)[C@@H](O)CCCCCC[C@H](O)[C@@H]1CC[C@H]([C@@H]2CC[C@H]([C@H](O)CC(O)CCCCCCCCCCC3=C[C@H](C)OC3=O)O2)O1"], "mapped_smiles": "CC[C@H](O)[C@@H](O)CCCCCC[C@H](O)[C@@H]1CC[C@H]([C@@H]2CC[C@H]([C@H](O)CC(O)CCCCCCCCCCC3=C[C@H](C)OC3=O)O2)O1", "reacting_atoms": [-1], "template_id": "81213fb75e46892b9fa5f6321771952e", "template_set": ["bkms", "bkms", "bkms"], "num_examples": 30, "necessary_reagent": "", "template_score": 0.021190237253904343, "rms_molwt": -654.4706836920001, "num_rings": -3, "plausibility": 1, "tforms": ["30e9d56bde10fbb0c5513016c230904e", "81213fb75e46892b9fa5f6321771952e", "19859b775fcd1996c7213b40cc4bafbb"], "rank": 12, "score": -39832.92393222801}, {"smiles": "CC[C@H](O)[C@@H](O)CCCCCC[C@H](O)[C@@H]1CC[C@H]([C@@H]2CC[C@H]([C@H](O)C(O)CCCCCCCCCCCC3=C[C@H](C)OC3=O)O2)O1", "smiles_split": ["CC[C@H](O)[C@@H](O)CCCCCC[C@H](O)[C@@H]1CC[C@H]([C@@H]2CC[C@H]([C@H](O)C(O)CCCCCCCCCCCC3=C[C@H](C)OC3=O)O2)O1"], "mapped_smiles": "CC[C@H](O)[C@@H](O)CCCCCC[C@H](O)[C@@H]1CC[C@H]([C@@H]2CC[C@H]([C@H](O)C(O)CCCCCCCCCCCC3=C[C@H](C)OC3=O)O2)O1", "reacting_atoms": [-1], "template_id": "81213fb75e46892b9fa5f6321771952e", "template_set": ["bkms", "bkms", "bkms"], "num_examples": 30, "necessary_reagent": "", "template_score": 0.021190237253904343, "rms_molwt": -654.4706836920001, "num_rings": -3, "plausibility": 1, "tforms": ["30e9d56bde10fbb0c5513016c230904e", "81213fb75e46892b9fa5f6321771952e", "19859b775fcd1996c7213b40cc4bafbb"], "rank": 13, "score": -39832.92393222801}, {"smiles": "CC[C@H](O)[C@@H](O)CCCCCC[C@H](O)[C@@H]1CC[C@H]([C@H]2O[C@@H]([C@H](O)CCCCCCCCCCCCC3=C[C@H](C)OC3=O)CC2O)O1", "smiles_split": ["CC[C@H](O)[C@@H](O)CCCCCC[C@H](O)[C@@H]1CC[C@H]([C@H]2O[C@@H]([C@H](O)CCCCCCCCCCCCC3=C[C@H](C)OC3=O)CC2O)O1"], "mapped_smiles": "CC[C@H](O)[C@@H](O)CCCCCC[C@H](O)[C@@H]1CC[C@H]([C@H]2O[C@@H]([C@H](O)CCCCCCCCCCCCC3=C[C@H](C)OC3=O)CC2O)O1", "reacting_atoms": [-1], "template_id": "81213fb75e46892b9fa5f6321771952e", "template_set": ["bkms", "bkms", "bkms"], "num_examples": 30, "necessary_reagent": "", "template_score": 0.021190237253904343, "rms_molwt": -654.4706836920001, "num_rings": -3, "plausibility": 1, "tforms": ["30e9d56bde10fbb0c5513016c230904e", "81213fb75e46892b9fa5f6321771952e", "19859b775fcd1996c7213b40cc4bafbb"], "rank": 14, "score": -39832.92393222801}, {"smiles": "CC[C@H](O)[C@@H](O)CCCCCC[C@H](O)[C@@H]1CC[C@H]([C@@H]2CC[C@H]([C@H](O)CCCC(O)CCCCCCCCC3=C[C@H](C)OC3=O)O2)O1", "smiles_split": ["CC[C@H](O)[C@@H](O)CCCCCC[C@H](O)[C@@H]1CC[C@H]([C@@H]2CC[C@H]([C@H](O)CCCC(O)CCCCCCCCC3=C[C@H](C)OC3=O)O2)O1"], "mapped_smiles": "CC[C@H](O)[C@@H](O)CCCCCC[C@H](O)[C@@H]1CC[C@H]([C@@H]2CC[C@H]([C@H](O)CCCC(O)CCCCCCCCC3=C[C@H](C)OC3=O)O2)O1", "reacting_atoms": [-1], "template_id": "81213fb75e46892b9fa5f6321771952e", "template_set": ["bkms", "bkms", "bkms"], "num_examples": 30, "necessary_reagent": "", "template_score": 0.021190237253904343, "rms_molwt": -654.4706836920001, "num_rings": -3, "plausibility": 1, "tforms": ["30e9d56bde10fbb0c5513016c230904e", "81213fb75e46892b9fa5f6321771952e", "19859b775fcd1996c7213b40cc4bafbb"], "rank": 15, "score": -39832.92393222801}]}