{"smiles": "CCCCC/C=C\\C/C=C\\C/C=C\\C/C=C\\C/C=C\\CCC(=O)OC[C@@H](COC(=O)CCCCCCCCCCCCCC)OC(=O)CCCCC/C=C\\C/C=C\\C/C=C\\C/C=C\\CCCCC", "sfscore": [0.42316970229148865, 0.6278530955314636], "chem_result": [{"smiles": "CCCCC/C=C\\C/C=C\\C/C=C\\C/C=C\\C/C=C\\CCC(=O)OC[C@@H](COC(=O)CCCCCCCCCCCCCC)OC(=O)CCCCC/C=C\\C/C=C\\C/C=C\\C/C=C\\CCCCC", "bw_confidence": 0.0327258655119514, "confidence": 0.11345825416769251, "rclass": "2 2.6 2.6.2", "children": [{"smiles": "CCCCC/C=C\\C/C=C\\C/C=C\\C/C=C\\C/C=C\\CCC(=O)OC[C@H](O)COC(=O)CCCCCCCCCCCCCC"}, {"smiles": "CCCCC/C=C\\C/C=C\\C/C=C\\C/C=C\\CCCCCC(=O)O"}]}, {"smiles": "CCCCC/C=C\\C/C=C\\C/C=C\\C/C=C\\C/C=C\\CCC(=O)OC[C@@H](COC(=O)CCCCCCCCCCCCCC)OC(=O)CCCCC/C=C\\C/C=C\\C/C=C\\C/C=C\\CCCCC", "bw_confidence": 0.016317328628030446, "confidence": 0.20205106441138138, "rclass": "8 8.1 8.1.10", "children": [{"smiles": "CCCCC/C=C\\C/C=C\\C/C=C\\C/C=C\\C/C=C\\CCC(=O)OC[C@@H](COC(=O)CCCCCCCCCCCCC)OC(O)CCCCC/C=C\\C/C=C\\C/C=C\\CCCCC"}, {"smiles": "ClCCl"}, {"smiles": "O=[Cr](=O)([O-])Cl~c1cc[nH+]cc1"}]}, {"smiles": "CCCCC/C=C\\C/C=C\\C/C=C\\C/C=C\\C/C=C\\CCC(=O)OC[C@@H](COC(=O)CCCCCCCCCCCCCC)OC(=O)CCCCC/C=C\\C/C=C\\C/C=C\\C/C=C\\CCCCC", "bw_confidence": 0.015292733724398364, "confidence": 0.0480793354286383, "rclass": "11 11.5 11.5", "children": [{"smiles": "CCCCC/C=C\\C/C=C\\C/C=C\\C/C=C\\C/C=C\\CCC(=O)OC[C@H](COC(=O)CCCCCCCCCCCCC)OC(=O)CCCCC/C=C\\C/C=C\\C/C=C\\CCCCC"}]}, {"smiles": "CCCCC/C=C\\C/C=C\\C/C=C\\C/C=C\\C/C=C\\CCC(=O)OC[C@@H](COC(=O)CCCCCCCCCCCCCC)OC(=O)CCCCC/C=C\\C/C=C\\C/C=C\\C/C=C\\CCCCC", "bw_confidence": 0.013724060628069685, "confidence": 0.02450666078912468, "rclass": "11 11.5 11.5", "children": [{"smiles": "CCCCC/C=C\\C/C=C\\C/C=C\\C/C=C\\C/C=C\\CCC(=O)OC[C@@H](COC(=O)CCCCCCCCCCCCC)OC(=O)CCCCC/C=C\\C/C=C\\C/C=C\\CCCCC"}, {"smiles": "ClCCl"}]}, {"smiles": "CCCCC/C=C\\C/C=C\\C/C=C\\C/C=C\\C/C=C\\CCC(=O)OC[C@@H](COC(=O)CCCCCCCCCCCCCC)OC(=O)CCCCC/C=C\\C/C=C\\C/C=C\\C/C=C\\CCCCC", "bw_confidence": 0.012396095849205311, "confidence": 0.03331521671929759, "rclass": "11 11.5 11.5", "children": [{"smiles": "CCCCC/C=C\\C/C=C\\C/C=C\\C/C=C\\C/C=C\\CCC(=O)OC[C@@H](COC(=O)CCCCCCCCCCCCCC)OC(=O)CCCCC/C=C\\C/C=C\\C/C=C\\CCCCC"}]}, {"smiles": "CCCCC/C=C\\C/C=C\\C/C=C\\C/C=C\\C/C=C\\CCC(=O)OC[C@@H](COC(=O)CCCCCCCCCCCCCC)OC(=O)CCCCC/C=C\\C/C=C\\C/C=C\\C/C=C\\CCCCC", "bw_confidence": 0.006862419688464928, "confidence": 0.01767782482425946, "rclass": "2 2.6 2.6.14", "children": [{"smiles": "CCCCC/C=C\\C/C=C\\C/C=C\\C/C=C\\C/C=C\\CCC(=O)OC[C@@H](COC(=O)CCCCCCCCCCCCC)OC(=O)CCCCC/C=C\\C/C=C\\C/C=C\\CCCCC"}, {"smiles": "CCCCC/C=C\\C/C=C\\C/C=C\\C/C=C\\CCCCC"}]}, {"smiles": "CCCCC/C=C\\C/C=C\\C/C=C\\C/C=C\\C/C=C\\CCC(=O)OC[C@@H](COC(=O)CCCCCCCCCCCCCC)OC(=O)CCCCC/C=C\\C/C=C\\C/C=C\\C/C=C\\CCCCC", "bw_confidence": 0.006722520258968438, "confidence": 0.14747194329077928, "rclass": "0 0 0", "children": [{"smiles": "C(=NC1CCCCC1)=NC1CCCCC1"}, {"smiles": "CCCCC/C=C\\C/C=C\\C/C=C\\C/C=C\\CCC(=O)O"}, {"smiles": "CCCCCCCCCCCCCCC(=O)OC[C@H](O)CO"}, {"smiles": "CN(C)c1ccncc1"}, {"smiles": "ClCCl"}]}, {"smiles": "CCCCC/C=C\\C/C=C\\C/C=C\\C/C=C\\C/C=C\\CCC(=O)OC[C@@H](COC(=O)CCCCCCCCCCCCCC)OC(=O)CCCCC/C=C\\C/C=C\\C/C=C\\C/C=C\\CCCCC", "bw_confidence": 0.004182950363188058, "confidence": 0.07106822334202978, "rclass": "11 11.5 11.5", "children": [{"smiles": "CCCCC/C=C\\C/C=C\\C/C=C\\C/C=C\\CCC(=O)OC[C@@H](COC(=O)CCCCCCCCCCCCCC)OC(=O)CCCCC/C=C\\C/C=C\\C/C=C\\CCCCC"}, {"smiles": "CCN(CC)CC"}, {"smiles": "CS(=O)(=O)Cl"}, {"smiles": "ClCCl"}]}, {"smiles": "CCCCC/C=C\\C/C=C\\C/C=C\\C/C=C\\C/C=C\\CCC(=O)OC[C@@H](COC(=O)CCCCCCCCCCCCCC)OC(=O)CCCCC/C=C\\C/C=C\\C/C=C\\C/C=C\\CCCCC", "bw_confidence": 0.001140628359594816, "confidence": 0.07327478386249854, "rclass": "11 11.1 11.1", "children": [{"smiles": "CC(=O)[O-]~CC(=O)[O-]~[Pb+2]~[Pd]"}, {"smiles": "CCCCC/C=C\\C/C=C\\C/C=C\\C/C=C\\C/C=C\\CCC(=O)OC[C@@H](COC(=O)CCCCCCCCCCCCCC)OC(=O)CCCCC/C=C\\C/C=C\\C/C=C\\CCCCC"}]}], "chem_bw_confidence_list": [0.0327258655119514, 0.016317328628030446, 0.015292733724398364, 0.013724060628069685, 0.012396095849205311, 0.006862419688464928, 0.006722520258968438, 0.004182950363188058, 0.001140628359594816], "enzy_template_score_list": [0.8004822731018066, 0.8004822731018066, 0.8004822731018066, 0.8004822731018066, 0.8004822731018066, 0.8004822731018066, 0.8004822731018066, 0.8004822731018066, 0.8004822731018066, 0.047269728034734726, 0.047269728034734726, 0.047269728034734726, 0.007669225335121155, 0.007669225335121155, 0.007669225335121155], "enzy_result": [{"smiles": "CCCCC/C=C\\C/C=C\\C/C=C\\C/C=C\\C/C=C\\CCC(=O)OC[C@@H](COC(=O)CCCCCCCCCCCCCC)OC(=O)CCCCCCCC/C=C\\C/C=C\\C/C=C\\CCCCC", "smiles_split": ["CCCCC/C=C\\C/C=C\\C/C=C\\C/C=C\\C/C=C\\CCC(=O)OC[C@@H](COC(=O)CCCCCCCCCCCCCC)OC(=O)CCCCCCCC/C=C\\C/C=C\\C/C=C\\CCCCC"], "mapped_smiles": "[CH3:1][CH2:2][CH2:3][CH2:4][CH2:5]/[CH:6]=[CH:7]\\[CH2:8]/[CH:9]=[CH:10]\\[CH2:11]/[CH:12]=[CH:13]\\[CH2:14]/[CH:15]=[CH:16]\\[CH2:17]/[CH:18]=[CH:19]\\[CH2:20][CH2:21][C:22](=[O:23])[O:24][CH2:25][C@@H:26]([CH2:27][O:28][C:29](=[O:30])[CH2:31][CH2:32][CH2:33][CH2:34][CH2:35][CH2:36][CH2:37][CH2:38][CH2:39][CH2:40][CH2:41][CH2:42][CH2:43][CH3:44])[O:45][C:46](=[O:47])[CH2:48][CH2:49][CH2:50][CH2:51][CH2:52][CH2:53][CH2:54][CH2:55]/[CH:56]=[CH:57]\\[CH2:58]/[CH:59]=[CH:60]\\[CH2:61]/[CH:62]=[CH:63]\\[CH2:64][CH2:65][CH2:66][CH2:67][CH3:68]", "reacting_atoms": [54, 53], "template_id": "b8752864a144b4d488d51a312d4ebfdc", "template_set": ["bkms", "bkms", "bkms"], "num_examples": 64, "necessary_reagent": "", "template_score": 0.8004822731018066, "rms_molwt": -944.7832910479999, "num_rings": 0, "plausibility": 1, "tforms": ["71d96988ab3623c8d39bf0ee6519c85b", "4b5c01ce1dd3e508649493e134ba9f1c", "b8752864a144b4d488d51a312d4ebfdc"], "rank": 1, "score": -1403.5098189177725}, {"smiles": "CCCCC/C=C\\C/C=C\\C/C=C\\C/C=C\\CCCCCC(=O)O[C@@H](COC(=O)CC/C=C\\C/C=C\\C/C=C\\CCCC/C=C\\CCCCC)COC(=O)CCCCCCCCCCCCCC", "smiles_split": ["CCCCC/C=C\\C/C=C\\C/C=C\\C/C=C\\CCCCCC(=O)O[C@@H](COC(=O)CC/C=C\\C/C=C\\C/C=C\\CCCC/C=C\\CCCCC)COC(=O)CCCCCCCCCCCCCC"], "mapped_smiles": "[CH3:1][CH2:2][CH2:3][CH2:4][CH2:5]/[CH:6]=[CH:7]\\[CH2:8][CH2:9][CH2:10][CH2:11]/[CH:12]=[CH:13]\\[CH2:14]/[CH:15]=[CH:16]\\[CH2:17]/[CH:18]=[CH:19]\\[CH2:20][CH2:21][C:22](=[O:23])[O:24][CH2:25][C@@H:26]([CH2:27][O:28][C:29](=[O:30])[CH2:31][CH2:32][CH2:33][CH2:34][CH2:35][CH2:36][CH2:37][CH2:38][CH2:39][CH2:40][CH2:41][CH2:42][CH2:43][CH3:44])[O:45][C:46](=[O:47])[CH2:48][CH2:49][CH2:50][CH2:51][CH2:52]/[CH:53]=[CH:54]\\[CH2:55]/[CH:56]=[CH:57]\\[CH2:58]/[CH:59]=[CH:60]\\[CH2:61]/[CH:62]=[CH:63]\\[CH2:64][CH2:65][CH2:66][CH2:67][CH3:68]", "reacting_atoms": [10, 9], "template_id": "b8752864a144b4d488d51a312d4ebfdc", "template_set": ["bkms", "bkms", "bkms"], "num_examples": 64, "necessary_reagent": "", "template_score": 0.8004822731018066, "rms_molwt": -944.7832910479999, "num_rings": 0, "plausibility": 1, "tforms": ["71d96988ab3623c8d39bf0ee6519c85b", "4b5c01ce1dd3e508649493e134ba9f1c", "b8752864a144b4d488d51a312d4ebfdc"], "rank": 2, "score": -1403.5098189177725}, {"smiles": "CCCCC/C=C\\C/C=C\\C/C=C\\C/C=C\\CCCCCC(=O)O[C@@H](COC(=O)CC/C=C\\C/C=C\\C/C=C\\C/C=C\\CCCCCCCC)COC(=O)CCCCCCCCCCCCCC", "smiles_split": ["CCCCC/C=C\\C/C=C\\C/C=C\\C/C=C\\CCCCCC(=O)O[C@@H](COC(=O)CC/C=C\\C/C=C\\C/C=C\\C/C=C\\CCCCCCCC)COC(=O)CCCCCCCCCCCCCC"], "mapped_smiles": "[CH3:1][CH2:2][CH2:3][CH2:4][CH2:5][CH2:6][CH2:7][CH2:8]/[CH:9]=[CH:10]\\[CH2:11]/[CH:12]=[CH:13]\\[CH2:14]/[CH:15]=[CH:16]\\[CH2:17]/[CH:18]=[CH:19]\\[CH2:20][CH2:21][C:22](=[O:23])[O:24][CH2:25][C@@H:26]([CH2:27][O:28][C:29](=[O:30])[CH2:31][CH2:32][CH2:33][CH2:34][CH2:35][CH2:36][CH2:37][CH2:38][CH2:39][CH2:40][CH2:41][CH2:42][CH2:43][CH3:44])[O:45][C:46](=[O:47])[CH2:48][CH2:49][CH2:50][CH2:51][CH2:52]/[CH:53]=[CH:54]\\[CH2:55]/[CH:56]=[CH:57]\\[CH2:58]/[CH:59]=[CH:60]\\[CH2:61]/[CH:62]=[CH:63]\\[CH2:64][CH2:65][CH2:66][CH2:67][CH3:68]", "reacting_atoms": [7, 6], "template_id": "b8752864a144b4d488d51a312d4ebfdc", "template_set": ["bkms", "bkms", "bkms"], "num_examples": 64, "necessary_reagent": "", "template_score": 0.8004822731018066, "rms_molwt": -944.7832910479999, "num_rings": 0, "plausibility": 1, "tforms": ["71d96988ab3623c8d39bf0ee6519c85b", "4b5c01ce1dd3e508649493e134ba9f1c", "b8752864a144b4d488d51a312d4ebfdc"], "rank": 3, "score": -1403.5098189177725}, {"smiles": "CCCCC/C=C\\C/C=C\\C/C=C\\C/C=C\\CCCCCC(=O)O[C@@H](COC(=O)CC/C=C\\CCCC/C=C\\C/C=C\\C/C=C\\CCCCC)COC(=O)CCCCCCCCCCCCCC", "smiles_split": ["CCCCC/C=C\\C/C=C\\C/C=C\\C/C=C\\CCCCCC(=O)O[C@@H](COC(=O)CC/C=C\\CCCC/C=C\\C/C=C\\C/C=C\\CCCCC)COC(=O)CCCCCCCCCCCCCC"], "mapped_smiles": "[CH3:1][CH2:2][CH2:3][CH2:4][CH2:5]/[CH:6]=[CH:7]\\[CH2:8]/[CH:9]=[CH:10]\\[CH2:11]/[CH:12]=[CH:13]\\[CH2:14][CH2:15][CH2:16][CH2:17]/[CH:18]=[CH:19]\\[CH2:20][CH2:21][C:22](=[O:23])[O:24][CH2:25][C@@H:26]([CH2:27][O:28][C:29](=[O:30])[CH2:31][CH2:32][CH2:33][CH2:34][CH2:35][CH2:36][CH2:37][CH2:38][CH2:39][CH2:40][CH2:41][CH2:42][CH2:43][CH3:44])[O:45][C:46](=[O:47])[CH2:48][CH2:49][CH2:50][CH2:51][CH2:52]/[CH:53]=[CH:54]\\[CH2:55]/[CH:56]=[CH:57]\\[CH2:58]/[CH:59]=[CH:60]\\[CH2:61]/[CH:62]=[CH:63]\\[CH2:64][CH2:65][CH2:66][CH2:67][CH3:68]", "reacting_atoms": [16, 15], "template_id": "b8752864a144b4d488d51a312d4ebfdc", "template_set": ["bkms", "bkms", "bkms"], "num_examples": 64, "necessary_reagent": "", "template_score": 0.8004822731018066, "rms_molwt": -944.7832910479999, "num_rings": 0, "plausibility": 1, "tforms": ["71d96988ab3623c8d39bf0ee6519c85b", "4b5c01ce1dd3e508649493e134ba9f1c", "b8752864a144b4d488d51a312d4ebfdc"], "rank": 4, "score": -1403.5098189177725}, {"smiles": "CCCCC/C=C\\C/C=C\\C/C=C\\C/C=C\\CCCCCC(=O)O[C@@H](COC(=O)CC/C=C\\C/C=C\\CCCC/C=C\\C/C=C\\CCCCC)COC(=O)CCCCCCCCCCCCCC", "smiles_split": ["CCCCC/C=C\\C/C=C\\C/C=C\\C/C=C\\CCCCCC(=O)O[C@@H](COC(=O)CC/C=C\\C/C=C\\CCCC/C=C\\C/C=C\\CCCCC)COC(=O)CCCCCCCCCCCCCC"], "mapped_smiles": "[CH3:1][CH2:2][CH2:3][CH2:4][CH2:5]/[CH:6]=[CH:7]\\[CH2:8]/[CH:9]=[CH:10]\\[CH2:11][CH2:12][CH2:13][CH2:14]/[CH:15]=[CH:16]\\[CH2:17]/[CH:18]=[CH:19]\\[CH2:20][CH2:21][C:22](=[O:23])[O:24][CH2:25][C@@H:26]([CH2:27][O:28][C:29](=[O:30])[CH2:31][CH2:32][CH2:33][CH2:34][CH2:35][CH2:36][CH2:37][CH2:38][CH2:39][CH2:40][CH2:41][CH2:42][CH2:43][CH3:44])[O:45][C:46](=[O:47])[CH2:48][CH2:49][CH2:50][CH2:51][CH2:52]/[CH:53]=[CH:54]\\[CH2:55]/[CH:56]=[CH:57]\\[CH2:58]/[CH:59]=[CH:60]\\[CH2:61]/[CH:62]=[CH:63]\\[CH2:64][CH2:65][CH2:66][CH2:67][CH3:68]", "reacting_atoms": [13, 12], "template_id": "b8752864a144b4d488d51a312d4ebfdc", "template_set": ["bkms", "bkms", "bkms"], "num_examples": 64, "necessary_reagent": "", "template_score": 0.8004822731018066, "rms_molwt": -944.7832910479999, "num_rings": 0, "plausibility": 1, "tforms": ["71d96988ab3623c8d39bf0ee6519c85b", "4b5c01ce1dd3e508649493e134ba9f1c", "b8752864a144b4d488d51a312d4ebfdc"], "rank": 5, "score": -1403.5098189177725}, {"smiles": "CCCCC/C=C\\C/C=C\\C/C=C\\C/C=C\\C/C=C\\CCC(=O)OC[C@@H](COC(=O)CCCCCCCCCCCCCC)OC(=O)CCCCC/C=C\\C/C=C\\CCCC/C=C\\CCCCC", "smiles_split": ["CCCCC/C=C\\C/C=C\\C/C=C\\C/C=C\\C/C=C\\CCC(=O)OC[C@@H](COC(=O)CCCCCCCCCCCCCC)OC(=O)CCCCC/C=C\\C/C=C\\CCCC/C=C\\CCCCC"], "mapped_smiles": "[CH3:1][CH2:2][CH2:3][CH2:4][CH2:5]/[CH:6]=[CH:7]\\[CH2:8]/[CH:9]=[CH:10]\\[CH2:11]/[CH:12]=[CH:13]\\[CH2:14]/[CH:15]=[CH:16]\\[CH2:17]/[CH:18]=[CH:19]\\[CH2:20][CH2:21][C:22](=[O:23])[O:24][CH2:25][C@@H:26]([CH2:27][O:28][C:29](=[O:30])[CH2:31][CH2:32][CH2:33][CH2:34][CH2:35][CH2:36][CH2:37][CH2:38][CH2:39][CH2:40][CH2:41][CH2:42][CH2:43][CH3:44])[O:45][C:46](=[O:47])[CH2:48][CH2:49][CH2:50][CH2:51][CH2:52]/[CH:53]=[CH:54]\\[CH2:55]/[CH:56]=[CH:57]\\[CH2:58][CH2:59][CH2:60][CH2:61]/[CH:62]=[CH:63]\\[CH2:64][CH2:65][CH2:66][CH2:67][CH3:68]", "reacting_atoms": [60, 59], "template_id": "b8752864a144b4d488d51a312d4ebfdc", "template_set": ["bkms", "bkms", "bkms"], "num_examples": 64, "necessary_reagent": "", "template_score": 0.8004822731018066, "rms_molwt": -944.7832910479999, "num_rings": 0, "plausibility": 1, "tforms": ["71d96988ab3623c8d39bf0ee6519c85b", "4b5c01ce1dd3e508649493e134ba9f1c", "b8752864a144b4d488d51a312d4ebfdc"], "rank": 6, "score": -1403.5098189177725}, {"smiles": "CCCCC/C=C\\C/C=C\\C/C=C\\C/C=C\\C/C=C\\CCC(=O)OC[C@@H](COC(=O)CCCCCCCCCCCCCC)OC(=O)CCCCC/C=C\\C/C=C\\C/C=C\\CCCCCCCC", "smiles_split": ["CCCCC/C=C\\C/C=C\\C/C=C\\C/C=C\\C/C=C\\CCC(=O)OC[C@@H](COC(=O)CCCCCCCCCCCCCC)OC(=O)CCCCC/C=C\\C/C=C\\C/C=C\\CCCCCCCC"], "mapped_smiles": "[CH3:1][CH2:2][CH2:3][CH2:4][CH2:5]/[CH:6]=[CH:7]\\[CH2:8]/[CH:9]=[CH:10]\\[CH2:11]/[CH:12]=[CH:13]\\[CH2:14]/[CH:15]=[CH:16]\\[CH2:17]/[CH:18]=[CH:19]\\[CH2:20][CH2:21][C:22](=[O:23])[O:24][CH2:25][C@@H:26]([CH2:27][O:28][C:29](=[O:30])[CH2:31][CH2:32][CH2:33][CH2:34][CH2:35][CH2:36][CH2:37][CH2:38][CH2:39][CH2:40][CH2:41][CH2:42][CH2:43][CH3:44])[O:45][C:46](=[O:47])[CH2:48][CH2:49][CH2:50][CH2:51][CH2:52]/[CH:53]=[CH:54]\\[CH2:55]/[CH:56]=[CH:57]\\[CH2:58]/[CH:59]=[CH:60]\\[CH2:61][CH2:62][CH2:63][CH2:64][CH2:65][CH2:66][CH2:67][CH3:68]", "reacting_atoms": [62, 63], "template_id": "b8752864a144b4d488d51a312d4ebfdc", "template_set": ["bkms", "bkms", "bkms"], "num_examples": 64, "necessary_reagent": "", "template_score": 0.8004822731018066, "rms_molwt": -944.7832910479999, "num_rings": 0, "plausibility": 1, "tforms": ["71d96988ab3623c8d39bf0ee6519c85b", "4b5c01ce1dd3e508649493e134ba9f1c", "b8752864a144b4d488d51a312d4ebfdc"], "rank": 7, "score": -1403.5098189177725}, {"smiles": "CCCCC/C=C\\C/C=C\\C/C=C\\C/C=C\\CCCCCC(=O)OC[C@@H](COC(=O)CCCCCCCCCCCCCC)OC(=O)CCCCC/C=C\\C/C=C\\C/C=C\\C/C=C\\CCCCC", "smiles_split": ["CCCCC/C=C\\C/C=C\\C/C=C\\C/C=C\\CCCCCC(=O)OC[C@@H](COC(=O)CCCCCCCCCCCCCC)OC(=O)CCCCC/C=C\\C/C=C\\C/C=C\\C/C=C\\CCCCC"], "mapped_smiles": "[CH3:1][CH2:2][CH2:3][CH2:4][CH2:5]/[CH:6]=[CH:7]\\[CH2:8]/[CH:9]=[CH:10]\\[CH2:11]/[CH:12]=[CH:13]\\[CH2:14]/[CH:15]=[CH:16]\\[CH2:17][CH2:18][CH2:19][CH2:20][CH2:21][C:22](=[O:23])[O:24][CH2:25][C@@H:26]([CH2:27][O:28][C:29](=[O:30])[CH2:31][CH2:32][CH2:33][CH2:34][CH2:35][CH2:36][CH2:37][CH2:38][CH2:39][CH2:40][CH2:41][CH2:42][CH2:43][CH3:44])[O:45][C:46](=[O:47])[CH2:48][CH2:49][CH2:50][CH2:51][CH2:52]/[CH:53]=[CH:54]\\[CH2:55]/[CH:56]=[CH:57]\\[CH2:58]/[CH:59]=[CH:60]\\[CH2:61]/[CH:62]=[CH:63]\\[CH2:64][CH2:65][CH2:66][CH2:67][CH3:68]", "reacting_atoms": [18, 19], "template_id": "b8752864a144b4d488d51a312d4ebfdc", "template_set": ["bkms", "bkms", "bkms"], "num_examples": 64, "necessary_reagent": "", "template_score": 0.8004822731018066, "rms_molwt": -944.7832910479999, "num_rings": 0, "plausibility": 1, "tforms": ["71d96988ab3623c8d39bf0ee6519c85b", "4b5c01ce1dd3e508649493e134ba9f1c", "b8752864a144b4d488d51a312d4ebfdc"], "rank": 8, "score": -1403.5098189177725}, {"smiles": "CCCCC/C=C\\C/C=C\\C/C=C\\C/C=C\\C/C=C\\CCC(=O)OC[C@@H](COC(=O)CCCCCCCCCCCCCC)OC(=O)CCCCC/C=C\\CCCC/C=C\\C/C=C\\CCCCC", "smiles_split": ["CCCCC/C=C\\C/C=C\\C/C=C\\C/C=C\\C/C=C\\CCC(=O)OC[C@@H](COC(=O)CCCCCCCCCCCCCC)OC(=O)CCCCC/C=C\\CCCC/C=C\\C/C=C\\CCCCC"], "mapped_smiles": "[CH3:1][CH2:2][CH2:3][CH2:4][CH2:5]/[CH:6]=[CH:7]\\[CH2:8]/[CH:9]=[CH:10]\\[CH2:11]/[CH:12]=[CH:13]\\[CH2:14]/[CH:15]=[CH:16]\\[CH2:17]/[CH:18]=[CH:19]\\[CH2:20][CH2:21][C:22](=[O:23])[O:24][CH2:25][C@@H:26]([CH2:27][O:28][C:29](=[O:30])[CH2:31][CH2:32][CH2:33][CH2:34][CH2:35][CH2:36][CH2:37][CH2:38][CH2:39][CH2:40][CH2:41][CH2:42][CH2:43][CH3:44])[O:45][C:46](=[O:47])[CH2:48][CH2:49][CH2:50][CH2:51][CH2:52]/[CH:53]=[CH:54]\\[CH2:55][CH2:56][CH2:57][CH2:58]/[CH:59]=[CH:60]\\[CH2:61]/[CH:62]=[CH:63]\\[CH2:64][CH2:65][CH2:66][CH2:67][CH3:68]", "reacting_atoms": [57, 56], "template_id": "b8752864a144b4d488d51a312d4ebfdc", "template_set": ["bkms", "bkms", "bkms"], "num_examples": 64, "necessary_reagent": "", "template_score": 0.8004822731018066, "rms_molwt": -944.7832910479999, "num_rings": 0, "plausibility": 1, "tforms": ["71d96988ab3623c8d39bf0ee6519c85b", "4b5c01ce1dd3e508649493e134ba9f1c", "b8752864a144b4d488d51a312d4ebfdc"], "rank": 9, "score": -1403.5098189177725}, {"smiles": "CCCCC/C=C\\C/C=C\\C/C=C\\C/C=C\\C/C=C\\CCC(=O)OC[C@@H](CO)OC(=O)CCCCC/C=C\\C/C=C\\C/C=C\\C/C=C\\CCCCC.CCCCCCCCCCCCCCC(=O)SCCNC(=O)CCNC(=O)[C@H](O)C(C)(C)COP(=O)(O)OP(=O)(O)OC[C@H]1O[C@@H](n2cnc3c(N)ncnc32)[C@H](O)[C@@H]1OP(=O)(O)O", "smiles_split": ["CCCCC/C=C\\C/C=C\\C/C=C\\C/C=C\\C/C=C\\CCC(=O)OC[C@@H](CO)OC(=O)CCCCC/C=C\\C/C=C\\C/C=C\\C/C=C\\CCCCC", "CCCCCCCCCCCCCCC(=O)SCCNC(=O)CCNC(=O)[C@H](O)C(C)(C)COP(=O)(O)OP(=O)(O)OC[C@H]1O[C@@H](n2cnc3c(N)ncnc32)[C@H](O)[C@@H]1OP(=O)(O)O"], "mapped_smiles": "[C:29](=[O:30])([CH2:31][CH2:32][CH2:33][CH2:34][CH2:35][CH2:36][CH2:37][CH2:38][CH2:39][CH2:40][CH2:41][CH2:42][CH2:43][CH3:44])[S:947][CH2:946][CH2:945][NH:944][C:942]([CH2:941][CH2:940][NH:939][C:937]([C@@H:935]([C:901]([CH3:900])([CH3:902])[CH2:903][O:904][P:905]([OH:906])(=[O:907])[O:908][P:909]([OH:910])(=[O:911])[O:912][CH2:913][C@H:914]1[O:915][C@@H:916]([n:917]2[cH:918][n:919][c:920]3[c:921]([NH2:922])[n:923][cH:924][n:925][c:926]23)[C@H:927]([OH:928])[C@@H:929]1[O:930][P:931]([OH:932])([OH:933])=[O:934])[OH:936])=[O:938])=[O:943].[CH3:1][CH2:2][CH2:3][CH2:4][CH2:5]/[CH:6]=[CH:7]\\[CH2:8]/[CH:9]=[CH:10]\\[CH2:11]/[CH:12]=[CH:13]\\[CH2:14]/[CH:15]=[CH:16]\\[CH2:17]/[CH:18]=[CH:19]\\[CH2:20][CH2:21][C:22](=[O:23])[O:24][CH2:25][C@@H:26]([CH2:27][OH:28])[O:45][C:46](=[O:47])[CH2:48][CH2:49][CH2:50][CH2:51][CH2:52]/[CH:53]=[CH:54]\\[CH2:55]/[CH:56]=[CH:57]\\[CH2:58]/[CH:59]=[CH:60]\\[CH2:61]/[CH:62]=[CH:63]\\[CH2:64][CH2:65][CH2:66][CH2:67][CH3:68]", "reacting_atoms": [29, 28], "template_id": "4f507fe3c79f4d542f14417d7122ff5c", "template_set": ["bkms"], "num_examples": 31, "necessary_reagent": "", "template_score": 0.047269728034734726, "rms_molwt": -865.7519690931576, "num_rings": -3, "plausibility": 1, "tforms": ["4f507fe3c79f4d542f14417d7122ff5c"], "rank": 10, "score": -38864.93706572727}, {"smiles": "CCCCC/C=C\\C/C=C\\C/C=C\\C/C=C\\C/C=C\\CCC(=O)SCCNC(=O)CCNC(=O)[C@H](O)C(C)(C)COP(=O)(O)OP(=O)(O)OC[C@H]1O[C@@H](n2cnc3c(N)ncnc32)[C@H](O)[C@@H]1OP(=O)(O)O.CCCCC/C=C\\C/C=C\\C/C=C\\C/C=C\\CCCCCC(=O)O[C@@H](CO)COC(=O)CCCCCCCCCCCCCC", "smiles_split": ["CCCCC/C=C\\C/C=C\\C/C=C\\C/C=C\\C/C=C\\CCC(=O)SCCNC(=O)CCNC(=O)[C@H](O)C(C)(C)COP(=O)(O)OP(=O)(O)OC[C@H]1O[C@@H](n2cnc3c(N)ncnc32)[C@H](O)[C@@H]1OP(=O)(O)O", "CCCCC/C=C\\C/C=C\\C/C=C\\C/C=C\\CCCCCC(=O)O[C@@H](CO)COC(=O)CCCCCCCCCCCCCC"], "mapped_smiles": "[CH3:1][CH2:2][CH2:3][CH2:4][CH2:5]/[CH:6]=[CH:7]\\[CH2:8]/[CH:9]=[CH:10]\\[CH2:11]/[CH:12]=[CH:13]\\[CH2:14]/[CH:15]=[CH:16]\\[CH2:17]/[CH:18]=[CH:19]\\[CH2:20][CH2:21][C:22](=[O:23])[S:947][CH2:946][CH2:945][NH:944][C:942]([CH2:941][CH2:940][NH:939][C:937]([C@@H:935]([C:901]([CH3:900])([CH3:902])[CH2:903][O:904][P:905]([OH:906])(=[O:907])[O:908][P:909]([OH:910])(=[O:911])[O:912][CH2:913][C@H:914]1[O:915][C@@H:916]([n:917]2[cH:918][n:919][c:920]3[c:921]([NH2:922])[n:923][cH:924][n:925][c:926]23)[C@H:927]([OH:928])[C@@H:929]1[O:930][P:931]([OH:932])([OH:933])=[O:934])[OH:936])=[O:938])=[O:943].[OH:24][CH2:25][C@@H:26]([CH2:27][O:28][C:29](=[O:30])[CH2:31][CH2:32][CH2:33][CH2:34][CH2:35][CH2:36][CH2:37][CH2:38][CH2:39][CH2:40][CH2:41][CH2:42][CH2:43][CH3:44])[O:45][C:46](=[O:47])[CH2:48][CH2:49][CH2:50][CH2:51][CH2:52]/[CH:53]=[CH:54]\\[CH2:55]/[CH:56]=[CH:57]\\[CH2:58]/[CH:59]=[CH:60]\\[CH2:61]/[CH:62]=[CH:63]\\[CH2:64][CH2:65][CH2:66][CH2:67][CH3:68]", "reacting_atoms": [22, 24], "template_id": "4f507fe3c79f4d542f14417d7122ff5c", "template_set": ["bkms"], "num_examples": 31, "necessary_reagent": "", "template_score": 0.047269728034734726, "rms_molwt": -883.9054092010923, "num_rings": -3, "plausibility": 1, "tforms": ["4f507fe3c79f4d542f14417d7122ff5c"], "rank": 11, "score": -39421.25413190866}, {"smiles": "CCCCC/C=C\\C/C=C\\C/C=C\\C/C=C\\C/C=C\\CCC(=O)OC[C@H](O)COC(=O)CCCCCCCCCCCCCC.CCCCC/C=C\\C/C=C\\C/C=C\\C/C=C\\CCCCCC(=O)SCCNC(=O)CCNC(=O)[C@H](O)C(C)(C)COP(=O)(O)OP(=O)(O)OC[C@H]1O[C@@H](n2cnc3c(N)ncnc32)[C@H](O)[C@@H]1OP(=O)(O)O", "smiles_split": ["CCCCC/C=C\\C/C=C\\C/C=C\\C/C=C\\C/C=C\\CCC(=O)OC[C@H](O)COC(=O)CCCCCCCCCCCCCC", "CCCCC/C=C\\C/C=C\\C/C=C\\C/C=C\\CCCCCC(=O)SCCNC(=O)CCNC(=O)[C@H](O)C(C)(C)COP(=O)(O)OP(=O)(O)OC[C@H]1O[C@@H](n2cnc3c(N)ncnc32)[C@H](O)[C@@H]1OP(=O)(O)O"], "mapped_smiles": "[C:46](=[O:47])([CH2:48][CH2:49][CH2:50][CH2:51][CH2:52]/[CH:53]=[CH:54]\\[CH2:55]/[CH:56]=[CH:57]\\[CH2:58]/[CH:59]=[CH:60]\\[CH2:61]/[CH:62]=[CH:63]\\[CH2:64][CH2:65][CH2:66][CH2:67][CH3:68])[S:947][CH2:946][CH2:945][NH:944][C:942]([CH2:941][CH2:940][NH:939][C:937]([C@@H:935]([C:901]([CH3:900])([CH3:902])[CH2:903][O:904][P:905]([OH:906])(=[O:907])[O:908][P:909]([OH:910])(=[O:911])[O:912][CH2:913][C@H:914]1[O:915][C@@H:916]([n:917]2[cH:918][n:919][c:920]3[c:921]([NH2:922])[n:923][cH:924][n:925][c:926]23)[C@H:927]([OH:928])[C@@H:929]1[O:930][P:931]([OH:932])([OH:933])=[O:934])[OH:936])=[O:938])=[O:943].[CH3:1][CH2:2][CH2:3][CH2:4][CH2:5]/[CH:6]=[CH:7]\\[CH2:8]/[CH:9]=[CH:10]\\[CH2:11]/[CH:12]=[CH:13]\\[CH2:14]/[CH:15]=[CH:16]\\[CH2:17]/[CH:18]=[CH:19]\\[CH2:20][CH2:21][C:22](=[O:23])[O:24][CH2:25][C@@H:26]([CH2:27][O:28][C:29](=[O:30])[CH2:31][CH2:32][CH2:33][CH2:34][CH2:35][CH2:36][CH2:37][CH2:38][CH2:39][CH2:40][CH2:41][CH2:42][CH2:43][CH3:44])[OH:45]", "reacting_atoms": [46, 45], "template_id": "4f507fe3c79f4d542f14417d7122ff5c", "template_set": ["bkms"], "num_examples": 31, "necessary_reagent": "", "template_score": 0.047269728034734726, "rms_molwt": -884.4193213658366, "num_rings": -3, "plausibility": 1, "tforms": ["4f507fe3c79f4d542f14417d7122ff5c"], "rank": 12, "score": -39421.25413190866}, {"smiles": "CCCCC/C=C\\C/C=C\\C/C=C\\C/C=C\\CCCCCC(=O)O[C@@H](COC(=O)CC/C=C\\C/C=C\\CC1OC1C/C=C\\C/C=C\\CCCCC)COC(=O)CCCCCCCCCCCCCC", "smiles_split": ["CCCCC/C=C\\C/C=C\\C/C=C\\C/C=C\\CCCCCC(=O)O[C@@H](COC(=O)CC/C=C\\C/C=C\\CC1OC1C/C=C\\C/C=C\\CCCCC)COC(=O)CCCCCCCCCCCCCC"], "mapped_smiles": "[CH3:1][CH2:2][CH2:3][CH2:4][CH2:5]/[CH:6]=[CH:7]\\[CH2:8]/[CH:9]=[CH:10]\\[CH2:11][CH:12]1[CH:13]([CH2:14]/[CH:15]=[CH:16]\\[CH2:17]/[CH:18]=[CH:19]\\[CH2:20][CH2:21][C:22](=[O:23])[O:24][CH2:25][C@@H:26]([CH2:27][O:28][C:29](=[O:30])[CH2:31][CH2:32][CH2:33][CH2:34][CH2:35][CH2:36][CH2:37][CH2:38][CH2:39][CH2:40][CH2:41][CH2:42][CH2:43][CH3:44])[O:45][C:46](=[O:47])[CH2:48][CH2:49][CH2:50][CH2:51][CH2:52]/[CH:53]=[CH:54]\\[CH2:55]/[CH:56]=[CH:57]\\[CH2:58]/[CH:59]=[CH:60]\\[CH2:61]/[CH:62]=[CH:63]\\[CH2:64][CH2:65][CH2:66][CH2:67][CH3:68])[O:900]1", "reacting_atoms": [13, 12], "template_id": "f37b459db04d0833960add5ede2a1b07", "template_set": ["bkms", "bkms"], "num_examples": 3, "necessary_reagent": "", "template_score": 0.007669225335121155, "rms_molwt": -958.7625556039999, "num_rings": -1, "plausibility": 1, "tforms": ["f37b459db04d0833960add5ede2a1b07", "f50376c0409518f641b57885a7fb7b10"], "rank": 13, "score": -150407.66115228226}, {"smiles": "CCCCC/C=C\\C/C=C\\C/C=C\\C/C=C\\C/C=C\\CCC(=O)OC[C@@H](COC(=O)CCCCCCCCCCCCCC)OC(=O)CCCCC/C=C\\C/C=C\\C/C=C\\CC1OC1CCCCC", "smiles_split": ["CCCCC/C=C\\C/C=C\\C/C=C\\C/C=C\\C/C=C\\CCC(=O)OC[C@@H](COC(=O)CCCCCCCCCCCCCC)OC(=O)CCCCC/C=C\\C/C=C\\C/C=C\\CC1OC1CCCCC"], "mapped_smiles": "[CH3:1][CH2:2][CH2:3][CH2:4][CH2:5]/[CH:6]=[CH:7]\\[CH2:8]/[CH:9]=[CH:10]\\[CH2:11]/[CH:12]=[CH:13]\\[CH2:14]/[CH:15]=[CH:16]\\[CH2:17]/[CH:18]=[CH:19]\\[CH2:20][CH2:21][C:22](=[O:23])[O:24][CH2:25][C@@H:26]([CH2:27][O:28][C:29](=[O:30])[CH2:31][CH2:32][CH2:33][CH2:34][CH2:35][CH2:36][CH2:37][CH2:38][CH2:39][CH2:40][CH2:41][CH2:42][CH2:43][CH3:44])[O:45][C:46](=[O:47])[CH2:48][CH2:49][CH2:50][CH2:51][CH2:52]/[CH:53]=[CH:54]\\[CH2:55]/[CH:56]=[CH:57]\\[CH2:58]/[CH:59]=[CH:60]\\[CH2:61][CH:62]1[CH:63]([CH2:64][CH2:65][CH2:66][CH2:67][CH3:68])[O:900]1", "reacting_atoms": [62, 63], "template_id": "f37b459db04d0833960add5ede2a1b07", "template_set": ["bkms"], "num_examples": 2, "necessary_reagent": "", "template_score": 0.007669225335121155, "rms_molwt": -958.762555604, "num_rings": -1, "plausibility": 1, "tforms": ["f37b459db04d0833960add5ede2a1b07"], "rank": 14, "score": -150407.66115228226}, {"smiles": "CCCCC/C=C\\C/C=C\\C/C=C\\C/C=C\\C/C=C\\CCC(=O)OC[C@@H](COC(=O)CCCCCCCCCCCCCC)OC(=O)CCCCCC1OC1C/C=C\\C/C=C\\C/C=C\\CCCCC", "smiles_split": ["CCCCC/C=C\\C/C=C\\C/C=C\\C/C=C\\C/C=C\\CCC(=O)OC[C@@H](COC(=O)CCCCCCCCCCCCCC)OC(=O)CCCCCC1OC1C/C=C\\C/C=C\\C/C=C\\CCCCC"], "mapped_smiles": "[CH3:1][CH2:2][CH2:3][CH2:4][CH2:5]/[CH:6]=[CH:7]\\[CH2:8]/[CH:9]=[CH:10]\\[CH2:11]/[CH:12]=[CH:13]\\[CH2:14]/[CH:15]=[CH:16]\\[CH2:17]/[CH:18]=[CH:19]\\[CH2:20][CH2:21][C:22](=[O:23])[O:24][CH2:25][C@@H:26]([CH2:27][O:28][C:29](=[O:30])[CH2:31][CH2:32][CH2:33][CH2:34][CH2:35][CH2:36][CH2:37][CH2:38][CH2:39][CH2:40][CH2:41][CH2:42][CH2:43][CH3:44])[O:45][C:46](=[O:47])[CH2:48][CH2:49][CH2:50][CH2:51][CH2:52][CH:53]1[CH:54]([CH2:55]/[CH:56]=[CH:57]\\[CH2:58]/[CH:59]=[CH:60]\\[CH2:61]/[CH:62]=[CH:63]\\[CH2:64][CH2:65][CH2:66][CH2:67][CH3:68])[O:900]1", "reacting_atoms": [54, 53], "template_id": "f37b459db04d0833960add5ede2a1b07", "template_set": ["bkms"], "num_examples": 2, "necessary_reagent": "", "template_score": 0.007669225335121155, "rms_molwt": -958.762555604, "num_rings": -1, "plausibility": 1, "tforms": ["f37b459db04d0833960add5ede2a1b07"], "rank": 15, "score": -150407.66115228226}]}