{"smiles": "Cc1c([C@@H](C)OC(=O)Nc2ccccc2)sc2ncnn12", "sfscore": [0.6188662648200989, 0.377052903175354], "chem_result": [{"smiles": "Cc1c([C@@H](C)OC(=O)Nc2ccccc2)sc2ncnn12", "bw_confidence": 0.1578444236548193, "confidence": 0.9424344461393296, "rclass": "2 2.4 2.4.2", "children": [{"smiles": "Cc1c([C@@H](C)O)sc2ncnn12"}, {"smiles": "ClCCl"}, {"smiles": "O=C=Nc1ccccc1"}]}, {"smiles": "Cc1c([C@@H](C)OC(=O)Nc2ccccc2)sc2ncnn12", "bw_confidence": 0.1350244631047147, "confidence": 0.6940904987964448, "rclass": "0 0 0", "children": [{"smiles": "C1CCOC1"}, {"smiles": "CCCC[N+](CCCC)(CCCC)CCCC~[F-]"}, {"smiles": "Cc1c([C@@H](C)OC(=O)N(C(=O)OCC[Si](C)(C)C)c2ccccc2)sc2ncnn12"}]}, {"smiles": "Cc1c([C@@H](C)OC(=O)Nc2ccccc2)sc2ncnn12", "bw_confidence": 0.06993187423500057, "confidence": 0.396367467827697, "rclass": "10 10.4 10.4.2", "children": [{"smiles": "C1CCOC1"}, {"smiles": "CI"}, {"smiles": "C[C@@H](OC(=O)Nc1ccccc1)c1cn2ncnc2s1"}, {"smiles": "[Li]CCCC"}]}, {"smiles": "Cc1c([C@@H](C)OC(=O)Nc2ccccc2)sc2ncnn12", "bw_confidence": 0.0463184862468595, "confidence": 0.13729205726766766, "rclass": "11 11.1 11.1", "children": [{"smiles": "CCO"}, {"smiles": "Cc1c(C(C)OC(=O)Nc2ccccc2)sc2ncnn12"}]}, {"smiles": "Cc1c([C@@H](C)OC(=O)Nc2ccccc2)sc2ncnn12", "bw_confidence": 0.0362769608060609, "confidence": 0.4191424975500683, "rclass": "0 0 0", "children": [{"smiles": "CC(Br)C(=O)[C@@H](C)OC(=O)Nc1ccccc1"}, {"smiles": "CCO"}, {"smiles": "Nc1nc[nH]n1"}]}, {"smiles": "Cc1c([C@@H](C)OC(=O)Nc2ccccc2)sc2ncnn12", "bw_confidence": 0.030776349169564652, "confidence": 0.8332984722887027, "rclass": "7 7.6 7.6.1", "children": [{"smiles": "C=C(OC(=O)Nc1ccccc1)c1sc2ncnn2c1C"}, {"smiles": "CO"}, {"smiles": "[Pd]"}]}, {"smiles": "Cc1c([C@@H](C)OC(=O)Nc2ccccc2)sc2ncnn12", "bw_confidence": 0.014712601842468408, "confidence": 0.9439326270905147, "rclass": "3 3.11 3.11.16", "children": [{"smiles": "C1CCOC1"}, {"smiles": "CI"}, {"smiles": "C[C@@H](OC(=O)Nc1ccccc1)c1sc2ncnn2c1Br"}, {"smiles": "[Li]CCCC"}]}, {"smiles": "Cc1c([C@@H](C)OC(=O)Nc2ccccc2)sc2ncnn12", "bw_confidence": 0.013647544658791477, "confidence": 0.6807036906558691, "rclass": "11 11.5 11.5", "children": [{"smiles": "C1COCCO1"}, {"smiles": "Cc1c([C@@H](C)OC(=O)Nc2ccccc2)sc2ncnn12"}, {"smiles": "N#CC1=C(C#N)C(=O)C(Cl)=C(Cl)C1=O"}]}, {"smiles": "Cc1c([C@@H](C)OC(=O)Nc2ccccc2)sc2ncnn12", "bw_confidence": 0.009414421513803128, "confidence": 0.9269989761064188, "rclass": "9 9.7 9.7.59", "children": [{"smiles": "CCO"}, {"smiles": "Cc1c([C@@H](C)OC(=O)Nc2ccccc2)sc2nc(Cl)nn12"}, {"smiles": "[Pd]"}]}], "chem_bw_confidence_list": [0.1578444236548193, 0.1350244631047147, 0.06993187423500057, 0.0463184862468595, 0.0362769608060609, 0.030776349169564652, 0.014712601842468408, 0.013647544658791477, 0.009414421513803128], "enzy_template_score_list": [0.09366080909967422, 0.03446686640381813, 0.03446686640381813, 0.03446686640381813, 0.02322934940457344, 0.00883090402930975, 0.00883090402930975, 0.00883090402930975, 0.005834043957293034, 0.005834043957293034, 0.005834043957293034, 0.005223243497312069, 0.005223243497312069, 0.005223243497312069, 0.0032798664178699255], "enzy_result": [{"smiles": "Cc1c([C@@H](C)OC(=O)N(C)c2ccccc2)sc2ncnn12", "smiles_split": ["Cc1c([C@@H](C)OC(=O)N(C)c2ccccc2)sc2ncnn12"], "mapped_smiles": "[CH3:1][c:2]1[c:3]([C@@H:4]([CH3:5])[O:6][C:7](=[O:8])[N:9]([c:10]2[cH:11][cH:12][cH:13][cH:14][cH:15]2)[CH3:900])[s:16][c:17]2[n:18][cH:19][n:20][n:21]12", "reacting_atoms": [9], "template_id": "5007b5b79cb59b90f431005bd03c09b8", "template_set": ["bkms", "bkms"], "num_examples": 4, "necessary_reagent": "", "template_score": 0.09366080909967422, "rms_molwt": -316.0993967520001, "num_rings": -3, "plausibility": 1, "tforms": ["ee691762334cf0c1de07eafe5200fcf4", "5007b5b79cb59b90f431005bd03c09b8"], "rank": 1, "score": -2224.818421229672}, {"smiles": "Cc1c([C@@H](C)OC(=O)Nc2ccc(O)cc2)sc2ncnn12", "smiles_split": ["Cc1c([C@@H](C)OC(=O)Nc2ccc(O)cc2)sc2ncnn12"], "mapped_smiles": "[CH3:1][c:2]1[c:3]([C@@H:4]([CH3:5])[O:6][C:7](=[O:8])[NH:9][c:10]2[cH:11][cH:12][c:13]([OH:900])[cH:14][cH:15]2)[s:16][c:17]2[n:18][cH:19][n:20][n:21]12", "reacting_atoms": [13], "template_id": "f53e9cbdf728108a37f743b6e04eb4f2", "template_set": ["bkms"], "num_examples": 56, "necessary_reagent": "", "template_score": 0.03446686640381813, "rms_molwt": -318.07866130800005, "num_rings": -3, "plausibility": 1, "tforms": ["f53e9cbdf728108a37f743b6e04eb4f2"], "rank": 2, "score": -6045.756843423033}, {"smiles": "Cc1c([C@@H](C)OC(=O)Nc2ccccc2O)sc2ncnn12", "smiles_split": ["Cc1c([C@@H](C)OC(=O)Nc2ccccc2O)sc2ncnn12"], "mapped_smiles": "[CH3:1][c:2]1[c:3]([C@@H:4]([CH3:5])[O:6][C:7](=[O:8])[NH:9][c:10]2[cH:11][cH:12][cH:13][cH:14][c:15]2[OH:900])[s:16][c:17]2[n:18][cH:19][n:20][n:21]12", "reacting_atoms": [15], "template_id": "f53e9cbdf728108a37f743b6e04eb4f2", "template_set": ["bkms"], "num_examples": 56, "necessary_reagent": "", "template_score": 0.03446686640381813, "rms_molwt": -318.07866130800005, "num_rings": -3, "plausibility": 1, "tforms": ["f53e9cbdf728108a37f743b6e04eb4f2"], "rank": 3, "score": -6045.756843423033}, {"smiles": "Cc1c([C@@H](C)OC(=O)Nc2cccc(O)c2)sc2ncnn12", "smiles_split": ["Cc1c([C@@H](C)OC(=O)Nc2cccc(O)c2)sc2ncnn12"], "mapped_smiles": "[CH3:1][c:2]1[c:3]([C@@H:4]([CH3:5])[O:6][C:7](=[O:8])[NH:9][c:10]2[cH:11][cH:12][cH:13][c:14]([OH:900])[cH:15]2)[s:16][c:17]2[n:18][cH:19][n:20][n:21]12", "reacting_atoms": [14], "template_id": "f53e9cbdf728108a37f743b6e04eb4f2", "template_set": ["bkms"], "num_examples": 56, "necessary_reagent": "", "template_score": 0.03446686640381813, "rms_molwt": -318.07866130800005, "num_rings": -3, "plausibility": 1, "tforms": ["f53e9cbdf728108a37f743b6e04eb4f2"], "rank": 4, "score": -6045.756843423033}, {"smiles": "Cc1c([C@@H](C)OC(=O)N(C=O)c2ccccc2)sc2ncnn12", "smiles_split": ["Cc1c([C@@H](C)OC(=O)N(C=O)c2ccccc2)sc2ncnn12"], "mapped_smiles": "[CH3:1][c:2]1[c:3]([C@@H:4]([CH3:5])[O:6][C:7](=[O:8])[N:9]([c:10]2[cH:11][cH:12][cH:13][cH:14][cH:15]2)[CH:901]=[O:900])[s:16][c:17]2[n:18][cH:19][n:20][n:21]12", "reacting_atoms": [9], "template_id": "9317a036200de16f03fc4dba5ed9ae60", "template_set": ["bkms"], "num_examples": 2, "necessary_reagent": "", "template_score": 0.02322934940457344, "rms_molwt": -330.07866130800005, "num_rings": -3, "plausibility": 1, "tforms": ["9317a036200de16f03fc4dba5ed9ae60"], "rank": 5, "score": -9583.060041645313}, {"smiles": "Cc1c([C@@H](C)OC(=O)Nc2ccc(C(=O)O)cc2)sc2ncnn12", "smiles_split": ["Cc1c([C@@H](C)OC(=O)Nc2ccc(C(=O)O)cc2)sc2ncnn12"], "mapped_smiles": "[CH3:1][c:2]1[c:3]([C@@H:4]([CH3:5])[O:6][C:7](=[O:8])[NH:9][c:10]2[cH:11][cH:12][c:13]([C:901]([OH:900])=[O:902])[cH:14][cH:15]2)[s:16][c:17]2[n:18][cH:19][n:20][n:21]12", "reacting_atoms": [13], "template_id": "7b224edf0386a32c82063499cfe171fd", "template_set": ["bkms"], "num_examples": 23, "necessary_reagent": "", "template_score": 0.00883090402930975, "rms_molwt": -346.0735759280001, "num_rings": -3, "plausibility": 1, "tforms": ["7b224edf0386a32c82063499cfe171fd"], "rank": 6, "score": -26854.670203648624}, {"smiles": "Cc1c([C@@H](C)OC(=O)Nc2ccccc2C(=O)O)sc2ncnn12", "smiles_split": ["Cc1c([C@@H](C)OC(=O)Nc2ccccc2C(=O)O)sc2ncnn12"], "mapped_smiles": "[CH3:1][c:2]1[c:3]([C@@H:4]([CH3:5])[O:6][C:7](=[O:8])[NH:9][c:10]2[cH:11][cH:12][cH:13][cH:14][c:15]2[C:901]([OH:900])=[O:902])[s:16][c:17]2[n:18][cH:19][n:20][n:21]12", "reacting_atoms": [15], "template_id": "7b224edf0386a32c82063499cfe171fd", "template_set": ["bkms"], "num_examples": 23, "necessary_reagent": "", "template_score": 0.00883090402930975, "rms_molwt": -346.0735759280001, "num_rings": -3, "plausibility": 1, "tforms": ["7b224edf0386a32c82063499cfe171fd"], "rank": 7, "score": -26854.670203648624}, {"smiles": "Cc1c([C@@H](C)OC(=O)Nc2cccc(C(=O)O)c2)sc2ncnn12", "smiles_split": ["Cc1c([C@@H](C)OC(=O)Nc2cccc(C(=O)O)c2)sc2ncnn12"], "mapped_smiles": "[CH3:1][c:2]1[c:3]([C@@H:4]([CH3:5])[O:6][C:7](=[O:8])[NH:9][c:10]2[cH:11][cH:12][cH:13][c:14]([C:901]([OH:900])=[O:902])[cH:15]2)[s:16][c:17]2[n:18][cH:19][n:20][n:21]12", "reacting_atoms": [14], "template_id": "7b224edf0386a32c82063499cfe171fd", "template_set": ["bkms"], "num_examples": 23, "necessary_reagent": "", "template_score": 0.00883090402930975, "rms_molwt": -346.0735759280001, "num_rings": -3, "plausibility": 1, "tforms": ["7b224edf0386a32c82063499cfe171fd"], "rank": 8, "score": -26854.670203648624}, {"smiles": "Cc1cccc(NC(=O)O[C@H](C)c2sc3ncnn3c2C)c1", "smiles_split": ["Cc1cccc(NC(=O)O[C@H](C)c2sc3ncnn3c2C)c1"], "mapped_smiles": "[CH3:1][c:2]1[c:3]([C@@H:4]([CH3:5])[O:6][C:7](=[O:8])[NH:9][c:10]2[cH:11][cH:12][cH:13][c:14]([CH3:900])[cH:15]2)[s:16][c:17]2[n:18][cH:19][n:20][n:21]12", "reacting_atoms": [14], "template_id": "b9fdf47442f50a43ae2de1c598fa4179", "template_set": ["bkms"], "num_examples": 5, "necessary_reagent": "", "template_score": 0.005834043957293034, "rms_molwt": -316.099396752, "num_rings": -3, "plausibility": 1, "tforms": ["b9fdf47442f50a43ae2de1c598fa4179"], "rank": 9, "score": -35717.641992008124}, {"smiles": "Cc1ccc(NC(=O)O[C@H](C)c2sc3ncnn3c2C)cc1", "smiles_split": ["Cc1ccc(NC(=O)O[C@H](C)c2sc3ncnn3c2C)cc1"], "mapped_smiles": "[CH3:1][c:2]1[c:3]([C@@H:4]([CH3:5])[O:6][C:7](=[O:8])[NH:9][c:10]2[cH:11][cH:12][c:13]([CH3:900])[cH:14][cH:15]2)[s:16][c:17]2[n:18][cH:19][n:20][n:21]12", "reacting_atoms": [13], "template_id": "b9fdf47442f50a43ae2de1c598fa4179", "template_set": ["bkms"], "num_examples": 5, "necessary_reagent": "", "template_score": 0.005834043957293034, "rms_molwt": -316.09939675199996, "num_rings": -3, "plausibility": 1, "tforms": ["b9fdf47442f50a43ae2de1c598fa4179"], "rank": 10, "score": -35717.641992008124}, {"smiles": "Cc1ccccc1NC(=O)O[C@H](C)c1sc2ncnn2c1C", "smiles_split": ["Cc1ccccc1NC(=O)O[C@H](C)c1sc2ncnn2c1C"], "mapped_smiles": "[CH3:1][c:2]1[c:3]([C@@H:4]([CH3:5])[O:6][C:7](=[O:8])[NH:9][c:10]2[cH:11][cH:12][cH:13][cH:14][c:15]2[CH3:900])[s:16][c:17]2[n:18][cH:19][n:20][n:21]12", "reacting_atoms": [15], "template_id": "b9fdf47442f50a43ae2de1c598fa4179", "template_set": ["bkms"], "num_examples": 5, "necessary_reagent": "", "template_score": 0.005834043957293034, "rms_molwt": -316.099396752, "num_rings": -3, "plausibility": 1, "tforms": ["b9fdf47442f50a43ae2de1c598fa4179"], "rank": 11, "score": -35717.641992008124}, {"smiles": "Cc1c([C@@H](C)OC(=O)Nc2cccc(Cl)c2)sc2ncnn12", "smiles_split": ["Cc1c([C@@H](C)OC(=O)Nc2cccc(Cl)c2)sc2ncnn12"], "mapped_smiles": "[CH3:1][c:2]1[c:3]([C@@H:4]([CH3:5])[O:6][C:7](=[O:8])[NH:9][c:10]2[cH:11][cH:12][cH:13][c:14]([Cl:900])[cH:15]2)[s:16][c:17]2[n:18][cH:19][n:20][n:21]12", "reacting_atoms": [14], "template_id": "13444016d1e7c68bbdf8f2aa3af2798d", "template_set": ["bkms"], "num_examples": 9, "necessary_reagent": "", "template_score": 0.005223243497312069, "rms_molwt": -336.0447743360001, "num_rings": -3, "plausibility": 1, "tforms": ["13444016d1e7c68bbdf8f2aa3af2798d"], "rank": 12, "score": -39894.424516005114}, {"smiles": "Cc1c([C@@H](C)OC(=O)Nc2ccc(Cl)cc2)sc2ncnn12", "smiles_split": ["Cc1c([C@@H](C)OC(=O)Nc2ccc(Cl)cc2)sc2ncnn12"], "mapped_smiles": "[CH3:1][c:2]1[c:3]([C@@H:4]([CH3:5])[O:6][C:7](=[O:8])[NH:9][c:10]2[cH:11][cH:12][c:13]([Cl:900])[cH:14][cH:15]2)[s:16][c:17]2[n:18][cH:19][n:20][n:21]12", "reacting_atoms": [13], "template_id": "13444016d1e7c68bbdf8f2aa3af2798d", "template_set": ["bkms"], "num_examples": 9, "necessary_reagent": "", "template_score": 0.005223243497312069, "rms_molwt": -336.0447743360001, "num_rings": -3, "plausibility": 1, "tforms": ["13444016d1e7c68bbdf8f2aa3af2798d"], "rank": 13, "score": -39894.424516005114}, {"smiles": "Cc1c([C@@H](C)OC(=O)Nc2ccccc2Cl)sc2ncnn12", "smiles_split": ["Cc1c([C@@H](C)OC(=O)Nc2ccccc2Cl)sc2ncnn12"], "mapped_smiles": "[CH3:1][c:2]1[c:3]([C@@H:4]([CH3:5])[O:6][C:7](=[O:8])[NH:9][c:10]2[cH:11][cH:12][cH:13][cH:14][c:15]2[Cl:900])[s:16][c:17]2[n:18][cH:19][n:20][n:21]12", "reacting_atoms": [15], "template_id": "13444016d1e7c68bbdf8f2aa3af2798d", "template_set": ["bkms"], "num_examples": 9, "necessary_reagent": "", "template_score": 0.005223243497312069, "rms_molwt": -336.0447743360001, "num_rings": -3, "plausibility": 1, "tforms": ["13444016d1e7c68bbdf8f2aa3af2798d"], "rank": 14, "score": -39894.424516005114}, {"smiles": "Cc1c([C@@H](C)OC(=O)Nc2ccccc2Br)sc2ncnn12", "smiles_split": ["Cc1c([C@@H](C)OC(=O)Nc2ccccc2Br)sc2ncnn12"], "mapped_smiles": "[CH3:1][c:2]1[c:3]([C@@H:4]([CH3:5])[O:6][C:7](=[O:8])[NH:9][c:10]2[cH:11][cH:12][cH:13][cH:14][c:15]2[Br:900])[s:16][c:17]2[n:18][cH:19][n:20][n:21]12", "reacting_atoms": [15], "template_id": "b7756ed925259d15888f2ce5f560c64d", "template_set": ["bkms"], "num_examples": 5, "necessary_reagent": "", "template_score": 0.0032798664178699255, "rms_molwt": -379.9942587560001, "num_rings": -3, "plausibility": 1, "tforms": ["b7756ed925259d15888f2ce5f560c64d"], "rank": 15, "score": -63532.55495312518}]}