{"smiles": "CCn1c(SCC(=O)Nc2cccc(Cl)c2C)nc2c(=O)[nH]cnc21", "sfscore": [0.6469382047653198, 0.3449380695819855], "chem_result": [{"smiles": "CCn1c(SCC(=O)Nc2cccc(Cl)c2C)nc2c(=O)[nH]cnc21", "bw_confidence": 0.26885075398963776, "confidence": 0.9666153214863927, "rclass": "1 1.8 1.8.13", "children": [{"smiles": "CCn1c(S)nc2c(=O)[nH]cnc21"}, {"smiles": "CN(C)C=O"}, {"smiles": "Cc1c(Cl)cccc1NC(=O)CCl"}, {"smiles": "O=C([O-])[O-]~[K+]~[K+]"}]}, {"smiles": "CCn1c(SCC(=O)Nc2cccc(Cl)c2C)nc2c(=O)[nH]cnc21", "bw_confidence": 0.24531845473304614, "confidence": 0.9804540836918292, "rclass": "6 6.1 6.1.11", "children": [{"smiles": "CCn1c(SCC(=O)Nc2cccc(Cl)c2C)nc2c(=O)n(Cc3ccc(OC)cc3)cnc21"}, {"smiles": "O=C(O)C(F)(F)F"}]}, {"smiles": "CCn1c(SCC(=O)Nc2cccc(Cl)c2C)nc2c(=O)[nH]cnc21", "bw_confidence": 0.12787599557853052, "confidence": 0.4731432898632047, "rclass": "4 4.1 4.1.62", "children": [{"smiles": "CCn1c(SCC(=O)Nc2cccc(Cl)c2C)nc(C(N)=O)c1N"}, {"smiles": "NC=O"}]}, {"smiles": "CCn1c(SCC(=O)Nc2cccc(Cl)c2C)nc2c(=O)[nH]cnc21", "bw_confidence": 0.08572746130605496, "confidence": 0.7931338096303647, "rclass": "9 9.7 9.7.330", "children": [{"smiles": "CCn1c(SCC(=O)Nc2cccc(Cl)c2C)nc2c(N)ncnc21"}, {"smiles": "O"}, {"smiles": "O=N[O-]~[Na+]"}, {"smiles": "O=S(=O)(O)O"}]}, {"smiles": "CCn1c(SCC(=O)Nc2cccc(Cl)c2C)nc2c(=O)[nH]cnc21", "bw_confidence": 0.08081618439941292, "confidence": 0.9722301257843643, "rclass": "2 2.1 2.1.2", "children": [{"smiles": "CCn1c(SCC(=O)O)nc2c(=O)[nH]cnc21"}, {"smiles": "Cc1c(N)cccc1Cl"}]}, {"smiles": "CCn1c(SCC(=O)Nc2cccc(Cl)c2C)nc2c(=O)[nH]cnc21", "bw_confidence": 0.026340930668842154, "confidence": 0.4347676627989869, "rclass": "0 0 0", "children": [{"smiles": "BrBr"}, {"smiles": "CC(=O)O"}, {"smiles": "CCn1c(SCC(=O)Nc2cccc(Cl)c2C)nc2c(N)ncnc21"}]}, {"smiles": "CCn1c(SCC(=O)Nc2cccc(Cl)c2C)nc2c(=O)[nH]cnc21", "bw_confidence": 0.02531432881044493, "confidence": 0.9661564172392626, "rclass": "11 11.9 11.9", "children": [{"smiles": "CCn1c(SCC(=O)Nc2cccc(Cl)c2C)nc2c(=O)[nH]cnc21~Cl"}, {"smiles": "O"}, {"smiles": "[OH-]~[Na+]"}]}, {"smiles": "CCn1c(SCC(=O)Nc2cccc(Cl)c2C)nc2c(=O)[nH]cnc21", "bw_confidence": 0.02468437526245628, "confidence": 0.19336879633039292, "rclass": "7 7.9 7.9.22", "children": [{"smiles": "CCn1c(S(=O)CC(=O)Nc2cccc(Cl)c2C)nc2c(=O)[nH]cnc21"}, {"smiles": "CO"}, {"smiles": "[BH4-]~[Na+]"}]}, {"smiles": "CCn1c(SCC(=O)Nc2cccc(Cl)c2C)nc2c(=O)[nH]cnc21", "bw_confidence": 0.015752399785507663, "confidence": 0.8835282262326443, "rclass": "10 10.1 10.1.2", "children": [{"smiles": "CCn1c(SCC(=O)Nc2ccccc2C)nc2c(=O)[nH]cnc21"}, {"smiles": "Cc1c(N)cccc1Cl"}]}, {"smiles": "CCn1c(SCC(=O)Nc2cccc(Cl)c2C)nc2c(=O)[nH]cnc21", "bw_confidence": 0.014057867194693147, "confidence": 0.9825218568513759, "rclass": "0 0 0", "children": [{"smiles": "CCn1c(SCC(=O)Nc2cccc(Cl)c2C)nc2c(Cl)ncnc21"}, {"smiles": "CN(C)C=O"}, {"smiles": "C[Sn](C)(C)C"}, {"smiles": "Cl[Pd](Cl)([P](c1ccccc1)(c1ccccc1)c1ccccc1)[P](c1ccccc1)(c1ccccc1)c1ccccc1"}]}], "chem_bw_confidence_list": [0.26885075398963776, 0.24531845473304614, 0.12787599557853052, 0.08572746130605496, 0.08081618439941292, 0.026340930668842154, 0.02531432881044493, 0.02468437526245628, 0.015752399785507663, 0.014057867194693147], "enzy_template_score_list": [0.17531350255012512, 0.04225953668355942, 0.02505466900765896, 0.01180171500891447, 0.011302170343697071, 0.009641764685511589, 0.013096065260469913, 0.016139419749379158, 0.008097273297607899, 0.00926356390118599, 0.004476154688745737, 0.0029918598011136055, 0.005692684091627598, 0.0029491488821804523, 0.0032216100953519344], "enzy_result": [{"smiles": "CCn1c(SCC(=O)Nc2cccc(Cl)c2C)nc2cncnc21", "smiles_split": ["CCn1c(SCC(=O)Nc2cccc(Cl)c2C)nc2cncnc21"], "mapped_smiles": "[CH3:1][CH2:2][n:3]1[c:4]([S:5][CH2:6][C:7](=[O:8])[NH:9][c:10]2[cH:11][cH:12][cH:13][c:14]([Cl:15])[c:16]2[CH3:17])[n:18][c:19]2[cH:20][n:22][cH:23][n:24][c:25]12", "reacting_atoms": [22, 20], "template_id": "c2d0168919f229150d8e7e92ecafa4d9", "template_set": ["bkms", "bkms"], "num_examples": 17, "necessary_reagent": "[O]", "template_score": 0.17531350255012512, "rms_molwt": -361.07640881200007, "num_rings": -3, "plausibility": 1, "tforms": ["170760f244256b2463ca8f0e4197f1ba", "c2d0168919f229150d8e7e92ecafa4d9"], "rank": 1, "score": -1347.0212611813258}, {"smiles": "CCn1c(SCC(=O)Nc2cccc(Cl)c2C)nc2c(O)ncnc21", "smiles_split": ["CCn1c(SCC(=O)Nc2cccc(Cl)c2C)nc2c(O)ncnc21"], "mapped_smiles": "[CH3:1][CH2:2][n:3]1[c:4]([S:5][CH2:6][C:7](=[O:8])[NH:9][c:10]2[cH:11][cH:12][cH:13][c:14]([Cl:15])[c:16]2[CH3:17])[n:18][c:19]2[c:20]([OH:21])[n:22][cH:23][n:24][c:25]12", "reacting_atoms": [21, 20, 22], "template_id": "30642402c91818e15746663d5fd5b3b0", "template_set": ["bkms"], "num_examples": 3, "necessary_reagent": "", "template_score": 0.04225953668355942, "rms_molwt": -377.07132343200004, "num_rings": -3, "plausibility": 1, "tforms": ["30642402c91818e15746663d5fd5b3b0"], "rank": 2, "score": -5915.824441522086}, {"smiles": "CCn1c(SCC(=O)Nc2cccc(Cl)c2C)nc2c(=O)n([C@@H]3O[C@H](CO)[C@@H](O)[C@H]3O)cnc21", "smiles_split": ["CCn1c(SCC(=O)Nc2cccc(Cl)c2C)nc2c(=O)n([C@@H]3O[C@H](CO)[C@@H](O)[C@H]3O)cnc21"], "mapped_smiles": "[CH3:1][CH2:2][n:3]1[c:4]([S:5][CH2:6][C:7](=[O:8])[NH:9][c:10]2[cH:11][cH:12][cH:13][c:14]([Cl:15])[c:16]2[CH3:17])[n:18][c:19]2[c:20](=[O:21])[n:22]([C@@H:904]3[O:903][C@H:902]([CH2:901][OH:900])[C@@H:907]([OH:908])[C@H:905]3[OH:906])[cH:23][n:24][c:25]12", "reacting_atoms": [22], "template_id": "7704aeb5b6f2bf3480ad604f7c4f4926", "template_set": ["bkms"], "num_examples": 3, "necessary_reagent": "", "template_score": 0.02505466900765896, "rms_molwt": -509.11358216799994, "num_rings": -4, "plausibility": 1, "tforms": ["7704aeb5b6f2bf3480ad604f7c4f4926"], "rank": 3, "score": -17549.02723331017}, {"smiles": "CCn1c(SCC(=O)Nc2cccc(Cl)c2C)nc2ncnc(N)c21", "smiles_split": ["CCn1c(SCC(=O)Nc2cccc(Cl)c2C)nc2ncnc(N)c21"], "mapped_smiles": "[CH3:1][CH2:2][n:3]1[c:4]([S:5][CH2:6][C:7](=[O:8])[NH:9][c:10]2[cH:11][cH:12][cH:13][c:14]([Cl:15])[c:16]2[CH3:17])[n:18][c:19]2[n:24][cH:23][n:22][c:20]([NH2:900])[c:25]12", "reacting_atoms": [20, 22, 24, 19, 25], "template_id": "8ca32c1d49904c201c350be4c7914de9", "template_set": ["bkms"], "num_examples": 1, "necessary_reagent": "[O]", "template_score": 0.01180171500891447, "rms_molwt": -376.0873078440001, "num_rings": -3, "plausibility": 1, "tforms": ["8ca32c1d49904c201c350be4c7914de9"], "rank": 4, "score": -21268.095341262368}, {"smiles": "CCn1c(SCC(=O)Nc2cccc(Cl)c2C)nc2c(N)ncnc21", "smiles_split": ["CCn1c(SCC(=O)Nc2cccc(Cl)c2C)nc2c(N)ncnc21"], "mapped_smiles": "[CH3:1][CH2:2][n:3]1[c:4]([S:5][CH2:6][C:7](=[O:8])[NH:9][c:10]2[cH:11][cH:12][cH:13][c:14]([Cl:15])[c:16]2[CH3:17])[n:18][c:19]2[c:20]([NH2:900])[n:22][cH:23][n:24][c:25]12", "reacting_atoms": [20, 22], "template_id": "6ea8e181063572a4f8eb094f4b546c21", "template_set": ["bkms", "bkms", "bkms"], "num_examples": 18, "necessary_reagent": "[O]", "template_score": 0.011302170343697071, "rms_molwt": -376.0873078440001, "num_rings": -3, "plausibility": 1, "tforms": ["6ea8e181063572a4f8eb094f4b546c21", "a89e2a8d4e5e2d1e98279f2efcd735c8", "f20e8df56b9f94c8e14301c47078a51a"], "rank": 5, "score": -22208.12395912757}, {"smiles": "CCn1c(SCC(=O)Nc2cccc(Cl)c2C)nc2c(=O)ncn(C)c21", "smiles_split": ["CCn1c(SCC(=O)Nc2cccc(Cl)c2C)nc2c(=O)ncn(C)c21"], "mapped_smiles": "[CH3:1][CH2:2][n:3]1[c:4]([S:5][CH2:6][C:7](=[O:8])[NH:9][c:10]2[cH:11][cH:12][cH:13][c:14]([Cl:15])[c:16]2[CH3:17])[n:18][c:19]2[c:20](=[O:21])[n:22][cH:23][n:24]([CH3:900])[c:25]12", "reacting_atoms": [24, 22], "template_id": "d22102c08236af98f3ce4840ad052735", "template_set": ["bkms"], "num_examples": 1, "necessary_reagent": "", "template_score": 0.009641764685511589, "rms_molwt": -391.08697349600004, "num_rings": -3, "plausibility": 1, "tforms": ["d22102c08236af98f3ce4840ad052735"], "rank": 6, "score": -27500.05039069838}, {"smiles": "CCn1c(SCC(=O)Nc2cccc(Cl)c2C)nc2c(=O)n([C@H]3C[C@H](O)[C@@H](CO)O3)cnc21", "smiles_split": ["CCn1c(SCC(=O)Nc2cccc(Cl)c2C)nc2c(=O)n([C@H]3C[C@H](O)[C@@H](CO)O3)cnc21"], "mapped_smiles": "[CH3:1][CH2:2][n:3]1[c:4]([S:5][CH2:6][C:7](=[O:8])[NH:9][c:10]2[cH:11][cH:12][cH:13][c:14]([Cl:15])[c:16]2[CH3:17])[n:18][c:19]2[c:20](=[O:21])[n:22]([C@@H:904]3[O:903][C@H:902]([CH2:901][OH:900])[C@@H:906]([OH:907])[CH2:905]3)[cH:23][n:24][c:25]12", "reacting_atoms": [22], "template_id": "2408353675be1dc0c89eb751c186187a", "template_set": ["bkms"], "num_examples": 1, "necessary_reagent": "", "template_score": 0.013096065260469913, "rms_molwt": -493.11866754799996, "num_rings": -4, "plausibility": 1, "tforms": ["2408353675be1dc0c89eb751c186187a"], "rank": 7, "score": -31178.943173986405}, {"smiles": "CCn1c(SCC(=O)Nc2cccc(Cl)c2C)nc2c(=O)n([C@@H]3O[C@H](COP(=O)(O)O)[C@@H](O)[C@H]3O)cnc21", "smiles_split": ["CCn1c(SCC(=O)Nc2cccc(Cl)c2C)nc2c(=O)n([C@@H]3O[C@H](COP(=O)(O)O)[C@@H](O)[C@H]3O)cnc21"], "mapped_smiles": "[CH3:1][CH2:2][n:3]1[c:4]([S:5][CH2:6][C:7](=[O:8])[NH:9][c:10]2[cH:11][cH:12][cH:13][c:14]([Cl:15])[c:16]2[CH3:17])[n:18][c:19]2[c:20](=[O:21])[n:22]([C@@H:910]3[O:909][C@H:902]([CH2:903][O:904][P:905]([OH:906])([OH:907])=[O:908])[C@@H:901]([OH:900])[C@H:911]3[OH:912])[cH:23][n:24][c:25]12", "reacting_atoms": [22], "template_id": "7e71931f5c20f2872c414066d453bfb6", "template_set": ["bkms"], "num_examples": 2, "necessary_reagent": "", "template_score": 0.016139419749379158, "rms_molwt": -589.0799126899999, "num_rings": -4, "plausibility": 1, "tforms": ["7e71931f5c20f2872c414066d453bfb6"], "rank": 8, "score": -31703.482037067908}, {"smiles": "CCn1c(SCC(=O)Nc2cccc(Cl)c2C)nc2c(=O)n(C[C@H](N)C(=O)O)cnc21", "smiles_split": ["CCn1c(SCC(=O)Nc2cccc(Cl)c2C)nc2c(=O)n(C[C@H](N)C(=O)O)cnc21"], "mapped_smiles": "[CH3:1][CH2:2][n:3]1[c:4]([S:5][CH2:6][C:7](=[O:8])[NH:9][c:10]2[cH:11][cH:12][cH:13][c:14]([Cl:15])[c:16]2[CH3:17])[n:18][c:19]2[c:20](=[O:21])[n:22]([CH2:902][C@H:901]([NH2:900])[C:903]([OH:904])=[O:905])[cH:23][n:24][c:25]12", "reacting_atoms": [22], "template_id": "5749e2e96abdabc93ef5f31d5887cd4e", "template_set": ["bkms"], "num_examples": 2, "necessary_reagent": "", "template_score": 0.008097273297607899, "rms_molwt": -464.10335183200004, "num_rings": -3, "plausibility": 1, "tforms": ["5749e2e96abdabc93ef5f31d5887cd4e"], "rank": 9, "score": -42878.8034853698}, {"smiles": "CCn1c(SCC(=O)Nc2cccc(Cl)c2C)nc2c(=O)n([C@@H]3O[C@H](CO)[C@@H](O)[C@H](O)[C@H]3O)cnc21", "smiles_split": ["CCn1c(SCC(=O)Nc2cccc(Cl)c2C)nc2c(=O)n([C@@H]3O[C@H](CO)[C@@H](O)[C@H](O)[C@H]3O)cnc21"], "mapped_smiles": "[CH3:1][CH2:2][n:3]1[c:4]([S:5][CH2:6][C:7](=[O:8])[NH:9][c:10]2[cH:11][cH:12][cH:13][c:14]([Cl:15])[c:16]2[CH3:17])[n:18][c:19]2[c:20](=[O:21])[n:22]([C@@H:904]3[O:903][C@H:902]([CH2:901][OH:900])[C@@H:909]([OH:910])[C@H:907]([OH:908])[C@H:905]3[OH:906])[cH:23][n:24][c:25]12", "reacting_atoms": [22], "template_id": "4527298922b04ffe1c0e99ca1afe5587", "template_set": ["bkms"], "num_examples": 1, "necessary_reagent": "", "template_score": 0.00926356390118599, "rms_molwt": -539.124146852, "num_rings": -4, "plausibility": 1, "tforms": ["4527298922b04ffe1c0e99ca1afe5587"], "rank": 10, "score": -53618.342114864485}, {"smiles": "CCCCCCNC(=O)n1cnc2c(nc(SCC(=O)Nc3cccc(Cl)c3C)n2CC)c1=O", "smiles_split": ["CCCCCCNC(=O)n1cnc2c(nc(SCC(=O)Nc3cccc(Cl)c3C)n2CC)c1=O"], "mapped_smiles": "[CH3:1][CH2:2][n:3]1[c:4]([S:5][CH2:6][C:7](=[O:8])[NH:9][c:10]2[cH:11][cH:12][cH:13][c:14]([Cl:15])[c:16]2[CH3:17])[n:18][c:19]2[c:20](=[O:21])[n:22]([C:907]([NH:906][CH2:905][CH2:904][CH2:903][CH2:902][CH2:901][CH3:900])=[O:908])[cH:23][n:24][c:25]12", "reacting_atoms": [22], "template_id": "a75baa373cafa3e79fe0014bed9a1d16", "template_set": ["bkms"], "num_examples": 1, "necessary_reagent": "", "template_score": 0.004476154688745737, "rms_molwt": -504.171037468, "num_rings": -3, "plausibility": 1, "tforms": ["a75baa373cafa3e79fe0014bed9a1d16"], "rank": 11, "score": -88581.55189462073}, {"smiles": "CCn1c(SCC(=O)N(C)c2cccc(Cl)c2C)nc2c(=O)[nH]cnc21", "smiles_split": ["CCn1c(SCC(=O)N(C)c2cccc(Cl)c2C)nc2c(=O)[nH]cnc21"], "mapped_smiles": "[CH3:1][CH2:2][n:3]1[c:4]([S:5][CH2:6][C:7](=[O:8])[N:9]([c:10]2[cH:11][cH:12][cH:13][c:14]([Cl:15])[c:16]2[CH3:17])[CH3:900])[n:18][c:19]2[c:20](=[O:21])[nH:22][cH:23][n:24][c:25]12", "reacting_atoms": [9], "template_id": "ee691762334cf0c1de07eafe5200fcf4", "template_set": ["bkms", "bkms"], "num_examples": 4, "necessary_reagent": "", "template_score": 0.0029918598011136055, "rms_molwt": -391.08697349600004, "num_rings": -3, "plausibility": 1, "tforms": ["ee691762334cf0c1de07eafe5200fcf4", "5007b5b79cb59b90f431005bd03c09b8"], "rank": 12, "score": -88623.4758086369}, {"smiles": "CCn1c(SCC(=O)Nc2cccc(Cl)c2C)nc2c(=O)n([C@H]3O[C@H](COP(=O)(O)O)[C@@H](O)[C@H]3O)cnc21", "smiles_split": ["CCn1c(SCC(=O)Nc2cccc(Cl)c2C)nc2c(=O)n([C@H]3O[C@H](COP(=O)(O)O)[C@@H](O)[C@H]3O)cnc21"], "mapped_smiles": "[CH3:1][CH2:2][n:3]1[c:4]([S:5][CH2:6][C:7](=[O:8])[NH:9][c:10]2[cH:11][cH:12][cH:13][c:14]([Cl:15])[c:16]2[CH3:17])[n:18][c:19]2[c:20](=[O:21])[n:22]([C@H:910]3[O:909][C@H:902]([CH2:903][O:904][P:905]([OH:906])([OH:907])=[O:908])[C@@H:901]([OH:900])[C@H:911]3[OH:912])[cH:23][n:24][c:25]12", "reacting_atoms": [22], "template_id": "5ca58516907e9071d9946bbd14a734f0", "template_set": ["bkms"], "num_examples": 1, "necessary_reagent": "", "template_score": 0.005692684091627598, "rms_molwt": -589.0799126899999, "num_rings": -4, "plausibility": 1, "tforms": ["5ca58516907e9071d9946bbd14a734f0"], "rank": 13, "score": -89883.04916931508}, {"smiles": "CCn1c(SCC(=O)Nc2cccc(Cl)c2C)nc2c(=O)n(C)cnc21", "smiles_split": ["CCn1c(SCC(=O)Nc2cccc(Cl)c2C)nc2c(=O)n(C)cnc21"], "mapped_smiles": "[CH3:1][CH2:2][n:3]1[c:4]([S:5][CH2:6][C:7](=[O:8])[NH:9][c:10]2[cH:11][cH:12][cH:13][c:14]([Cl:15])[c:16]2[CH3:17])[n:18][c:19]2[c:20](=[O:21])[n:22]([CH3:900])[cH:23][n:24][c:25]12", "reacting_atoms": [22], "template_id": "a9928bc531fda18eecad3c4f795f5b06", "template_set": ["bkms", "bkms", "bkms"], "num_examples": 5, "necessary_reagent": "", "template_score": 0.0029491488821804523, "rms_molwt": -391.08697349600004, "num_rings": -3, "plausibility": 1, "tforms": ["694734d3cd024ff5a70e556ad66528a0", "a9928bc531fda18eecad3c4f795f5b06", "40d405aa15636b1c67bce5e10758f396"], "rank": 14, "score": -89906.9613978888}, {"smiles": "CCn1c(SCC(=O)Nc2cccc(Cl)c2C)nc2c(=O)n(C(C)=O)cnc21", "smiles_split": ["CCn1c(SCC(=O)Nc2cccc(Cl)c2C)nc2c(=O)n(C(C)=O)cnc21"], "mapped_smiles": "[CH3:1][CH2:2][n:3]1[c:4]([S:5][CH2:6][C:7](=[O:8])[NH:9][c:10]2[cH:11][cH:12][cH:13][c:14]([Cl:15])[c:16]2[CH3:17])[n:18][c:19]2[c:20](=[O:21])[n:22]([C:901]([CH3:900])=[O:902])[cH:23][n:24][c:25]12", "reacting_atoms": [22], "template_id": "b8de9a5f73fc3b0934d593b935ac26c8", "template_set": ["bkms"], "num_examples": 1, "necessary_reagent": "", "template_score": 0.0032216100953519344, "rms_molwt": -419.081888116, "num_rings": -3, "plausibility": 1, "tforms": ["b8de9a5f73fc3b0934d593b935ac26c8"], "rank": 15, "score": -91980.13976513293}]}