{"smiles": "O=C(NC[C@H](O)CO)c1cc(C(=O)NC[C@H](O)CO)cc([N+](=O)[O-])c1", "sfscore": [0.5108334422111511, 0.5064542293548584], "chem_result": [{"smiles": "O=C(NC[C@H](O)CO)c1cc(C(=O)NC[C@H](O)CO)cc([N+](=O)[O-])c1", "bw_confidence": 0.15247182537233864, "confidence": 0.8468549751442142, "rclass": "6 6.3 6.3.16", "children": [{"smiles": "CC1(C)OC[C@H](CNC(=O)c2cc(C(=O)NC[C@H]3COC(C)(C)O3)cc([N+](=O)[O-])c2)O1"}, {"smiles": "CO"}, {"smiles": "Cl"}]}, {"smiles": "O=C(NC[C@H](O)CO)c1cc(C(=O)NC[C@H](O)CO)cc([N+](=O)[O-])c1", "bw_confidence": 0.12460799943646278, "confidence": 0.620751466447721, "rclass": "10 10.4 10.4.11", "children": [{"smiles": "C=CCNC(=O)c1cc(C(=O)NC[C@H](O)CO)cc([N+](=O)[O-])c1"}, {"smiles": "CC(C)=O"}, {"smiles": "C[N+]1([O-])CCOCC1"}, {"smiles": "O"}, {"smiles": "O=[Os](=O)(=O)=O"}]}, {"smiles": "O=C(NC[C@H](O)CO)c1cc(C(=O)NC[C@H](O)CO)cc([N+](=O)[O-])c1", "bw_confidence": 0.11260640009381687, "confidence": 0.6890570442195606, "rclass": "2 2.1 2.1.2", "children": [{"smiles": "NC[C@H](O)CO"}, {"smiles": "O=C(O)c1cc(C(=O)NC[C@H](O)CO)cc([N+](=O)[O-])c1"}]}, {"smiles": "O=C(NC[C@H](O)CO)c1cc(C(=O)NC[C@H](O)CO)cc([N+](=O)[O-])c1", "bw_confidence": 0.045317496270694195, "confidence": 0.7023948746181973, "rclass": "0 0 0", "children": [{"smiles": "NC[C@H](O)CO"}, {"smiles": "O=C(Cl)c1cc(C(=O)Cl)cc([N+](=O)[O-])c1"}]}, {"smiles": "O=C(NC[C@H](O)CO)c1cc(C(=O)NC[C@H](O)CO)cc([N+](=O)[O-])c1", "bw_confidence": 0.04220878937760391, "confidence": 0.8566305679781122, "rclass": "6 6.3 6.3.16", "children": [{"smiles": "CC1(C)OC[C@H](CNC(=O)c2cc(C(=O)NC[C@H]3COC(C)(C)O3)cc([N+](=O)[O-])c2)O1"}, {"smiles": "Cl"}]}, {"smiles": "O=C(NC[C@H](O)CO)c1cc(C(=O)NC[C@H](O)CO)cc([N+](=O)[O-])c1", "bw_confidence": 0.030099849666752502, "confidence": 0.8694223876700341, "rclass": "2 2.1 2.1.1", "children": [{"smiles": "NC[C@H](O)CO"}, {"smiles": "O=C(Cl)c1cc(C(=O)NC[C@H](O)CO)cc([N+](=O)[O-])c1"}]}, {"smiles": "O=C(NC[C@H](O)CO)c1cc(C(=O)NC[C@H](O)CO)cc([N+](=O)[O-])c1", "bw_confidence": 0.01674366153808425, "confidence": 0.2823573534373627, "rclass": "11 11.7 11.7", "children": [{"smiles": "NC[C@H](O)CO"}, {"smiles": "O=C(NC[C@H](O)CO)c1cc(C(=O)NC[C@H](O)CO)cc([N+](=O)[O-])c1"}]}, {"smiles": "O=C(NC[C@H](O)CO)c1cc(C(=O)NC[C@H](O)CO)cc([N+](=O)[O-])c1", "bw_confidence": 0.014709515339555742, "confidence": 0.9053211115762368, "rclass": "6 6.3 6.3.16", "children": [{"smiles": "CC1(C)OC[C@H](CNC(=O)c2cc(C(=O)NC[C@H](O)CO)cc([N+](=O)[O-])c2)O1"}, {"smiles": "CO"}, {"smiles": "Cl"}]}, {"smiles": "O=C(NC[C@H](O)CO)c1cc(C(=O)NC[C@H](O)CO)cc([N+](=O)[O-])c1", "bw_confidence": 0.009297861177091846, "confidence": 0.9242100629358947, "rclass": "6 6.3 6.3.16", "children": [{"smiles": "CC1(C)OC[C@H](CNC(=O)c2cc(C(=O)NC[C@H](O)CO)cc([N+](=O)[O-])c2)O1"}, {"smiles": "ClCCl"}, {"smiles": "O=C(O)C(F)(F)F"}]}], "chem_bw_confidence_list": [0.15247182537233864, 0.12460799943646278, 0.11260640009381687, 0.045317496270694195, 0.04220878937760391, 0.030099849666752502, 0.01674366153808425, 0.014709515339555742, 0.009297861177091846], "enzy_template_score_list": [0.47199440002441406, 0.47199440002441406, 0.1257704198360443, 0.1257704198360443, 0.12573355436325073, 0.12573355436325073, 0.03878287971019745, 0.02454991079866886, 0.01280228141695261, 0.013184115290641785, 0.009941202588379383, 0.009941202588379383, 0.008885184302926064, 0.008885184302926064, 0.015026924200356007], "enzy_result": [{"smiles": "O=C(NC[C@H](O)CO)c1cc(C(=O)NC[C@H](O)COP(=O)(O)O)cc([N+](=O)[O-])c1", "smiles_split": ["O=C(NC[C@H](O)CO)c1cc(C(=O)NC[C@H](O)COP(=O)(O)O)cc([N+](=O)[O-])c1"], "mapped_smiles": "[O:1]=[C:2]([NH:3][CH2:4][C@H:5]([OH:6])[CH2:7][OH:8])[c:9]1[cH:10][c:11]([C:12](=[O:13])[NH:14][CH2:15][C@H:16]([OH:17])[CH2:18][O:19][P:901]([OH:900])([OH:902])=[O:903])[cH:20][c:21]([N+:22](=[O:23])[O-:24])[cH:25]1", "reacting_atoms": [19], "template_id": "65bf7618263ef0544bfb3455ab5e0cbc", "template_set": ["bkms"], "num_examples": 167, "necessary_reagent": "", "template_score": 0.47199440002441406, "rms_molwt": -437.0835450899999, "num_rings": -1, "plausibility": 1, "tforms": ["65bf7618263ef0544bfb3455ab5e0cbc"], "rank": 1, "score": -678.6935582227916}, {"smiles": "O=C(NC[C@H](O)CO)c1cc(C(=O)NC[C@@H](CO)OP(=O)(O)O)cc([N+](=O)[O-])c1", "smiles_split": ["O=C(NC[C@H](O)CO)c1cc(C(=O)NC[C@@H](CO)OP(=O)(O)O)cc([N+](=O)[O-])c1"], "mapped_smiles": "[O:1]=[C:2]([NH:3][CH2:4][C@H:5]([OH:6])[CH2:7][OH:8])[c:9]1[cH:10][c:11]([C:12](=[O:13])[NH:14][CH2:15][C@H:16]([O:17][P:901]([OH:900])([OH:902])=[O:903])[CH2:18][OH:19])[cH:20][c:21]([N+:22](=[O:23])[O-:24])[cH:25]1", "reacting_atoms": [17, 16], "template_id": "65bf7618263ef0544bfb3455ab5e0cbc", "template_set": ["bkms"], "num_examples": 167, "necessary_reagent": "", "template_score": 0.47199440002441406, "rms_molwt": -437.0835450899999, "num_rings": -1, "plausibility": 1, "tforms": ["65bf7618263ef0544bfb3455ab5e0cbc"], "rank": 2, "score": -678.6935582227916}, {"smiles": "O=C(NC[C@H](O)CO)c1cc(C(=O)NC[C@@H](CO)O[N+](=O)[O-])cc([N+](=O)[O-])c1", "smiles_split": ["O=C(NC[C@H](O)CO)c1cc(C(=O)NC[C@@H](CO)O[N+](=O)[O-])cc([N+](=O)[O-])c1"], "mapped_smiles": "[O:1]=[C:2]([NH:3][CH2:4][C@H:5]([OH:6])[CH2:7][OH:8])[c:9]1[cH:10][c:11]([C:12](=[O:13])[NH:14][CH2:15][C@H:16]([O:17][N+:901](=[O:900])[O-:902])[CH2:18][OH:19])[cH:20][c:21]([N+:22](=[O:23])[O-:24])[cH:25]1", "reacting_atoms": [17, 16], "template_id": "9b91763832c5deab5b784fbbee748aeb", "template_set": ["bkms"], "num_examples": 7, "necessary_reagent": "", "template_score": 0.1257704198360443, "rms_molwt": -402.10229277599996, "num_rings": -1, "plausibility": 1, "tforms": ["9b91763832c5deab5b784fbbee748aeb"], "rank": 3, "score": -2419.6798200717976}, {"smiles": "O=C(NC[C@H](O)CO)c1cc(C(=O)NC[C@H](O)CO[N+](=O)[O-])cc([N+](=O)[O-])c1", "smiles_split": ["O=C(NC[C@H](O)CO)c1cc(C(=O)NC[C@H](O)CO[N+](=O)[O-])cc([N+](=O)[O-])c1"], "mapped_smiles": "[O:1]=[C:2]([NH:3][CH2:4][C@H:5]([OH:6])[CH2:7][OH:8])[c:9]1[cH:10][c:11]([C:12](=[O:13])[NH:14][CH2:15][C@H:16]([OH:17])[CH2:18][O:19][N+:901](=[O:900])[O-:902])[cH:20][c:21]([N+:22](=[O:23])[O-:24])[cH:25]1", "reacting_atoms": [19], "template_id": "9b91763832c5deab5b784fbbee748aeb", "template_set": ["bkms"], "num_examples": 7, "necessary_reagent": "", "template_score": 0.1257704198360443, "rms_molwt": -402.10229277599996, "num_rings": -1, "plausibility": 1, "tforms": ["9b91763832c5deab5b784fbbee748aeb"], "rank": 4, "score": -2419.6798200717976}, {"smiles": "CC(=O)O[C@H](CO)CNC(=O)c1cc(C(=O)NC[C@H](O)CO)cc([N+](=O)[O-])c1", "smiles_split": ["CC(=O)O[C@H](CO)CNC(=O)c1cc(C(=O)NC[C@H](O)CO)cc([N+](=O)[O-])c1"], "mapped_smiles": "[O:1]=[C:2]([NH:3][CH2:4][C@H:5]([OH:6])[CH2:7][OH:8])[c:9]1[cH:10][c:11]([C:12](=[O:13])[NH:14][CH2:15][C@H:16]([O:17][C:901]([CH3:900])=[O:902])[CH2:18][OH:19])[cH:20][c:21]([N+:22](=[O:23])[O-:24])[cH:25]1", "reacting_atoms": [17, 16], "template_id": "c4c17358d77559e0452152e0cbfcc087", "template_set": ["bkms"], "num_examples": 34, "necessary_reagent": "", "template_score": 0.12573355436325073, "rms_molwt": -399.127779252, "num_rings": -1, "plausibility": 1, "tforms": ["c4c17358d77559e0452152e0cbfcc087"], "rank": 5, "score": -2420.389277789968}, {"smiles": "CC(=O)OC[C@@H](O)CNC(=O)c1cc(C(=O)NC[C@H](O)CO)cc([N+](=O)[O-])c1", "smiles_split": ["CC(=O)OC[C@@H](O)CNC(=O)c1cc(C(=O)NC[C@H](O)CO)cc([N+](=O)[O-])c1"], "mapped_smiles": "[O:1]=[C:2]([NH:3][CH2:4][C@H:5]([OH:6])[CH2:7][OH:8])[c:9]1[cH:10][c:11]([C:12](=[O:13])[NH:14][CH2:15][C@H:16]([OH:17])[CH2:18][O:19][C:901]([CH3:900])=[O:902])[cH:20][c:21]([N+:22](=[O:23])[O-:24])[cH:25]1", "reacting_atoms": [19], "template_id": "c4c17358d77559e0452152e0cbfcc087", "template_set": ["bkms"], "num_examples": 34, "necessary_reagent": "", "template_score": 0.12573355436325073, "rms_molwt": -399.127779252, "num_rings": -1, "plausibility": 1, "tforms": ["c4c17358d77559e0452152e0cbfcc087"], "rank": 6, "score": -2420.389277789968}, {"smiles": "Nc1cc(C(=O)NC[C@H](O)CO)cc(C(=O)NC[C@H](O)CO)c1", "smiles_split": ["Nc1cc(C(=O)NC[C@H](O)CO)cc(C(=O)NC[C@H](O)CO)c1"], "mapped_smiles": "[O:1]=[C:2]([NH:3][CH2:4][C@H:5]([OH:6])[CH2:7][OH:8])[c:9]1[cH:10][c:11]([C:12](=[O:13])[NH:14][CH2:15][C@H:16]([OH:17])[CH2:18][OH:19])[cH:20][c:21]([NH2:22])[cH:25]1", "reacting_atoms": [22], "template_id": "facbd7b7e134a20e847235ce502c43a6", "template_set": ["bkms"], "num_examples": 13, "necessary_reagent": "[O]", "template_score": 0.03878287971019745, "rms_molwt": -327.143035392, "num_rings": -1, "plausibility": 1, "tforms": ["facbd7b7e134a20e847235ce502c43a6"], "rank": 7, "score": -5920.350726612305}, {"smiles": "O=C(NC[C@H](O)CO)c1cc(NO)cc(C(=O)NC[C@H](O)CO)c1", "smiles_split": ["O=C(NC[C@H](O)CO)c1cc(NO)cc(C(=O)NC[C@H](O)CO)c1"], "mapped_smiles": "[O:1]=[C:2]([NH:3][CH2:4][C@H:5]([OH:6])[CH2:7][OH:8])[c:9]1[cH:10][c:11]([C:12](=[O:13])[NH:14][CH2:15][C@H:16]([OH:17])[CH2:18][OH:19])[cH:20][c:21]([NH:22][OH:23])[cH:25]1", "reacting_atoms": [23, 22], "template_id": "4f5fd1116ca601f2f6293e06a397bea9", "template_set": ["bkms"], "num_examples": 9, "necessary_reagent": "[O]", "template_score": 0.02454991079866886, "rms_molwt": -343.137950012, "num_rings": -1, "plausibility": 1, "tforms": ["4f5fd1116ca601f2f6293e06a397bea9"], "rank": 8, "score": -9945.08767504049}, {"smiles": "C[C@@H](O)CNC(=O)c1cc(C(=O)NC[C@H](O)CO)cc([N+](=O)[O-])c1", "smiles_split": ["C[C@@H](O)CNC(=O)c1cc(C(=O)NC[C@H](O)CO)cc([N+](=O)[O-])c1"], "mapped_smiles": "[O:1]=[C:2]([NH:3][CH2:4][C@H:5]([OH:6])[CH2:7][OH:8])[c:9]1[cH:10][c:11]([C:12](=[O:13])[NH:14][CH2:15][C@H:16]([OH:17])[CH3:18])[cH:20][c:21]([N+:22](=[O:23])[O-:24])[cH:25]1", "reacting_atoms": [18], "template_id": "f79f472bf2519c1c739003d134aa74dc", "template_set": ["bkms", "bkms"], "num_examples": 70, "necessary_reagent": "[O]", "template_score": 0.01280228141695261, "rms_molwt": -341.122299948, "num_rings": -1, "plausibility": 1, "tforms": ["f79f472bf2519c1c739003d134aa74dc", "aa4cf22afa4a7c1504d397a6a26e22eb"], "rank": 9, "score": -19070.89895585982}, {"smiles": "O=C[C@@H](O)CNC(=O)c1cc(C(=O)NC[C@H](O)CO)cc([N+](=O)[O-])c1", "smiles_split": ["O=C[C@@H](O)CNC(=O)c1cc(C(=O)NC[C@H](O)CO)cc([N+](=O)[O-])c1"], "mapped_smiles": "[O:1]=[C:2]([NH:3][CH2:4][C@H:5]([OH:6])[CH2:7][OH:8])[c:9]1[cH:10][c:11]([C:12](=[O:13])[NH:14][CH2:15][C@H:16]([OH:17])[CH:18]=[O:19])[cH:20][c:21]([N+:22](=[O:23])[O-:24])[cH:25]1", "reacting_atoms": [18, 19], "template_id": "e85dde51e44b75a7c242f65b07224737", "template_set": ["bkms", "bkms"], "num_examples": 48, "necessary_reagent": "", "template_score": 0.013184115290641785, "rms_molwt": -355.101564504, "num_rings": -1, "plausibility": 1, "tforms": ["d638d8fa83ce46011c985c3535ff65ec", "e85dde51e44b75a7c242f65b07224737"], "rank": 10, "score": -19569.003631448137}, {"smiles": "O=C(NC[C@H](O)CO)c1cc(C(=O)NC[C@@H](CO)OS(=O)(=O)O)cc([N+](=O)[O-])c1", "smiles_split": ["O=C(NC[C@H](O)CO)c1cc(C(=O)NC[C@@H](CO)OS(=O)(=O)O)cc([N+](=O)[O-])c1"], "mapped_smiles": "[O:1]=[C:2]([NH:3][CH2:4][C@H:5]([OH:6])[CH2:7][OH:8])[c:9]1[cH:10][c:11]([C:12](=[O:13])[NH:14][CH2:15][C@H:16]([O:17][S:901]([OH:900])(=[O:902])=[O:903])[CH2:18][OH:19])[cH:20][c:21]([N+:22](=[O:23])[O-:24])[cH:25]1", "reacting_atoms": [17, 16], "template_id": "bbfc6fa9ad5814e0fe812bc0c523ea3c", "template_set": ["bkms"], "num_examples": 15, "necessary_reagent": "", "template_score": 0.009941202588379383, "rms_molwt": -437.07402942799996, "num_rings": -1, "plausibility": 1, "tforms": ["bbfc6fa9ad5814e0fe812bc0c523ea3c"], "rank": 11, "score": -32223.421257731665}, {"smiles": "O=C(NC[C@H](O)CO)c1cc(C(=O)NC[C@H](O)COS(=O)(=O)O)cc([N+](=O)[O-])c1", "smiles_split": ["O=C(NC[C@H](O)CO)c1cc(C(=O)NC[C@H](O)COS(=O)(=O)O)cc([N+](=O)[O-])c1"], "mapped_smiles": "[O:1]=[C:2]([NH:3][CH2:4][C@H:5]([OH:6])[CH2:7][OH:8])[c:9]1[cH:10][c:11]([C:12](=[O:13])[NH:14][CH2:15][C@H:16]([OH:17])[CH2:18][O:19][S:901]([OH:900])(=[O:902])=[O:903])[cH:20][c:21]([N+:22](=[O:23])[O-:24])[cH:25]1", "reacting_atoms": [19], "template_id": "bbfc6fa9ad5814e0fe812bc0c523ea3c", "template_set": ["bkms"], "num_examples": 15, "necessary_reagent": "", "template_score": 0.009941202588379383, "rms_molwt": -437.07402942799996, "num_rings": -1, "plausibility": 1, "tforms": ["bbfc6fa9ad5814e0fe812bc0c523ea3c"], "rank": 12, "score": -32223.421257731665}, {"smiles": "O=CO[C@H](CO)CNC(=O)c1cc(C(=O)NC[C@H](O)CO)cc([N+](=O)[O-])c1", "smiles_split": ["O=CO[C@H](CO)CNC(=O)c1cc(C(=O)NC[C@H](O)CO)cc([N+](=O)[O-])c1"], "mapped_smiles": "[O:1]=[C:2]([NH:3][CH2:4][C@H:5]([OH:6])[CH2:7][OH:8])[c:9]1[cH:10][c:11]([C:12](=[O:13])[NH:14][CH2:15][C@H:16]([O:17][CH:901]=[O:900])[CH2:18][OH:19])[cH:20][c:21]([N+:22](=[O:23])[O-:24])[cH:25]1", "reacting_atoms": [17, 16], "template_id": "de13e46bbd2901de3914b2e22bef5127", "template_set": ["bkms"], "num_examples": 2, "necessary_reagent": "", "template_score": 0.008885184302926064, "rms_molwt": -385.112129188, "num_rings": -1, "plausibility": 1, "tforms": ["de13e46bbd2901de3914b2e22bef5127"], "rank": 13, "score": -32480.162592814097}, {"smiles": "O=COC[C@@H](O)CNC(=O)c1cc(C(=O)NC[C@H](O)CO)cc([N+](=O)[O-])c1", "smiles_split": ["O=COC[C@@H](O)CNC(=O)c1cc(C(=O)NC[C@H](O)CO)cc([N+](=O)[O-])c1"], "mapped_smiles": "[O:1]=[C:2]([NH:3][CH2:4][C@H:5]([OH:6])[CH2:7][OH:8])[c:9]1[cH:10][c:11]([C:12](=[O:13])[NH:14][CH2:15][C@H:16]([OH:17])[CH2:18][O:19][CH:901]=[O:900])[cH:20][c:21]([N+:22](=[O:23])[O-:24])[cH:25]1", "reacting_atoms": [19], "template_id": "de13e46bbd2901de3914b2e22bef5127", "template_set": ["bkms"], "num_examples": 2, "necessary_reagent": "", "template_score": 0.008885184302926064, "rms_molwt": -385.112129188, "num_rings": -1, "plausibility": 1, "tforms": ["de13e46bbd2901de3914b2e22bef5127"], "rank": 14, "score": -32480.162592814097}, {"smiles": "O=C(NC[C@H](O)CO)c1cc(C(=O)NC[C@@H](CO)O[C@@H]2O[C@H](CO)[C@@H](O)[C@H](O)[C@H]2O)cc([N+](=O)[O-])c1", "smiles_split": ["O=C(NC[C@H](O)CO)c1cc(C(=O)NC[C@@H](CO)O[C@@H]2O[C@H](CO)[C@@H](O)[C@H](O)[C@H]2O)cc([N+](=O)[O-])c1"], "mapped_smiles": "[O:1]=[C:2]([NH:3][CH2:4][C@H:5]([OH:6])[CH2:7][OH:8])[c:9]1[cH:10][c:11]([C:12](=[O:13])[NH:14][CH2:15][C@H:16]([O:17][C@@H:904]2[O:903][C@H:902]([CH2:901][OH:900])[C@@H:909]([OH:910])[C@H:907]([OH:908])[C@H:905]2[OH:906])[CH2:18][OH:19])[cH:20][c:21]([N+:22](=[O:23])[O-:24])[cH:25]1", "reacting_atoms": [17, 16], "template_id": "b6e0cd700179bb80791b33730d6bcae3", "template_set": ["bkms"], "num_examples": 42, "necessary_reagent": "", "template_score": 0.015026924200356007, "rms_molwt": -519.1700379879999, "num_rings": -2, "plausibility": 1, "tforms": ["b6e0cd700179bb80791b33730d6bcae3"], "rank": 15, "score": -36248.065884553704}]}