{"smiles": "C=C1C(=O)O[C@@H]2[C@H]1CC=C(C)[C@@]1(O)[C@H]3C[C@](C)(O3)[C@H]21", "sfscore": [0.43079742789268494, 0.6152850985527039], "chem_result": [{"smiles": "C=C1C(=O)O[C@@H]2[C@H]1CC=C(C)[C@@]1(O)[C@H]3C[C@](C)(O3)[C@H]21", "bw_confidence": 0.026093555676992872, "confidence": 0.19750706847534086, "rclass": "6 6.3 6.3.6", "children": [{"smiles": "C=C1C(=O)O[C@@H]2[C@H]1CC=C(C)[C@]1(OC(C)=O)[C@@H]2[C@]2(C)C[C@H]1O2"}, {"smiles": "CO"}, {"smiles": "O=C([O-])[O-]~[K+]~[K+]"}]}, {"smiles": "C=C1C(=O)O[C@@H]2[C@H]1CC=C(C)[C@@]1(O)[C@H]3C[C@](C)(O3)[C@H]21", "bw_confidence": 0.005017929824668818, "confidence": 0.05250241679768975, "rclass": "8 8.8 8.8.18", "children": [{"smiles": "C=C1C(=O)O[C@@H]2[C@H]1CCC(C)[C@@]1(O)[C@H]3C[C@](C)(O3)[C@H]21"}, {"smiles": "N#CC1=C(C#N)C(=O)C(Cl)=C(Cl)C1=O"}]}, {"smiles": "C=C1C(=O)O[C@@H]2[C@H]1CC=C(C)[C@@]1(O)[C@H]3C[C@](C)(O3)[C@H]21", "bw_confidence": 0.003980544460497847, "confidence": 0.008028829175098475, "rclass": "2 2.6 2.6.9", "children": [{"smiles": "C(=NC1CCCCC1)=NC1CCCCC1"}, {"smiles": "C=C(C(=O)O)[C@@H]1CC=C(C)[C@]2(O)[C@H]1[C@]1(C)C[C@H]2O1"}, {"smiles": "CN(C)c1ccncc1"}, {"smiles": "ClCCl"}]}, {"smiles": "C=C1C(=O)O[C@@H]2[C@H]1CC=C(C)[C@@]1(O)[C@H]3C[C@](C)(O3)[C@H]21", "bw_confidence": 0.0009139636434488993, "confidence": 0.018248739891984292, "rclass": "8 8.8 8.8.18", "children": [{"smiles": "C=C1C(=O)O[C@@H]2[C@H]1CCC(C)[C@@]1(O)[C@H]3C[C@](C)(O3)[C@H]21"}, {"smiles": "Cc1ccc(S(=O)(=O)O)cc1"}, {"smiles": "Cc1ccccc1"}]}, {"smiles": "C=C1C(=O)O[C@@H]2[C@H]1CC=C(C)[C@@]1(O)[C@H]3C[C@](C)(O3)[C@H]21", "bw_confidence": 0.0006779537135579615, "confidence": 0.09897890147614538, "rclass": "11 11.9 11.9", "children": [{"smiles": "C=C1C(=O)O[C@@H]2[C@H]1CC=C(C)[C@@]1(O)[C@H]3C[C@](C)(O3)C21~O=S(=O)(O)O"}, {"smiles": "O"}]}, {"smiles": "C=C1C(=O)O[C@@H]2[C@H]1CC=C(C)[C@@]1(O)[C@H]3C[C@](C)(O3)[C@H]21", "bw_confidence": 0.0006765479633589536, "confidence": 0.10357486601320548, "rclass": "11 11.5 11.5", "children": [{"smiles": "C=C1C(=O)O[C@@H]2[C@H]1CC=C(C)[C@@]1(O)[C@H]3C[C@](C)(O3)[C@H]21"}, {"smiles": "CC(=O)[O-]~CC(=O)[O-]~[Pb+2]~[Pd]"}, {"smiles": "[H][H]"}]}, {"smiles": "C=C1C(=O)O[C@@H]2[C@H]1CC=C(C)[C@@]1(O)[C@H]3C[C@](C)(O3)[C@H]21", "bw_confidence": 0.0006597601832781412, "confidence": 0.0096556866762184, "rclass": "11 11.5 11.5", "children": [{"smiles": "C1CCOC1"}, {"smiles": "C=C1C(=O)O[C@@H]2[C@H]1CC=C(C)[C@@]1(O)[C@H]3C[C@](C)(O3)[C@H]21"}]}, {"smiles": "C=C1C(=O)O[C@@H]2[C@H]1CC=C(C)[C@@]1(O)[C@H]3C[C@](C)(O3)[C@H]21", "bw_confidence": 0.0005569132250693508, "confidence": 0.004709148213047842, "rclass": "0 0 0", "children": [{"smiles": "C=C1C(=O)O[C@@H]2[C@H]1CC=C(C)[C@@]1(O)[C@@H](O)C[C@](C)(O)[C@H]21"}, {"smiles": "ClCCl"}, {"smiles": "O=C(OO)c1cccc(Cl)c1"}]}, {"smiles": "C=C1C(=O)O[C@@H]2[C@H]1CC=C(C)[C@@]1(O)[C@H]3C[C@](C)(O3)[C@H]21", "bw_confidence": 0.00025623565889008296, "confidence": 0.0030646635777486393, "rclass": "8 8.8 8.8.11", "children": [{"smiles": "C=C1C(=O)O[C@@H]2[C@H]1CCC(C)=C1[C@@H]2[C@]2(C)C[C@H]1O2"}, {"smiles": "Cc1ccccc1"}]}, {"smiles": "C=C1C(=O)O[C@@H]2[C@H]1CC=C(C)[C@@]1(O)[C@H]3C[C@](C)(O3)[C@H]21", "bw_confidence": 3.386611541677918e-05, "confidence": 0.03379787883055691, "rclass": "0 0 0", "children": [{"smiles": "C1CCOC1"}, {"smiles": "C=O"}, {"smiles": "CC1=CC[C@H]2C(=O)O[C@H]3[C@@H]4[C@]5(C)C[C@@H](O5)[C@]4(O)C(C)=CC[C@@H]3[C@@H]2O1"}]}, {"smiles": "C=C1C(=O)O[C@@H]2[C@H]1CC=C(C)[C@@]1(O)[C@H]3C[C@](C)(O3)[C@H]21", "bw_confidence": 1.3844189299928934e-05, "confidence": 0.03475129104993829, "rclass": "11 11.5 11.5", "children": [{"smiles": "C=C1C(=O)O[C@@H]2[C@H]1CC=C(C)[C@@]1(O)[C@@H]3C[C@](C)(O3)[C@H]21"}, {"smiles": "CC(C)(C)[O-]~[K+]"}]}], "chem_bw_confidence_list": [0.026093555676992872, 0.005017929824668818, 0.003980544460497847, 0.0009139636434488993, 0.0006779537135579615, 0.0006765479633589536, 0.0006597601832781412, 0.0005569132250693508, 0.00025623565889008296, 3.386611541677918e-05, 1.3844189299928934e-05], "enzy_template_score_list": [0.7266157865524292, 0.02564428560435772, 0.007281217258423567, 0.0011347542749717832, 0.0008202923345379531, 0.00044644944136962295, 0.0005015451461076736, 0.0002140165597666055, 0.00019924806838389486, 0.00014801890938542783, 0.0001337418070761487, 0.00012013647938147187, 9.602570935385302e-05, 9.226427209796384e-05, 7.99341723904945e-05], "enzy_result": [{"smiles": "C=C(C(=O)OC[C@H]1OC(O)[C@H](O)[C@@H](O)[C@@H]1O)[C@@H]1CC=C(C)[C@@]2(O)[C@H]3C[C@](C)(O3)[C@@H]2[C@@H]1O", "smiles_split": ["C=C(C(=O)OC[C@H]1OC(O)[C@H](O)[C@@H](O)[C@@H]1O)[C@@H]1CC=C(C)[C@@]2(O)[C@H]3C[C@](C)(O3)[C@@H]2[C@@H]1O"], "mapped_smiles": "[CH2:1]=[C:2]([C:3](=[O:4])[O:905][CH2:904][C@H:903]1[O:902][CH:901]([OH:900])[C@H:910]([OH:911])[C@@H:908]([OH:909])[C@@H:906]1[OH:907])[C@H:7]1[C@@H:6]([OH:5])[C@@H:19]2[C@@:12]([OH:13])([C:10]([CH3:11])=[CH:9][CH2:8]1)[C@H:14]1[CH2:15][C@:16]2([CH3:17])[O:18]1", "reacting_atoms": [3, 5], "template_id": "76bb0891ccd6980214e29d8b92a11b02", "template_set": ["bkms"], "num_examples": 2, "necessary_reagent": "", "template_score": 0.7266157865524292, "rms_molwt": -442.1838971599999, "num_rings": -5, "plausibility": 1, "tforms": ["76bb0891ccd6980214e29d8b92a11b02"], "rank": 1, "score": -864.3088714085063}, {"smiles": "CC1=CC[C@H]2[C@H](C)C(=O)O[C@H]2[C@H]2[C@]3(C)C[C@@H](O3)[C@]12O", "smiles_split": ["CC1=CC[C@H]2[C@H](C)C(=O)O[C@H]2[C@H]2[C@]3(C)C[C@@H](O3)[C@]12O"], "mapped_smiles": "[CH3:1][C@@H:2]1[C:3](=[O:4])[O:5][C@@H:6]2[C@H:7]1[CH2:8][CH:9]=[C:10]([CH3:11])[C@@:12]1([OH:13])[C@H:14]3[CH2:15][C@:16]([CH3:17])([O:18]3)[C@H:19]21", "reacting_atoms": [2, 1], "template_id": "9f850f090872703b5cdb8ca0f0df81fc", "template_set": ["bkms"], "num_examples": 1, "necessary_reagent": "", "template_score": 0.02564428560435772, "rms_molwt": -264.13615912, "num_rings": -5, "plausibility": 1, "tforms": ["9f850f090872703b5cdb8ca0f0df81fc"], "rank": 2, "score": -13013.852701489765}, {"smiles": "CC1=CC[C@H]2[C@@H](C)C(=O)O[C@H]2[C@H]2[C@]3(C)C[C@@H](O3)[C@]12O", "smiles_split": ["CC1=CC[C@H]2[C@@H](C)C(=O)O[C@H]2[C@H]2[C@]3(C)C[C@@H](O3)[C@]12O"], "mapped_smiles": "[CH3:1][C@H:2]1[C:3](=[O:4])[O:5][C@@H:6]2[C@H:7]1[CH2:8][CH:9]=[C:10]([CH3:11])[C@@:12]1([OH:13])[C@H:14]3[CH2:15][C@:16]([CH3:17])([O:18]3)[C@H:19]21", "reacting_atoms": [2, 1], "template_id": "37c54a169b552f5a3ad859b0f2d99d18", "template_set": ["bkms"], "num_examples": 1, "necessary_reagent": "", "template_score": 0.007281217258423567, "rms_molwt": -264.13615912, "num_rings": -5, "plausibility": 1, "tforms": ["37c54a169b552f5a3ad859b0f2d99d18"], "rank": 3, "score": -45834.500420098826}, {"smiles": "C=C1C(=O)O[C@@H]2[C@H]1CC=C(C)[C@@H]1[C@@H]2[C@]2(C)C[C@H]1O2", "smiles_split": ["C=C1C(=O)O[C@@H]2[C@H]1CC=C(C)[C@@H]1[C@@H]2[C@]2(C)C[C@H]1O2"], "mapped_smiles": "[CH2:1]=[C:2]1[C:3](=[O:4])[O:5][C@@H:6]2[C@H:7]1[CH2:8][CH:9]=[C:10]([CH3:11])[C@H:12]1[C@H:14]3[CH2:15][C@:16]([CH3:17])([O:18]3)[C@H:19]21", "reacting_atoms": [19, 12], "template_id": "b73c9fe820826b57fc9b46c77baa12e8", "template_set": ["bkms"], "num_examples": 3, "necessary_reagent": "[O]", "template_score": 0.0011347542749717832, "rms_molwt": -246.125594436, "num_rings": -5, "plausibility": 1, "tforms": ["b73c9fe820826b57fc9b46c77baa12e8"], "rank": 4, "score": -260697.72716137205}, {"smiles": "C=C1C(=O)O[C@@H]2[C@H]1CC=C(CO)[C@@]1(O)[C@H]3C[C@](C)(O3)[C@H]21", "smiles_split": ["C=C1C(=O)O[C@@H]2[C@H]1CC=C(CO)[C@@]1(O)[C@H]3C[C@](C)(O3)[C@H]21"], "mapped_smiles": "[CH2:1]=[C:2]1[C:3](=[O:4])[O:5][C@@H:6]2[C@H:7]1[CH2:8][CH:9]=[C:10]([CH2:11][OH:900])[C@@:12]1([OH:13])[C@H:14]3[CH2:15][C@:16]([CH3:17])([O:18]3)[C@H:19]21", "reacting_atoms": [11], "template_id": "57af8d31f96eeaf3fbff5506606bc825", "template_set": ["bkms", "bkms"], "num_examples": 18, "necessary_reagent": "", "template_score": 0.0008202923345379531, "rms_molwt": -278.11542367600003, "num_rings": -5, "plausibility": 1, "tforms": ["57af8d31f96eeaf3fbff5506606bc825", "c4db9adeb4ad4c2bdb38e6a73be29f53"], "rank": 5, "score": -391297.37085289374}, {"smiles": "C=C1C(=O)O[C@@H]2[C@H]1CC=C(C)[C@@]1(O)[C@H]3C[C@](CO)(O3)[C@H]21", "smiles_split": ["C=C1C(=O)O[C@@H]2[C@H]1CC=C(C)[C@@]1(O)[C@H]3C[C@](CO)(O3)[C@H]21"], "mapped_smiles": "[CH2:1]=[C:2]1[C:3](=[O:4])[O:5][C@@H:6]2[C@H:7]1[CH2:8][CH:9]=[C:10]([CH3:11])[C@@:12]1([OH:13])[C@H:14]3[CH2:15][C@:16]([CH2:17][OH:900])([O:18]3)[C@H:19]21", "reacting_atoms": [17, 16], "template_id": "c4db9adeb4ad4c2bdb38e6a73be29f53", "template_set": ["bkms"], "num_examples": 14, "necessary_reagent": "", "template_score": 0.00044644944136962295, "rms_molwt": -278.11542367600003, "num_rings": -5, "plausibility": 1, "tforms": ["c4db9adeb4ad4c2bdb38e6a73be29f53"], "rank": 6, "score": -718957.6334798014}, {"smiles": "C=C1C(=O)O[C@@H]2[C@H]1CC=C(C)[C@]1(OP(=O)(O)OP(=O)(O)O)[C@@H]2[C@]2(C)C[C@H]1O2", "smiles_split": ["C=C1C(=O)O[C@@H]2[C@H]1CC=C(C)[C@]1(OP(=O)(O)OP(=O)(O)O)[C@@H]2[C@]2(C)C[C@H]1O2"], "mapped_smiles": "[CH2:1]=[C:2]1[C:3](=[O:4])[O:5][C@@H:6]2[C@H:7]1[CH2:8][CH:9]=[C:10]([CH3:11])[C@@:12]1([O:13][P:905]([O:904][P:901]([OH:900])([OH:902])=[O:903])([OH:906])=[O:907])[C@H:14]3[CH2:15][C@:16]([CH3:17])([O:18]3)[C@H:19]21", "reacting_atoms": [13], "template_id": "e97ada9288957b613c265e053be11682", "template_set": ["bkms", "bkms"], "num_examples": 7, "necessary_reagent": "", "template_score": 0.0005015451461076736, "rms_molwt": -422.0531700999999, "num_rings": -5, "plausibility": 1, "tforms": ["e97ada9288957b613c265e053be11682", "9455fb36aa7730f097e4ca53cdb4b95e"], "rank": 7, "score": -842765.6607625004}, {"smiles": "C=C1C(=O)O[C@@H]2[C@H]1[C@@H](O)C=C(C)[C@@]1(O)[C@H]3C[C@](C)(O3)[C@H]21", "smiles_split": ["C=C1C(=O)O[C@@H]2[C@H]1[C@@H](O)C=C(C)[C@@]1(O)[C@H]3C[C@](C)(O3)[C@H]21"], "mapped_smiles": "[CH2:1]=[C:2]1[C:3](=[O:4])[O:5][C@@H:6]2[C@H:7]1[C@@H:8]([OH:900])[CH:9]=[C:10]([CH3:11])[C@@:12]1([OH:13])[C@H:14]3[CH2:15][C@:16]([CH3:17])([O:18]3)[C@H:19]21", "reacting_atoms": [8], "template_id": "de2ece42eda6fad207a0e7f49ea774ab", "template_set": ["bkms"], "num_examples": 4, "necessary_reagent": "", "template_score": 0.0002140165597666055, "rms_molwt": -278.11542367600003, "num_rings": -5, "plausibility": 1, "tforms": ["de2ece42eda6fad207a0e7f49ea774ab"], "rank": 8, "score": -1621268.1589400303}, {"smiles": "C=C1C(=O)O[C@@H]2[C@H]1CC=C(C)[C@]1(OC(C)=O)[C@@H]2[C@]2(C)C[C@H]1O2", "smiles_split": ["C=C1C(=O)O[C@@H]2[C@H]1CC=C(C)[C@]1(OC(C)=O)[C@@H]2[C@]2(C)C[C@H]1O2"], "mapped_smiles": "[CH2:1]=[C:2]1[C:3](=[O:4])[O:5][C@@H:6]2[C@H:7]1[CH2:8][CH:9]=[C:10]([CH3:11])[C@@:12]1([O:13][C:901]([CH3:900])=[O:902])[C@H:14]3[CH2:15][C@:16]([CH3:17])([O:18]3)[C@H:19]21", "reacting_atoms": [13, 12], "template_id": "c4c17358d77559e0452152e0cbfcc087", "template_set": ["bkms"], "num_examples": 34, "necessary_reagent": "", "template_score": 0.00019924806838389486, "rms_molwt": -304.13107374, "num_rings": -5, "plausibility": 1, "tforms": ["c4c17358d77559e0452152e0cbfcc087"], "rank": 9, "score": -1748930.8272556276}, {"smiles": "C=C(C(=O)O)[C@@H]1CC=C(C)[C@@]2(O)[C@H]3C[C@](C)(O3)[C@@H]2[C@@H]1O", "smiles_split": ["C=C(C(=O)O)[C@@H]1CC=C(C)[C@@]2(O)[C@H]3C[C@](C)(O3)[C@@H]2[C@@H]1O"], "mapped_smiles": "[CH2:1]=[C:2]([C:3](=[O:4])[OH:900])[C@H:7]1[C@@H:6]([OH:5])[C@@H:19]2[C@@:12]([OH:13])([C:10]([CH3:11])=[CH:9][CH2:8]1)[C@H:14]1[CH2:15][C@:16]2([CH3:17])[O:18]1", "reacting_atoms": [3, 5], "template_id": "7910a54d7603187350ed6638391c6225", "template_set": ["bkms", "bkms", "bkms"], "num_examples": 10, "necessary_reagent": "", "template_score": 0.00014801890938542783, "rms_molwt": -280.13107374, "num_rings": -4, "plausibility": 1, "tforms": ["1d00154e9ccd13be40f33b35ec95ede6", "7910a54d7603187350ed6638391c6225", "32a66720769b642b5e0ad1e93148dc69"], "rank": 10, "score": -2011618.6912692434}, {"smiles": "CC1=CC[C@H]2C(=CCl)C(=O)O[C@H]2[C@H]2[C@]3(C)C[C@@H](O3)[C@]12O", "smiles_split": ["CC1=CC[C@H]2C(=CCl)C(=O)O[C@H]2[C@H]2[C@]3(C)C[C@@H](O3)[C@]12O"], "mapped_smiles": "[CH:1](=[C:2]1[C:3](=[O:4])[O:5][C@@H:6]2[C@H:7]1[CH2:8][CH:9]=[C:10]([CH3:11])[C@@:12]1([OH:13])[C@H:14]3[CH2:15][C@:16]([CH3:17])([O:18]3)[C@H:19]21)[Cl:900]", "reacting_atoms": [1], "template_id": "472921a8beb7cacb0b415aebda2ae049", "template_set": ["bkms"], "num_examples": 1, "necessary_reagent": "", "template_score": 0.0001337418070761487, "rms_molwt": -296.08153670400003, "num_rings": -5, "plausibility": 1, "tforms": ["472921a8beb7cacb0b415aebda2ae049"], "rank": 11, "score": -2399984.274571135}, {"smiles": "C=C1C(=O)O[C@@H]2[C@H]1CC=C(CC(=O)O)[C@@]1(O)[C@H]3C[C@](C)(O3)[C@H]21", "smiles_split": ["C=C1C(=O)O[C@@H]2[C@H]1CC=C(CC(=O)O)[C@@]1(O)[C@H]3C[C@](C)(O3)[C@H]21"], "mapped_smiles": "[CH2:1]=[C:2]1[C:3](=[O:4])[O:5][C@@H:6]2[C@H:7]1[CH2:8][CH:9]=[C:10]([CH2:11][C:901]([OH:900])=[O:902])[C@@:12]1([OH:13])[C@H:14]3[CH2:15][C@:16]([CH3:17])([O:18]3)[C@H:19]21", "reacting_atoms": [11], "template_id": "20bfeafb94f3a89f07b319006808fb17", "template_set": ["bkms"], "num_examples": 2, "necessary_reagent": "", "template_score": 0.00012013647938147187, "rms_molwt": -306.110338296, "num_rings": -5, "plausibility": 1, "tforms": ["20bfeafb94f3a89f07b319006808fb17"], "rank": 12, "score": -2900626.777660294}, {"smiles": "C=C(C=O)[C@@H]1CC=C(C)[C@@]2(O)[C@H]3C[C@](C)(O3)[C@@H]2[C@@H]1O", "smiles_split": ["C=C(C=O)[C@@H]1CC=C(C)[C@@]2(O)[C@H]3C[C@](C)(O3)[C@@H]2[C@@H]1O"], "mapped_smiles": "[CH2:1]=[C:2]([CH:3]=[O:4])[C@H:7]1[C@@H:6]([OH:5])[C@@H:19]2[C@@:12]([OH:13])([C:10]([CH3:11])=[CH:9][CH2:8]1)[C@H:14]1[CH2:15][C@:16]2([CH3:17])[O:18]1", "reacting_atoms": [3, 5], "template_id": "160ec3743cc29c56d490bc96f0dc1569", "template_set": ["bkms"], "num_examples": 4, "necessary_reagent": "", "template_score": 9.602570935385302e-05, "rms_molwt": -264.13615912, "num_rings": -4, "plausibility": 1, "tforms": ["160ec3743cc29c56d490bc96f0dc1569"], "rank": 13, "score": -2962855.7638367657}, {"smiles": "CC1=CC[C@H]2C(=CC(=O)O)C(=O)O[C@H]2[C@H]2[C@]3(C)C[C@@H](O3)[C@]12O", "smiles_split": ["CC1=CC[C@H]2C(=CC(=O)O)C(=O)O[C@H]2[C@H]2[C@]3(C)C[C@@H](O3)[C@]12O"], "mapped_smiles": "CC1=CC[C@H]2C(=CC(=O)O)C(=O)O[C@H]2[C@H]2[C@]3(C)C[C@@H](O3)[C@]12O", "reacting_atoms": [-1], "template_id": "0540a052ad23fce15a815a312ee43f2a", "template_set": ["bkms"], "num_examples": 1, "necessary_reagent": "", "template_score": 9.226427209796384e-05, "rms_molwt": -306.11033829599995, "num_rings": -5, "plausibility": 1, "tforms": ["0540a052ad23fce15a815a312ee43f2a"], "rank": 14, "score": -3776880.0549115418}, {"smiles": "C=C1C(=O)O[C@@H]2[C@H]1CC=C(C=O)[C@@]1(O)[C@H]3C[C@](C)(O3)[C@H]21", "smiles_split": ["C=C1C(=O)O[C@@H]2[C@H]1CC=C(C=O)[C@@]1(O)[C@H]3C[C@](C)(O3)[C@H]21"], "mapped_smiles": "[CH2:1]=[C:2]1[C:3](=[O:4])[O:5][C@@H:6]2[C@H:7]1[CH2:8][CH:9]=[C:10]([CH:11]=[O:900])[C@@:12]1([OH:13])[C@H:14]3[CH2:15][C@:16]([CH3:17])([O:18]3)[C@H:19]21", "reacting_atoms": [11], "template_id": "3527c2da2742b9ae8713bab63608038d", "template_set": ["bkms"], "num_examples": 2, "necessary_reagent": "", "template_score": 7.99341723904945e-05, "rms_molwt": -276.09977361200004, "num_rings": -5, "plausibility": 1, "tforms": ["3527c2da2742b9ae8713bab63608038d"], "rank": 15, "score": -4015532.0839182553}]}