{"smiles": "C/C=C1/CN(C)[C@H]2C[C@@]3(C(=O)N(OC)c4cc(O)ccc43)[C@H]3C[C@H]1[C@@H]2CO3", "sfscore": [0.49229884147644043, 0.5307660698890686], "chem_result": [{"smiles": "C/C=C1/CN(C)[C@H]2C[C@@]3(C(=O)N(OC)c4cc(O)ccc43)[C@H]3C[C@H]1[C@@H]2CO3", "bw_confidence": 0.10364121580291276, "confidence": 0.3288691014906166, "rclass": "6 6.3 6.3.7", "children": [{"smiles": "BrB(Br)Br"}, {"smiles": "C/C=C1/CN(C)[C@H]2C[C@@]3(C(=O)N(OC)c4cc(OC)ccc43)[C@H]3C[C@H]1[C@@H]2CO3"}, {"smiles": "ClCCl"}]}, {"smiles": "C/C=C1/CN(C)[C@H]2C[C@@]3(C(=O)N(OC)c4cc(O)ccc43)[C@H]3C[C@H]1[C@@H]2CO3", "bw_confidence": 0.02979885943892861, "confidence": 0.5670481555101923, "rclass": "1 1.2 1.2.4", "children": [{"smiles": "C/C=C1/CN[C@H]2C[C@@]3(C(=O)N(OC)c4cc(O)ccc43)[C@H]3C[C@H]1[C@@H]2CO3"}, {"smiles": "C=O"}, {"smiles": "O=CO"}]}, {"smiles": "C/C=C1/CN(C)[C@H]2C[C@@]3(C(=O)N(OC)c4cc(O)ccc43)[C@H]3C[C@H]1[C@@H]2CO3", "bw_confidence": 0.017869522338579247, "confidence": 0.07615087787348737, "rclass": "7 7.5 7.5.1", "children": [{"smiles": "C/C=C1/C(=O)N(C)[C@H]2C[C@@]3(C(=O)N(OC)c4cc(O)ccc43)[C@H]3C[C@H]1[C@@H]2CO3"}, {"smiles": "CO"}, {"smiles": "[BH4-]~[Na+]"}]}, {"smiles": "C/C=C1/CN(C)[C@H]2C[C@@]3(C(=O)N(OC)c4cc(O)ccc43)[C@H]3C[C@H]1[C@@H]2CO3", "bw_confidence": 0.006370708579895107, "confidence": 0.2241608579802004, "rclass": "8 8.8 8.8.11", "children": [{"smiles": "BrB(Br)Br"}, {"smiles": "C/C=C1/CN(C)[C@H]2C[C@@]3(C(=O)N(OC)c4ccccc43)[C@H]3C[C@H]1[C@@H]2CO3"}, {"smiles": "ClCCl"}]}, {"smiles": "C/C=C1/CN(C)[C@H]2C[C@@]3(C(=O)N(OC)c4cc(O)ccc43)[C@H]3C[C@H]1[C@@H]2CO3", "bw_confidence": 0.0033015816617934074, "confidence": 0.1453378324713435, "rclass": "9 9.7 9.7.27", "children": [{"smiles": "C1CCOC1"}, {"smiles": "CC(C)OB(OC(C)C)OC(C)C"}, {"smiles": "CC=C1CN(C)[C@H]2C[C@@]3(C(=O)N(OC)c4cc(Br)ccc43)[C@H]3C[C@H]1[C@@H]2CO3"}, {"smiles": "OO"}, {"smiles": "[Li]CCCC"}]}, {"smiles": "C/C=C1/CN(C)[C@H]2C[C@@]3(C(=O)N(OC)c4cc(O)ccc43)[C@H]3C[C@H]1[C@@H]2CO3", "bw_confidence": 0.0014416232954789462, "confidence": 0.26057069888487633, "rclass": "11 11.9 11.9", "children": [{"smiles": "C/C=C1/CN(C)[C@H]2C[C@@]3(C(=O)N(OC)c4cc(O)ccc43)[C@H]3C[C@H]1[C@@H]2CO3~O=S(=O)(O)O"}, {"smiles": "O"}]}, {"smiles": "C/C=C1/CN(C)[C@H]2C[C@@]3(C(=O)N(OC)c4cc(O)ccc43)[C@H]3C[C@H]1[C@@H]2CO3", "bw_confidence": 3.257945685054929e-06, "confidence": 0.06227809885696411, "rclass": "0 0 0", "children": [{"smiles": "C=O"}, {"smiles": "CC(=O)O[BH-](OC(C)=O)OC(C)=O~[Na+]"}, {"smiles": "CON1C(=O)[C@]23C[C@H]4[C@@H](C[C@@H](c5ccc(O)cc51)[C@@H]2C3)C(=O)CN4C"}]}], "chem_bw_confidence_list": [0.10364121580291276, 0.02979885943892861, 0.017869522338579247, 0.006370708579895107, 0.0033015816617934074, 0.0014416232954789462, 3.257945685054929e-06], "enzy_template_score_list": [0.2689210772514343, 0.08515171706676483, 0.132386714220047, 0.013890961185097694, 0.013890961185097694, 0.013890961185097694, 0.010235931724309921, 0.003796664997935295, 0.002800160553306341, 0.0026363315992057323, 0.0013689884217455983, 0.0011780658969655633, 0.0013060461496934295, 0.0010392371332272887, 0.0012270525330677629], "enzy_result": [{"smiles": "C/C=C1/CN(C)[C@H]2C[C@@]3(C(=O)N(OC)c4ccccc43)[C@H]3C[C@H]1[C@@H]2CO3", "smiles_split": ["C/C=C1/CN(C)[C@H]2C[C@@]3(C(=O)N(OC)c4ccccc43)[C@H]3C[C@H]1[C@@H]2CO3"], "mapped_smiles": "[CH3:1]/[CH:2]=[C:3]1/[CH2:4][N:5]([CH3:6])[C@H:7]2[CH2:8][C@@:9]3([C:10](=[O:11])[N:12]([O:13][CH3:14])[c:15]4[cH:16][cH:17][cH:19][cH:20][c:21]43)[C@H:22]3[CH2:23][C@H:24]1[C@@H:25]2[CH2:26][O:27]3", "reacting_atoms": [17], "template_id": "3c2c4cfbcb3bcb992a014c1db6900c8d", "template_set": ["bkms"], "num_examples": 207, "necessary_reagent": "[O]", "template_score": 0.2689210772514343, "rms_molwt": -354.19434269199996, "num_rings": -6, "plausibility": 1, "tforms": ["3c2c4cfbcb3bcb992a014c1db6900c8d"], "rank": 1, "score": -1459.59755585829}, {"smiles": "C/C=C1/CN(C)[C@H]2C[C@@]3(C(=O)N(OC)c4cc(OC)ccc43)[C@H]3C[C@H]1[C@@H]2CO3", "smiles_split": ["C/C=C1/CN(C)[C@H]2C[C@@]3(C(=O)N(OC)c4cc(OC)ccc43)[C@H]3C[C@H]1[C@@H]2CO3"], "mapped_smiles": "[CH3:1]/[CH:2]=[C:3]1/[CH2:4][N:5]([CH3:6])[C@H:7]2[CH2:8][C@@:9]3([C:10](=[O:11])[N:12]([O:13][CH3:14])[c:15]4[cH:16][c:17]([O:18][CH3:900])[cH:19][cH:20][c:21]43)[C@H:22]3[CH2:23][C@H:24]1[C@@H:25]2[CH2:26][O:27]3", "reacting_atoms": [18], "template_id": "c11dbf440d2e73a73293e1875c2ee134", "template_set": ["bkms"], "num_examples": 59, "necessary_reagent": "", "template_score": 0.08515171706676483, "rms_molwt": -384.204907376, "num_rings": -6, "plausibility": 1, "tforms": ["c11dbf440d2e73a73293e1875c2ee134"], "rank": 2, "score": -4963.983038368584}, {"smiles": "C/C=C1/CN(C)[C@H]2C[C@@]3(C(=O)N(OC)c4cc(O[C@@H]5O[C@H](CO)[C@@H](O)[C@H](O)[C@H]5O)ccc43)[C@H]3C[C@H]1[C@@H]2CO3", "smiles_split": ["C/C=C1/CN(C)[C@H]2C[C@@]3(C(=O)N(OC)c4cc(O[C@@H]5O[C@H](CO)[C@@H](O)[C@H](O)[C@H]5O)ccc43)[C@H]3C[C@H]1[C@@H]2CO3"], "mapped_smiles": "[CH3:1]/[CH:2]=[C:3]1/[CH2:4][N:5]([CH3:6])[C@H:7]2[CH2:8][C@@:9]3([C:10](=[O:11])[N:12]([O:13][CH3:14])[c:15]4[cH:16][c:17]([O:18][C@@H:904]5[O:903][C@H:902]([CH2:901][OH:900])[C@@H:909]([OH:910])[C@H:907]([OH:908])[C@H:905]5[OH:906])[cH:19][cH:20][c:21]43)[C@H:22]3[CH2:23][C@H:24]1[C@@H:25]2[CH2:26][O:27]3", "reacting_atoms": [18], "template_id": "f0188a61a7d798559e3dd775fb7ce3ce", "template_set": ["bkms"], "num_examples": 38, "necessary_reagent": "", "template_score": 0.132386714220047, "rms_molwt": -532.2420807319999, "num_rings": -7, "plausibility": 1, "tforms": ["f0188a61a7d798559e3dd775fb7ce3ce"], "rank": 3, "score": -5937.687754472586}, {"smiles": "C/C=C1/CN(C)[C@H]2C[C@@]3(C(=O)N(OC)c4cc(O)cc(O)c43)[C@H]3C[C@H]1[C@@H]2CO3", "smiles_split": ["C/C=C1/CN(C)[C@H]2C[C@@]3(C(=O)N(OC)c4cc(O)cc(O)c43)[C@H]3C[C@H]1[C@@H]2CO3"], "mapped_smiles": "[CH3:1]/[CH:2]=[C:3]1/[CH2:4][N:5]([CH3:6])[C@H:7]2[CH2:8][C@@:9]3([C:10](=[O:11])[N:12]([O:13][CH3:14])[c:15]4[cH:16][c:17]([OH:18])[cH:19][c:20]([OH:900])[c:21]43)[C@H:22]3[CH2:23][C@H:24]1[C@@H:25]2[CH2:26][O:27]3", "reacting_atoms": [20], "template_id": "f53e9cbdf728108a37f743b6e04eb4f2", "template_set": ["bkms"], "num_examples": 56, "necessary_reagent": "", "template_score": 0.013890961185097694, "rms_molwt": -386.18417193199997, "num_rings": -6, "plausibility": 1, "tforms": ["f53e9cbdf728108a37f743b6e04eb4f2"], "rank": 4, "score": -30429.260695138033}, {"smiles": "C/C=C1/CN(C)[C@H]2C[C@@]3(C(=O)N(OC)c4cc(O)c(O)cc43)[C@H]3C[C@H]1[C@@H]2CO3", "smiles_split": ["C/C=C1/CN(C)[C@H]2C[C@@]3(C(=O)N(OC)c4cc(O)c(O)cc43)[C@H]3C[C@H]1[C@@H]2CO3"], "mapped_smiles": "[CH3:1]/[CH:2]=[C:3]1/[CH2:4][N:5]([CH3:6])[C@H:7]2[CH2:8][C@@:9]3([C:10](=[O:11])[N:12]([O:13][CH3:14])[c:15]4[cH:16][c:17]([OH:18])[c:19]([OH:900])[cH:20][c:21]43)[C@H:22]3[CH2:23][C@H:24]1[C@@H:25]2[CH2:26][O:27]3", "reacting_atoms": [19], "template_id": "f53e9cbdf728108a37f743b6e04eb4f2", "template_set": ["bkms"], "num_examples": 56, "necessary_reagent": "", "template_score": 0.013890961185097694, "rms_molwt": -386.18417193199997, "num_rings": -6, "plausibility": 1, "tforms": ["f53e9cbdf728108a37f743b6e04eb4f2"], "rank": 5, "score": -30429.260695138033}, {"smiles": "C/C=C1/CN(C)[C@H]2C[C@@]3(C(=O)N(OC)c4c3ccc(O)c4O)[C@H]3C[C@H]1[C@@H]2CO3", "smiles_split": ["C/C=C1/CN(C)[C@H]2C[C@@]3(C(=O)N(OC)c4c3ccc(O)c4O)[C@H]3C[C@H]1[C@@H]2CO3"], "mapped_smiles": "[CH3:1]/[CH:2]=[C:3]1/[CH2:4][N:5]([CH3:6])[C@H:7]2[CH2:8][C@@:9]3([C:10](=[O:11])[N:12]([O:13][CH3:14])[c:15]4[c:16]([OH:900])[c:17]([OH:18])[cH:19][cH:20][c:21]43)[C@H:22]3[CH2:23][C@H:24]1[C@@H:25]2[CH2:26][O:27]3", "reacting_atoms": [16], "template_id": "f53e9cbdf728108a37f743b6e04eb4f2", "template_set": ["bkms"], "num_examples": 56, "necessary_reagent": "", "template_score": 0.013890961185097694, "rms_molwt": -386.18417193199997, "num_rings": -6, "plausibility": 1, "tforms": ["f53e9cbdf728108a37f743b6e04eb4f2"], "rank": 6, "score": -30429.260695138033}, {"smiles": "C/C=C1/CN[C@H]2C[C@@]3(C(=O)N(OC)c4cc(O)ccc43)[C@H]3C[C@H]1[C@@H]2CO3", "smiles_split": ["C/C=C1/CN[C@H]2C[C@@]3(C(=O)N(OC)c4cc(O)ccc43)[C@H]3C[C@H]1[C@@H]2CO3"], "mapped_smiles": "[CH3:1]/[CH:2]=[C:3]1/[CH2:4][NH:5][C@H:7]2[CH2:8][C@@:9]3([C:10](=[O:11])[N:12]([O:13][CH3:14])[c:15]4[cH:16][c:17]([OH:18])[cH:19][cH:20][c:21]43)[C@H:22]3[CH2:23][C@H:24]1[C@@H:25]2[CH2:26][O:27]3", "reacting_atoms": [5], "template_id": "d429d9083f7fed54fba4761115d91db4", "template_set": ["bkms"], "num_examples": 11, "necessary_reagent": "[C]", "template_score": 0.010235931724309921, "rms_molwt": -356.173607248, "num_rings": -6, "plausibility": 1, "tforms": ["d429d9083f7fed54fba4761115d91db4"], "rank": 7, "score": -38346.92899941498}, {"smiles": "C/C=C1/CN(C)[C@H]2C[C@@]3(C(=O)N(OC)c4cc(OC(C)=O)ccc43)[C@H]3C[C@H]1[C@@H]2CO3", "smiles_split": ["C/C=C1/CN(C)[C@H]2C[C@@]3(C(=O)N(OC)c4cc(OC(C)=O)ccc43)[C@H]3C[C@H]1[C@@H]2CO3"], "mapped_smiles": "[CH3:1]/[CH:2]=[C:3]1/[CH2:4][N:5]([CH3:6])[C@H:7]2[CH2:8][C@@:9]3([C:10](=[O:11])[N:12]([O:13][CH3:14])[c:15]4[cH:16][c:17]([O:18][C:901]([CH3:900])=[O:902])[cH:19][cH:20][c:21]43)[C@H:22]3[CH2:23][C@H:24]1[C@@H:25]2[CH2:26][O:27]3", "reacting_atoms": [18], "template_id": "34acba856e5ef9c5b63bc4dda8f1dfef", "template_set": ["bkms"], "num_examples": 5, "necessary_reagent": "", "template_score": 0.003796664997935295, "rms_molwt": -412.19982199599997, "num_rings": -6, "plausibility": 1, "tforms": ["34acba856e5ef9c5b63bc4dda8f1dfef"], "rank": 8, "score": -119842.30031321851}, {"smiles": "C/C=C1/CN(C)[C@H]2C[C@@]3(C(=O)N(OC)c4cc(OP(=O)(O)O)ccc43)[C@H]3C[C@H]1[C@@H]2CO3", "smiles_split": ["C/C=C1/CN(C)[C@H]2C[C@@]3(C(=O)N(OC)c4cc(OP(=O)(O)O)ccc43)[C@H]3C[C@H]1[C@@H]2CO3"], "mapped_smiles": "[CH3:1]/[CH:2]=[C:3]1/[CH2:4][N:5]([CH3:6])[C@H:7]2[CH2:8][C@@:9]3([C:10](=[O:11])[N:12]([O:13][CH3:14])[c:15]4[cH:16][c:17]([O:18][P:901]([OH:900])([OH:902])=[O:903])[cH:19][cH:20][c:21]43)[C@H:22]3[CH2:23][C@H:24]1[C@@H:25]2[CH2:26][O:27]3", "reacting_atoms": [18], "template_id": "2582f6277b603312f1b572a6cbee210e", "template_set": ["bkms"], "num_examples": 5, "necessary_reagent": "", "template_score": 0.002800160553306341, "rms_molwt": -450.1555878339999, "num_rings": -6, "plausibility": 1, "tforms": ["2582f6277b603312f1b572a6cbee210e"], "rank": 9, "score": -168407.8158685561}, {"smiles": "C/C=C1/CN(C)[C@H]2C[C@@]3(C(=O)N(OC)c4cc(OS(=O)(=O)O)ccc43)[C@H]3C[C@H]1[C@@H]2CO3", "smiles_split": ["C/C=C1/CN(C)[C@H]2C[C@@]3(C(=O)N(OC)c4cc(OS(=O)(=O)O)ccc43)[C@H]3C[C@H]1[C@@H]2CO3"], "mapped_smiles": "[CH3:1]/[CH:2]=[C:3]1/[CH2:4][N:5]([CH3:6])[C@H:7]2[CH2:8][C@@:9]3([C:10](=[O:11])[N:12]([O:13][CH3:14])[c:15]4[cH:16][c:17]([O:18][S:901]([OH:900])(=[O:902])=[O:903])[cH:19][cH:20][c:21]43)[C@H:22]3[CH2:23][C@H:24]1[C@@H:25]2[CH2:26][O:27]3", "reacting_atoms": [18], "template_id": "95f9279f30afcc352186ba12958316b4", "template_set": ["bkms"], "num_examples": 5, "necessary_reagent": "", "template_score": 0.0026363315992057323, "rms_molwt": -450.1460721719999, "num_rings": -6, "plausibility": 1, "tforms": ["95f9279f30afcc352186ba12958316b4"], "rank": 10, "score": -178873.14441236513}, {"smiles": "C/C=C1/CN(C)[C@H]2C[C@@]3(C(=O)N(OC)c4cc(OCC)ccc43)[C@H]3C[C@H]1[C@@H]2CO3", "smiles_split": ["C/C=C1/CN(C)[C@H]2C[C@@]3(C(=O)N(OC)c4cc(OCC)ccc43)[C@H]3C[C@H]1[C@@H]2CO3"], "mapped_smiles": "[CH3:1]/[CH:2]=[C:3]1/[CH2:4][N:5]([CH3:6])[C@H:7]2[CH2:8][C@@:9]3([C:10](=[O:11])[N:12]([O:13][CH3:14])[c:15]4[cH:16][c:17]([O:18][CH2:901][CH3:900])[cH:19][cH:20][c:21]43)[C@H:22]3[CH2:23][C@H:24]1[C@@H:25]2[CH2:26][O:27]3", "reacting_atoms": [18], "template_id": "2bcc14f82e645ea0d617328888931ace", "template_set": ["bkms"], "num_examples": 1, "necessary_reagent": "", "template_score": 0.0013689884217455983, "rms_molwt": -398.22055744, "num_rings": -6, "plausibility": 1, "tforms": ["2bcc14f82e645ea0d617328888931ace"], "rank": 11, "score": -320460.7754261008}, {"smiles": "C/C=C1/CN(C)[C@H]2C[C@@]3(C(=O)N(OC)c4cc(Cl)ccc43)[C@H]3C[C@H]1[C@@H]2CO3", "smiles_split": ["C/C=C1/CN(C)[C@H]2C[C@@]3(C(=O)N(OC)c4cc(Cl)ccc43)[C@H]3C[C@H]1[C@@H]2CO3"], "mapped_smiles": "[CH3:1]/[CH:2]=[C:3]1/[CH2:4][N:5]([CH3:6])[C@H:7]2[CH2:8][C@@:9]3([C:10](=[O:11])[N:12]([O:13][CH3:14])[c:15]4[cH:16][c:17]([Cl:900])[cH:19][cH:20][c:21]43)[C@H:22]3[CH2:23][C@H:24]1[C@@H:25]2[CH2:26][O:27]3", "reacting_atoms": [17], "template_id": "f386c743d29e995f34525da3df2e2890", "template_set": ["bkms"], "num_examples": 5, "necessary_reagent": "[O]", "template_score": 0.0011780658969655633, "rms_molwt": -388.15537034, "num_rings": -6, "plausibility": 1, "tforms": ["f386c743d29e995f34525da3df2e2890"], "rank": 12, "score": -346296.2167440032}, {"smiles": "C/C=C1/CN(C)[C@H]2C[C@@]3(C(=O)N(OC)C4=C3C=C[C@@H]3O[C@H]43)[C@H]3C[C@H]1[C@@H]2CO3", "smiles_split": ["C/C=C1/CN(C)[C@H]2C[C@@]3(C(=O)N(OC)C4=C3C=C[C@@H]3O[C@H]43)[C@H]3C[C@H]1[C@@H]2CO3"], "mapped_smiles": "[CH3:1]/[CH:2]=[C:3]1/[CH2:4][N:5]([CH3:6])[C@H:7]2[CH2:8][C@@:9]3([C:10](=[O:11])[N:12]([O:13][CH3:14])[C:15]4=[C:21]3[CH:20]=[CH:19][C@H:17]3[C@@H:16]4[O:18]3)[C@H:22]3[CH2:23][C@H:24]1[C@@H:25]2[CH2:26][O:27]3", "reacting_atoms": [19, 20, 21, 15, 16, 18, 17], "template_id": "c1e52eb5687b87f7a2cc21347e048bf1", "template_set": ["bkms"], "num_examples": 1, "necessary_reagent": "", "template_score": 0.0013060461496934295, "rms_molwt": -370.189257312, "num_rings": -7, "plausibility": 1, "tforms": ["c1e52eb5687b87f7a2cc21347e048bf1"], "rank": 13, "score": -391384.89730976016}, {"smiles": "C/C=C1/C[N+](C)(C)[C@H]2C[C@@]3(C(=O)N(OC)c4cc(O)ccc43)[C@H]3C[C@H]1[C@@H]2CO3", "smiles_split": ["C/C=C1/C[N+](C)(C)[C@H]2C[C@@]3(C(=O)N(OC)c4cc(O)ccc43)[C@H]3C[C@H]1[C@@H]2CO3"], "mapped_smiles": "[CH3:1]/[CH:2]=[C:3]1/[CH2:4][N+:5]([CH3:6])([CH3:900])[C@H:7]2[CH2:8][C@@:9]3([C:10](=[O:11])[N:12]([O:13][CH3:14])[c:15]4[cH:16][c:17]([OH:18])[cH:19][cH:20][c:21]43)[C@H:22]3[CH2:23][C@H:24]1[C@@H:25]2[CH2:26][O:27]3", "reacting_atoms": [5], "template_id": "08b594a0b32289c336eed75edb7b3ce4", "template_set": ["bkms"], "num_examples": 1, "necessary_reagent": "", "template_score": 0.0010392371332272887, "rms_molwt": -385.21218382808996, "num_rings": -6, "plausibility": 1, "tforms": ["08b594a0b32289c336eed75edb7b3ce4"], "rank": 14, "score": -406732.6558037217}, {"smiles": "C/C=C1/CN(C)[C@H]2C[C@@]3(C(=O)N(OC)C4=C3C=C[C@H]3O[C@@H]43)[C@H]3C[C@H]1[C@@H]2CO3", "smiles_split": ["C/C=C1/CN(C)[C@H]2C[C@@]3(C(=O)N(OC)C4=C3C=C[C@H]3O[C@@H]43)[C@H]3C[C@H]1[C@@H]2CO3"], "mapped_smiles": "[CH3:1]/[CH:2]=[C:3]1/[CH2:4][N:5]([CH3:6])[C@H:7]2[CH2:8][C@@:9]3([C:10](=[O:11])[N:12]([O:13][CH3:14])[C:15]4=[C:21]3[CH:20]=[CH:19][C@@H:17]3[C@H:16]4[O:18]3)[C@H:22]3[CH2:23][C@H:24]1[C@@H:25]2[CH2:26][O:27]3", "reacting_atoms": [19, 20, 21, 15, 16, 18, 17], "template_id": "2c027a5eddbdfab77af0dff46d0cbd38", "template_set": ["bkms"], "num_examples": 1, "necessary_reagent": "", "template_score": 0.0012270525330677629, "rms_molwt": -370.189257312, "num_rings": -7, "plausibility": 1, "tforms": ["2c027a5eddbdfab77af0dff46d0cbd38"], "rank": 15, "score": -416580.97302614985}]}