{"smiles": "COc1ccc(-c2cc(=O)c3c(O)cc(O)c([C@@H]4O[C@H](CO)[C@@H](O)[C@@H](O)[C@@H]4O[C@@H]4O[C@@H](C)[C@@H](O)[C@@H](O)[C@@H]4O)c3o2)cc1", "sfscore": [0.39167520403862, 0.6748909950256348], "chem_result": [{"smiles": "COc1ccc(-c2cc(=O)c3c(O)cc(O)c([C@@H]4O[C@H](CO)[C@@H](O)[C@@H](O)[C@@H]4O[C@@H]4O[C@@H](C)[C@@H](O)[C@@H](O)[C@@H]4O)c3o2)cc1", "bw_confidence": 0.06701812541042708, "confidence": 0.5093240849734937, "rclass": "6 6.3 6.3.6", "children": [{"smiles": "CO"}, {"smiles": "COc1ccc(-c2cc(=O)c3c(O)cc(O)c([C@@H]4O[C@H](COC(C)=O)[C@@H](OC(C)=O)[C@@H](OC(C)=O)[C@@H]4O[C@@H]4O[C@@H](C)[C@@H](OC(C)=O)[C@@H](OC(C)=O)[C@@H]4OC(C)=O)c3o2)cc1"}, {"smiles": "C[O-]~[Na+]"}]}, {"smiles": "COc1ccc(-c2cc(=O)c3c(O)cc(O)c([C@@H]4O[C@H](CO)[C@@H](O)[C@@H](O)[C@@H]4O[C@@H]4O[C@@H](C)[C@@H](O)[C@@H](O)[C@@H]4O)c3o2)cc1", "bw_confidence": 0.030319324097433587, "confidence": 0.19936770815004892, "rclass": "0 0 0", "children": [{"smiles": "COc1ccc(-c2cc(=O)c3c(O)cc(O)c([C@@H]4O[C@H](CO)[C@@H](O)[C@@H](O)[C@@H]4O)c3o2)cc1"}, {"smiles": "C[C@@H]1O[C@H](Br)[C@@H](O)[C@H](O)[C@H]1O"}]}, {"smiles": "COc1ccc(-c2cc(=O)c3c(O)cc(O)c([C@@H]4O[C@H](CO)[C@@H](O)[C@@H](O)[C@@H]4O[C@@H]4O[C@@H](C)[C@@H](O)[C@@H](O)[C@@H]4O)c3o2)cc1", "bw_confidence": 0.017087649005188024, "confidence": 0.450551990804853, "rclass": "7 7.5 7.5.1", "children": [{"smiles": "CO"}, {"smiles": "COc1ccc(-c2cc(=O)c3c(O)cc(O)c([C@@H]4O[C@H](CO)[C@@H](O)[C@@H](O)[C@@H]4O[C@@H]4O[C@@H](C)C(=O)[C@@H](O)[C@@H]4O)c3o2)cc1"}, {"smiles": "[BH4-]~[Na+]"}]}, {"smiles": "COc1ccc(-c2cc(=O)c3c(O)cc(O)c([C@@H]4O[C@H](CO)[C@@H](O)[C@@H](O)[C@@H]4O[C@@H]4O[C@@H](C)[C@@H](O)[C@@H](O)[C@@H]4O)c3o2)cc1", "bw_confidence": 0.011965504816639492, "confidence": 0.9255258409159098, "rclass": "6 6.3 6.3.6", "children": [{"smiles": "CO"}, {"smiles": "COc1ccc(-c2cc(=O)c3c(OC(C)=O)cc(OC(C)=O)c([C@@H]4O[C@H](COC(C)=O)[C@@H](OC(C)=O)[C@H](OC(C)=O)[C@@H]4OC(C)=O)c3o2)cc1"}, {"smiles": "C[O-]~[Na+]"}]}, {"smiles": "COc1ccc(-c2cc(=O)c3c(O)cc(O)c([C@@H]4O[C@H](CO)[C@@H](O)[C@@H](O)[C@@H]4O[C@@H]4O[C@@H](C)[C@@H](O)[C@@H](O)[C@@H]4O)c3o2)cc1", "bw_confidence": 0.010961692552565575, "confidence": 0.21253391107726227, "rclass": "0 0 0", "children": [{"smiles": "COc1ccc(-c2cc(=O)c3c(O)cc(O)c([C@@H]4O[C@H](CO)[C@@H](O)[C@@H](O)[C@@H]4O)c3o2)cc1"}, {"smiles": "C[C@@H]1OC(O)[C@@H](O)[C@H](O)[C@@H]1O"}]}, {"smiles": "COc1ccc(-c2cc(=O)c3c(O)cc(O)c([C@@H]4O[C@H](CO)[C@@H](O)[C@@H](O)[C@@H]4O[C@@H]4O[C@@H](C)[C@@H](O)[C@@H](O)[C@@H]4O)c3o2)cc1", "bw_confidence": 0.010050652879923056, "confidence": 0.13760753955707652, "rclass": "11 11.5 11.5", "children": [{"smiles": "CO"}, {"smiles": "COc1ccc(-c2cc(=O)c3c(O)cc(O)c([C@@H]4O[C@H](CO)[C@@H](O)[C@@H](O)[C@@H]4O[C@@H]4O[C@@H](C)[C@@H](O)[C@@H](O)[C@@H]4O)c3o2)cc1"}]}, {"smiles": "COc1ccc(-c2cc(=O)c3c(O)cc(O)c([C@@H]4O[C@H](CO)[C@@H](O)[C@@H](O)[C@@H]4O[C@@H]4O[C@@H](C)[C@@H](O)[C@@H](O)[C@@H]4O)c3o2)cc1", "bw_confidence": 0.006209336213493482, "confidence": 0.7443508472580608, "rclass": "3 3.1 3.1.6", "children": [{"smiles": "CC(=O)OC[C@H]1O[C@@H](c2c(OC(C)=O)cc(OC(C)=O)c3c(=O)cc(Cl)oc23)[C@@H](OC(C)=O)[C@@H](OC(C)=O)[C@@H]1OC(C)=O"}, {"smiles": "COc1ccc(B(O)O)cc1"}]}, {"smiles": "COc1ccc(-c2cc(=O)c3c(O)cc(O)c([C@@H]4O[C@H](CO)[C@@H](O)[C@@H](O)[C@@H]4O[C@@H]4O[C@@H](C)[C@@H](O)[C@@H](O)[C@@H]4O)c3o2)cc1", "bw_confidence": 0.005894791788262467, "confidence": 0.12565024284614398, "rclass": "11 11.5 11.5", "children": [{"smiles": "COc1ccc(-c2cc(=O)c3c(O)cc(O)c([C@@H]4O[C@H](CO)[C@@H](O)[C@@H](O)[C@@H]4O[C@@H]4O[C@@H](C)[C@@H](O)[C@@H](O)[C@@H]4O)c3o2)cc1"}, {"smiles": "O"}]}, {"smiles": "COc1ccc(-c2cc(=O)c3c(O)cc(O)c([C@@H]4O[C@H](CO)[C@@H](O)[C@@H](O)[C@@H]4O[C@@H]4O[C@@H](C)[C@@H](O)[C@@H](O)[C@@H]4O)c3o2)cc1", "bw_confidence": 0.005780087112969701, "confidence": 0.5052326726083153, "rclass": "6 6.3 6.3.6", "children": [{"smiles": "COc1ccc(-c2cc(=O)c3c(O)cc(O)c([C@@H]4O[C@H](COC(C)=O)[C@@H](OC(C)=O)[C@@H](OC(C)=O)[C@@H]4O[C@@H]4O[C@@H](C)[C@@H](OC(C)=O)[C@@H](OC(C)=O)[C@@H]4OC(C)=O)c3o2)cc1"}, {"smiles": "C[O-]~[Na+]"}]}, {"smiles": "COc1ccc(-c2cc(=O)c3c(O)cc(O)c([C@@H]4O[C@H](CO)[C@@H](O)[C@@H](O)[C@@H]4O[C@@H]4O[C@@H](C)[C@@H](O)[C@@H](O)[C@@H]4O)c3o2)cc1", "bw_confidence": 0.004726567232197577, "confidence": 0.17088401223527105, "rclass": "11 11.5 11.5", "children": [{"smiles": "CO"}, {"smiles": "COc1ccc(-c2cc(=O)c3c(O)cc(O)c([C@@H]4O[C@H](CO)[C@@H](O)[C@@H](O)[C@@H]4O[C@@H]4O[C@@H](C)[C@@H](O)[C@@H](O)[C@@H]4O)c3o2)cc1"}, {"smiles": "[Pd]"}]}], "chem_bw_confidence_list": [0.06701812541042708, 0.030319324097433587, 0.017087649005188024, 0.011965504816639492, 0.010961692552565575, 0.010050652879923056, 0.006209336213493482, 0.005894791788262467, 0.005780087112969701, 0.004726567232197577], "enzy_template_score_list": [0.7469372749328613, 0.08987362682819366, 0.02335517108440399, 0.008922431617975235, 0.012921217828989029, 0.012911486439406872, 0.012911486439406872, 0.006002486217767, 0.006002486217767, 0.006002486217767, 0.006002486217767, 0.006002486217767, 0.006002486217767, 0.0036403308622539043, 0.0036403308622539043], "enzy_result": [{"smiles": "C[C@@H]1O[C@@H](O[C@@H]2[C@H](c3c(O)cc(O)c4c(=O)cc(-c5ccc(O)cc5)oc34)O[C@H](CO)[C@@H](O)[C@H]2O)[C@@H](O)[C@H](O)[C@@H]1O", "smiles_split": ["C[C@@H]1O[C@@H](O[C@@H]2[C@H](c3c(O)cc(O)c4c(=O)cc(-c5ccc(O)cc5)oc34)O[C@H](CO)[C@@H](O)[C@H]2O)[C@@H](O)[C@H](O)[C@@H]1O"], "mapped_smiles": "[OH:2][c:3]1[cH:4][cH:5][c:6](-[c:7]2[cH:8][c:9](=[O:10])[c:11]3[c:12]([OH:13])[cH:14][c:15]([OH:16])[c:17]([C@@H:18]4[O:19][C@H:20]([CH2:21][OH:22])[C@@H:23]([OH:24])[C@@H:25]([OH:26])[C@@H:27]4[O:28][C@@H:29]4[O:30][C@@H:31]([CH3:32])[C@@H:33]([OH:34])[C@@H:35]([OH:36])[C@@H:37]4[OH:38])[c:39]3[o:40]2)[cH:41][cH:42]1", "reacting_atoms": [2], "template_id": "e0e2b378d623262efad3f5cff831b758", "template_set": ["bkms"], "num_examples": 223, "necessary_reagent": "[C]", "template_score": 0.7469372749328613, "rms_molwt": -578.1635556399999, "num_rings": -5, "plausibility": 1, "tforms": ["e0e2b378d623262efad3f5cff831b758"], "rank": 1, "score": -1027.6972814352382}, {"smiles": "COc1ccc(-c2cc(=O)c3c(O)cc(O)c([C@@H]4O[C@H](CO)[C@@H](O)[C@@H](O)[C@@H]4O)c3o2)cc1", "smiles_split": ["COc1ccc(-c2cc(=O)c3c(O)cc(O)c([C@@H]4O[C@H](CO)[C@@H](O)[C@@H](O)[C@@H]4O)c3o2)cc1"], "mapped_smiles": "[CH3:1][O:2][c:3]1[cH:4][cH:5][c:6](-[c:7]2[cH:8][c:9](=[O:10])[c:11]3[c:12]([OH:13])[cH:14][c:15]([OH:16])[c:17]([C@@H:18]4[O:19][C@H:20]([CH2:21][OH:22])[C@@H:23]([OH:24])[C@@H:25]([OH:26])[C@@H:27]4[OH:28])[c:39]3[o:40]2)[cH:41][cH:42]1", "reacting_atoms": [27, 28], "template_id": "5e6021f2437564fab233e1fafec0f0eb", "template_set": ["bkms", "bkms", "bkms", "bkms"], "num_examples": 15, "necessary_reagent": "[C]~[C]1~[O]~[C]~[C](~[O])~[C](~[O])~[C]~1~[O]", "template_score": 0.08987362682819366, "rms_molwt": -446.1212969039999, "num_rings": -4, "plausibility": 1, "tforms": ["1821014e5f87ae2788ebe25a609113eb", "f0aa6e707bc761f40a14345fcd74e86d", "377c4032a28f957fb174b358e5d58318", "5e6021f2437564fab233e1fafec0f0eb"], "rank": 2, "score": -5860.84738108035}, {"smiles": "COc1ccc(C(=O)CC(=O)c2c(O)cc(O)c([C@@H]3O[C@H](CO)[C@@H](O)[C@@H](O)[C@@H]3O[C@@H]3O[C@@H](C)[C@@H](O)[C@@H](O)[C@@H]3O)c2O)cc1", "smiles_split": ["COc1ccc(C(=O)CC(=O)c2c(O)cc(O)c([C@@H]3O[C@H](CO)[C@@H](O)[C@@H](O)[C@@H]3O[C@@H]3O[C@@H](C)[C@@H](O)[C@@H](O)[C@@H]3O)c2O)cc1"], "mapped_smiles": "[CH3:1][O:2][c:3]1[cH:4][cH:5][c:6]([C:7]([CH2:8][C:9](=[O:10])[c:11]2[c:12]([OH:13])[cH:14][c:15]([OH:16])[c:17]([C@@H:18]3[O:19][C@H:20]([CH2:21][OH:22])[C@@H:23]([OH:24])[C@@H:25]([OH:26])[C@@H:27]3[O:28][C@@H:29]3[O:30][C@@H:31]([CH3:32])[C@@H:33]([OH:34])[C@@H:35]([OH:36])[C@@H:37]3[OH:38])[c:39]2[OH:40])=[O:900])[cH:41][cH:42]1", "reacting_atoms": [7, 8, 9, 40, 6], "template_id": "202d84222f7aaeb1fb8f10cb3e1edd97", "template_set": ["bkms"], "num_examples": 4, "necessary_reagent": "", "template_score": 0.02335517108440399, "rms_molwt": -610.1897703879999, "num_rings": -4, "plausibility": 1, "tforms": ["202d84222f7aaeb1fb8f10cb3e1edd97"], "rank": 3, "score": -34489.532513402315}, {"smiles": "COc1ccc(-c2cc(=O)c3c(O)cc(O)cc3o2)cc1.C[C@@H]1O[C@@H](O[C@@H]2C(O)O[C@H](CO)[C@@H](O)[C@H]2O)[C@@H](O)[C@H](O)[C@@H]1O", "smiles_split": ["COc1ccc(-c2cc(=O)c3c(O)cc(O)cc3o2)cc1", "C[C@@H]1O[C@@H](O[C@@H]2C(O)O[C@H](CO)[C@@H](O)[C@H]2O)[C@@H](O)[C@H](O)[C@@H]1O"], "mapped_smiles": "[CH3:1][O:2][c:3]1[cH:4][cH:5][c:6](-[c:7]2[cH:8][c:9](=[O:10])[c:11]3[c:12]([OH:13])[cH:14][c:15]([OH:16])[cH:17][c:39]3[o:40]2)[cH:41][cH:42]1.[CH:18]1([OH:900])[O:19][C@H:20]([CH2:21][OH:22])[C@@H:23]([OH:24])[C@@H:25]([OH:26])[C@@H:27]1[O:28][C@@H:29]1[O:30][C@@H:31]([CH3:32])[C@@H:33]([OH:34])[C@@H:35]([OH:36])[C@@H:37]1[OH:38]", "reacting_atoms": [18, 17], "template_id": "3a643912ddfd96a24014abb1d438c7d5", "template_set": ["bkms"], "num_examples": 1, "necessary_reagent": "", "template_score": 0.008922431617975235, "rms_molwt": -305.81857196864036, "num_rings": -5, "plausibility": 1, "tforms": ["3a643912ddfd96a24014abb1d438c7d5"], "rank": 4, "score": -45945.94056490104}, {"smiles": "COc1ccc(C2CC(=O)c3c(O)cc(O)c([C@@H]4O[C@H](CO)[C@@H](O)[C@@H](O)[C@@H]4O[C@@H]4O[C@@H](C)[C@@H](O)[C@@H](O)[C@@H]4O)c3O2)cc1", "smiles_split": ["COc1ccc(C2CC(=O)c3c(O)cc(O)c([C@@H]4O[C@H](CO)[C@@H](O)[C@@H](O)[C@@H]4O[C@@H]4O[C@@H](C)[C@@H](O)[C@@H](O)[C@@H]4O)c3O2)cc1"], "mapped_smiles": "[CH3:1][O:2][c:3]1[cH:4][cH:5][c:6]([CH:7]2[CH2:8][C:9](=[O:10])[c:11]3[c:12]([OH:13])[cH:14][c:15]([OH:16])[c:17]([C@@H:18]4[O:19][C@H:20]([CH2:21][OH:22])[C@@H:23]([OH:24])[C@@H:25]([OH:26])[C@@H:27]4[O:28][C@@H:29]4[O:30][C@@H:31]([CH3:32])[C@@H:33]([OH:34])[C@@H:35]([OH:36])[C@@H:37]4[OH:38])[c:39]3[O:40]2)[cH:41][cH:42]1", "reacting_atoms": [9, 8, 7, 6, 40], "template_id": "41d970aca4d5a1ffe956f047cfe58b79", "template_set": ["bkms"], "num_examples": 2, "necessary_reagent": "", "template_score": 0.012921217828989029, "rms_molwt": -594.1948557679999, "num_rings": -5, "plausibility": 1, "tforms": ["41d970aca4d5a1ffe956f047cfe58b79"], "rank": 5, "score": -63033.92026055535}, {"smiles": "COc1ccc(-c2cc(=O)c3c(O)cc(O)c([C@@H]4O[C@H](CO)[C@@H](O)[C@@H](O)[C@@H]4O)c3o2)cc1.C[C@@H]1O[C@@H](OP(=O)(O)OP(=O)(O)OC[C@H]2O[C@@H](n3ccc(=O)[nH]c3=O)[C@H](O)[C@@H]2O)[C@@H](O)[C@H](O)[C@@H]1O", "smiles_split": ["COc1ccc(-c2cc(=O)c3c(O)cc(O)c([C@@H]4O[C@H](CO)[C@@H](O)[C@@H](O)[C@@H]4O)c3o2)cc1", "C[C@@H]1O[C@@H](OP(=O)(O)OP(=O)(O)OC[C@H]2O[C@@H](n3ccc(=O)[nH]c3=O)[C@H](O)[C@@H]2O)[C@@H](O)[C@H](O)[C@@H]1O"], "mapped_smiles": "[C@@H:29]1([O:924][P:921]([O:920][P:917]([O:916][CH2:915][C@@H:914]2[C@@H:901]([OH:900])[C@@H:902]([OH:903])[C@H:904]([n:905]3[cH:906][cH:907][c:908](=[O:909])[nH:910][c:911]3=[O:912])[O:913]2)([OH:918])=[O:919])([OH:922])=[O:923])[O:30][C@@H:31]([CH3:32])[C@@H:33]([OH:34])[C@@H:35]([OH:36])[C@@H:37]1[OH:38].[CH3:1][O:2][c:3]1[cH:4][cH:5][c:6](-[c:7]2[cH:8][c:9](=[O:10])[c:11]3[c:12]([OH:13])[cH:14][c:15]([OH:16])[c:17]([C@@H:18]4[O:19][C@H:20]([CH2:21][OH:22])[C@@H:23]([OH:24])[C@@H:25]([OH:26])[C@@H:27]4[OH:28])[c:39]3[o:40]2)[cH:41][cH:42]1", "reacting_atoms": [29, 27, 28], "template_id": "6f33f2203669aeb9b6329d88273415f6", "template_set": ["bkms", "bkms"], "num_examples": 18, "necessary_reagent": "", "template_score": 0.012911486439406872, "rms_molwt": -500.79453456823575, "num_rings": -7, "plausibility": 1, "tforms": ["6f33f2203669aeb9b6329d88273415f6", "1d3dedc05ce99f4f63ba631ced67e8e5"], "rank": 6, "score": -80497.6307579067}, {"smiles": "COc1ccc(-c2cc(=O)c3c(O)cc(O)c([C@@H]4O[C@H](CO)[C@@H](O)[C@@H](O)[C@@H]4O[C@H](OP(=O)(O)OP(=O)(O)OC[C@H]4O[C@@H](n5ccc(=O)[nH]c5=O)[C@H](O)[C@@H]4O)[C@@H](O)[C@H](O)[C@H](O)[C@H](C)O)c3o2)cc1", "smiles_split": ["COc1ccc(-c2cc(=O)c3c(O)cc(O)c([C@@H]4O[C@H](CO)[C@@H](O)[C@@H](O)[C@@H]4O[C@H](OP(=O)(O)OP(=O)(O)OC[C@H]4O[C@@H](n5ccc(=O)[nH]c5=O)[C@H](O)[C@@H]4O)[C@@H](O)[C@H](O)[C@H](O)[C@H](C)O)c3o2)cc1"], "mapped_smiles": "[CH3:1][O:2][c:3]1[cH:4][cH:5][c:6](-[c:7]2[cH:8][c:9](=[O:10])[c:11]3[c:12]([OH:13])[cH:14][c:15]([OH:16])[c:17]([C@@H:18]4[O:19][C@H:20]([CH2:21][OH:22])[C@@H:23]([OH:24])[C@@H:25]([OH:26])[C@@H:27]4[O:28][C@@H:29]([C@H:37]([C@@H:35]([C@@H:33]([C@@H:31]([OH:30])[CH3:32])[OH:34])[OH:36])[OH:38])[O:924][P:921]([O:920][P:917]([O:916][CH2:915][C@@H:914]4[C@@H:901]([OH:900])[C@@H:902]([OH:903])[C@H:904]([n:905]5[cH:906][cH:907][c:908](=[O:909])[nH:910][c:911]5=[O:912])[O:913]4)([OH:918])=[O:919])([OH:922])=[O:923])[c:39]3[o:40]2)[cH:41][cH:42]1", "reacting_atoms": [29, 31, 30], "template_id": "6f33f2203669aeb9b6329d88273415f6", "template_set": ["bkms", "bkms"], "num_examples": 18, "necessary_reagent": "", "template_score": 0.012911486439406872, "rms_molwt": -996.1814028520002, "num_rings": -6, "plausibility": 1, "tforms": ["6f33f2203669aeb9b6329d88273415f6", "1d3dedc05ce99f4f63ba631ced67e8e5"], "rank": 7, "score": -118136.68017877637}, {"smiles": "COc1ccc(-c2cc(=O)c3c(O)cc(O)c([C@@H]4O[C@H](CO)[C@@H](O)[C@@H](O)[C@@H]4O[C@@H]4O[C@@H](C)[C@@H](O)[C@@H](O)[C@@H]4OP(=O)(O)O)c3o2)cc1", "smiles_split": ["COc1ccc(-c2cc(=O)c3c(O)cc(O)c([C@@H]4O[C@H](CO)[C@@H](O)[C@@H](O)[C@@H]4O[C@@H]4O[C@@H](C)[C@@H](O)[C@@H](O)[C@@H]4OP(=O)(O)O)c3o2)cc1"], "mapped_smiles": "[CH3:1][O:2][c:3]1[cH:4][cH:5][c:6](-[c:7]2[cH:8][c:9](=[O:10])[c:11]3[c:12]([OH:13])[cH:14][c:15]([OH:16])[c:17]([C@@H:18]4[O:19][C@H:20]([CH2:21][OH:22])[C@@H:23]([OH:24])[C@@H:25]([OH:26])[C@@H:27]4[O:28][C@@H:29]4[O:30][C@@H:31]([CH3:32])[C@@H:33]([OH:34])[C@@H:35]([OH:36])[C@@H:37]4[O:38][P:901]([OH:900])([OH:902])=[O:903])[c:39]3[o:40]2)[cH:41][cH:42]1", "reacting_atoms": [38, 37], "template_id": "65bf7618263ef0544bfb3455ab5e0cbc", "template_set": ["bkms"], "num_examples": 167, "necessary_reagent": "", "template_score": 0.006002486217767, "rms_molwt": -672.145536226, "num_rings": -5, "plausibility": 1, "tforms": ["65bf7618263ef0544bfb3455ab5e0cbc"], "rank": 8, "score": -144197.5119021882}, {"smiles": "COc1ccc(-c2cc(=O)c3c(O)cc(O)c([C@@H]4O[C@H](CO)[C@@H](O)[C@@H](OP(=O)(O)O)[C@@H]4O[C@@H]4O[C@@H](C)[C@@H](O)[C@@H](O)[C@@H]4O)c3o2)cc1", "smiles_split": ["COc1ccc(-c2cc(=O)c3c(O)cc(O)c([C@@H]4O[C@H](CO)[C@@H](O)[C@@H](OP(=O)(O)O)[C@@H]4O[C@@H]4O[C@@H](C)[C@@H](O)[C@@H](O)[C@@H]4O)c3o2)cc1"], "mapped_smiles": "[CH3:1][O:2][c:3]1[cH:4][cH:5][c:6](-[c:7]2[cH:8][c:9](=[O:10])[c:11]3[c:12]([OH:13])[cH:14][c:15]([OH:16])[c:17]([C@@H:18]4[O:19][C@H:20]([CH2:21][OH:22])[C@@H:23]([OH:24])[C@@H:25]([O:26][P:901]([OH:900])([OH:902])=[O:903])[C@@H:27]4[O:28][C@@H:29]4[O:30][C@@H:31]([CH3:32])[C@@H:33]([OH:34])[C@@H:35]([OH:36])[C@@H:37]4[OH:38])[c:39]3[o:40]2)[cH:41][cH:42]1", "reacting_atoms": [26, 25], "template_id": "65bf7618263ef0544bfb3455ab5e0cbc", "template_set": ["bkms"], "num_examples": 167, "necessary_reagent": "", "template_score": 0.006002486217767, "rms_molwt": -672.145536226, "num_rings": -5, "plausibility": 1, "tforms": ["65bf7618263ef0544bfb3455ab5e0cbc"], "rank": 9, "score": -144197.5119021882}, {"smiles": "COc1ccc(-c2cc(=O)c3c(O)cc(O)c([C@@H]4O[C@H](CO)[C@@H](O)[C@@H](O)[C@@H]4O[C@@H]4O[C@@H](C)[C@@H](OP(=O)(O)O)[C@@H](O)[C@@H]4O)c3o2)cc1", "smiles_split": ["COc1ccc(-c2cc(=O)c3c(O)cc(O)c([C@@H]4O[C@H](CO)[C@@H](O)[C@@H](O)[C@@H]4O[C@@H]4O[C@@H](C)[C@@H](OP(=O)(O)O)[C@@H](O)[C@@H]4O)c3o2)cc1"], "mapped_smiles": "[CH3:1][O:2][c:3]1[cH:4][cH:5][c:6](-[c:7]2[cH:8][c:9](=[O:10])[c:11]3[c:12]([OH:13])[cH:14][c:15]([OH:16])[c:17]([C@@H:18]4[O:19][C@H:20]([CH2:21][OH:22])[C@@H:23]([OH:24])[C@@H:25]([OH:26])[C@@H:27]4[O:28][C@@H:29]4[O:30][C@@H:31]([CH3:32])[C@@H:33]([O:34][P:901]([OH:900])([OH:902])=[O:903])[C@@H:35]([OH:36])[C@@H:37]4[OH:38])[c:39]3[o:40]2)[cH:41][cH:42]1", "reacting_atoms": [34, 33], "template_id": "65bf7618263ef0544bfb3455ab5e0cbc", "template_set": ["bkms"], "num_examples": 167, "necessary_reagent": "", "template_score": 0.006002486217767, "rms_molwt": -672.145536226, "num_rings": -5, "plausibility": 1, "tforms": ["65bf7618263ef0544bfb3455ab5e0cbc"], "rank": 10, "score": -144197.5119021882}, {"smiles": "COc1ccc(-c2cc(=O)c3c(O)cc(O)c([C@@H]4O[C@H](CO)[C@@H](OP(=O)(O)O)[C@@H](O)[C@@H]4O[C@@H]4O[C@@H](C)[C@@H](O)[C@@H](O)[C@@H]4O)c3o2)cc1", "smiles_split": ["COc1ccc(-c2cc(=O)c3c(O)cc(O)c([C@@H]4O[C@H](CO)[C@@H](OP(=O)(O)O)[C@@H](O)[C@@H]4O[C@@H]4O[C@@H](C)[C@@H](O)[C@@H](O)[C@@H]4O)c3o2)cc1"], "mapped_smiles": "[CH3:1][O:2][c:3]1[cH:4][cH:5][c:6](-[c:7]2[cH:8][c:9](=[O:10])[c:11]3[c:12]([OH:13])[cH:14][c:15]([OH:16])[c:17]([C@@H:18]4[O:19][C@H:20]([CH2:21][OH:22])[C@@H:23]([O:24][P:901]([OH:900])([OH:902])=[O:903])[C@@H:25]([OH:26])[C@@H:27]4[O:28][C@@H:29]4[O:30][C@@H:31]([CH3:32])[C@@H:33]([OH:34])[C@@H:35]([OH:36])[C@@H:37]4[OH:38])[c:39]3[o:40]2)[cH:41][cH:42]1", "reacting_atoms": [24, 23], "template_id": "65bf7618263ef0544bfb3455ab5e0cbc", "template_set": ["bkms"], "num_examples": 167, "necessary_reagent": "", "template_score": 0.006002486217767, "rms_molwt": -672.145536226, "num_rings": -5, "plausibility": 1, "tforms": ["65bf7618263ef0544bfb3455ab5e0cbc"], "rank": 11, "score": -144197.5119021882}, {"smiles": "COc1ccc(-c2cc(=O)c3c(O)cc(O)c([C@@H]4O[C@H](COP(=O)(O)O)[C@@H](O)[C@@H](O)[C@@H]4O[C@@H]4O[C@@H](C)[C@@H](O)[C@@H](O)[C@@H]4O)c3o2)cc1", "smiles_split": ["COc1ccc(-c2cc(=O)c3c(O)cc(O)c([C@@H]4O[C@H](COP(=O)(O)O)[C@@H](O)[C@@H](O)[C@@H]4O[C@@H]4O[C@@H](C)[C@@H](O)[C@@H](O)[C@@H]4O)c3o2)cc1"], "mapped_smiles": "[CH3:1][O:2][c:3]1[cH:4][cH:5][c:6](-[c:7]2[cH:8][c:9](=[O:10])[c:11]3[c:12]([OH:13])[cH:14][c:15]([OH:16])[c:17]([C@@H:18]4[O:19][C@H:20]([CH2:21][O:22][P:901]([OH:900])([OH:902])=[O:903])[C@@H:23]([OH:24])[C@@H:25]([OH:26])[C@@H:27]4[O:28][C@@H:29]4[O:30][C@@H:31]([CH3:32])[C@@H:33]([OH:34])[C@@H:35]([OH:36])[C@@H:37]4[OH:38])[c:39]3[o:40]2)[cH:41][cH:42]1", "reacting_atoms": [22], "template_id": "65bf7618263ef0544bfb3455ab5e0cbc", "template_set": ["bkms"], "num_examples": 167, "necessary_reagent": "", "template_score": 0.006002486217767, "rms_molwt": -672.145536226, "num_rings": -5, "plausibility": 1, "tforms": ["65bf7618263ef0544bfb3455ab5e0cbc"], "rank": 12, "score": -144197.5119021882}, {"smiles": "COc1ccc(-c2cc(=O)c3c(O)cc(O)c([C@@H]4O[C@H](CO)[C@@H](O)[C@@H](O)[C@@H]4O[C@@H]4O[C@@H](C)[C@@H](O)[C@@H](OP(=O)(O)O)[C@@H]4O)c3o2)cc1", "smiles_split": ["COc1ccc(-c2cc(=O)c3c(O)cc(O)c([C@@H]4O[C@H](CO)[C@@H](O)[C@@H](O)[C@@H]4O[C@@H]4O[C@@H](C)[C@@H](O)[C@@H](OP(=O)(O)O)[C@@H]4O)c3o2)cc1"], "mapped_smiles": "[CH3:1][O:2][c:3]1[cH:4][cH:5][c:6](-[c:7]2[cH:8][c:9](=[O:10])[c:11]3[c:12]([OH:13])[cH:14][c:15]([OH:16])[c:17]([C@@H:18]4[O:19][C@H:20]([CH2:21][OH:22])[C@@H:23]([OH:24])[C@@H:25]([OH:26])[C@@H:27]4[O:28][C@@H:29]4[O:30][C@@H:31]([CH3:32])[C@@H:33]([OH:34])[C@@H:35]([O:36][P:901]([OH:900])([OH:902])=[O:903])[C@@H:37]4[OH:38])[c:39]3[o:40]2)[cH:41][cH:42]1", "reacting_atoms": [36, 35], "template_id": "65bf7618263ef0544bfb3455ab5e0cbc", "template_set": ["bkms"], "num_examples": 167, "necessary_reagent": "", "template_score": 0.006002486217767, "rms_molwt": -672.145536226, "num_rings": -5, "plausibility": 1, "tforms": ["65bf7618263ef0544bfb3455ab5e0cbc"], "rank": 13, "score": -144197.5119021882}, {"smiles": "COc1ccc(-c2cc(=O)c3c(O)cc(O)c([C@@H]4O[C@H](CO)[C@@H](O)[C@@H](O)[C@@H]4O)c3o2)cc1.C[C@@H]1O[C@H](OP(=O)(O)OP(=O)(O)OC[C@H]2O[C@@H](n3ccc(=O)[nH]c3=O)[C@H](O)[C@@H]2O)[C@@H](O)[C@H](O)[C@@H]1O", "smiles_split": ["COc1ccc(-c2cc(=O)c3c(O)cc(O)c([C@@H]4O[C@H](CO)[C@@H](O)[C@@H](O)[C@@H]4O)c3o2)cc1", "C[C@@H]1O[C@H](OP(=O)(O)OP(=O)(O)OC[C@H]2O[C@@H](n3ccc(=O)[nH]c3=O)[C@H](O)[C@@H]2O)[C@@H](O)[C@H](O)[C@@H]1O"], "mapped_smiles": "[C@H:29]1([O:924][P:921]([O:920][P:917]([O:916][CH2:915][C@@H:914]2[C@@H:901]([OH:900])[C@@H:902]([OH:903])[C@H:904]([n:905]3[cH:906][cH:907][c:908](=[O:909])[nH:910][c:911]3=[O:912])[O:913]2)([OH:918])=[O:919])([OH:922])=[O:923])[O:30][C@@H:31]([CH3:32])[C@@H:33]([OH:34])[C@@H:35]([OH:36])[C@@H:37]1[OH:38].[CH3:1][O:2][c:3]1[cH:4][cH:5][c:6](-[c:7]2[cH:8][c:9](=[O:10])[c:11]3[c:12]([OH:13])[cH:14][c:15]([OH:16])[c:17]([C@@H:18]4[O:19][C@H:20]([CH2:21][OH:22])[C@@H:23]([OH:24])[C@@H:25]([OH:26])[C@@H:27]4[OH:28])[c:39]3[o:40]2)[cH:41][cH:42]1", "reacting_atoms": [29, 27, 28], "template_id": "347f65f9678561d53774a9724d26f76a", "template_set": ["bkms", "bkms"], "num_examples": 7, "necessary_reagent": "", "template_score": 0.0036403308622539043, "rms_molwt": -500.79453456823575, "num_rings": -7, "plausibility": 1, "tforms": ["cbacaec1b6d07a4ffba87bac5391af97", "347f65f9678561d53774a9724d26f76a"], "rank": 14, "score": -285508.1329864577}, {"smiles": "COc1ccc(-c2cc(=O)c3c(O)cc(O)c([C@@H]4O[C@H](CO)[C@@H](O)[C@@H](O)[C@@H]4O[C@@H](OP(=O)(O)OP(=O)(O)OC[C@H]4O[C@@H](n5ccc(=O)[nH]c5=O)[C@H](O)[C@@H]4O)[C@@H](O)[C@H](O)[C@H](O)[C@H](C)O)c3o2)cc1", "smiles_split": ["COc1ccc(-c2cc(=O)c3c(O)cc(O)c([C@@H]4O[C@H](CO)[C@@H](O)[C@@H](O)[C@@H]4O[C@@H](OP(=O)(O)OP(=O)(O)OC[C@H]4O[C@@H](n5ccc(=O)[nH]c5=O)[C@H](O)[C@@H]4O)[C@@H](O)[C@H](O)[C@H](O)[C@H](C)O)c3o2)cc1"], "mapped_smiles": "[CH3:1][O:2][c:3]1[cH:4][cH:5][c:6](-[c:7]2[cH:8][c:9](=[O:10])[c:11]3[c:12]([OH:13])[cH:14][c:15]([OH:16])[c:17]([C@@H:18]4[O:19][C@H:20]([CH2:21][OH:22])[C@@H:23]([OH:24])[C@@H:25]([OH:26])[C@@H:27]4[O:28][C@H:29]([C@H:37]([C@@H:35]([C@@H:33]([C@@H:31]([OH:30])[CH3:32])[OH:34])[OH:36])[OH:38])[O:924][P:921]([O:920][P:917]([O:916][CH2:915][C@@H:914]4[C@@H:901]([OH:900])[C@@H:902]([OH:903])[C@H:904]([n:905]5[cH:906][cH:907][c:908](=[O:909])[nH:910][c:911]5=[O:912])[O:913]4)([OH:918])=[O:919])([OH:922])=[O:923])[c:39]3[o:40]2)[cH:41][cH:42]1", "reacting_atoms": [29, 31, 30], "template_id": "347f65f9678561d53774a9724d26f76a", "template_set": ["bkms", "bkms"], "num_examples": 7, "necessary_reagent": "", "template_score": 0.0036403308622539043, "rms_molwt": -996.1814028520002, "num_rings": -6, "plausibility": 1, "tforms": ["cbacaec1b6d07a4ffba87bac5391af97", "347f65f9678561d53774a9724d26f76a"], "rank": 15, "score": -419005.9095838389}]}