{"smiles": "Oc1ccc2c(c1)OC[C@@]1(O)c3cc4c(cc3O[C@H]21)OCO4", "sfscore": [0.4340084493160248, 0.6117261648178101], "chem_result": [{"smiles": "Oc1ccc2c(c1)OC[C@@]1(O)c3cc4c(cc3O[C@H]21)OCO4", "bw_confidence": 0.07999974738612373, "confidence": 0.16221512044974482, "rclass": "6 6.3 6.3.7", "children": [{"smiles": "BrB(Br)Br"}, {"smiles": "COc1ccc2c(c1)OC[C@@]1(O)c3cc4c(cc3O[C@H]21)OCO4"}, {"smiles": "ClCCl"}]}, {"smiles": "Oc1ccc2c(c1)OC[C@@]1(O)c3cc4c(cc3O[C@H]21)OCO4", "bw_confidence": 0.053173605960563995, "confidence": 0.4524862528836401, "rclass": "9 9.7 9.7.173", "children": [{"smiles": "Nc1ccc2c(c1)OC[C@@]1(O)c3cc4c(cc3O[C@H]21)OCO4"}, {"smiles": "O"}, {"smiles": "O=N[O-]~[Na+]"}, {"smiles": "O=S(=O)(O)O"}]}, {"smiles": "Oc1ccc2c(c1)OC[C@@]1(O)c3cc4c(cc3O[C@H]21)OCO4", "bw_confidence": 0.03499015471399604, "confidence": 0.28253964543656823, "rclass": "11 11.1 11.1", "children": [{"smiles": "CO"}, {"smiles": "Oc1ccc2c(c1)OCC1(O)c3cc4c(cc3OC21)OCO4"}]}, {"smiles": "Oc1ccc2c(c1)OC[C@@]1(O)c3cc4c(cc3O[C@H]21)OCO4", "bw_confidence": 0.015549151341010018, "confidence": 0.14496738120302582, "rclass": "7 7.5 7.5.1", "children": [{"smiles": "C1CCOC1"}, {"smiles": "O=C1Oc2cc(O)ccc2C2Oc3cc4c(cc3C12)OCO4"}, {"smiles": "[Li+]~[AlH4-]"}]}, {"smiles": "Oc1ccc2c(c1)OC[C@@]1(O)c3cc4c(cc3O[C@H]21)OCO4", "bw_confidence": 0.011875474272170073, "confidence": 0.03691515667159174, "rclass": "0 0 0", "children": [{"smiles": "CN(C)C=O"}, {"smiles": "O=C([O-])[O-]~[K+]~[K+]"}, {"smiles": "Oc1ccc2c(c1)OC[C@@]1(O)c3cc(O)c(O)cc3O[C@H]21"}]}, {"smiles": "Oc1ccc2c(c1)OC[C@@]1(O)c3cc4c(cc3O[C@H]21)OCO4", "bw_confidence": 0.011694964033255716, "confidence": 0.35683643686842753, "rclass": "4 4.2 4.2.20", "children": [{"smiles": "BrCBr"}, {"smiles": "CN(C)C=O"}, {"smiles": "O=C([O-])[O-]~[K+]~[K+]"}, {"smiles": "Oc1ccc2c(c1)OC[C@@]1(O)c3cc(O)c(O)cc3O[C@H]21"}]}, {"smiles": "Oc1ccc2c(c1)OC[C@@]1(O)c3cc4c(cc3O[C@H]21)OCO4", "bw_confidence": 0.008196429515796896, "confidence": 0.25243988301306564, "rclass": "0 0 0", "children": [{"smiles": "O=C1COc2cc(O)ccc21"}, {"smiles": "Oc1cccc(O)c1"}]}, {"smiles": "Oc1ccc2c(c1)OC[C@@]1(O)c3cc4c(cc3O[C@H]21)OCO4", "bw_confidence": 0.006986103073671763, "confidence": 0.11357289820395013, "rclass": "8 8.8 8.8.11", "children": [{"smiles": "O=O"}, {"smiles": "Oc1ccc2c(c1)OCC1c3cc4c(cc3OC21)OCO4"}]}, {"smiles": "Oc1ccc2c(c1)OC[C@@]1(O)c3cc4c(cc3O[C@H]21)OCO4", "bw_confidence": 0.003459688017483776, "confidence": 0.2030137461090531, "rclass": "0 0 0", "children": [{"smiles": "O=C1COc2cc(O)ccc2C1=O"}, {"smiles": "Oc1cccc(O)c1"}]}, {"smiles": "Oc1ccc2c(c1)OC[C@@]1(O)c3cc4c(cc3O[C@H]21)OCO4", "bw_confidence": 0.0032639387288297367, "confidence": 0.18571916686353043, "rclass": "0 0 0", "children": [{"smiles": "Oc1ccc2c(c1)OCc1c-2oc2cc3c(cc12)OCO3"}, {"smiles": "[OH-]~[Na+]"}]}, {"smiles": "Oc1ccc2c(c1)OC[C@@]1(O)c3cc4c(cc3O[C@H]21)OCO4", "bw_confidence": 0.0014235945992550128, "confidence": 0.18629346473895744, "rclass": "1 1.7 1.7.11", "children": [{"smiles": "CN(C)C=O"}, {"smiles": "O=C([O-])[O-]~[K+]~[K+]"}, {"smiles": "OC[C@@]1(O)c2cc3c(cc2O[C@@H]1c1ccc(O)cc1Br)OCO3"}]}, {"smiles": "Oc1ccc2c(c1)OC[C@@]1(O)c3cc4c(cc3O[C@H]21)OCO4", "bw_confidence": 0.00045637579089998496, "confidence": 0.10406094721419398, "rclass": "11 11.7 11.7", "children": [{"smiles": "COc1ccc2c(c1)OC[C@@]1(O)c3cc4c(cc3O[C@H]21)OCO4"}, {"smiles": "COc1ccc2c(c1)OC[C@@]1(O)c3cc4c(cc3O[C@H]21)OCO4"}]}], "chem_bw_confidence_list": [0.07999974738612373, 0.053173605960563995, 0.03499015471399604, 0.015549151341010018, 0.011875474272170073, 0.011694964033255716, 0.008196429515796896, 0.006986103073671763, 0.003459688017483776, 0.0032639387288297367, 0.0014235945992550128, 0.00045637579089998496], "enzy_template_score_list": [0.7147021889686584, 0.06751051545143127, 0.037260718643665314, 0.037260718643665314, 0.022750860080122948, 0.03861905261874199, 0.011860952712595463, 0.011860952712595463, 0.011860952712595463, 0.011860952712595463, 0.011860952712595463, 0.008113344199955463, 0.008113344199955463, 0.008113344199955463, 0.008113344199955463], "enzy_result": [{"smiles": "Oc1ccc2c(c1)OC[C@H]1c3cc4c(cc3O[C@H]21)OCO4", "smiles_split": ["Oc1ccc2c(c1)OC[C@H]1c3cc4c(cc3O[C@H]21)OCO4"], "mapped_smiles": "[OH:1][c:2]1[cH:3][cH:4][c:5]2[c:6]([cH:7]1)[O:8][CH2:9][C@H:10]1[c:12]3[cH:13][c:14]4[c:15]([cH:16][c:17]3[O:18][C@H:19]21)[O:20][CH2:21][O:22]4", "reacting_atoms": [10], "template_id": "08121ec5a60bb4567f09fee7c0473976", "template_set": ["bkms", "bkms"], "num_examples": 2, "necessary_reagent": "[O]", "template_score": 0.7147021889686584, "rms_molwt": -284.068473484, "num_rings": -5, "plausibility": 1, "tforms": ["14f1a1a56b69a7ad4c62e41df5c03c96", "08121ec5a60bb4567f09fee7c0473976"], "rank": 1, "score": -340.0540845138732}, {"smiles": "O[C@@]12COc3ccccc3[C@H]1Oc1cc3c(cc12)OCO3", "smiles_split": ["O[C@@]12COc3ccccc3[C@H]1Oc1cc3c(cc12)OCO3"], "mapped_smiles": "[cH:2]1[cH:3][cH:4][c:5]2[c:6]([cH:7]1)[O:8][CH2:9][C@@:10]1([OH:11])[c:12]3[cH:13][c:14]4[c:15]([cH:16][c:17]3[O:18][C@H:19]21)[O:20][CH2:21][O:22]4", "reacting_atoms": [2], "template_id": "3c2c4cfbcb3bcb992a014c1db6900c8d", "template_set": ["bkms"], "num_examples": 207, "necessary_reagent": "[O]", "template_score": 0.06751051545143127, "rms_molwt": -284.068473484, "num_rings": -5, "plausibility": 1, "tforms": ["3c2c4cfbcb3bcb992a014c1db6900c8d"], "rank": 2, "score": -3599.993229864249}, {"smiles": "COc1cc2c(cc1O)O[C@@H]1c3ccc(O)cc3OC[C@@]21O", "smiles_split": ["COc1cc2c(cc1O)O[C@@H]1c3ccc(O)cc3OC[C@@]21O"], "mapped_smiles": "[OH:1][c:2]1[cH:3][cH:4][c:5]2[c:6]([cH:7]1)[O:8][CH2:9][C@@:10]1([OH:11])[c:12]3[cH:13][c:14]([O:22][CH3:21])[c:15]([OH:20])[cH:16][c:17]3[O:18][C@H:19]21", "reacting_atoms": [21, 20], "template_id": "520686003eb202bff4b157bc756db47f", "template_set": ["bkms"], "num_examples": 19, "necessary_reagent": "", "template_score": 0.037260718643665314, "rms_molwt": -302.079038168, "num_rings": -4, "plausibility": 1, "tforms": ["520686003eb202bff4b157bc756db47f"], "rank": 3, "score": -6360.739112327714}, {"smiles": "COc1cc2c(cc1O)[C@]1(O)COc3cc(O)ccc3[C@H]1O2", "smiles_split": ["COc1cc2c(cc1O)[C@]1(O)COc3cc(O)ccc3[C@H]1O2"], "mapped_smiles": "[OH:1][c:2]1[cH:3][cH:4][c:5]2[c:6]([cH:7]1)[O:8][CH2:9][C@@:10]1([OH:11])[c:12]3[cH:13][c:14]([OH:22])[c:15]([O:20][CH3:21])[cH:16][c:17]3[O:18][C@H:19]21", "reacting_atoms": [21, 22], "template_id": "520686003eb202bff4b157bc756db47f", "template_set": ["bkms"], "num_examples": 19, "necessary_reagent": "", "template_score": 0.037260718643665314, "rms_molwt": -302.079038168, "num_rings": -4, "plausibility": 1, "tforms": ["520686003eb202bff4b157bc756db47f"], "rank": 4, "score": -6360.739112327714}, {"smiles": "COc1ccc2c(c1)OC[C@@]1(O)c3cc4c(cc3O[C@H]21)OCO4", "smiles_split": ["COc1ccc2c(c1)OC[C@@]1(O)c3cc4c(cc3O[C@H]21)OCO4"], "mapped_smiles": "[O:1]([c:2]1[cH:3][cH:4][c:5]2[c:6]([cH:7]1)[O:8][CH2:9][C@@:10]1([OH:11])[c:12]3[cH:13][c:14]4[c:15]([cH:16][c:17]3[O:18][C@H:19]21)[O:20][CH2:21][O:22]4)[CH3:900]", "reacting_atoms": [1], "template_id": "c11dbf440d2e73a73293e1875c2ee134", "template_set": ["bkms"], "num_examples": 59, "necessary_reagent": "", "template_score": 0.022750860080122948, "rms_molwt": -314.07903816799995, "num_rings": -5, "plausibility": 1, "tforms": ["c11dbf440d2e73a73293e1875c2ee134"], "rank": 5, "score": -11875.483762044132}, {"smiles": "OC[C@H]1O[C@@H](Oc2ccc3c(c2)OC[C@@]2(O)c4cc5c(cc4O[C@H]32)OCO5)[C@H](O)[C@@H](O)[C@@H]1O", "smiles_split": ["OC[C@H]1O[C@@H](Oc2ccc3c(c2)OC[C@@]2(O)c4cc5c(cc4O[C@H]32)OCO5)[C@H](O)[C@@H](O)[C@@H]1O"], "mapped_smiles": "[O:1]([c:2]1[cH:3][cH:4][c:5]2[c:6]([cH:7]1)[O:8][CH2:9][C@@:10]1([OH:11])[c:12]3[cH:13][c:14]4[c:15]([cH:16][c:17]3[O:18][C@H:19]21)[O:20][CH2:21][O:22]4)[C@@H:904]1[O:903][C@H:902]([CH2:901][OH:900])[C@@H:909]([OH:910])[C@H:907]([OH:908])[C@H:905]1[OH:906]", "reacting_atoms": [1], "template_id": "f0188a61a7d798559e3dd775fb7ce3ce", "template_set": ["bkms"], "num_examples": 38, "necessary_reagent": "", "template_score": 0.03861905261874199, "rms_molwt": -462.1162115239999, "num_rings": -6, "plausibility": 1, "tforms": ["f0188a61a7d798559e3dd775fb7ce3ce"], "rank": 6, "score": -14332.528363759935}, {"smiles": "Oc1cc(O)c2c(c1)OC[C@@]1(O)c3cc4c(cc3O[C@H]21)OCO4", "smiles_split": ["Oc1cc(O)c2c(c1)OC[C@@]1(O)c3cc4c(cc3O[C@H]21)OCO4"], "mapped_smiles": "[OH:1][c:2]1[cH:3][c:4]([OH:900])[c:5]2[c:6]([cH:7]1)[O:8][CH2:9][C@@:10]1([OH:11])[c:12]3[cH:13][c:14]4[c:15]([cH:16][c:17]3[O:18][C@H:19]21)[O:20][CH2:21][O:22]4", "reacting_atoms": [4], "template_id": "f53e9cbdf728108a37f743b6e04eb4f2", "template_set": ["bkms"], "num_examples": 56, "necessary_reagent": "", "template_score": 0.011860952712595463, "rms_molwt": -316.058302724, "num_rings": -5, "plausibility": 1, "tforms": ["f53e9cbdf728108a37f743b6e04eb4f2"], "rank": 7, "score": -22778.732535298743}, {"smiles": "Oc1ccc2c(c1)OC[C@@]1(O)c3c(cc4c(c3O)OCO4)O[C@H]21", "smiles_split": ["Oc1ccc2c(c1)OC[C@@]1(O)c3c(cc4c(c3O)OCO4)O[C@H]21"], "mapped_smiles": "[OH:1][c:2]1[cH:3][cH:4][c:5]2[c:6]([cH:7]1)[O:8][CH2:9][C@@:10]1([OH:11])[c:12]3[c:13]([OH:900])[c:14]4[c:15]([cH:16][c:17]3[O:18][C@H:19]21)[O:20][CH2:21][O:22]4", "reacting_atoms": [13], "template_id": "f53e9cbdf728108a37f743b6e04eb4f2", "template_set": ["bkms"], "num_examples": 56, "necessary_reagent": "", "template_score": 0.011860952712595463, "rms_molwt": -316.058302724, "num_rings": -5, "plausibility": 1, "tforms": ["f53e9cbdf728108a37f743b6e04eb4f2"], "rank": 8, "score": -22778.732535298743}, {"smiles": "Oc1ccc2c(c1)OC[C@@]1(O)c3cc4c(c(O)c3O[C@H]21)OCO4", "smiles_split": ["Oc1ccc2c(c1)OC[C@@]1(O)c3cc4c(c(O)c3O[C@H]21)OCO4"], "mapped_smiles": "[OH:1][c:2]1[cH:3][cH:4][c:5]2[c:6]([cH:7]1)[O:8][CH2:9][C@@:10]1([OH:11])[c:12]3[cH:13][c:14]4[c:15]([c:16]([OH:900])[c:17]3[O:18][C@H:19]21)[O:20][CH2:21][O:22]4", "reacting_atoms": [16], "template_id": "f53e9cbdf728108a37f743b6e04eb4f2", "template_set": ["bkms"], "num_examples": 56, "necessary_reagent": "", "template_score": 0.011860952712595463, "rms_molwt": -316.058302724, "num_rings": -5, "plausibility": 1, "tforms": ["f53e9cbdf728108a37f743b6e04eb4f2"], "rank": 9, "score": -22778.732535298743}, {"smiles": "Oc1cc2c(cc1O)[C@H]1Oc3cc4c(cc3[C@]1(O)CO2)OCO4", "smiles_split": ["Oc1cc2c(cc1O)[C@H]1Oc3cc4c(cc3[C@]1(O)CO2)OCO4"], "mapped_smiles": "[OH:1][c:2]1[c:3]([OH:900])[cH:4][c:5]2[c:6]([cH:7]1)[O:8][CH2:9][C@@:10]1([OH:11])[c:12]3[cH:13][c:14]4[c:15]([cH:16][c:17]3[O:18][C@H:19]21)[O:20][CH2:21][O:22]4", "reacting_atoms": [3], "template_id": "f53e9cbdf728108a37f743b6e04eb4f2", "template_set": ["bkms"], "num_examples": 56, "necessary_reagent": "", "template_score": 0.011860952712595463, "rms_molwt": -316.05830272399993, "num_rings": -5, "plausibility": 1, "tforms": ["f53e9cbdf728108a37f743b6e04eb4f2"], "rank": 10, "score": -22778.732535298743}, {"smiles": "Oc1ccc2c(c1O)OC[C@@]1(O)c3cc4c(cc3O[C@H]21)OCO4", "smiles_split": ["Oc1ccc2c(c1O)OC[C@@]1(O)c3cc4c(cc3O[C@H]21)OCO4"], "mapped_smiles": "[OH:1][c:2]1[cH:3][cH:4][c:5]2[c:6]([c:7]1[OH:900])[O:8][CH2:9][C@@:10]1([OH:11])[c:12]3[cH:13][c:14]4[c:15]([cH:16][c:17]3[O:18][C@H:19]21)[O:20][CH2:21][O:22]4", "reacting_atoms": [7], "template_id": "f53e9cbdf728108a37f743b6e04eb4f2", "template_set": ["bkms"], "num_examples": 56, "necessary_reagent": "", "template_score": 0.011860952712595463, "rms_molwt": -316.058302724, "num_rings": -5, "plausibility": 1, "tforms": ["f53e9cbdf728108a37f743b6e04eb4f2"], "rank": 11, "score": -22778.732535298743}, {"smiles": "OC[C@H]1O[C@@H](c2c(O)ccc3c2OC[C@@]2(O)c4cc5c(cc4O[C@H]32)OCO5)[C@H](O)[C@@H](O)[C@@H]1O", "smiles_split": ["OC[C@H]1O[C@@H](c2c(O)ccc3c2OC[C@@]2(O)c4cc5c(cc4O[C@H]32)OCO5)[C@H](O)[C@@H](O)[C@@H]1O"], "mapped_smiles": "[OH:1][c:2]1[cH:3][cH:4][c:5]2[c:6]([c:7]1[C@@H:904]1[O:903][C@H:902]([CH2:901][OH:900])[C@@H:909]([OH:910])[C@H:907]([OH:908])[C@H:905]1[OH:906])[O:8][CH2:9][C@@:10]1([OH:11])[c:12]3[cH:13][c:14]4[c:15]([cH:16][c:17]3[O:18][C@H:19]21)[O:20][CH2:21][O:22]4", "reacting_atoms": [7], "template_id": "6645586c5685a408995f7c1ec66389c3", "template_set": ["bkms", "bkms"], "num_examples": 3, "necessary_reagent": "", "template_score": 0.008113344199955463, "rms_molwt": -462.1162115239999, "num_rings": -6, "plausibility": 1, "tforms": ["6645586c5685a408995f7c1ec66389c3", "98eb4d19c5fb57e1ab74ec76702f6f6e"], "rank": 12, "score": -68222.01220585407}, {"smiles": "OC[C@H]1O[C@@H](c2cc3c(cc2O)OC[C@@]2(O)c4cc5c(cc4O[C@H]32)OCO5)[C@H](O)[C@@H](O)[C@@H]1O", "smiles_split": ["OC[C@H]1O[C@@H](c2cc3c(cc2O)OC[C@@]2(O)c4cc5c(cc4O[C@H]32)OCO5)[C@H](O)[C@@H](O)[C@@H]1O"], "mapped_smiles": "[OH:1][c:2]1[c:3]([C@@H:904]2[O:903][C@H:902]([CH2:901][OH:900])[C@@H:909]([OH:910])[C@H:907]([OH:908])[C@H:905]2[OH:906])[cH:4][c:5]2[c:6]([cH:7]1)[O:8][CH2:9][C@@:10]1([OH:11])[c:12]3[cH:13][c:14]4[c:15]([cH:16][c:17]3[O:18][C@H:19]21)[O:20][CH2:21][O:22]4", "reacting_atoms": [3], "template_id": "6645586c5685a408995f7c1ec66389c3", "template_set": ["bkms", "bkms"], "num_examples": 3, "necessary_reagent": "", "template_score": 0.008113344199955463, "rms_molwt": -462.1162115239999, "num_rings": -6, "plausibility": 1, "tforms": ["6645586c5685a408995f7c1ec66389c3", "98eb4d19c5fb57e1ab74ec76702f6f6e"], "rank": 13, "score": -68222.01220585407}, {"smiles": "OC[C@H]1O[C@@H](c2c3c(cc4c2O[C@@H]2c5ccc(O)cc5OC[C@@]42O)OCO3)[C@H](O)[C@@H](O)[C@@H]1O", "smiles_split": ["OC[C@H]1O[C@@H](c2c3c(cc4c2O[C@@H]2c5ccc(O)cc5OC[C@@]42O)OCO3)[C@H](O)[C@@H](O)[C@@H]1O"], "mapped_smiles": "[OH:1][c:2]1[cH:3][cH:4][c:5]2[c:6]([cH:7]1)[O:8][CH2:9][C@@:10]1([OH:11])[c:12]3[cH:13][c:14]4[c:15]([c:16]([C@@H:904]5[O:903][C@H:902]([CH2:901][OH:900])[C@@H:909]([OH:910])[C@H:907]([OH:908])[C@H:905]5[OH:906])[c:17]3[O:18][C@H:19]21)[O:20][CH2:21][O:22]4", "reacting_atoms": [16], "template_id": "6645586c5685a408995f7c1ec66389c3", "template_set": ["bkms", "bkms"], "num_examples": 3, "necessary_reagent": "", "template_score": 0.008113344199955463, "rms_molwt": -462.1162115239998, "num_rings": -6, "plausibility": 1, "tforms": ["6645586c5685a408995f7c1ec66389c3", "98eb4d19c5fb57e1ab74ec76702f6f6e"], "rank": 14, "score": -68222.01220585407}, {"smiles": "OC[C@H]1O[C@@H](c2c3c(cc4c2[C@]2(O)COc5cc(O)ccc5[C@H]2O4)OCO3)[C@H](O)[C@@H](O)[C@@H]1O", "smiles_split": ["OC[C@H]1O[C@@H](c2c3c(cc4c2[C@]2(O)COc5cc(O)ccc5[C@H]2O4)OCO3)[C@H](O)[C@@H](O)[C@@H]1O"], "mapped_smiles": "[OH:1][c:2]1[cH:3][cH:4][c:5]2[c:6]([cH:7]1)[O:8][CH2:9][C@@:10]1([OH:11])[c:12]3[c:13]([C@@H:904]4[O:903][C@H:902]([CH2:901][OH:900])[C@@H:909]([OH:910])[C@H:907]([OH:908])[C@H:905]4[OH:906])[c:14]4[c:15]([cH:16][c:17]3[O:18][C@H:19]21)[O:20][CH2:21][O:22]4", "reacting_atoms": [13], "template_id": "6645586c5685a408995f7c1ec66389c3", "template_set": ["bkms", "bkms"], "num_examples": 3, "necessary_reagent": "", "template_score": 0.008113344199955463, "rms_molwt": -462.1162115239999, "num_rings": -6, "plausibility": 1, "tforms": ["6645586c5685a408995f7c1ec66389c3", "98eb4d19c5fb57e1ab74ec76702f6f6e"], "rank": 15, "score": -68222.01220585407}]}