{"smiles": "COC(=O)CCc1ccc(CN)nn1", "sfscore": [0.5924631953239441, 0.40588024258613586], "chem_result": [{"smiles": "COC(=O)CCc1ccc(CN)nn1", "bw_confidence": 0.28762758501736424, "confidence": 0.9471874852065294, "rclass": "2 2.6 2.6.3", "children": [{"smiles": "CO"}, {"smiles": "NCc1ccc(CCC(=O)O)nn1"}, {"smiles": "O=S(=O)(O)O"}]}, {"smiles": "COC(=O)CCc1ccc(CN)nn1", "bw_confidence": 0.2314156766409156, "confidence": 0.38318245752577895, "rclass": "1 1.7 1.7.6", "children": [{"smiles": "CO"}, {"smiles": "NCc1ccc(CCC(=O)O)nn1"}, {"smiles": "O=S(Cl)Cl"}]}, {"smiles": "COC(=O)CCc1ccc(CN)nn1", "bw_confidence": 0.15845667453929504, "confidence": 0.9356180494696666, "rclass": "6 6.1 6.1.7", "children": [{"smiles": "CO"}, {"smiles": "COC(=O)CCc1ccc(CN2C(=O)c3ccccc3C2=O)nn1"}, {"smiles": "NN~O"}]}, {"smiles": "COC(=O)CCc1ccc(CN)nn1", "bw_confidence": 0.14738842666677157, "confidence": 0.9767436267933495, "rclass": "9 9.7 9.7.13", "children": [{"smiles": "CO"}, {"smiles": "COC(=O)CCc1ccc(CN=[N+]=[N-])nn1"}, {"smiles": "[Pd]"}]}, {"smiles": "COC(=O)CCc1ccc(CN)nn1", "bw_confidence": 0.12146619937565092, "confidence": 0.9462003275315483, "rclass": "7 7.6 7.6.1", "children": [{"smiles": "CO"}, {"smiles": "COC(=O)/C=C/c1ccc(CN)nn1"}, {"smiles": "[Pd]"}]}, {"smiles": "COC(=O)CCc1ccc(CN)nn1", "bw_confidence": 0.06578367500736994, "confidence": 0.5028063129704222, "rclass": "3 3.11 3.11.89", "children": [{"smiles": "C=CC(=O)OC"}, {"smiles": "NCc1ccc(Cl)nn1"}]}, {"smiles": "COC(=O)CCc1ccc(CN)nn1", "bw_confidence": 0.043538258611576175, "confidence": 0.9596715060451346, "rclass": "0 0 0", "children": [{"smiles": "C#CCN"}, {"smiles": "COC(=O)CCC(=O)Cl"}]}, {"smiles": "COC(=O)CCc1ccc(CN)nn1", "bw_confidence": 0.03240123453533593, "confidence": 0.6679448483708088, "rclass": "11 11.9 11.9", "children": [{"smiles": "COC(=O)CCc1ccc(CN)nn1~Cl"}, {"smiles": "O"}, {"smiles": "[OH-]~[Na+]"}]}, {"smiles": "COC(=O)CCc1ccc(CN)nn1", "bw_confidence": 0.030621650633441577, "confidence": 0.9234745489799937, "rclass": "6 6.1 6.1.7", "children": [{"smiles": "COC(=O)CCc1ccc(CN2C(=O)c3ccccc3C2=O)nn1"}, {"smiles": "NN~O"}]}, {"smiles": "COC(=O)CCc1ccc(CN)nn1", "bw_confidence": 0.01893513066989123, "confidence": 0.7291993574204564, "rclass": "0 0 0", "children": [{"smiles": "CO"}, {"smiles": "COC(=O)/C=C/c1ccc(C#N)nn1"}, {"smiles": "[Pd]"}]}], "chem_bw_confidence_list": [0.28762758501736424, 0.2314156766409156, 0.15845667453929504, 0.14738842666677157, 0.12146619937565092, 0.06578367500736994, 0.043538258611576175, 0.03240123453533593, 0.030621650633441577, 0.01893513066989123], "enzy_template_score_list": [0.6784693002700806, 0.11108636111021042, 0.04419614002108574, 0.029446512460708618, 0.009016129188239574, 0.0075122155249118805, 0.011658505536615849, 0.005329224746674299, 0.005054113455116749, 0.002428318141028285, 0.0018185387598350644, 0.0023173182271420956, 0.0012909361394122243, 0.001483184052631259, 0.0018645249074324965], "enzy_result": [{"smiles": "NCc1ccc(CCC(=O)O)nn1", "smiles_split": ["NCc1ccc(CCC(=O)O)nn1"], "mapped_smiles": "[OH:2][C:3](=[O:4])[CH2:5][CH2:6][c:7]1[cH:8][cH:9][c:10]([CH2:11][NH2:12])[n:13][n:14]1", "reacting_atoms": [2], "template_id": "8a2c9ffc62e99343dd11de42c4e00262", "template_set": ["bkms", "bkms"], "num_examples": 64, "necessary_reagent": "[C]", "template_score": 0.6784693002700806, "rms_molwt": -181.085126592, "num_rings": -1, "plausibility": 1, "tforms": ["16b2a3e2e6b9d559d878b223e5a12dd1", "8a2c9ffc62e99343dd11de42c4e00262"], "rank": 1, "score": -139.64424495603342}, {"smiles": "COC(=O)CCc1ccc(CNC(C)=O)nn1", "smiles_split": ["COC(=O)CCc1ccc(CNC(C)=O)nn1"], "mapped_smiles": "[CH3:1][O:2][C:3](=[O:4])[CH2:5][CH2:6][c:7]1[cH:8][cH:9][c:10]([CH2:11][NH:12][C:901]([CH3:900])=[O:902])[n:13][n:14]1", "reacting_atoms": [12], "template_id": "d894f7b7841da60b74742d99a5a5bb35", "template_set": ["bkms"], "num_examples": 28, "necessary_reagent": "", "template_score": 0.11108636111021042, "rms_molwt": -237.11134134, "num_rings": -1, "plausibility": 1, "tforms": ["d894f7b7841da60b74742d99a5a5bb35"], "rank": 2, "score": -1261.9514211282901}, {"smiles": "CNCc1ccc(CCC(=O)OC)nn1", "smiles_split": ["CNCc1ccc(CCC(=O)OC)nn1"], "mapped_smiles": "[CH3:1][O:2][C:3](=[O:4])[CH2:5][CH2:6][c:7]1[cH:8][cH:9][c:10]([CH2:11][NH:12][CH3:900])[n:13][n:14]1", "reacting_atoms": [12], "template_id": "3da917dd3c393d47a13567247125cb57", "template_set": ["bkms"], "num_examples": 14, "necessary_reagent": "", "template_score": 0.04419614002108574, "rms_molwt": -209.11642672, "num_rings": -1, "plausibility": 1, "tforms": ["3da917dd3c393d47a13567247125cb57"], "rank": 3, "score": -2628.9513140918893}, {"smiles": "COC(=O)CCc1ccc(CNC=O)nn1", "smiles_split": ["COC(=O)CCc1ccc(CNC=O)nn1"], "mapped_smiles": "[CH3:1][O:2][C:3](=[O:4])[CH2:5][CH2:6][c:7]1[cH:8][cH:9][c:10]([CH2:11][NH:12][CH:901]=[O:900])[n:13][n:14]1", "reacting_atoms": [12], "template_id": "d54b0a0696dcc8c23caf14780ed73884", "template_set": ["bkms"], "num_examples": 6, "necessary_reagent": "", "template_score": 0.029446512460708618, "rms_molwt": -223.095691276, "num_rings": -1, "plausibility": 1, "tforms": ["d54b0a0696dcc8c23caf14780ed73884"], "rank": 4, "score": -4346.864511401624}, {"smiles": "COC(=O)CCc1ccc(CNCC(=O)O)nn1", "smiles_split": ["COC(=O)CCc1ccc(CNCC(=O)O)nn1"], "mapped_smiles": "[CH3:1][O:2][C:3](=[O:4])[CH2:5][CH2:6][c:7]1[cH:8][cH:9][c:10]([CH2:11][NH:12][CH2:903][C:901]([OH:900])=[O:902])[n:13][n:14]1", "reacting_atoms": [12], "template_id": "aaaf3e48f0fa6bdf12f7ccde42db7c1a", "template_set": ["bkms"], "num_examples": 2, "necessary_reagent": "", "template_score": 0.009016129188239574, "rms_molwt": -253.10625596, "num_rings": -1, "plausibility": 1, "tforms": ["aaaf3e48f0fa6bdf12f7ccde42db7c1a"], "rank": 5, "score": -16940.20366694815}, {"smiles": "COC(=O)CCc1ccc(CNC(=N)N)nn1", "smiles_split": ["COC(=O)CCc1ccc(CNC(=N)N)nn1"], "mapped_smiles": "[CH3:1][O:2][C:3](=[O:4])[CH2:5][CH2:6][c:7]1[cH:8][cH:9][c:10]([CH2:11][NH:12][C:901]([NH2:900])=[NH:902])[n:13][n:14]1", "reacting_atoms": [12], "template_id": "08add6c41136941e28a79944dc213b00", "template_set": ["bkms"], "num_examples": 9, "necessary_reagent": "", "template_score": 0.0075122155249118805, "rms_molwt": -237.12257472, "num_rings": -1, "plausibility": 1, "tforms": ["08add6c41136941e28a79944dc213b00"], "rank": 6, "score": -18661.018284967915}, {"smiles": "COC(=O)CCc1ccc(CNC(=O)CC[C@H](N)C(=O)O)nn1", "smiles_split": ["COC(=O)CCc1ccc(CNC(=O)CC[C@H](N)C(=O)O)nn1"], "mapped_smiles": "[CH3:1][O:2][C:3](=[O:4])[CH2:5][CH2:6][c:7]1[cH:8][cH:9][c:10]([CH2:11][NH:12][C:904]([CH2:903][CH2:902][C@H:901]([NH2:900])[C:906]([OH:907])=[O:908])=[O:905])[n:13][n:14]1", "reacting_atoms": [12], "template_id": "2fa1a6a80a242402bb52dbcbbcb2cb5e", "template_set": ["bkms"], "num_examples": 5, "necessary_reagent": "", "template_score": 0.011658505536615849, "rms_molwt": -324.14336974, "num_rings": -1, "plausibility": 1, "tforms": ["2fa1a6a80a242402bb52dbcbbcb2cb5e"], "rank": 7, "score": -19094.063932400233}, {"smiles": "COC(=O)CCc1ccc(CNC(=O)O)nn1", "smiles_split": ["COC(=O)CCc1ccc(CNC(=O)O)nn1"], "mapped_smiles": "[CH3:1][O:2][C:3](=[O:4])[CH2:5][CH2:6][c:7]1[cH:8][cH:9][c:10]([CH2:11][NH:12][C:901]([OH:900])=[O:902])[n:13][n:14]1", "reacting_atoms": [12], "template_id": "069dd8c1d748523e2825c5a2b434d123", "template_set": ["bkms"], "num_examples": 1, "necessary_reagent": "", "template_score": 0.005329224746674299, "rms_molwt": -239.090605896, "num_rings": -1, "plausibility": 1, "tforms": ["069dd8c1d748523e2825c5a2b434d123"], "rank": 8, "score": -26305.0627314007}, {"smiles": "COC(=O)CCc1ccc(CNC(N)=O)nn1", "smiles_split": ["COC(=O)CCc1ccc(CNC(N)=O)nn1"], "mapped_smiles": "[CH3:1][O:2][C:3](=[O:4])[CH2:5][CH2:6][c:7]1[cH:8][cH:9][c:10]([CH2:11][NH:12][C:901]([NH2:900])=[O:902])[n:13][n:14]1", "reacting_atoms": [12], "template_id": "4c4aab061589e4012144faf880565288", "template_set": ["bkms"], "num_examples": 5, "necessary_reagent": "", "template_score": 0.005054113455116749, "rms_molwt": -238.106590308, "num_rings": -1, "plausibility": 1, "tforms": ["4c4aab061589e4012144faf880565288"], "rank": 9, "score": -27736.930030543248}, {"smiles": "COC(=O)CCc1ccc(CNO)nn1", "smiles_split": ["COC(=O)CCc1ccc(CNO)nn1"], "mapped_smiles": "[CH3:1][O:2][C:3](=[O:4])[CH2:5][CH2:6][c:7]1[cH:8][cH:9][c:10]([CH2:11][NH:12][OH:900])[n:13][n:14]1", "reacting_atoms": [12], "template_id": "d699d652112cb1e6de21998a52035652", "template_set": ["bkms"], "num_examples": 2, "necessary_reagent": "", "template_score": 0.002428318141028285, "rms_molwt": -211.095691276, "num_rings": -1, "plausibility": 1, "tforms": ["d699d652112cb1e6de21998a52035652"], "rank": 10, "score": -47847.72572551857}, {"smiles": "COC(=O)CCc1ccc(C=O)nn1", "smiles_split": ["COC(=O)CCc1ccc(C=O)nn1"], "mapped_smiles": "[CH3:1][O:2][C:3](=[O:4])[CH2:5][CH2:6][c:7]1[cH:8][cH:9][c:10]([CH:11]=[O:900])[n:13][n:14]1", "reacting_atoms": [11], "template_id": "dc97920324254ef69d518d7d7d74b421", "template_set": ["bkms"], "num_examples": 3, "necessary_reagent": "[N]", "template_score": 0.0018185387598350644, "rms_molwt": -194.06914218, "num_rings": -1, "plausibility": 1, "tforms": ["dc97920324254ef69d518d7d7d74b421"], "rank": 11, "score": -58160.105885927354}, {"smiles": "CCN(O)Cc1ccc(CCC(=O)OC)nn1", "smiles_split": ["CCN(O)Cc1ccc(CCC(=O)OC)nn1"], "mapped_smiles": "[CH3:1][O:2][C:3](=[O:4])[CH2:5][CH2:6][c:7]1[cH:8][cH:9][c:10]([CH2:11][N:12]([CH2:901][CH3:900])[OH:902])[n:13][n:14]1", "reacting_atoms": [12], "template_id": "adde32404cbd2214d251de08eb5c549a", "template_set": ["bkms"], "num_examples": 1, "necessary_reagent": "", "template_score": 0.0023173182271420956, "rms_molwt": -239.126991404, "num_rings": -1, "plausibility": 1, "tforms": ["adde32404cbd2214d251de08eb5c549a"], "rank": 12, "score": -60494.75192014895}, {"smiles": "COC(=O)CCc1ccc(C[N+](=O)[O-])nn1", "smiles_split": ["COC(=O)CCc1ccc(C[N+](=O)[O-])nn1"], "mapped_smiles": "[CH3:1][O:2][C:3](=[O:4])[CH2:5][CH2:6][c:7]1[cH:8][cH:9][c:10]([CH2:11][N+:12](=[O:900])[O-:901])[n:13][n:14]1", "reacting_atoms": [12], "template_id": "de3fc4cf658ad2c8f8128563004dcd10", "template_set": ["bkms"], "num_examples": 1, "necessary_reagent": "", "template_score": 0.0012909361394122243, "rms_molwt": -225.074955832, "num_rings": -1, "plausibility": 1, "tforms": ["de3fc4cf658ad2c8f8128563004dcd10"], "rank": 13, "score": -99152.85202123139}, {"smiles": "COC(=O)CCc1ccc(CNS(=O)(=O)O)nn1", "smiles_split": ["COC(=O)CCc1ccc(CNS(=O)(=O)O)nn1"], "mapped_smiles": "[CH3:1][O:2][C:3](=[O:4])[CH2:5][CH2:6][c:7]1[cH:8][cH:9][c:10]([CH2:11][NH:12][S:901]([OH:900])(=[O:902])=[O:903])[n:13][n:14]1", "reacting_atoms": [12], "template_id": "64b5467c36535a6d600803a1517586bd", "template_set": ["bkms"], "num_examples": 2, "necessary_reagent": "", "template_score": 0.001483184052631259, "rms_molwt": -275.05759151600006, "num_rings": -1, "plausibility": 1, "tforms": ["64b5467c36535a6d600803a1517586bd"], "rank": 14, "score": -102977.82292449339}, {"smiles": "COC(=O)CCc1ccc(CNCCCNC(C)=O)nn1", "smiles_split": ["COC(=O)CCc1ccc(CNCCCNC(C)=O)nn1"], "mapped_smiles": "[CH3:1][O:2][C:3](=[O:4])[CH2:5][CH2:6][c:7]1[cH:8][cH:9][c:10]([CH2:11][NH:12][CH2:906][CH2:905][CH2:904][NH:903][C:901]([CH3:900])=[O:902])[n:13][n:14]1", "reacting_atoms": [12], "template_id": "24173bc807c27ae14170176392e217ef", "template_set": ["bkms"], "num_examples": 1, "necessary_reagent": "", "template_score": 0.0018645249074324965, "rms_molwt": -294.169190564, "num_rings": -1, "plausibility": 1, "tforms": ["24173bc807c27ae14170176392e217ef"], "rank": 15, "score": -103226.39210713436}]}