{"smiles": "CC(=O)Oc1cc(C)c2c(c1)CC[C@](C)(CC/C=C(\\C)CC/C=C(\\C)CCC=C(C)C)O2", "sfscore": [0.4654844105243683, 0.56719571352005], "chem_result": [{"smiles": "CC(=O)Oc1cc(C)c2c(c1)CC[C@](C)(CC/C=C(\\C)CC/C=C(\\C)CCC=C(C)C)O2", "bw_confidence": 0.10972068063886878, "confidence": 0.40388016247402825, "rclass": "0 0 0", "children": [{"smiles": "CC(=O)OC(C)=O"}, {"smiles": "CC(C)=CCC/C(C)=C/CC/C(C)=C/CC[C@@]1(C)CCc2cc(O)cc(C)c2O1"}, {"smiles": "c1ccncc1"}]}, {"smiles": "CC(=O)Oc1cc(C)c2c(c1)CC[C@](C)(CC/C=C(\\C)CC/C=C(\\C)CCC=C(C)C)O2", "bw_confidence": 0.028283048973143207, "confidence": 0.3934238672024916, "rclass": "0 0 0", "children": [{"smiles": "CC(=O)Oc1ccc2c(c1)CC[C@](C)(CC/C=C(\\C)CC/C=C(\\C)CCC=C(C)C)O2"}, {"smiles": "CC(=O)Oc1ccc2c(c1)CC[C@](C)(CC/C=C(\\C)CC/C=C(\\C)CCC=C(C)C)O2"}]}, {"smiles": "CC(=O)Oc1cc(C)c2c(c1)CC[C@](C)(CC/C=C(\\C)CC/C=C(\\C)CCC=C(C)C)O2", "bw_confidence": 0.020531614821351053, "confidence": 0.26936259047801997, "rclass": "7 7.6 7.6.1", "children": [{"smiles": "CC(=O)Oc1cc(C)c2c(c1)C=C[C@](C)(CC/C=C(\\C)CC/C=C(\\C)CCC=C(C)C)O2"}, {"smiles": "[H][H]"}, {"smiles": "[Pd]"}]}, {"smiles": "CC(=O)Oc1cc(C)c2c(c1)CC[C@](C)(CC/C=C(\\C)CC/C=C(\\C)CCC=C(C)C)O2", "bw_confidence": 0.016500330209826736, "confidence": 0.6085927267878382, "rclass": "11 11.5 11.5", "children": [{"smiles": "CC(=O)Oc1cc(C)c2c(c1)CC[C@](C)(CC/C=C(\\C)CC/C=C(\\C)CCC=C(C)C)O2"}, {"smiles": "CCCC[N+](CCCC)(CCCC)CCCC~[F-]"}]}, {"smiles": "CC(=O)Oc1cc(C)c2c(c1)CC[C@](C)(CC/C=C(\\C)CC/C=C(\\C)CCC=C(C)C)O2", "bw_confidence": 0.010608141377148788, "confidence": 0.16334812035874519, "rclass": "8 8.8 8.8.18", "children": [{"smiles": "CC(=O)Oc1cc(C)c2c(c1)CC[C@](C)(CC/C=C(\\C)CC/C=C(\\C)CCC=C(C)C)O2"}, {"smiles": "N#CC1=C(C#N)C(=O)C(Cl)=C(Cl)C1=O"}]}, {"smiles": "CC(=O)Oc1cc(C)c2c(c1)CC[C@](C)(CC/C=C(\\C)CC/C=C(\\C)CCC=C(C)C)O2", "bw_confidence": 0.008756838996773871, "confidence": 0.04596172566842511, "rclass": "9 9.5 9.5.4", "children": [{"smiles": "CC(=O)Oc1cc(C)c2c(c1)CC[C@](C)(CC/C=C(\\C)CC/C=C(\\C)CCC(O)C(C)C)O2"}, {"smiles": "Cc1ccc(S(=O)(=O)O)cc1"}, {"smiles": "Cc1ccccc1"}]}, {"smiles": "CC(=O)Oc1cc(C)c2c(c1)CC[C@](C)(CC/C=C(\\C)CC/C=C(\\C)CCC=C(C)C)O2", "bw_confidence": 0.008503598971710652, "confidence": 0.19320517790722055, "rclass": "0 0 0", "children": [{"smiles": "CC(=O)CC/C=C(\\C)CC/C=C(\\C)CC/C=C(\\C)CCC=C(C)C"}, {"smiles": "CC(=O)CCc1cc(OC(C)=O)cc(C)c1O"}]}, {"smiles": "CC(=O)Oc1cc(C)c2c(c1)CC[C@](C)(CC/C=C(\\C)CC/C=C(\\C)CCC=C(C)C)O2", "bw_confidence": 0.003306509799157263, "confidence": 0.5361848259144423, "rclass": "11 11.5 11.5", "children": [{"smiles": "CC(=O)Oc1cc(C)c2c(c1)CCC(C)(CC/C=C(\\C)CC/C=C(\\C)CCC=C(C)C)O2"}, {"smiles": "CCCCCC~CCO"}]}, {"smiles": "CC(=O)Oc1cc(C)c2c(c1)CC[C@](C)(CC/C=C(\\C)CC/C=C(\\C)CCC=C(C)C)O2", "bw_confidence": 0.001001942993314725, "confidence": 0.4269378968933856, "rclass": "3 3.1 3.1.1", "children": [{"smiles": "C1COCCO1"}, {"smiles": "CB1OB(C)OB(C)O1"}, {"smiles": "CC(=O)Oc1cc(Br)c2c(c1)CC[C@](C)(CC/C=C(\\C)CC/C=C(\\C)CCC=C(C)C)O2"}, {"smiles": "O"}, {"smiles": "O=C([O-])[O-]~[K+]~[K+]"}, {"smiles": "c1ccc([P](c2ccccc2)(c2ccccc2)[Pd]([P](c2ccccc2)(c2ccccc2)c2ccccc2)([P](c2ccccc2)(c2ccccc2)c2ccccc2)[P](c2ccccc2)(c2ccccc2)c2ccccc2)cc1"}]}], "chem_bw_confidence_list": [0.10972068063886878, 0.028283048973143207, 0.020531614821351053, 0.016500330209826736, 0.010608141377148788, 0.008756838996773871, 0.008503598971710652, 0.003306509799157263, 0.001001942993314725], "enzy_template_score_list": [0.6797234416007996, 0.055700089782476425, 0.019244572147727013, 0.019244572147727013, 0.013945301994681358, 0.013945301994681358, 0.013945301994681358, 0.012411929666996002, 0.012411929666996002, 0.011703833937644958, 0.003781141946092248, 0.003190557938069105, 0.003190557938069105, 0.002423711586743593, 0.0024085314944386482], "enzy_result": [{"smiles": "CC(=O)Oc1ccc2c(c1)CC[C@](C)(CC/C=C(\\C)CC/C=C(\\C)CCC=C(C)C)O2", "smiles_split": ["CC(=O)Oc1ccc2c(c1)CC[C@](C)(CC/C=C(\\C)CC/C=C(\\C)CCC=C(C)C)O2"], "mapped_smiles": "[CH3:1][C:2](=[O:3])[O:4][c:5]1[cH:6][cH:7][c:9]2[c:10]([cH:11]1)[CH2:12][CH2:13][C@:14]([CH3:15])([CH2:16][CH2:17]/[CH:18]=[C:19](\\[CH3:20])[CH2:21][CH2:22]/[CH:23]=[C:24](\\[CH3:25])[CH2:26][CH2:27][CH:28]=[C:29]([CH3:30])[CH3:31])[O:32]2", "reacting_atoms": [7], "template_id": "d37633c1e39f33600ccddbb73a63542a", "template_set": ["bkms"], "num_examples": 28, "necessary_reagent": "[C]", "template_score": 0.6797234416007996, "rms_molwt": -424.29774513999996, "num_rings": -2, "plausibility": 1, "tforms": ["d37633c1e39f33600ccddbb73a63542a"], "rank": 1, "score": -528.7175759844172}, {"smiles": "CC(=O)Oc1cc(C)c(O)c(CC[C@@](C)(O)CC/C=C(\\C)CC/C=C(\\C)CCC=C(C)C)c1", "smiles_split": ["CC(=O)Oc1cc(C)c(O)c(CC[C@@](C)(O)CC/C=C(\\C)CC/C=C(\\C)CCC=C(C)C)c1"], "mapped_smiles": "[CH3:1][C:2](=[O:3])[O:4][c:5]1[cH:6][c:7]([CH3:8])[c:9]([OH:900])[c:10]([CH2:12][CH2:13][C@:14]([CH3:15])([CH2:16][CH2:17]/[CH:18]=[C:19](\\[CH3:20])[CH2:21][CH2:22]/[CH:23]=[C:24](\\[CH3:25])[CH2:26][CH2:27][CH:28]=[C:29]([CH3:30])[CH3:31])[OH:32])[cH:11]1", "reacting_atoms": [9, 14, 32], "template_id": "6d4b6e314c690e0288f7d13a4051c912", "template_set": ["bkms"], "num_examples": 1, "necessary_reagent": "", "template_score": 0.055700089782476425, "rms_molwt": -456.323959888, "num_rings": -1, "plausibility": 1, "tforms": ["6d4b6e314c690e0288f7d13a4051c912"], "rank": 2, "score": -6842.738246203315}, {"smiles": "CC(=O)Oc1cc(C)c2c(c1C)CC[C@](C)(CC/C=C(\\C)CC/C=C(\\C)CCC=C(C)C)O2", "smiles_split": ["CC(=O)Oc1cc(C)c2c(c1C)CC[C@](C)(CC/C=C(\\C)CC/C=C(\\C)CCC=C(C)C)O2"], "mapped_smiles": "[CH3:1][C:2](=[O:3])[O:4][c:5]1[cH:6][c:7]([CH3:8])[c:9]2[c:10]([c:11]1[CH3:900])[CH2:12][CH2:13][C@:14]([CH3:15])([CH2:16][CH2:17]/[CH:18]=[C:19](\\[CH3:20])[CH2:21][CH2:22]/[CH:23]=[C:24](\\[CH3:25])[CH2:26][CH2:27][CH:28]=[C:29]([CH3:30])[CH3:31])[O:32]2", "reacting_atoms": [11], "template_id": "b9fdf47442f50a43ae2de1c598fa4179", "template_set": ["bkms"], "num_examples": 5, "necessary_reagent": "", "template_score": 0.019244572147727013, "rms_molwt": -452.32904526799996, "num_rings": -2, "plausibility": 1, "tforms": ["b9fdf47442f50a43ae2de1c598fa4179"], "rank": 3, "score": -20386.084530611206}, {"smiles": "CC(=O)Oc1cc2c(c(C)c1C)O[C@@](C)(CC/C=C(\\C)CC/C=C(\\C)CCC=C(C)C)CC2", "smiles_split": ["CC(=O)Oc1cc2c(c(C)c1C)O[C@@](C)(CC/C=C(\\C)CC/C=C(\\C)CCC=C(C)C)CC2"], "mapped_smiles": "[CH3:1][C:2](=[O:3])[O:4][c:5]1[c:6]([CH3:900])[c:7]([CH3:8])[c:9]2[c:10]([cH:11]1)[CH2:12][CH2:13][C@:14]([CH3:15])([CH2:16][CH2:17]/[CH:18]=[C:19](\\[CH3:20])[CH2:21][CH2:22]/[CH:23]=[C:24](\\[CH3:25])[CH2:26][CH2:27][CH:28]=[C:29]([CH3:30])[CH3:31])[O:32]2", "reacting_atoms": [6], "template_id": "b9fdf47442f50a43ae2de1c598fa4179", "template_set": ["bkms"], "num_examples": 5, "necessary_reagent": "", "template_score": 0.019244572147727013, "rms_molwt": -452.32904526799996, "num_rings": -2, "plausibility": 1, "tforms": ["b9fdf47442f50a43ae2de1c598fa4179"], "rank": 4, "score": -20386.084530611206}, {"smiles": "CC(=O)Oc1cc(C)c2c(c1)CC[C@](C)(CC/C=C(\\CO)CC/C=C(\\C)CCC=C(C)C)O2", "smiles_split": ["CC(=O)Oc1cc(C)c2c(c1)CC[C@](C)(CC/C=C(\\CO)CC/C=C(\\C)CCC=C(C)C)O2"], "mapped_smiles": "[CH3:1][C:2](=[O:3])[O:4][c:5]1[cH:6][c:7]([CH3:8])[c:9]2[c:10]([cH:11]1)[CH2:12][CH2:13][C@:14]([CH3:15])([CH2:16][CH2:17]/[CH:18]=[C:19](\\[CH2:20][OH:900])[CH2:21][CH2:22]/[CH:23]=[C:24](\\[CH3:25])[CH2:26][CH2:27][CH:28]=[C:29]([CH3:30])[CH3:31])[O:32]2", "reacting_atoms": [20], "template_id": "57af8d31f96eeaf3fbff5506606bc825", "template_set": ["bkms", "bkms"], "num_examples": 18, "necessary_reagent": "", "template_score": 0.013945301994681358, "rms_molwt": -454.30830982399993, "num_rings": -2, "plausibility": 1, "tforms": ["57af8d31f96eeaf3fbff5506606bc825", "c4db9adeb4ad4c2bdb38e6a73be29f53"], "rank": 5, "score": -28132.877632097003}, {"smiles": "CC(=O)Oc1cc(C)c2c(c1)CC[C@](C)(CC/C=C(\\C)CC/C=C(\\C)CCC=C(C)CO)O2", "smiles_split": ["CC(=O)Oc1cc(C)c2c(c1)CC[C@](C)(CC/C=C(\\C)CC/C=C(\\C)CCC=C(C)CO)O2"], "mapped_smiles": "[CH3:1][C:2](=[O:3])[O:4][c:5]1[cH:6][c:7]([CH3:8])[c:9]2[c:10]([cH:11]1)[CH2:12][CH2:13][C@:14]([CH3:15])([CH2:16][CH2:17]/[CH:18]=[C:19](\\[CH3:20])[CH2:21][CH2:22]/[CH:23]=[C:24](\\[CH3:25])[CH2:26][CH2:27][CH:28]=[C:29]([CH3:30])[CH2:31][OH:900])[O:32]2", "reacting_atoms": [31], "template_id": "57af8d31f96eeaf3fbff5506606bc825", "template_set": ["bkms", "bkms"], "num_examples": 18, "necessary_reagent": "", "template_score": 0.013945301994681358, "rms_molwt": -454.30830982399993, "num_rings": -2, "plausibility": 1, "tforms": ["57af8d31f96eeaf3fbff5506606bc825", "c4db9adeb4ad4c2bdb38e6a73be29f53"], "rank": 6, "score": -28132.877632097003}, {"smiles": "CC(=O)Oc1cc(C)c2c(c1)CC[C@](C)(CC/C=C(\\C)CC/C=C(\\CO)CCC=C(C)C)O2", "smiles_split": ["CC(=O)Oc1cc(C)c2c(c1)CC[C@](C)(CC/C=C(\\C)CC/C=C(\\CO)CCC=C(C)C)O2"], "mapped_smiles": "[CH3:1][C:2](=[O:3])[O:4][c:5]1[cH:6][c:7]([CH3:8])[c:9]2[c:10]([cH:11]1)[CH2:12][CH2:13][C@:14]([CH3:15])([CH2:16][CH2:17]/[CH:18]=[C:19](\\[CH3:20])[CH2:21][CH2:22]/[CH:23]=[C:24](\\[CH2:25][OH:900])[CH2:26][CH2:27][CH:28]=[C:29]([CH3:30])[CH3:31])[O:32]2", "reacting_atoms": [25], "template_id": "57af8d31f96eeaf3fbff5506606bc825", "template_set": ["bkms", "bkms"], "num_examples": 18, "necessary_reagent": "", "template_score": 0.013945301994681358, "rms_molwt": -454.30830982399993, "num_rings": -2, "plausibility": 1, "tforms": ["57af8d31f96eeaf3fbff5506606bc825", "c4db9adeb4ad4c2bdb38e6a73be29f53"], "rank": 7, "score": -28132.877632097003}, {"smiles": "CC(=O)Oc1cc(C)c2c(c1O)CC[C@](C)(CC/C=C(\\C)CC/C=C(\\C)CCC=C(C)C)O2", "smiles_split": ["CC(=O)Oc1cc(C)c2c(c1O)CC[C@](C)(CC/C=C(\\C)CC/C=C(\\C)CCC=C(C)C)O2"], "mapped_smiles": "[CH3:1][C:2](=[O:3])[O:4][c:5]1[cH:6][c:7]([CH3:8])[c:9]2[c:10]([c:11]1[OH:900])[CH2:12][CH2:13][C@:14]([CH3:15])([CH2:16][CH2:17]/[CH:18]=[C:19](\\[CH3:20])[CH2:21][CH2:22]/[CH:23]=[C:24](\\[CH3:25])[CH2:26][CH2:27][CH:28]=[C:29]([CH3:30])[CH3:31])[O:32]2", "reacting_atoms": [11], "template_id": "f53e9cbdf728108a37f743b6e04eb4f2", "template_set": ["bkms"], "num_examples": 56, "necessary_reagent": "", "template_score": 0.012411929666996002, "rms_molwt": -454.30830982399993, "num_rings": -2, "plausibility": 1, "tforms": ["f53e9cbdf728108a37f743b6e04eb4f2"], "rank": 8, "score": -31608.419084279303}, {"smiles": "CC(=O)Oc1cc2c(c(C)c1O)O[C@@](C)(CC/C=C(\\C)CC/C=C(\\C)CCC=C(C)C)CC2", "smiles_split": ["CC(=O)Oc1cc2c(c(C)c1O)O[C@@](C)(CC/C=C(\\C)CC/C=C(\\C)CCC=C(C)C)CC2"], "mapped_smiles": "[CH3:1][C:2](=[O:3])[O:4][c:5]1[c:6]([OH:900])[c:7]([CH3:8])[c:9]2[c:10]([cH:11]1)[CH2:12][CH2:13][C@:14]([CH3:15])([CH2:16][CH2:17]/[CH:18]=[C:19](\\[CH3:20])[CH2:21][CH2:22]/[CH:23]=[C:24](\\[CH3:25])[CH2:26][CH2:27][CH:28]=[C:29]([CH3:30])[CH3:31])[O:32]2", "reacting_atoms": [6], "template_id": "f53e9cbdf728108a37f743b6e04eb4f2", "template_set": ["bkms"], "num_examples": 56, "necessary_reagent": "", "template_score": 0.012411929666996002, "rms_molwt": -454.308309824, "num_rings": -2, "plausibility": 1, "tforms": ["f53e9cbdf728108a37f743b6e04eb4f2"], "rank": 9, "score": -31608.419084279303}, {"smiles": "CC(=O)Oc1cc(C)c2c(c1)CC[C@](C)(CC/C=C(\\C)CC/C=C(\\C)CC/C=C(\\C)CC(=O)O)O2", "smiles_split": ["CC(=O)Oc1cc(C)c2c(c1)CC[C@](C)(CC/C=C(\\C)CC/C=C(\\C)CC/C=C(\\C)CC(=O)O)O2"], "mapped_smiles": "[CH3:1][C:2](=[O:3])[O:4][c:5]1[cH:6][c:7]([CH3:8])[c:9]2[c:10]([cH:11]1)[CH2:12][CH2:13][C@:14]([CH3:15])([CH2:16][CH2:17]/[CH:18]=[C:19](\\[CH3:20])[CH2:21][CH2:22]/[CH:23]=[C:24](\\[CH3:25])[CH2:26][CH2:27]/[CH:28]=[C:29](/[CH2:30][C:901]([OH:900])=[O:902])[CH3:31])[O:32]2", "reacting_atoms": [30], "template_id": "20bfeafb94f3a89f07b319006808fb17", "template_set": ["bkms"], "num_examples": 2, "necessary_reagent": "", "template_score": 0.011703833937644958, "rms_molwt": -482.3032244439999, "num_rings": -2, "plausibility": 1, "tforms": ["20bfeafb94f3a89f07b319006808fb17"], "rank": 10, "score": -36509.910084255214}, {"smiles": "CC(=O)Oc1cc(CO)c2c(c1)CC[C@](C)(CC/C=C(\\C)CC/C=C(\\C)CCC=C(C)C)O2", "smiles_split": ["CC(=O)Oc1cc(CO)c2c(c1)CC[C@](C)(CC/C=C(\\C)CC/C=C(\\C)CCC=C(C)C)O2"], "mapped_smiles": "[CH3:1][C:2](=[O:3])[O:4][c:5]1[cH:6][c:7]([CH2:8][OH:900])[c:9]2[c:10]([cH:11]1)[CH2:12][CH2:13][C@:14]([CH3:15])([CH2:16][CH2:17]/[CH:18]=[C:19](\\[CH3:20])[CH2:21][CH2:22]/[CH:23]=[C:24](\\[CH3:25])[CH2:26][CH2:27][CH:28]=[C:29]([CH3:30])[CH3:31])[O:32]2", "reacting_atoms": [8], "template_id": "c489f3d5a4ee4ac18e308f12b80483a2", "template_set": ["bkms"], "num_examples": 6, "necessary_reagent": "", "template_score": 0.003781141946092248, "rms_molwt": -454.30830982399993, "num_rings": -2, "plausibility": 1, "tforms": ["c489f3d5a4ee4ac18e308f12b80483a2"], "rank": 11, "score": -103757.40454929683}, {"smiles": "CC(C)=CCC/C(C)=C/CC/C(C)=C/CC[C@@]1(C)CCc2cc(OC(=O)CO)cc(C)c2O1", "smiles_split": ["CC(C)=CCC/C(C)=C/CC/C(C)=C/CC[C@@]1(C)CCc2cc(OC(=O)CO)cc(C)c2O1"], "mapped_smiles": "[CH2:1]([C:2](=[O:3])[O:4][c:5]1[cH:6][c:7]([CH3:8])[c:9]2[c:10]([cH:11]1)[CH2:12][CH2:13][C@:14]([CH3:15])([CH2:16][CH2:17]/[CH:18]=[C:19](\\[CH3:20])[CH2:21][CH2:22]/[CH:23]=[C:24](\\[CH3:25])[CH2:26][CH2:27][CH:28]=[C:29]([CH3:30])[CH3:31])[O:32]2)[OH:900]", "reacting_atoms": [1], "template_id": "c4db9adeb4ad4c2bdb38e6a73be29f53", "template_set": ["bkms"], "num_examples": 14, "necessary_reagent": "", "template_score": 0.003190557938069105, "rms_molwt": -454.3083098239999, "num_rings": -2, "plausibility": 1, "tforms": ["c4db9adeb4ad4c2bdb38e6a73be29f53"], "rank": 12, "score": -122963.28171255153}, {"smiles": "CC(=O)Oc1cc(C)c2c(c1)CC[C@](CO)(CC/C=C(\\C)CC/C=C(\\C)CCC=C(C)C)O2", "smiles_split": ["CC(=O)Oc1cc(C)c2c(c1)CC[C@](CO)(CC/C=C(\\C)CC/C=C(\\C)CCC=C(C)C)O2"], "mapped_smiles": "[CH3:1][C:2](=[O:3])[O:4][c:5]1[cH:6][c:7]([CH3:8])[c:9]2[c:10]([cH:11]1)[CH2:12][CH2:13][C@:14]([CH2:15][OH:900])([CH2:16][CH2:17]/[CH:18]=[C:19](\\[CH3:20])[CH2:21][CH2:22]/[CH:23]=[C:24](\\[CH3:25])[CH2:26][CH2:27][CH:28]=[C:29]([CH3:30])[CH3:31])[O:32]2", "reacting_atoms": [15, 14], "template_id": "c4db9adeb4ad4c2bdb38e6a73be29f53", "template_set": ["bkms"], "num_examples": 14, "necessary_reagent": "", "template_score": 0.003190557938069105, "rms_molwt": -454.30830982399993, "num_rings": -2, "plausibility": 1, "tforms": ["c4db9adeb4ad4c2bdb38e6a73be29f53"], "rank": 13, "score": -122963.28171255153}, {"smiles": "CC(=O)Oc1cc(C)c(O)c(C=CC(C)=CC/C=C(\\C)CC/C=C(\\C)CCC=C(C)C)c1", "smiles_split": ["CC(=O)Oc1cc(C)c(O)c(C=CC(C)=CC/C=C(\\C)CC/C=C(\\C)CCC=C(C)C)c1"], "mapped_smiles": "[CH3:1][C:2](=[O:3])[O:4][c:5]1[cH:6][c:7]([CH3:8])[c:9]([OH:32])[c:10]([CH:12]=[CH:13][C:14]([CH3:15])=[CH:16][CH2:17]/[CH:18]=[C:19](\\[CH3:20])[CH2:21][CH2:22]/[CH:23]=[C:24](\\[CH3:25])[CH2:26][CH2:27][CH:28]=[C:29]([CH3:30])[CH3:31])[cH:11]1", "reacting_atoms": [16, 14, 13, 12, 32], "template_id": "e05db9b8ac28635a5feedb353422f836", "template_set": ["bkms"], "num_examples": 1, "necessary_reagent": "", "template_score": 0.002423711586743593, "rms_molwt": -436.29774513999996, "num_rings": -1, "plausibility": 1, "tforms": ["e05db9b8ac28635a5feedb353422f836"], "rank": 14, "score": -149373.66060700885}, {"smiles": "CC(=O)Oc1cc(C)c2c(c1)CC[C@](C)(CC/C=C(\\C)CC/C=C(\\C)C=CC=C(C)C)O2", "smiles_split": ["CC(=O)Oc1cc(C)c2c(c1)CC[C@](C)(CC/C=C(\\C)CC/C=C(\\C)C=CC=C(C)C)O2"], "mapped_smiles": "[CH3:1][C:2](=[O:3])[O:4][c:5]1[cH:6][c:7]([CH3:8])[c:9]2[c:10]([cH:11]1)[CH2:12][CH2:13][C@:14]([CH3:15])([CH2:16][CH2:17]/[CH:18]=[C:19](\\[CH3:20])[CH2:21][CH2:22]/[CH:23]=[C:24](\\[CH3:25])[CH:26]=[CH:27][CH:28]=[C:29]([CH3:30])[CH3:31])[O:32]2", "reacting_atoms": [27, 26], "template_id": "d53475e77d757c4b2868ffdfeea3cc29", "template_set": ["bkms", "bkms"], "num_examples": 2, "necessary_reagent": "", "template_score": 0.0024085314944386482, "rms_molwt": -436.29774513999996, "num_rings": -2, "plausibility": 1, "tforms": ["b4cd6a6b60883dbbcf8cd64c101e9954", "d53475e77d757c4b2868ffdfeea3cc29"], "rank": 15, "score": -155787.46332418747}]}