{"smiles": "CC(C)C(=O)N(c1ccc(Cl)cc1)C1CCN(CCc2ccccc2)CC1", "sfscore": [0.6377912163734436, 0.3576882481575012], "chem_result": [{"smiles": "CC(C)C(=O)N(c1ccc(Cl)cc1)C1CCN(CCc2ccccc2)CC1", "bw_confidence": 0.12365155795288031, "confidence": 0.91231258492072, "rclass": "2 2.1 2.1.1", "children": [{"smiles": "CC(C)C(=O)Cl"}, {"smiles": "Clc1ccc(NC2CCN(CCc3ccccc3)CC2)cc1"}]}, {"smiles": "CC(C)C(=O)N(c1ccc(Cl)cc1)C1CCN(CCc2ccccc2)CC1", "bw_confidence": 0.12018303981667977, "confidence": 0.9640937141074309, "rclass": "1 1.6 1.6.2", "children": [{"smiles": "BrCCc1ccccc1"}, {"smiles": "CC#N"}, {"smiles": "CC(C)C(=O)N(c1ccc(Cl)cc1)C1CCNCC1"}, {"smiles": "O=C([O-])[O-]~[K+]~[K+]"}]}, {"smiles": "CC(C)C(=O)N(c1ccc(Cl)cc1)C1CCN(CCc2ccccc2)CC1", "bw_confidence": 0.07003432177934366, "confidence": 0.9140964863338654, "rclass": "2 2.1 2.1.1", "children": [{"smiles": "CC(C)C(=O)Cl"}, {"smiles": "CCN(CC)CC"}, {"smiles": "ClCCl"}, {"smiles": "Clc1ccc(NC2CCN(CCc3ccccc3)CC2)cc1"}]}, {"smiles": "CC(C)C(=O)N(c1ccc(Cl)cc1)C1CCN(CCc2ccccc2)CC1", "bw_confidence": 0.05385360669764691, "confidence": 0.926897529426653, "rclass": "7 7.2 7.2.1", "children": [{"smiles": "C1CCOC1"}, {"smiles": "CC(C)C(=O)N(c1ccc(Cl)cc1)C1CCN(C(=O)Cc2ccccc2)CC1"}]}, {"smiles": "CC(C)C(=O)N(c1ccc(Cl)cc1)C1CCN(CCc2ccccc2)CC1", "bw_confidence": 0.05296834751685433, "confidence": 0.9331392879510039, "rclass": "9 9.7 9.7.4", "children": [{"smiles": "CC(C)C(=O)N(c1ccc(N)cc1)C1CCN(CCc2ccccc2)CC1"}, {"smiles": "Cl"}, {"smiles": "Cl[Cu]"}, {"smiles": "O"}, {"smiles": "O=N[O-]~[Na+]"}]}, {"smiles": "CC(C)C(=O)N(c1ccc(Cl)cc1)C1CCN(CCc2ccccc2)CC1", "bw_confidence": 0.04853807014719805, "confidence": 0.8916408177079646, "rclass": "11 11.9 11.9", "children": [{"smiles": "CC(C)C(=O)N(c1ccc(Cl)cc1)C1CCN(CCc2ccccc2)CC1~Cl"}, {"smiles": "O"}, {"smiles": "[OH-]~[Na+]"}]}, {"smiles": "CC(C)C(=O)N(c1ccc(Cl)cc1)C1CCN(CCc2ccccc2)CC1", "bw_confidence": 0.02598008600600469, "confidence": 0.9634379839489294, "rclass": "1 1.6 1.6.2", "children": [{"smiles": "BrCCc1ccccc1"}, {"smiles": "CC(C)C(=O)N(c1ccc(Cl)cc1)C1CCNCC1"}]}, {"smiles": "CC(C)C(=O)N(c1ccc(Cl)cc1)C1CCN(CCc2ccccc2)CC1", "bw_confidence": 0.022939593222871524, "confidence": 0.8366200969275641, "rclass": "10 10.1 10.1.2", "children": [{"smiles": "CC(C)C(=O)N(c1ccccc1)C1CCN(CCc2ccccc2)CC1"}, {"smiles": "O=C1CCC(=O)N1Cl"}]}, {"smiles": "CC(C)C(=O)N(c1ccc(Cl)cc1)C1CCN(CCc2ccccc2)CC1", "bw_confidence": 0.01974216605424612, "confidence": 0.4468615748787247, "rclass": "0 0 0", "children": [{"smiles": "BrCCc1ccccc1"}, {"smiles": "CC(C)C(=O)N(c1ccc(Cl)cc1)C1CCN(C(=O)OC(C)(C)C)CC1"}]}, {"smiles": "CC(C)C(=O)N(c1ccc(Cl)cc1)C1CCN(CCc2ccccc2)CC1", "bw_confidence": 0.018815761749070445, "confidence": 0.8941024614222876, "rclass": "0 0 0", "children": [{"smiles": "CC(C)C(=O)N(c1ccc(Cl)cc1)C1CCN(C(=O)OC(C)(C)C)CC1"}, {"smiles": "ClCCl"}, {"smiles": "O=C(O)C(F)(F)F"}]}, {"smiles": "CC(C)C(=O)N(c1ccc(Cl)cc1)C1CCN(CCc2ccccc2)CC1", "bw_confidence": 0.018044393810191257, "confidence": 0.535707473606024, "rclass": "0 0 0", "children": [{"smiles": "CC(C)C(=O)N(c1ccc(Cl)cc1)C1CCN(CCc2ccccc2)CC1"}, {"smiles": "ClCCl"}, {"smiles": "O=[Mn]=O"}]}], "chem_bw_confidence_list": [0.12365155795288031, 0.12018303981667977, 0.07003432177934366, 0.05385360669764691, 0.05296834751685433, 0.04853807014719805, 0.02598008600600469, 0.022939593222871524, 0.01974216605424612, 0.018815761749070445, 0.018044393810191257], "enzy_template_score_list": [0.037139978259801865, 0.03261350095272064, 0.03261350095272064, 0.03261350095272064, 0.03261350095272064, 0.03261350095272064, 0.030037086457014084, 0.030037086457014084, 0.030037086457014084, 0.030037086457014084, 0.030037086457014084, 0.004702885169535875, 0.004702885169535875, 0.004702885169535875, 0.004702885169535875], "enzy_result": [{"smiles": "CC(C)C(=O)N(c1ccccc1)C1CCN(CCc2ccccc2)CC1", "smiles_split": ["CC(C)C(=O)N(c1ccccc1)C1CCN(CCc2ccccc2)CC1"], "mapped_smiles": "[CH3:1][CH:2]([CH3:3])[C:4](=[O:5])[N:6]([c:7]1[cH:8][cH:9][cH:10][cH:12][cH:13]1)[CH:14]1[CH2:15][CH2:16][N:17]([CH2:18][CH2:19][c:20]2[cH:21][cH:22][cH:23][cH:24][cH:25]2)[CH2:26][CH2:27]1", "reacting_atoms": [10], "template_id": "23052e1ade7c53ea09cfec88d8cf66d2", "template_set": ["bkms"], "num_examples": 20, "necessary_reagent": "[Cl]", "template_score": 0.037139978259801865, "rms_molwt": -350.23581357999996, "num_rings": -3, "plausibility": 1, "tforms": ["23052e1ade7c53ea09cfec88d8cf66d2"], "rank": 1, "score": -7561.823305305891}, {"smiles": "CC(C)C(=O)N(c1ccc(Cl)c(O)c1)C1CCN(CCc2ccccc2)CC1", "smiles_split": ["CC(C)C(=O)N(c1ccc(Cl)c(O)c1)C1CCN(CCc2ccccc2)CC1"], "mapped_smiles": "[CH3:1][CH:2]([CH3:3])[C:4](=[O:5])[N:6]([c:7]1[cH:8][cH:9][c:10]([Cl:11])[c:12]([OH:900])[cH:13]1)[CH:14]1[CH2:15][CH2:16][N:17]([CH2:18][CH2:19][c:20]2[cH:21][cH:22][cH:23][cH:24][cH:25]2)[CH2:26][CH2:27]1", "reacting_atoms": [12], "template_id": "f53e9cbdf728108a37f743b6e04eb4f2", "template_set": ["bkms"], "num_examples": 56, "necessary_reagent": "", "template_score": 0.03261350095272064, "rms_molwt": -400.191755848, "num_rings": -3, "plausibility": 1, "tforms": ["f53e9cbdf728108a37f743b6e04eb4f2"], "rank": 2, "score": -9536.574615120786}, {"smiles": "CC(C)C(=O)N(c1ccc(Cl)cc1)C1CCN(CCc2ccc(O)cc2)CC1", "smiles_split": ["CC(C)C(=O)N(c1ccc(Cl)cc1)C1CCN(CCc2ccc(O)cc2)CC1"], "mapped_smiles": "[CH3:1][CH:2]([CH3:3])[C:4](=[O:5])[N:6]([c:7]1[cH:8][cH:9][c:10]([Cl:11])[cH:12][cH:13]1)[CH:14]1[CH2:15][CH2:16][N:17]([CH2:18][CH2:19][c:20]2[cH:21][cH:22][c:23]([OH:900])[cH:24][cH:25]2)[CH2:26][CH2:27]1", "reacting_atoms": [23], "template_id": "f53e9cbdf728108a37f743b6e04eb4f2", "template_set": ["bkms"], "num_examples": 56, "necessary_reagent": "", "template_score": 0.03261350095272064, "rms_molwt": -400.191755848, "num_rings": -3, "plausibility": 1, "tforms": ["f53e9cbdf728108a37f743b6e04eb4f2"], "rank": 3, "score": -9536.574615120786}, {"smiles": "CC(C)C(=O)N(c1ccc(Cl)cc1O)C1CCN(CCc2ccccc2)CC1", "smiles_split": ["CC(C)C(=O)N(c1ccc(Cl)cc1O)C1CCN(CCc2ccccc2)CC1"], "mapped_smiles": "[CH3:1][CH:2]([CH3:3])[C:4](=[O:5])[N:6]([c:7]1[cH:8][cH:9][c:10]([Cl:11])[cH:12][c:13]1[OH:900])[CH:14]1[CH2:15][CH2:16][N:17]([CH2:18][CH2:19][c:20]2[cH:21][cH:22][cH:23][cH:24][cH:25]2)[CH2:26][CH2:27]1", "reacting_atoms": [13], "template_id": "f53e9cbdf728108a37f743b6e04eb4f2", "template_set": ["bkms"], "num_examples": 56, "necessary_reagent": "", "template_score": 0.03261350095272064, "rms_molwt": -400.191755848, "num_rings": -3, "plausibility": 1, "tforms": ["f53e9cbdf728108a37f743b6e04eb4f2"], "rank": 4, "score": -9536.574615120786}, {"smiles": "CC(C)C(=O)N(c1ccc(Cl)cc1)C1CCN(CCc2cccc(O)c2)CC1", "smiles_split": ["CC(C)C(=O)N(c1ccc(Cl)cc1)C1CCN(CCc2cccc(O)c2)CC1"], "mapped_smiles": "[CH3:1][CH:2]([CH3:3])[C:4](=[O:5])[N:6]([c:7]1[cH:8][cH:9][c:10]([Cl:11])[cH:12][cH:13]1)[CH:14]1[CH2:15][CH2:16][N:17]([CH2:18][CH2:19][c:20]2[cH:21][cH:22][cH:23][c:24]([OH:900])[cH:25]2)[CH2:26][CH2:27]1", "reacting_atoms": [24], "template_id": "f53e9cbdf728108a37f743b6e04eb4f2", "template_set": ["bkms"], "num_examples": 56, "necessary_reagent": "", "template_score": 0.03261350095272064, "rms_molwt": -400.191755848, "num_rings": -3, "plausibility": 1, "tforms": ["f53e9cbdf728108a37f743b6e04eb4f2"], "rank": 5, "score": -9536.574615120786}, {"smiles": "CC(C)C(=O)N(c1ccc(Cl)cc1)C1CCN(CCc2ccccc2O)CC1", "smiles_split": ["CC(C)C(=O)N(c1ccc(Cl)cc1)C1CCN(CCc2ccccc2O)CC1"], "mapped_smiles": "[CH3:1][CH:2]([CH3:3])[C:4](=[O:5])[N:6]([c:7]1[cH:8][cH:9][c:10]([Cl:11])[cH:12][cH:13]1)[CH:14]1[CH2:15][CH2:16][N:17]([CH2:18][CH2:19][c:20]2[cH:21][cH:22][cH:23][cH:24][c:25]2[OH:900])[CH2:26][CH2:27]1", "reacting_atoms": [25], "template_id": "f53e9cbdf728108a37f743b6e04eb4f2", "template_set": ["bkms"], "num_examples": 56, "necessary_reagent": "", "template_score": 0.03261350095272064, "rms_molwt": -400.191755848, "num_rings": -3, "plausibility": 1, "tforms": ["f53e9cbdf728108a37f743b6e04eb4f2"], "rank": 6, "score": -9536.574615120786}, {"smiles": "CC(C)C(=O)N(c1ccc(Cl)cc1)C1CCN(CCc2cccc(Cl)c2)CC1", "smiles_split": ["CC(C)C(=O)N(c1ccc(Cl)cc1)C1CCN(CCc2cccc(Cl)c2)CC1"], "mapped_smiles": "[CH3:1][CH:2]([CH3:3])[C:4](=[O:5])[N:6]([c:7]1[cH:8][cH:9][c:10]([Cl:11])[cH:12][cH:13]1)[CH:14]1[CH2:15][CH2:16][N:17]([CH2:18][CH2:19][c:20]2[cH:21][cH:22][cH:23][c:24]([Cl:900])[cH:25]2)[CH2:26][CH2:27]1", "reacting_atoms": [24], "template_id": "13444016d1e7c68bbdf8f2aa3af2798d", "template_set": ["bkms"], "num_examples": 9, "necessary_reagent": "", "template_score": 0.030037086457014084, "rms_molwt": -418.157868876, "num_rings": -3, "plausibility": 1, "tforms": ["13444016d1e7c68bbdf8f2aa3af2798d"], "rank": 7, "score": -10354.56903388529}, {"smiles": "CC(C)C(=O)N(c1ccc(Cl)cc1)C1CCN(CCc2ccccc2Cl)CC1", "smiles_split": ["CC(C)C(=O)N(c1ccc(Cl)cc1)C1CCN(CCc2ccccc2Cl)CC1"], "mapped_smiles": "[CH3:1][CH:2]([CH3:3])[C:4](=[O:5])[N:6]([c:7]1[cH:8][cH:9][c:10]([Cl:11])[cH:12][cH:13]1)[CH:14]1[CH2:15][CH2:16][N:17]([CH2:18][CH2:19][c:20]2[cH:21][cH:22][cH:23][cH:24][c:25]2[Cl:900])[CH2:26][CH2:27]1", "reacting_atoms": [25], "template_id": "13444016d1e7c68bbdf8f2aa3af2798d", "template_set": ["bkms"], "num_examples": 9, "necessary_reagent": "", "template_score": 0.030037086457014084, "rms_molwt": -418.157868876, "num_rings": -3, "plausibility": 1, "tforms": ["13444016d1e7c68bbdf8f2aa3af2798d"], "rank": 8, "score": -10354.56903388529}, {"smiles": "CC(C)C(=O)N(c1ccc(Cl)cc1Cl)C1CCN(CCc2ccccc2)CC1", "smiles_split": ["CC(C)C(=O)N(c1ccc(Cl)cc1Cl)C1CCN(CCc2ccccc2)CC1"], "mapped_smiles": "[CH3:1][CH:2]([CH3:3])[C:4](=[O:5])[N:6]([c:7]1[cH:8][cH:9][c:10]([Cl:11])[cH:12][c:13]1[Cl:900])[CH:14]1[CH2:15][CH2:16][N:17]([CH2:18][CH2:19][c:20]2[cH:21][cH:22][cH:23][cH:24][cH:25]2)[CH2:26][CH2:27]1", "reacting_atoms": [13], "template_id": "13444016d1e7c68bbdf8f2aa3af2798d", "template_set": ["bkms"], "num_examples": 9, "necessary_reagent": "", "template_score": 0.030037086457014084, "rms_molwt": -418.157868876, "num_rings": -3, "plausibility": 1, "tforms": ["13444016d1e7c68bbdf8f2aa3af2798d"], "rank": 9, "score": -10354.56903388529}, {"smiles": "CC(C)C(=O)N(c1ccc(Cl)c(Cl)c1)C1CCN(CCc2ccccc2)CC1", "smiles_split": ["CC(C)C(=O)N(c1ccc(Cl)c(Cl)c1)C1CCN(CCc2ccccc2)CC1"], "mapped_smiles": "[CH3:1][CH:2]([CH3:3])[C:4](=[O:5])[N:6]([c:7]1[cH:8][cH:9][c:10]([Cl:11])[c:12]([Cl:900])[cH:13]1)[CH:14]1[CH2:15][CH2:16][N:17]([CH2:18][CH2:19][c:20]2[cH:21][cH:22][cH:23][cH:24][cH:25]2)[CH2:26][CH2:27]1", "reacting_atoms": [12], "template_id": "13444016d1e7c68bbdf8f2aa3af2798d", "template_set": ["bkms"], "num_examples": 9, "necessary_reagent": "", "template_score": 0.030037086457014084, "rms_molwt": -418.157868876, "num_rings": -3, "plausibility": 1, "tforms": ["13444016d1e7c68bbdf8f2aa3af2798d"], "rank": 10, "score": -10354.56903388529}, {"smiles": "CC(C)C(=O)N(c1ccc(Cl)cc1)C1CCN(CCc2ccc(Cl)cc2)CC1", "smiles_split": ["CC(C)C(=O)N(c1ccc(Cl)cc1)C1CCN(CCc2ccc(Cl)cc2)CC1"], "mapped_smiles": "[CH3:1][CH:2]([CH3:3])[C:4](=[O:5])[N:6]([c:7]1[cH:8][cH:9][c:10]([Cl:11])[cH:12][cH:13]1)[CH:14]1[CH2:15][CH2:16][N:17]([CH2:18][CH2:19][c:20]2[cH:21][cH:22][c:23]([Cl:900])[cH:24][cH:25]2)[CH2:26][CH2:27]1", "reacting_atoms": [23], "template_id": "13444016d1e7c68bbdf8f2aa3af2798d", "template_set": ["bkms"], "num_examples": 9, "necessary_reagent": "", "template_score": 0.030037086457014084, "rms_molwt": -418.157868876, "num_rings": -3, "plausibility": 1, "tforms": ["13444016d1e7c68bbdf8f2aa3af2798d"], "rank": 11, "score": -10354.56903388529}, {"smiles": "CC(C)C(=O)N(c1ccc(Cl)c(C(=O)O)c1)C1CCN(CCc2ccccc2)CC1", "smiles_split": ["CC(C)C(=O)N(c1ccc(Cl)c(C(=O)O)c1)C1CCN(CCc2ccccc2)CC1"], "mapped_smiles": "[CH3:1][CH:2]([CH3:3])[C:4](=[O:5])[N:6]([c:7]1[cH:8][cH:9][c:10]([Cl:11])[c:12]([C:901]([OH:900])=[O:902])[cH:13]1)[CH:14]1[CH2:15][CH2:16][N:17]([CH2:18][CH2:19][c:20]2[cH:21][cH:22][cH:23][cH:24][cH:25]2)[CH2:26][CH2:27]1", "reacting_atoms": [12], "template_id": "7b224edf0386a32c82063499cfe171fd", "template_set": ["bkms"], "num_examples": 23, "necessary_reagent": "", "template_score": 0.004702885169535875, "rms_molwt": -428.18667046800005, "num_rings": -3, "plausibility": 1, "tforms": ["7b224edf0386a32c82063499cfe171fd"], "rank": 12, "score": -73004.22200053032}, {"smiles": "CC(C)C(=O)N(c1ccc(Cl)cc1)C1CCN(CCc2ccc(C(=O)O)cc2)CC1", "smiles_split": ["CC(C)C(=O)N(c1ccc(Cl)cc1)C1CCN(CCc2ccc(C(=O)O)cc2)CC1"], "mapped_smiles": "[CH3:1][CH:2]([CH3:3])[C:4](=[O:5])[N:6]([c:7]1[cH:8][cH:9][c:10]([Cl:11])[cH:12][cH:13]1)[CH:14]1[CH2:15][CH2:16][N:17]([CH2:18][CH2:19][c:20]2[cH:21][cH:22][c:23]([C:901]([OH:900])=[O:902])[cH:24][cH:25]2)[CH2:26][CH2:27]1", "reacting_atoms": [23], "template_id": "7b224edf0386a32c82063499cfe171fd", "template_set": ["bkms"], "num_examples": 23, "necessary_reagent": "", "template_score": 0.004702885169535875, "rms_molwt": -428.186670468, "num_rings": -3, "plausibility": 1, "tforms": ["7b224edf0386a32c82063499cfe171fd"], "rank": 13, "score": -73004.22200053032}, {"smiles": "CC(C)C(=O)N(c1ccc(Cl)cc1C(=O)O)C1CCN(CCc2ccccc2)CC1", "smiles_split": ["CC(C)C(=O)N(c1ccc(Cl)cc1C(=O)O)C1CCN(CCc2ccccc2)CC1"], "mapped_smiles": "[CH3:1][CH:2]([CH3:3])[C:4](=[O:5])[N:6]([c:7]1[cH:8][cH:9][c:10]([Cl:11])[cH:12][c:13]1[C:901]([OH:900])=[O:902])[CH:14]1[CH2:15][CH2:16][N:17]([CH2:18][CH2:19][c:20]2[cH:21][cH:22][cH:23][cH:24][cH:25]2)[CH2:26][CH2:27]1", "reacting_atoms": [13], "template_id": "7b224edf0386a32c82063499cfe171fd", "template_set": ["bkms"], "num_examples": 23, "necessary_reagent": "", "template_score": 0.004702885169535875, "rms_molwt": -428.18667046800005, "num_rings": -3, "plausibility": 1, "tforms": ["7b224edf0386a32c82063499cfe171fd"], "rank": 14, "score": -73004.22200053032}, {"smiles": "CC(C)C(=O)N(c1ccc(Cl)cc1)C1CCN(CCc2ccccc2C(=O)O)CC1", "smiles_split": ["CC(C)C(=O)N(c1ccc(Cl)cc1)C1CCN(CCc2ccccc2C(=O)O)CC1"], "mapped_smiles": "[CH3:1][CH:2]([CH3:3])[C:4](=[O:5])[N:6]([c:7]1[cH:8][cH:9][c:10]([Cl:11])[cH:12][cH:13]1)[CH:14]1[CH2:15][CH2:16][N:17]([CH2:18][CH2:19][c:20]2[cH:21][cH:22][cH:23][cH:24][c:25]2[C:901]([OH:900])=[O:902])[CH2:26][CH2:27]1", "reacting_atoms": [25], "template_id": "7b224edf0386a32c82063499cfe171fd", "template_set": ["bkms"], "num_examples": 23, "necessary_reagent": "", "template_score": 0.004702885169535875, "rms_molwt": -428.186670468, "num_rings": -3, "plausibility": 1, "tforms": ["7b224edf0386a32c82063499cfe171fd"], "rank": 15, "score": -73004.22200053032}]}