{"smiles": "CC(C)(CO[P@@](=O)(O)O[P@@](=O)(O)OC[C@H]1O[C@@H](n2cnc3c(N)ncnc32)[C@H](O)[C@@H]1O)[C@@H](O)C(=O)NCCC(=O)NCCS", "sfscore": [0.38146117329597473, 0.688574492931366], "chem_result": [{"smiles": "CC(C)(CO[P@@](=O)(O)O[P@@](=O)(O)OC[C@H]1O[C@@H](n2cnc3c(N)ncnc32)[C@H](O)[C@@H]1O)[C@@H](O)C(=O)NCCC(=O)NCCS", "bw_confidence": 0.07785285980187483, "confidence": 0.850642709058184, "rclass": "1 1.8 1.8.16", "children": [{"smiles": "CC(C)(COP(=O)(O)OP(=O)(O)OC[C@H]1O[C@@H](n2cnc3c(N)ncnc32)[C@H](O)[C@@H]1O)[C@@H](O)C(=O)NCCC(=O)ON1C(=O)CCC1=O"}, {"smiles": "NCCS"}]}, {"smiles": "CC(C)(CO[P@@](=O)(O)O[P@@](=O)(O)OC[C@H]1O[C@@H](n2cnc3c(N)ncnc32)[C@H](O)[C@@H]1O)[C@@H](O)C(=O)NCCC(=O)NCCS", "bw_confidence": 0.029197133844675364, "confidence": 0.8861787884001435, "rclass": "0 0 0", "children": [{"smiles": "CC(C)(COP(=O)(O)OP(=O)(O)OC[C@H]1O[C@@H](n2cnc3c(N)ncnc32)[C@H](O)[C@@H]1O)[C@@H](O)C(=O)NCCC(=O)NCCSC(c1ccccc1)(c1ccccc1)c1ccccc1"}, {"smiles": "O=C(O)C(F)(F)F"}]}, {"smiles": "CC(C)(CO[P@@](=O)(O)O[P@@](=O)(O)OC[C@H]1O[C@@H](n2cnc3c(N)ncnc32)[C@H](O)[C@@H]1O)[C@@H](O)C(=O)NCCC(=O)NCCS", "bw_confidence": 0.014157791674336647, "confidence": 0.5067632525939443, "rclass": "11 11.2 11.2", "children": [{"smiles": "CC(C)(COP(=O)(O)OP(=O)(O)OC[C@H]1O[C@@H](n2cnc3c(N)ncnc32)[C@H](O)[C@@H]1O)[C@@H](O)C(=O)NCCC(=O)NCCS~Cl"}, {"smiles": "O"}]}, {"smiles": "CC(C)(CO[P@@](=O)(O)O[P@@](=O)(O)OC[C@H]1O[C@@H](n2cnc3c(N)ncnc32)[C@H](O)[C@@H]1O)[C@@H](O)C(=O)NCCC(=O)NCCS", "bw_confidence": 0.01158051605035278, "confidence": 0.9021346626537081, "rclass": "0 0 0", "children": [{"smiles": "CC(C)(COP(=O)(O)OP(=O)(O)OC[C@H]1O[C@@H](n2cnc3c(N)ncnc32)[C@H](O)[C@@H]1O)[C@@H](O)C(=O)NCCC(=O)NCCSC(c1ccccc1)(c1ccccc1)c1ccccc1"}, {"smiles": "O=CO"}]}, {"smiles": "CC(C)(CO[P@@](=O)(O)O[P@@](=O)(O)OC[C@H]1O[C@@H](n2cnc3c(N)ncnc32)[C@H](O)[C@@H]1O)[C@@H](O)C(=O)NCCC(=O)NCCS", "bw_confidence": 0.01107275419564842, "confidence": 0.8616936399578902, "rclass": "0 0 0", "children": [{"smiles": "CC(C)(COP(=O)(O)OP(=O)(O)OC[C@H]1O[C@@H](n2cnc3c(N)ncnc32)[C@H](O)[C@@H]1O)[C@@H](O)C(=O)NCCC(=O)NCCSC(c1ccccc1)(c1ccccc1)c1ccccc1"}, {"smiles": "ClCCl"}, {"smiles": "O=C(O)C(F)(F)F"}]}, {"smiles": "CC(C)(CO[P@@](=O)(O)O[P@@](=O)(O)OC[C@H]1O[C@@H](n2cnc3c(N)ncnc32)[C@H](O)[C@@H]1O)[C@@H](O)C(=O)NCCC(=O)NCCS", "bw_confidence": 0.01091546912234592, "confidence": 0.09963017985588993, "rclass": "0 0 0", "children": [{"smiles": "CC(C)(COP(=O)(O)O)[C@@H](O)C(=O)NCCC(=O)NCCS"}, {"smiles": "Nc1ncnc2c1ncn2[C@@H]1O[C@H](COP(=O)(O)O)[C@@H](O)[C@H]1O"}]}, {"smiles": "CC(C)(CO[P@@](=O)(O)O[P@@](=O)(O)OC[C@H]1O[C@@H](n2cnc3c(N)ncnc32)[C@H](O)[C@@H]1O)[C@@H](O)C(=O)NCCC(=O)NCCS", "bw_confidence": 0.005985591605064709, "confidence": 0.7537620498599471, "rclass": "0 0 0", "children": [{"smiles": "CC(C)(COP(=O)(O)OP(=O)(O)OC[C@H]1O[C@@H](n2cnc3c(N)ncnc32)[C@H](O)[C@@H]1O)[C@@H](O)C(=O)NCCC(=O)NCCSSc1ccccn1"}, {"smiles": "O[C@H](CS)[C@@H](O)CS"}]}], "chem_bw_confidence_list": [0.07785285980187483, 0.029197133844675364, 0.014157791674336647, 0.01158051605035278, 0.01107275419564842, 0.01091546912234592, 0.005985591605064709], "enzy_template_score_list": [0.6447880268096924, 0.6447880268096924, 0.6447880268096924, 0.12767356634140015, 0.12767356634140015, 0.12767356634140015, 0.04025561362504959, 0.02372412197291851, 0.008190413005650043, 0.008190413005650043, 0.009434751234948635, 0.009434751234948635, 0.009434751234948635, 0.00710413558408618, 0.00710413558408618], "enzy_result": [{"smiles": "CC(C)(CO[P@@](=O)(O)O[P@@](=O)(O)OC[C@H]1O[C@@H](n2cnc3c(N)ncnc32)[C@H](O)[C@@H]1OP(=O)(O)O)[C@@H](O)C(=O)NCCC(=O)NCCS", "smiles_split": ["CC(C)(CO[P@@](=O)(O)O[P@@](=O)(O)OC[C@H]1O[C@@H](n2cnc3c(N)ncnc32)[C@H](O)[C@@H]1OP(=O)(O)O)[C@@H](O)C(=O)NCCC(=O)NCCS"], "mapped_smiles": "[CH3:1][C:2]([CH3:3])([CH2:4][O:5][P@@:6](=[O:7])([OH:8])[O:9][P@@:10](=[O:11])([OH:12])[O:13][CH2:14][C@H:15]1[O:16][C@@H:17]([n:18]2[cH:19][n:20][c:21]3[c:22]([NH2:23])[n:24][cH:25][n:26][c:27]23)[C@H:28]([OH:29])[C@@H:30]1[O:31][P:901]([OH:900])([OH:902])=[O:903])[C@@H:32]([OH:33])[C:34](=[O:35])[NH:36][CH2:37][CH2:38][C:39](=[O:40])[NH:41][CH2:42][CH2:43][SH:44]", "reacting_atoms": [31, 30], "template_id": "65bf7618263ef0544bfb3455ab5e0cbc", "template_set": ["bkms"], "num_examples": 167, "necessary_reagent": "", "template_score": 0.6447880268096924, "rms_molwt": -767.1152089620001, "num_rings": -3, "plausibility": 1, "tforms": ["65bf7618263ef0544bfb3455ab5e0cbc"], "rank": 1, "score": -1200.840924148359}, {"smiles": "CC(C)(CO[P@@](=O)(O)O[P@@](=O)(O)OC[C@H]1O[C@@H](n2cnc3c(N)ncnc32)[C@H](OP(=O)(O)O)[C@@H]1O)[C@@H](O)C(=O)NCCC(=O)NCCS", "smiles_split": ["CC(C)(CO[P@@](=O)(O)O[P@@](=O)(O)OC[C@H]1O[C@@H](n2cnc3c(N)ncnc32)[C@H](OP(=O)(O)O)[C@@H]1O)[C@@H](O)C(=O)NCCC(=O)NCCS"], "mapped_smiles": "[CH3:1][C:2]([CH3:3])([CH2:4][O:5][P@@:6](=[O:7])([OH:8])[O:9][P@@:10](=[O:11])([OH:12])[O:13][CH2:14][C@H:15]1[O:16][C@@H:17]([n:18]2[cH:19][n:20][c:21]3[c:22]([NH2:23])[n:24][cH:25][n:26][c:27]23)[C@H:28]([O:29][P:901]([OH:900])([OH:902])=[O:903])[C@@H:30]1[OH:31])[C@@H:32]([OH:33])[C:34](=[O:35])[NH:36][CH2:37][CH2:38][C:39](=[O:40])[NH:41][CH2:42][CH2:43][SH:44]", "reacting_atoms": [29, 28], "template_id": "65bf7618263ef0544bfb3455ab5e0cbc", "template_set": ["bkms"], "num_examples": 167, "necessary_reagent": "", "template_score": 0.6447880268096924, "rms_molwt": -767.1152089620001, "num_rings": -3, "plausibility": 1, "tforms": ["65bf7618263ef0544bfb3455ab5e0cbc"], "rank": 2, "score": -1200.840924148359}, {"smiles": "CC(C)(CO[P@@](=O)(O)O[P@@](=O)(O)OC[C@H]1O[C@@H](n2cnc3c(N)ncnc32)[C@H](O)[C@@H]1O)[C@@H](OP(=O)(O)O)C(=O)NCCC(=O)NCCS", "smiles_split": ["CC(C)(CO[P@@](=O)(O)O[P@@](=O)(O)OC[C@H]1O[C@@H](n2cnc3c(N)ncnc32)[C@H](O)[C@@H]1O)[C@@H](OP(=O)(O)O)C(=O)NCCC(=O)NCCS"], "mapped_smiles": "[CH3:1][C:2]([CH3:3])([CH2:4][O:5][P@@:6](=[O:7])([OH:8])[O:9][P@@:10](=[O:11])([OH:12])[O:13][CH2:14][C@H:15]1[O:16][C@@H:17]([n:18]2[cH:19][n:20][c:21]3[c:22]([NH2:23])[n:24][cH:25][n:26][c:27]23)[C@H:28]([OH:29])[C@@H:30]1[OH:31])[C@@H:32]([O:33][P:901]([OH:900])([OH:902])=[O:903])[C:34](=[O:35])[NH:36][CH2:37][CH2:38][C:39](=[O:40])[NH:41][CH2:42][CH2:43][SH:44]", "reacting_atoms": [33, 32], "template_id": "65bf7618263ef0544bfb3455ab5e0cbc", "template_set": ["bkms"], "num_examples": 167, "necessary_reagent": "", "template_score": 0.6447880268096924, "rms_molwt": -767.1152089620001, "num_rings": -3, "plausibility": 1, "tforms": ["65bf7618263ef0544bfb3455ab5e0cbc"], "rank": 3, "score": -1200.840924148359}, {"smiles": "CC(=O)O[C@@H]1[C@@H](CO[P@](=O)(O)O[P@](=O)(O)OCC(C)(C)[C@@H](O)C(=O)NCCC(=O)NCCS)O[C@@H](n2cnc3c(N)ncnc32)[C@@H]1O", "smiles_split": ["CC(=O)O[C@@H]1[C@@H](CO[P@](=O)(O)O[P@](=O)(O)OCC(C)(C)[C@@H](O)C(=O)NCCC(=O)NCCS)O[C@@H](n2cnc3c(N)ncnc32)[C@@H]1O"], "mapped_smiles": "[CH3:1][C:2]([CH3:3])([CH2:4][O:5][P@@:6](=[O:7])([OH:8])[O:9][P@@:10](=[O:11])([OH:12])[O:13][CH2:14][C@H:15]1[O:16][C@@H:17]([n:18]2[cH:19][n:20][c:21]3[c:22]([NH2:23])[n:24][cH:25][n:26][c:27]23)[C@H:28]([OH:29])[C@@H:30]1[O:31][C:901]([CH3:900])=[O:902])[C@@H:32]([OH:33])[C:34](=[O:35])[NH:36][CH2:37][CH2:38][C:39](=[O:40])[NH:41][CH2:42][CH2:43][SH:44]", "reacting_atoms": [31, 30], "template_id": "c4c17358d77559e0452152e0cbfcc087", "template_set": ["bkms"], "num_examples": 34, "necessary_reagent": "", "template_score": 0.12767356634140015, "rms_molwt": -729.1594431239998, "num_rings": -3, "plausibility": 1, "tforms": ["c4c17358d77559e0452152e0cbfcc087"], "rank": 4, "score": -5902.646052120396}, {"smiles": "CC(=O)O[C@@H](C(=O)NCCC(=O)NCCS)C(C)(C)CO[P@@](=O)(O)O[P@@](=O)(O)OC[C@H]1O[C@@H](n2cnc3c(N)ncnc32)[C@H](O)[C@@H]1O", "smiles_split": ["CC(=O)O[C@@H](C(=O)NCCC(=O)NCCS)C(C)(C)CO[P@@](=O)(O)O[P@@](=O)(O)OC[C@H]1O[C@@H](n2cnc3c(N)ncnc32)[C@H](O)[C@@H]1O"], "mapped_smiles": "[CH3:1][C:2]([CH3:3])([CH2:4][O:5][P@@:6](=[O:7])([OH:8])[O:9][P@@:10](=[O:11])([OH:12])[O:13][CH2:14][C@H:15]1[O:16][C@@H:17]([n:18]2[cH:19][n:20][c:21]3[c:22]([NH2:23])[n:24][cH:25][n:26][c:27]23)[C@H:28]([OH:29])[C@@H:30]1[OH:31])[C@@H:32]([O:33][C:901]([CH3:900])=[O:902])[C:34](=[O:35])[NH:36][CH2:37][CH2:38][C:39](=[O:40])[NH:41][CH2:42][CH2:43][SH:44]", "reacting_atoms": [33, 32], "template_id": "c4c17358d77559e0452152e0cbfcc087", "template_set": ["bkms"], "num_examples": 34, "necessary_reagent": "", "template_score": 0.12767356634140015, "rms_molwt": -729.1594431239997, "num_rings": -3, "plausibility": 1, "tforms": ["c4c17358d77559e0452152e0cbfcc087"], "rank": 5, "score": -5902.646052120396}, {"smiles": "CC(=O)O[C@@H]1[C@H](O)[C@@H](CO[P@](=O)(O)O[P@](=O)(O)OCC(C)(C)[C@@H](O)C(=O)NCCC(=O)NCCS)O[C@H]1n1cnc2c(N)ncnc21", "smiles_split": ["CC(=O)O[C@@H]1[C@H](O)[C@@H](CO[P@](=O)(O)O[P@](=O)(O)OCC(C)(C)[C@@H](O)C(=O)NCCC(=O)NCCS)O[C@H]1n1cnc2c(N)ncnc21"], "mapped_smiles": "[CH3:1][C:2]([CH3:3])([CH2:4][O:5][P@@:6](=[O:7])([OH:8])[O:9][P@@:10](=[O:11])([OH:12])[O:13][CH2:14][C@H:15]1[O:16][C@@H:17]([n:18]2[cH:19][n:20][c:21]3[c:22]([NH2:23])[n:24][cH:25][n:26][c:27]23)[C@H:28]([O:29][C:901]([CH3:900])=[O:902])[C@@H:30]1[OH:31])[C@@H:32]([OH:33])[C:34](=[O:35])[NH:36][CH2:37][CH2:38][C:39](=[O:40])[NH:41][CH2:42][CH2:43][SH:44]", "reacting_atoms": [29, 28], "template_id": "c4c17358d77559e0452152e0cbfcc087", "template_set": ["bkms"], "num_examples": 34, "necessary_reagent": "", "template_score": 0.12767356634140015, "rms_molwt": -729.1594431239998, "num_rings": -3, "plausibility": 1, "tforms": ["c4c17358d77559e0452152e0cbfcc087"], "rank": 6, "score": -5902.646052120396}, {"smiles": "CC(C)(CO[P@@](=O)(O)O[P@@](=O)(O)OC[C@H]1O[C@@H](n2cnc3c(N)ncnc32)[C@H](O)[C@@H]1O)[C@@H](O)C(=O)NCCC(=O)NCCSC[C@H](N)C(=O)O", "smiles_split": ["CC(C)(CO[P@@](=O)(O)O[P@@](=O)(O)OC[C@H]1O[C@@H](n2cnc3c(N)ncnc32)[C@H](O)[C@@H]1O)[C@@H](O)C(=O)NCCC(=O)NCCSC[C@H](N)C(=O)O"], "mapped_smiles": "[CH3:1][C:2]([CH3:3])([CH2:4][O:5][P@@:6](=[O:7])([OH:8])[O:9][P@@:10](=[O:11])([OH:12])[O:13][CH2:14][C@H:15]1[O:16][C@@H:17]([n:18]2[cH:19][n:20][c:21]3[c:22]([NH2:23])[n:24][cH:25][n:26][c:27]23)[C@H:28]([OH:29])[C@@H:30]1[OH:31])[C@@H:32]([OH:33])[C:34](=[O:35])[NH:36][CH2:37][CH2:38][C:39](=[O:40])[NH:41][CH2:42][CH2:43][S:44][CH2:902][C@H:901]([NH2:900])[C:903]([OH:904])=[O:905]", "reacting_atoms": [44], "template_id": "ed88b5b292f7938097f9f8926c2f5314", "template_set": ["bkms"], "num_examples": 21, "necessary_reagent": "", "template_score": 0.04025561362504959, "rms_molwt": -774.18090684, "num_rings": -3, "plausibility": 1, "tforms": ["ed88b5b292f7938097f9f8926c2f5314"], "rank": 7, "score": -21022.834950587687}, {"smiles": "CC(C)(CO[P@@](=O)(O)O[P@@](=O)(O)OC[C@H]1O[C@@H](n2cnc3c(N)ncnc32)[C@H](O)[C@@H]1O)[C@@H](O)C(=O)NCCC(=O)NCCSC(=O)CC(=O)O", "smiles_split": ["CC(C)(CO[P@@](=O)(O)O[P@@](=O)(O)OC[C@H]1O[C@@H](n2cnc3c(N)ncnc32)[C@H](O)[C@@H]1O)[C@@H](O)C(=O)NCCC(=O)NCCSC(=O)CC(=O)O"], "mapped_smiles": "[CH3:1][C:2]([CH3:3])([CH2:4][O:5][P@@:6](=[O:7])([OH:8])[O:9][P@@:10](=[O:11])([OH:12])[O:13][CH2:14][C@H:15]1[O:16][C@@H:17]([n:18]2[cH:19][n:20][c:21]3[c:22]([NH2:23])[n:24][cH:25][n:26][c:27]23)[C@H:28]([OH:29])[C@@H:30]1[OH:31])[C@@H:32]([OH:33])[C:34](=[O:35])[NH:36][CH2:37][CH2:38][C:39](=[O:40])[NH:41][CH2:42][CH2:43][S:44][C:904]([CH2:903][C:901]([OH:900])=[O:902])=[O:905]", "reacting_atoms": [44], "template_id": "ca3b48f317ae4ad0c21a37612b8458f7", "template_set": ["bkms"], "num_examples": 1, "necessary_reagent": "", "template_score": 0.02372412197291851, "rms_molwt": -773.1492723640001, "num_rings": -3, "plausibility": 1, "tforms": ["ca3b48f317ae4ad0c21a37612b8458f7"], "rank": 8, "score": -34407.474468637956}, {"smiles": "CC(C)(CO[P@@](=O)(O)O[P@@](=O)(O)OC[C@H]1O[C@@H](n2cnc3c(N)ncnc32)[C@H](O)[C@@H]1O)[C@@H](O)C(=O)O.NCCC(=O)NCCS", "smiles_split": ["CC(C)(CO[P@@](=O)(O)O[P@@](=O)(O)OC[C@H]1O[C@@H](n2cnc3c(N)ncnc32)[C@H](O)[C@@H]1O)[C@@H](O)C(=O)O", "NCCC(=O)NCCS"], "mapped_smiles": "[CH3:1][C:2]([CH3:3])([CH2:4][O:5][P@@:6](=[O:7])([OH:8])[O:9][P@@:10](=[O:11])([OH:12])[O:13][CH2:14][C@H:15]1[O:16][C@@H:17]([n:18]2[cH:19][n:20][c:21]3[c:22]([NH2:23])[n:24][cH:25][n:26][c:27]23)[C@H:28]([OH:29])[C@@H:30]1[OH:31])[C@@H:32]([OH:33])[C:34](=[O:35])[OH:900].[NH2:36][CH2:37][CH2:38][C:39](=[O:40])[NH:41][CH2:42][CH2:43][SH:44]", "reacting_atoms": [34, 36], "template_id": "e90495e032398914a2bc30231f78c717", "template_set": ["bkms", "bkms"], "num_examples": 54, "necessary_reagent": "", "template_score": 0.008190413005650043, "rms_molwt": -407.60017103643816, "num_rings": -3, "plausibility": 1, "tforms": ["e90495e032398914a2bc30231f78c717", "1733bcb93151c3ebcf2527f23abf11f2"], "rank": 9, "score": -72667.92767067083}, {"smiles": "CC(C)(CO[P@@](=O)(O)O[P@@](=O)(O)OC[C@H]1O[C@@H](n2cnc3c(N)ncnc32)[C@H](O)[C@@H]1O)[C@@H](O)C(=O)NCCC(=O)O.NCCS", "smiles_split": ["CC(C)(CO[P@@](=O)(O)O[P@@](=O)(O)OC[C@H]1O[C@@H](n2cnc3c(N)ncnc32)[C@H](O)[C@@H]1O)[C@@H](O)C(=O)NCCC(=O)O", "NCCS"], "mapped_smiles": "[CH3:1][C:2]([CH3:3])([CH2:4][O:5][P@@:6](=[O:7])([OH:8])[O:9][P@@:10](=[O:11])([OH:12])[O:13][CH2:14][C@H:15]1[O:16][C@@H:17]([n:18]2[cH:19][n:20][c:21]3[c:22]([NH2:23])[n:24][cH:25][n:26][c:27]23)[C@H:28]([OH:29])[C@@H:30]1[OH:31])[C@@H:32]([OH:33])[C:34](=[O:35])[NH:36][CH2:37][CH2:38][C:39](=[O:40])[OH:900].[NH2:41][CH2:42][CH2:43][SH:44]", "reacting_atoms": [39, 41], "template_id": "e90495e032398914a2bc30231f78c717", "template_set": ["bkms", "bkms"], "num_examples": 54, "necessary_reagent": "", "template_score": 0.008190413005650043, "rms_molwt": -447.4820142465491, "num_rings": -3, "plausibility": 1, "tforms": ["e90495e032398914a2bc30231f78c717", "1733bcb93151c3ebcf2527f23abf11f2"], "rank": 10, "score": -77437.6734017523}, {"smiles": "CC(C)(CO[P@@](=O)(O)O[P@@](=O)(O)OC[C@H]1O[C@@H](n2cnc3c(N)ncnc32)[C@H](O)[C@@H]1OP(=O)(O)OP(=O)(O)O)[C@@H](O)C(=O)NCCC(=O)NCCS", "smiles_split": ["CC(C)(CO[P@@](=O)(O)O[P@@](=O)(O)OC[C@H]1O[C@@H](n2cnc3c(N)ncnc32)[C@H](O)[C@@H]1OP(=O)(O)OP(=O)(O)O)[C@@H](O)C(=O)NCCC(=O)NCCS"], "mapped_smiles": "[CH3:1][C:2]([CH3:3])([CH2:4][O:5][P@@:6](=[O:7])([OH:8])[O:9][P@@:10](=[O:11])([OH:12])[O:13][CH2:14][C@H:15]1[O:16][C@@H:17]([n:18]2[cH:19][n:20][c:21]3[c:22]([NH2:23])[n:24][cH:25][n:26][c:27]23)[C@H:28]([OH:29])[C@@H:30]1[O:31][P:905]([O:904][P:901]([OH:900])([OH:902])=[O:903])([OH:906])=[O:907])[C@@H:32]([OH:33])[C:34](=[O:35])[NH:36][CH2:37][CH2:38][C:39](=[O:40])[NH:41][CH2:42][CH2:43][SH:44]", "reacting_atoms": [31, 30], "template_id": "4533f70e906e83f5f904b2229b486cf1", "template_set": ["bkms"], "num_examples": 6, "necessary_reagent": "", "template_score": 0.009434751234948635, "rms_molwt": -847.0815394840002, "num_rings": -3, "plausibility": 1, "tforms": ["4533f70e906e83f5f904b2229b486cf1"], "rank": 11, "score": -91060.69506120752}, {"smiles": "CC(C)(CO[P@@](=O)(O)O[P@@](=O)(O)OC[C@H]1O[C@@H](n2cnc3c(N)ncnc32)[C@H](OP(=O)(O)OP(=O)(O)O)[C@@H]1O)[C@@H](O)C(=O)NCCC(=O)NCCS", "smiles_split": ["CC(C)(CO[P@@](=O)(O)O[P@@](=O)(O)OC[C@H]1O[C@@H](n2cnc3c(N)ncnc32)[C@H](OP(=O)(O)OP(=O)(O)O)[C@@H]1O)[C@@H](O)C(=O)NCCC(=O)NCCS"], "mapped_smiles": "[CH3:1][C:2]([CH3:3])([CH2:4][O:5][P@@:6](=[O:7])([OH:8])[O:9][P@@:10](=[O:11])([OH:12])[O:13][CH2:14][C@H:15]1[O:16][C@@H:17]([n:18]2[cH:19][n:20][c:21]3[c:22]([NH2:23])[n:24][cH:25][n:26][c:27]23)[C@H:28]([O:29][P:905]([O:904][P:901]([OH:900])([OH:902])=[O:903])([OH:906])=[O:907])[C@@H:30]1[OH:31])[C@@H:32]([OH:33])[C:34](=[O:35])[NH:36][CH2:37][CH2:38][C:39](=[O:40])[NH:41][CH2:42][CH2:43][SH:44]", "reacting_atoms": [29, 28], "template_id": "4533f70e906e83f5f904b2229b486cf1", "template_set": ["bkms"], "num_examples": 6, "necessary_reagent": "", "template_score": 0.009434751234948635, "rms_molwt": -847.0815394840002, "num_rings": -3, "plausibility": 1, "tforms": ["4533f70e906e83f5f904b2229b486cf1"], "rank": 12, "score": -91060.69506120752}, {"smiles": "CC(C)(CO[P@@](=O)(O)O[P@@](=O)(O)OC[C@H]1O[C@@H](n2cnc3c(N)ncnc32)[C@H](O)[C@@H]1O)[C@@H](OP(=O)(O)OP(=O)(O)O)C(=O)NCCC(=O)NCCS", "smiles_split": ["CC(C)(CO[P@@](=O)(O)O[P@@](=O)(O)OC[C@H]1O[C@@H](n2cnc3c(N)ncnc32)[C@H](O)[C@@H]1O)[C@@H](OP(=O)(O)OP(=O)(O)O)C(=O)NCCC(=O)NCCS"], "mapped_smiles": "[CH3:1][C:2]([CH3:3])([CH2:4][O:5][P@@:6](=[O:7])([OH:8])[O:9][P@@:10](=[O:11])([OH:12])[O:13][CH2:14][C@H:15]1[O:16][C@@H:17]([n:18]2[cH:19][n:20][c:21]3[c:22]([NH2:23])[n:24][cH:25][n:26][c:27]23)[C@H:28]([OH:29])[C@@H:30]1[OH:31])[C@@H:32]([O:33][P:905]([O:904][P:901]([OH:900])([OH:902])=[O:903])([OH:906])=[O:907])[C:34](=[O:35])[NH:36][CH2:37][CH2:38][C:39](=[O:40])[NH:41][CH2:42][CH2:43][SH:44]", "reacting_atoms": [33, 32], "template_id": "4533f70e906e83f5f904b2229b486cf1", "template_set": ["bkms"], "num_examples": 6, "necessary_reagent": "", "template_score": 0.009434751234948635, "rms_molwt": -847.0815394840002, "num_rings": -3, "plausibility": 1, "tforms": ["4533f70e906e83f5f904b2229b486cf1"], "rank": 13, "score": -91060.69506120752}, {"smiles": "CC(C)(CO[P@@](=O)(O)O[P@@](=O)(O)OC[C@H]1O[C@@H](n2cnc3c(N)ncnc32)C[C@@H]1O)[C@@H](O)C(=O)NCCC(=O)NCCS", "smiles_split": ["CC(C)(CO[P@@](=O)(O)O[P@@](=O)(O)OC[C@H]1O[C@@H](n2cnc3c(N)ncnc32)C[C@@H]1O)[C@@H](O)C(=O)NCCC(=O)NCCS"], "mapped_smiles": "[CH3:1][C:2]([CH3:3])([CH2:4][O:5][P@@:6](=[O:7])([OH:8])[O:9][P@@:10](=[O:11])([OH:12])[O:13][CH2:14][C@H:15]1[O:16][C@@H:17]([n:18]2[cH:19][n:20][c:21]3[c:22]([NH2:23])[n:24][cH:25][n:26][c:27]23)[CH2:28][C@@H:30]1[OH:31])[C@@H:32]([OH:33])[C:34](=[O:35])[NH:36][CH2:37][CH2:38][C:39](=[O:40])[NH:41][CH2:42][CH2:43][SH:44]", "reacting_atoms": [28], "template_id": "a034de99c75fe18016182f108d443d26", "template_set": ["bkms", "bkms", "bkms", "bkms", "bkms"], "num_examples": 114, "necessary_reagent": "[O]", "template_score": 0.00710413558408618, "rms_molwt": -671.1539638200001, "num_rings": -3, "plausibility": 1, "tforms": ["a034de99c75fe18016182f108d443d26", "1e88af05e222f852e6c6826cd2d6b4d5", "491f9e709e6aa457e5fd1ae97a2af46c", "9f387abf2274fc73429ecccd1b168e7b", "31cd94b87aa92c03f551e21924c8ce73"], "rank": 14, "score": -91231.3743602122}, {"smiles": "CC(C)(CO[P@@](=O)(O)O[P@@](=O)(O)OC[C@@H]1C[C@@H](O)[C@H](n2cnc3c(N)ncnc32)O1)[C@@H](O)C(=O)NCCC(=O)NCCS", "smiles_split": ["CC(C)(CO[P@@](=O)(O)O[P@@](=O)(O)OC[C@@H]1C[C@@H](O)[C@H](n2cnc3c(N)ncnc32)O1)[C@@H](O)C(=O)NCCC(=O)NCCS"], "mapped_smiles": "[CH3:1][C:2]([CH3:3])([CH2:4][O:5][P@@:6](=[O:7])([OH:8])[O:9][P@@:10](=[O:11])([OH:12])[O:13][CH2:14][C@H:15]1[O:16][C@@H:17]([n:18]2[cH:19][n:20][c:21]3[c:22]([NH2:23])[n:24][cH:25][n:26][c:27]23)[C@H:28]([OH:29])[CH2:30]1)[C@@H:32]([OH:33])[C:34](=[O:35])[NH:36][CH2:37][CH2:38][C:39](=[O:40])[NH:41][CH2:42][CH2:43][SH:44]", "reacting_atoms": [30, 15], "template_id": "a034de99c75fe18016182f108d443d26", "template_set": ["bkms", "bkms", "bkms"], "num_examples": 112, "necessary_reagent": "[O]", "template_score": 0.00710413558408618, "rms_molwt": -671.1539638200001, "num_rings": -3, "plausibility": 1, "tforms": ["9f387abf2274fc73429ecccd1b168e7b", "a034de99c75fe18016182f108d443d26", "1e88af05e222f852e6c6826cd2d6b4d5"], "rank": 15, "score": -91231.3743602122}]}