{"smiles": "O=C(O)Cn1ccnc1[N+](=O)[O-]", "sfscore": [0.5773503184318542, 0.42253613471984863], "chem_result": [{"smiles": "O=C(O)Cn1ccnc1[N+](=O)[O-]", "bw_confidence": 0.2552592014500136, "confidence": 0.3940584165037142, "rclass": "10 10.2 10.2.1", "children": [{"smiles": "O=C(O)Cn1ccnc1"}, {"smiles": "O=S(=O)(O)O"}, {"smiles": "O=[N+]([O-])O"}]}, {"smiles": "O=C(O)Cn1ccnc1[N+](=O)[O-]", "bw_confidence": 0.07111849697442321, "confidence": 0.9768624833655182, "rclass": "8 8.3 8.3.2", "children": [{"smiles": "CC(C)=O"}, {"smiles": "CC(C)=O~O=S(=O)(O)O~O=[Cr](=O)=O"}, {"smiles": "O=[N+]([O-])c1nccn1CCO"}]}, {"smiles": "O=C(O)Cn1ccnc1[N+](=O)[O-]", "bw_confidence": 0.06785512679361028, "confidence": 0.9418581948083404, "rclass": "6 6.2 6.2.3", "children": [{"smiles": "CC(C)(C)OC(=O)Cn1ccnc1[N+](=O)[O-]"}, {"smiles": "ClCCl"}, {"smiles": "O=C(O)C(F)(F)F"}]}, {"smiles": "O=C(O)Cn1ccnc1[N+](=O)[O-]", "bw_confidence": 0.05715395631512118, "confidence": 0.805290439327092, "rclass": "1 1.6 1.6.2", "children": [{"smiles": "O=C(O)CBr"}, {"smiles": "O=[N+]([O-])c1ncc[nH]1"}]}, {"smiles": "O=C(O)Cn1ccnc1[N+](=O)[O-]", "bw_confidence": 0.03342312154607457, "confidence": 0.5258355102507786, "rclass": "9 9.4 9.4.1", "children": [{"smiles": "N#CCn1ccnc1[N+](=O)[O-]"}, {"smiles": "O"}, {"smiles": "O=S(=O)(O)O"}]}, {"smiles": "O=C(O)Cn1ccnc1[N+](=O)[O-]", "bw_confidence": 0.03233107439406758, "confidence": 0.1747573444104974, "rclass": "0 0 0", "children": [{"smiles": "NCC(=O)O"}, {"smiles": "O=[N+]([O-])c1ncc[nH]1"}]}], "chem_bw_confidence_list": [0.2552592014500136, 0.07111849697442321, 0.06785512679361028, 0.05715395631512118, 0.03342312154607457, 0.03233107439406758], "enzy_template_score_list": [0.17546319961547852, 0.19735045731067657, 0.0781107023358345, 0.055018309503793716, 0.02876712568104267, 0.006417460739612579, 0.006645674351602793, 0.008693404495716095, 0.008693404495716095, 0.005306605715304613, 0.0014497647061944008, 0.001730946358293295, 0.0015291260788217187, 0.002615545876324177, 0.0009970711544156075], "enzy_result": [{"smiles": "Nc1nccn1CC(=O)O", "smiles_split": ["Nc1nccn1CC(=O)O"], "mapped_smiles": "[O:1]=[C:2]([OH:3])[CH2:4][n:5]1[cH:6][cH:7][n:8][c:9]1[NH2:10]", "reacting_atoms": [10], "template_id": "facbd7b7e134a20e847235ce502c43a6", "template_set": ["bkms"], "num_examples": 13, "necessary_reagent": "[O]", "template_score": 0.17546319961547852, "rms_molwt": -141.053826464, "num_rings": -1, "plausibility": 1, "tforms": ["facbd7b7e134a20e847235ce502c43a6"], "rank": 1, "score": -366.1483054233565}, {"smiles": "O=C(O)Cn1ccnc1NO", "smiles_split": ["O=C(O)Cn1ccnc1NO"], "mapped_smiles": "[O:1]=[C:2]([OH:3])[CH2:4][n:5]1[cH:6][cH:7][n:8][c:9]1[NH:10][OH:11]", "reacting_atoms": [11, 10], "template_id": "4f5fd1116ca601f2f6293e06a397bea9", "template_set": ["bkms"], "num_examples": 9, "necessary_reagent": "[O]", "template_score": 0.19735045731067657, "rms_molwt": -157.048741084, "num_rings": -1, "plausibility": 1, "tforms": ["4f5fd1116ca601f2f6293e06a397bea9"], "rank": 2, "score": -374.79388898186903}, {"smiles": "O=Nc1nccn1CC(=O)O", "smiles_split": ["O=Nc1nccn1CC(=O)O"], "mapped_smiles": "[O:1]=[C:2]([OH:3])[CH2:4][n:5]1[cH:6][cH:7][n:8][c:9]1[N:10]=[O:11]", "reacting_atoms": [10], "template_id": "822f0e0214621fa6bf01682a22260348", "template_set": ["bkms"], "num_examples": 4, "necessary_reagent": "[O]", "template_score": 0.0781107023358345, "rms_molwt": -155.03309102, "num_rings": -1, "plausibility": 1, "tforms": ["822f0e0214621fa6bf01682a22260348"], "rank": 3, "score": -946.9348396050186}, {"smiles": "O=CCn1ccnc1[N+](=O)[O-]", "smiles_split": ["O=CCn1ccnc1[N+](=O)[O-]"], "mapped_smiles": "[O:1]=[CH:2][CH2:4][n:5]1[cH:6][cH:7][n:8][c:9]1[N+:10](=[O:11])[O-:12]", "reacting_atoms": [2], "template_id": "da5e8ca58337efec4c4782fbb45ff9a8", "template_set": ["bkms"], "num_examples": 128, "necessary_reagent": "[O]", "template_score": 0.055018309503793716, "rms_molwt": -155.03309102, "num_rings": -1, "plausibility": 1, "tforms": ["da5e8ca58337efec4c4782fbb45ff9a8"], "rank": 4, "score": -1344.3841887348171}, {"smiles": "O=[N+]([O-])c1nccn1CCO", "smiles_split": ["O=[N+]([O-])c1nccn1CCO"], "mapped_smiles": "[OH:1][CH2:2][CH2:4][n:5]1[cH:6][cH:7][n:8][c:9]1[N+:10](=[O:11])[O-:12]", "reacting_atoms": [2, 1], "template_id": "4c59603d7f0119a8d94c5c6c1844ed6f", "template_set": ["bkms", "bkms"], "num_examples": 27, "necessary_reagent": "[O]", "template_score": 0.02876712568104267, "rms_molwt": -157.048741084, "num_rings": -1, "plausibility": 1, "tforms": ["4c59603d7f0119a8d94c5c6c1844ed6f", "57d5ceca0661c2bb946aa826fd543e23"], "rank": 5, "score": -2571.1899828964038}, {"smiles": "N#CCn1ccnc1[N+](=O)[O-]", "smiles_split": ["N#CCn1ccnc1[N+](=O)[O-]"], "mapped_smiles": "[C:2]([CH2:4][n:5]1[cH:6][cH:7][n:8][c:9]1[N+:10](=[O:11])[O-:12])#[N:900]", "reacting_atoms": [2], "template_id": "1c2adc62ec6fe83f25b06126207409e3", "template_set": ["bkms"], "num_examples": 10, "necessary_reagent": "[O]", "template_score": 0.006417460739612579, "rms_molwt": -152.033425368, "num_rings": -1, "plausibility": 1, "tforms": ["1c2adc62ec6fe83f25b06126207409e3"], "rank": 6, "score": -11525.702826860472}, {"smiles": "NC(=O)Cn1ccnc1[N+](=O)[O-]", "smiles_split": ["NC(=O)Cn1ccnc1[N+](=O)[O-]"], "mapped_smiles": "[O:1]=[C:2]([CH2:4][n:5]1[cH:6][cH:7][n:8][c:9]1[N+:10](=[O:11])[O-:12])[NH2:900]", "reacting_atoms": [2], "template_id": "7f976c19a733cebd505e5ebc06f4a905", "template_set": ["bkms"], "num_examples": 31, "necessary_reagent": "[O]", "template_score": 0.006645674351602793, "rms_molwt": -170.043990052, "num_rings": -1, "plausibility": 1, "tforms": ["7f976c19a733cebd505e5ebc06f4a905"], "rank": 7, "score": -12660.632211539789}, {"smiles": "O=C(O)Cn1cc(C(=O)O)nc1[N+](=O)[O-]", "smiles_split": ["O=C(O)Cn1cc(C(=O)O)nc1[N+](=O)[O-]"], "mapped_smiles": "[O:1]=[C:2]([OH:3])[CH2:4][n:5]1[cH:6][c:7]([C:901]([OH:900])=[O:902])[n:8][c:9]1[N+:10](=[O:11])[O-:12]", "reacting_atoms": [7], "template_id": "c23597a3d0afc6ed463cdc80f8a57c29", "template_set": ["bkms"], "num_examples": 3, "necessary_reagent": "", "template_score": 0.008693404495716095, "rms_molwt": -215.01783488, "num_rings": -1, "plausibility": 1, "tforms": ["c23597a3d0afc6ed463cdc80f8a57c29"], "rank": 8, "score": -13365.247233518003}, {"smiles": "O=C(O)Cn1c(C(=O)O)cnc1[N+](=O)[O-]", "smiles_split": ["O=C(O)Cn1c(C(=O)O)cnc1[N+](=O)[O-]"], "mapped_smiles": "[O:1]=[C:2]([OH:3])[CH2:4][n:5]1[c:6]([C:901]([OH:900])=[O:902])[cH:7][n:8][c:9]1[N+:10](=[O:11])[O-:12]", "reacting_atoms": [6], "template_id": "c23597a3d0afc6ed463cdc80f8a57c29", "template_set": ["bkms"], "num_examples": 3, "necessary_reagent": "", "template_score": 0.008693404495716095, "rms_molwt": -215.01783488, "num_rings": -1, "plausibility": 1, "tforms": ["c23597a3d0afc6ed463cdc80f8a57c29"], "rank": 9, "score": -13365.247233518003}, {"smiles": "COC(=O)Cn1ccnc1[N+](=O)[O-]", "smiles_split": ["COC(=O)Cn1ccnc1[N+](=O)[O-]"], "mapped_smiles": "[O:1]=[C:2]([O:3][CH3:900])[CH2:4][n:5]1[cH:6][cH:7][n:8][c:9]1[N+:10](=[O:11])[O-:12]", "reacting_atoms": [3], "template_id": "65bb356581e29066c131db28a1b55b46", "template_set": ["bkms"], "num_examples": 21, "necessary_reagent": "", "template_score": 0.005306605715304613, "rms_molwt": -185.043655704, "num_rings": -1, "plausibility": 1, "tforms": ["65bb356581e29066c131db28a1b55b46"], "rank": 10, "score": -17665.592318588635}, {"smiles": "O=C(Cl)Cn1ccnc1[N+](=O)[O-]", "smiles_split": ["O=C(Cl)Cn1ccnc1[N+](=O)[O-]"], "mapped_smiles": "[O:1]=[C:2]([CH2:4][n:5]1[cH:6][cH:7][n:8][c:9]1[N+:10](=[O:11])[O-:12])[Cl:900]", "reacting_atoms": [2], "template_id": "7e37d8710e2394e809680451fac94838", "template_set": ["bkms"], "num_examples": 3, "necessary_reagent": "[O]", "template_score": 0.0014497647061944008, "rms_molwt": -188.994118668, "num_rings": -1, "plausibility": 1, "tforms": ["7e37d8710e2394e809680451fac94838"], "rank": 11, "score": -58035.92707410266}, {"smiles": "O=C(O)C(=O)Cn1ccnc1[N+](=O)[O-]", "smiles_split": ["O=C(O)C(=O)Cn1ccnc1[N+](=O)[O-]"], "mapped_smiles": "[O:1]=[C:2]([CH2:4][n:5]1[cH:6][cH:7][n:8][c:9]1[N+:10](=[O:11])[O-:12])[C:901]([OH:3])=[O:900]", "reacting_atoms": [3, 2], "template_id": "0ccb5de8a62dc4b58c02a22defa509a5", "template_set": ["bkms"], "num_examples": 7, "necessary_reagent": "", "template_score": 0.001730946358293295, "rms_molwt": -199.02292026, "num_rings": -1, "plausibility": 1, "tforms": ["0ccb5de8a62dc4b58c02a22defa509a5"], "rank": 12, "score": -60525.50752235301}, {"smiles": "O=C(O)CCCn1ccnc1[N+](=O)[O-]", "smiles_split": ["O=C(O)CCCn1ccnc1[N+](=O)[O-]"], "mapped_smiles": "[O:1]=[C:901]([OH:3])[CH2:900][CH2:2][CH2:4][n:5]1[cH:6][cH:7][n:8][c:9]1[N+:10](=[O:11])[O-:12]", "reacting_atoms": [2, 1, 3], "template_id": "73d46a8acfc6d747860d3c346920506c", "template_set": ["bkms"], "num_examples": 1, "necessary_reagent": "", "template_score": 0.0015291260788217187, "rms_molwt": -199.059305768, "num_rings": -1, "plausibility": 1, "tforms": ["73d46a8acfc6d747860d3c346920506c"], "rank": 13, "score": -68513.91018744446}, {"smiles": "O=C(O)CC[C@H](NC(=O)Cn1ccnc1[N+](=O)[O-])C(=O)O", "smiles_split": ["O=C(O)CC[C@H](NC(=O)Cn1ccnc1[N+](=O)[O-])C(=O)O"], "mapped_smiles": "[O:1]=[C:2]([CH2:4][n:5]1[cH:6][cH:7][n:8][c:9]1[N+:10](=[O:11])[O-:12])[NH:906][C@@H:905]([CH2:904][CH2:903][C:901]([OH:900])=[O:902])[C:907]([OH:908])=[O:909]", "reacting_atoms": [2], "template_id": "1df4fa8b8bf19640b076bc7d62f10e67", "template_set": ["bkms"], "num_examples": 7, "necessary_reagent": "[O]", "template_score": 0.002615545876324177, "rms_molwt": -300.070598724, "num_rings": -1, "plausibility": 1, "tforms": ["1df4fa8b8bf19640b076bc7d62f10e67"], "rank": 14, "score": -74733.22527336107}, {"smiles": "O=[N+]([O-])c1nccn1CC(O)O", "smiles_split": ["O=[N+]([O-])c1nccn1CC(O)O"], "mapped_smiles": "[OH:1][CH:2]([OH:3])[CH2:4][n:5]1[cH:6][cH:7][n:8][c:9]1[N+:10](=[O:11])[O-:12]", "reacting_atoms": [2, 1], "template_id": "8e8b345b42f2f8ee6c475f632a919685", "template_set": ["bkms"], "num_examples": 4, "necessary_reagent": "", "template_score": 0.0009970711544156075, "rms_molwt": -173.043655704, "num_rings": -1, "plausibility": 1, "tforms": ["8e8b345b42f2f8ee6c475f632a919685"], "rank": 15, "score": -83382.65368035274}]}