{"smiles": "COc1cnc(C(C)C)cn1", "sfscore": [0.5723103284835815, 0.4292103052139282], "chem_result": [{"smiles": "COc1cnc(C(C)C)cn1", "bw_confidence": 0.23206567993641564, "confidence": 0.9892772030021735, "rclass": "7 7.6 7.6.1", "children": [{"smiles": "C=C(C)c1cnc(OC)cn1"}, {"smiles": "CO"}, {"smiles": "[Pd]"}]}, {"smiles": "COc1cnc(C(C)C)cn1", "bw_confidence": 0.15465151816262634, "confidence": 0.993375474859002, "rclass": "1 1.7 1.7.11", "children": [{"smiles": "CC(C)c1cnc(Cl)cn1"}, {"smiles": "CO"}, {"smiles": "C[O-]~[Na+]"}]}, {"smiles": "COc1cnc(C(C)C)cn1", "bw_confidence": 0.06729175276819903, "confidence": 0.5056730438809758, "rclass": "8 8.8 8.8.18", "children": [{"smiles": "COc1cnc(C(C)C)cn1"}, {"smiles": "N#CC1=C(C#N)C(=O)C(Cl)=C(Cl)C1=O"}]}, {"smiles": "COc1cnc(C(C)C)cn1", "bw_confidence": 0.0665336949818654, "confidence": 0.37243450406171713, "rclass": "3 3.5 3.5.2", "children": [{"smiles": "C1CCOC1"}, {"smiles": "CC(C)[Mg]Cl"}, {"smiles": "COc1cnc(Br)cn1"}]}, {"smiles": "COc1cnc(C(C)C)cn1", "bw_confidence": 0.050837707981330235, "confidence": 0.3254943102901054, "rclass": "0 0 0", "children": [{"smiles": "C1CCOC1"}, {"smiles": "CCCC[N+](CCCC)(CCCC)CCCC~[F-]"}, {"smiles": "COc1cnc(C(C)C)cn1"}]}, {"smiles": "COc1cnc(C(C)C)cn1", "bw_confidence": 0.028350480354323162, "confidence": 0.24273934306698436, "rclass": "0 0 0", "children": [{"smiles": "CC(C)C(=O)C=O"}, {"smiles": "COC(=N)N~Cl"}]}, {"smiles": "COc1cnc(C(C)C)cn1", "bw_confidence": 0.026677004417641044, "confidence": 0.9259624902742181, "rclass": "10 10.4 10.4.2", "children": [{"smiles": "C1CCOC1"}, {"smiles": "CI"}, {"smiles": "COc1cnc(C)cn1"}, {"smiles": "[Li]CCCC"}]}, {"smiles": "COc1cnc(C(C)C)cn1", "bw_confidence": 0.026276994644086383, "confidence": 0.30454008294951235, "rclass": "9 9.7 9.7.60", "children": [{"smiles": "CO"}, {"smiles": "COc1cnc(C(C)(C)O)cn1"}, {"smiles": "[Pd]"}]}, {"smiles": "COc1cnc(C(C)C)cn1", "bw_confidence": 0.01792922521346993, "confidence": 0.6005891529683142, "rclass": "11 11.9 11.9", "children": [{"smiles": "COc1cnc(C(C)C)cn1~Cl"}, {"smiles": "O"}, {"smiles": "[OH-]~[Na+]"}]}], "chem_bw_confidence_list": [0.23206567993641564, 0.15465151816262634, 0.06729175276819903, 0.0665336949818654, 0.050837707981330235, 0.028350480354323162, 0.026677004417641044, 0.026276994644086383, 0.01792922521346993], "enzy_template_score_list": [0.8175420165061951, 0.013395855203270912, 0.004503163509070873, 0.004503163509070873, 0.017795925959944725, 0.002797875553369522, 0.002797875553369522, 0.0026725027710199356, 0.0026725027710199356, 0.002046224195510149, 0.002046224195510149, 0.0009448915952816606, 0.0023366897366940975, 0.0023366897366940975, 0.002886937465518713], "enzy_result": [{"smiles": "CC(C)c1cnc(O)cn1", "smiles_split": ["CC(C)c1cnc(O)cn1"], "mapped_smiles": "[OH:2][c:3]1[cH:4][n:5][c:6]([CH:7]([CH3:8])[CH3:9])[cH:10][n:11]1", "reacting_atoms": [2], "template_id": "e0e2b378d623262efad3f5cff831b758", "template_set": ["bkms", "bkms"], "num_examples": 225, "necessary_reagent": "[C]", "template_score": 0.8175420165061951, "rms_molwt": -138.07931294, "num_rings": -1, "plausibility": 1, "tforms": ["e0e2b378d623262efad3f5cff831b758", "68bc81d174d1791c71ff27ed0f48ed4f"], "rank": 1, "score": -78.5837937454567}, {"smiles": "CC(C)Oc1cnc(C(C)C)cn1", "smiles_split": ["CC(C)Oc1cnc(C(C)C)cn1"], "mapped_smiles": "[CH:1]([O:2][c:3]1[cH:4][n:5][c:6]([CH:7]([CH3:8])[CH3:9])[cH:10][n:11]1)([CH3:900])[CH3:901]", "reacting_atoms": [1], "template_id": "94aa6093dbbc5a8d11f127a6c1ec9b94", "template_set": ["bkms"], "num_examples": 1, "necessary_reagent": "", "template_score": 0.013395855203270912, "rms_molwt": -180.126263132, "num_rings": -1, "plausibility": 1, "tforms": ["94aa6093dbbc5a8d11f127a6c1ec9b94"], "rank": 2, "score": -6998.010335254583}, {"smiles": "COc1cnc(C(C)C)c(=O)[nH]1", "smiles_split": ["COc1cnc(C(C)C)c(=O)[nH]1"], "mapped_smiles": "[CH3:1][O:2][c:3]1[cH:4][n:5][c:6]([CH:7]([CH3:8])[CH3:9])[c:10](=[O:900])[nH:11]1", "reacting_atoms": [10, 11], "template_id": "12862f728e64b83b1a31edfdf7d6cfa0", "template_set": ["bkms"], "num_examples": 2, "necessary_reagent": "", "template_score": 0.004503163509070873, "rms_molwt": -168.089877624, "num_rings": -1, "plausibility": 1, "tforms": ["12862f728e64b83b1a31edfdf7d6cfa0"], "rank": 3, "score": -18462.22962942331}, {"smiles": "COc1ncc(C(C)C)[nH]c1=O", "smiles_split": ["COc1ncc(C(C)C)[nH]c1=O"], "mapped_smiles": "[CH3:1][O:2][c:3]1[c:4](=[O:900])[nH:5][c:6]([CH:7]([CH3:8])[CH3:9])[cH:10][n:11]1", "reacting_atoms": [4, 5], "template_id": "12862f728e64b83b1a31edfdf7d6cfa0", "template_set": ["bkms"], "num_examples": 2, "necessary_reagent": "", "template_score": 0.004503163509070873, "rms_molwt": -168.089877624, "num_rings": -1, "plausibility": 1, "tforms": ["12862f728e64b83b1a31edfdf7d6cfa0"], "rank": 4, "score": -18462.22962942331}, {"smiles": "CC(C)c1cnc(O[C@H]2C(O)C(O)C(O[C@H]3C(O)C(O)[C@H](O)O[C@@H]3CO)O[C@@H]2CO)cn1", "smiles_split": ["CC(C)c1cnc(O[C@H]2C(O)C(O)C(O[C@H]3C(O)C(O)[C@H](O)O[C@@H]3CO)O[C@@H]2CO)cn1"], "mapped_smiles": "[C@@H:1]1([O:2][c:3]2[cH:4][n:5][c:6]([CH:7]([CH3:8])[CH3:9])[cH:10][n:11]2)[C@@H:914]([CH2:915][OH:916])[O:913][CH:912]([O:911][C@@H:910]2[C@@H:902]([CH2:901][OH:900])[O:903][C@@H:904]([OH:905])[CH:906]([OH:907])[CH:908]2[OH:909])[CH:919]([OH:920])[CH:917]1[OH:918]", "reacting_atoms": [1], "template_id": "c1028a1d583931b73911fd5294c2c437", "template_set": ["bkms"], "num_examples": 1, "necessary_reagent": "", "template_score": 0.017795925959944725, "rms_molwt": -462.1849597799999, "num_rings": -3, "plausibility": 1, "tforms": ["c1028a1d583931b73911fd5294c2c437"], "rank": 5, "score": -25489.423386574617}, {"smiles": "COc1cnc(C(C)C)c[n+]1O", "smiles_split": ["COc1cnc(C(C)C)c[n+]1O"], "mapped_smiles": "[CH3:1][O:2][c:3]1[cH:4][n:5][c:6]([CH:7]([CH3:8])[CH3:9])[cH:10][n+:11]1[OH:900]", "reacting_atoms": [11], "template_id": "7206b6168da58aff3c4d111020115705", "template_set": ["bkms"], "num_examples": 2, "necessary_reagent": "", "template_score": 0.002797875553369522, "rms_molwt": -169.09715407609, "num_rings": -1, "plausibility": 1, "tforms": ["7206b6168da58aff3c4d111020115705"], "rank": 6, "score": -29714.84513068542}, {"smiles": "COc1c[n+](O)c(C(C)C)cn1", "smiles_split": ["COc1c[n+](O)c(C(C)C)cn1"], "mapped_smiles": "[CH3:1][O:2][c:3]1[cH:4][n+:5]([OH:900])[c:6]([CH:7]([CH3:8])[CH3:9])[cH:10][n:11]1", "reacting_atoms": [5], "template_id": "7206b6168da58aff3c4d111020115705", "template_set": ["bkms"], "num_examples": 2, "necessary_reagent": "", "template_score": 0.002797875553369522, "rms_molwt": -169.09715407609, "num_rings": -1, "plausibility": 1, "tforms": ["7206b6168da58aff3c4d111020115705"], "rank": 7, "score": -29714.84513068542}, {"smiles": "COc1cnc(C(C)C)c(C(=O)O)n1", "smiles_split": ["COc1cnc(C(C)C)c(C(=O)O)n1"], "mapped_smiles": "[CH3:1][O:2][c:3]1[cH:4][n:5][c:6]([CH:7]([CH3:8])[CH3:9])[c:10]([C:901]([OH:900])=[O:902])[n:11]1", "reacting_atoms": [10], "template_id": "c23597a3d0afc6ed463cdc80f8a57c29", "template_set": ["bkms", "bkms"], "num_examples": 4, "necessary_reagent": "", "template_score": 0.0026725027710199356, "rms_molwt": -196.084792244, "num_rings": -1, "plausibility": 1, "tforms": ["181b8320c56dadd3ef994d889e20a2a0", "c23597a3d0afc6ed463cdc80f8a57c29"], "rank": 8, "score": -39201.60830728989}, {"smiles": "COc1ncc(C(C)C)nc1C(=O)O", "smiles_split": ["COc1ncc(C(C)C)nc1C(=O)O"], "mapped_smiles": "[CH3:1][O:2][c:3]1[c:4]([C:901]([OH:900])=[O:902])[n:5][c:6]([CH:7]([CH3:8])[CH3:9])[cH:10][n:11]1", "reacting_atoms": [4], "template_id": "c23597a3d0afc6ed463cdc80f8a57c29", "template_set": ["bkms", "bkms"], "num_examples": 4, "necessary_reagent": "", "template_score": 0.0026725027710199356, "rms_molwt": -196.084792244, "num_rings": -1, "plausibility": 1, "tforms": ["181b8320c56dadd3ef994d889e20a2a0", "c23597a3d0afc6ed463cdc80f8a57c29"], "rank": 9, "score": -39201.60830728989}, {"smiles": "COc1cnc(C(C)C)c[n+]1[O-]", "smiles_split": ["COc1cnc(C(C)C)c[n+]1[O-]"], "mapped_smiles": "[CH3:1][O:2][c:3]1[cH:4][n:5][c:6]([CH:7]([CH3:8])[CH3:9])[cH:10][n+:11]1[O-:900]", "reacting_atoms": [11], "template_id": "c35e1f506c64bd7357725fbec7e2cc3f", "template_set": ["bkms"], "num_examples": 2, "necessary_reagent": "", "template_score": 0.002046224195510149, "rms_molwt": -168.089877624, "num_rings": -1, "plausibility": 1, "tforms": ["c35e1f506c64bd7357725fbec7e2cc3f"], "rank": 10, "score": -40630.17090000672}, {"smiles": "COc1c[n+]([O-])c(C(C)C)cn1", "smiles_split": ["COc1c[n+]([O-])c(C(C)C)cn1"], "mapped_smiles": "[CH3:1][O:2][c:3]1[cH:4][n+:5]([O-:900])[c:6]([CH:7]([CH3:8])[CH3:9])[cH:10][n:11]1", "reacting_atoms": [5], "template_id": "c35e1f506c64bd7357725fbec7e2cc3f", "template_set": ["bkms"], "num_examples": 2, "necessary_reagent": "", "template_score": 0.002046224195510149, "rms_molwt": -168.089877624, "num_rings": -1, "plausibility": 1, "tforms": ["c35e1f506c64bd7357725fbec7e2cc3f"], "rank": 11, "score": -40630.17090000672}, {"smiles": "COc1cnc(C(C)CO)cn1", "smiles_split": ["COc1cnc(C(C)CO)cn1"], "mapped_smiles": "[CH3:1][O:2][c:3]1[cH:4][n:5][c:6]([CH:7]([CH3:8])[CH2:9][OH:900])[cH:10][n:11]1", "reacting_atoms": [9], "template_id": "c4db9adeb4ad4c2bdb38e6a73be29f53", "template_set": ["bkms"], "num_examples": 14, "necessary_reagent": "", "template_score": 0.0009448915952816606, "rms_molwt": -168.089877624, "num_rings": -1, "plausibility": 1, "tforms": ["c4db9adeb4ad4c2bdb38e6a73be29f53"], "rank": 12, "score": -87987.27724795093}, {"smiles": "COc1c[n+]([C@@H]2O[C@H](CO)[C@@H](O)[C@H]2O)c(C(C)C)cn1", "smiles_split": ["COc1c[n+]([C@@H]2O[C@H](CO)[C@@H](O)[C@H]2O)c(C(C)C)cn1"], "mapped_smiles": "[CH3:1][O:2][c:3]1[cH:4][n+:5]([C@@H:904]2[O:903][C@H:902]([CH2:901][OH:900])[C@@H:907]([OH:908])[C@H:905]2[OH:906])[c:6]([CH:7]([CH3:8])[CH3:9])[cH:10][n:11]1", "reacting_atoms": [5], "template_id": "c8c1e0f12d69dd6cd880b6433450730f", "template_set": ["bkms"], "num_examples": 2, "necessary_reagent": "", "template_score": 0.0023366897366940975, "rms_molwt": -285.14449819209005, "num_rings": -2, "plausibility": 1, "tforms": ["c8c1e0f12d69dd6cd880b6433450730f"], "rank": 13, "score": -95034.34478282787}, {"smiles": "COc1cnc(C(C)C)c[n+]1[C@@H]1O[C@H](CO)[C@@H](O)[C@H]1O", "smiles_split": ["COc1cnc(C(C)C)c[n+]1[C@@H]1O[C@H](CO)[C@@H](O)[C@H]1O"], "mapped_smiles": "[CH3:1][O:2][c:3]1[cH:4][n:5][c:6]([CH:7]([CH3:8])[CH3:9])[cH:10][n+:11]1[C@@H:904]1[O:903][C@H:902]([CH2:901][OH:900])[C@@H:907]([OH:908])[C@H:905]1[OH:906]", "reacting_atoms": [11], "template_id": "c8c1e0f12d69dd6cd880b6433450730f", "template_set": ["bkms"], "num_examples": 2, "necessary_reagent": "", "template_score": 0.0023366897366940975, "rms_molwt": -285.14449819209, "num_rings": -2, "plausibility": 1, "tforms": ["c8c1e0f12d69dd6cd880b6433450730f"], "rank": 14, "score": -95034.34478282787}, {"smiles": "COc1c[n+]([C@@H]2O[C@H](COP(=O)(O)O)[C@@H](O)[C@H]2O)c(C(C)C)cn1", "smiles_split": ["COc1c[n+]([C@@H]2O[C@H](COP(=O)(O)O)[C@@H](O)[C@H]2O)c(C(C)C)cn1"], "mapped_smiles": "[CH3:1][O:2][c:3]1[cH:4][n+:5]([C@@H:910]2[O:909][C@H:902]([CH2:903][O:904][P:905]([OH:906])([OH:907])=[O:908])[C@@H:901]([OH:900])[C@H:911]2[OH:912])[c:6]([CH:7]([CH3:8])[CH3:9])[cH:10][n:11]1", "reacting_atoms": [5], "template_id": "8486c35461f2d0aa2c13d731d8178365", "template_set": ["bkms"], "num_examples": 1, "necessary_reagent": "", "template_score": 0.002886937465518713, "rms_molwt": -365.11082871409, "num_rings": -2, "plausibility": 1, "tforms": ["8486c35461f2d0aa2c13d731d8178365"], "rank": 15, "score": -96410.59375862672}]}