{"smiles": "COc1cc(-c2cc(=O)c3c(O)c(O)c(O)c(O[C@@H]4O[C@H](C)[C@@H](O)[C@@H](O)[C@@H]4O)c3o2)ccc1O", "sfscore": [0.409706711769104, 0.6475207209587097], "chem_result": [{"smiles": "COc1cc(-c2cc(=O)c3c(O)c(O)c(O)c(O[C@@H]4O[C@H](C)[C@@H](O)[C@@H](O)[C@@H]4O)c3o2)ccc1O", "bw_confidence": 0.08295704503078155, "confidence": 0.09977094853719846, "rclass": "0 0 0", "children": [{"smiles": "COc1cc(-c2cc(=O)c3c(O)c(O)c(O)c(O)c3o2)ccc1O"}, {"smiles": "C[C@H]1O[C@H](Br)[C@@H](O)[C@H](O)[C@@H]1O"}]}, {"smiles": "COc1cc(-c2cc(=O)c3c(O)c(O)c(O)c(O[C@@H]4O[C@H](C)[C@@H](O)[C@@H](O)[C@@H]4O)c3o2)ccc1O", "bw_confidence": 0.02560108966827565, "confidence": 0.48634432049770654, "rclass": "3 3.1 3.1.7", "children": [{"smiles": "COc1cc(B2OC(C)(C)C(C)(C)O2)ccc1O"}, {"smiles": "C[C@H]1O[C@@H](Oc2c(O)c(O)c3c(=O)cc(I)oc3c2O)[C@@H](O)[C@H](O)[C@@H]1O"}]}, {"smiles": "COc1cc(-c2cc(=O)c3c(O)c(O)c(O)c(O[C@@H]4O[C@H](C)[C@@H](O)[C@@H](O)[C@@H]4O)c3o2)ccc1O", "bw_confidence": 0.01807242234913314, "confidence": 0.3833295261481993, "rclass": "7 7.5 7.5.1", "children": [{"smiles": "CO"}, {"smiles": "COc1cc(-c2cc(=O)c3c(O)c(O)c(O)c(O[C@@H]4O[C@H](C)C(=O)[C@@H](O)[C@@H]4O)c3o2)ccc1O"}, {"smiles": "[BH4-]~[Na+]"}]}, {"smiles": "COc1cc(-c2cc(=O)c3c(O)c(O)c(O)c(O[C@@H]4O[C@H](C)[C@@H](O)[C@@H](O)[C@@H]4O)c3o2)ccc1O", "bw_confidence": 0.011988148909373799, "confidence": 0.26991996281825076, "rclass": "0 0 0", "children": [{"smiles": "COc1cc(C(=O)CC(=O)c2c(O)c(O)c(O)c(O[C@@H]3O[C@H](C)[C@@H](O)[C@@H](O)[C@@H]3O)c2O)ccc1O"}, {"smiles": "COc1cc(C(=O)CC(=O)c2c(O)c(O)c(O)c(O[C@@H]3O[C@H](C)[C@@H](O)[C@@H](O)[C@@H]3O)c2O)ccc1O"}]}, {"smiles": "COc1cc(-c2cc(=O)c3c(O)c(O)c(O)c(O[C@@H]4O[C@H](C)[C@@H](O)[C@@H](O)[C@@H]4O)c3o2)ccc1O", "bw_confidence": 0.007255172259192591, "confidence": 0.17675191384512323, "rclass": "0 0 0", "children": [{"smiles": "COc1cc(-c2cc(=O)c3c(O)c(O)c(O)c(O)c3o2)ccc1O"}, {"smiles": "C[C@H]1O[C@@H](O)[C@@H](O)[C@@H](O)[C@@H]1O"}]}, {"smiles": "COc1cc(-c2cc(=O)c3c(O)c(O)c(O)c(O[C@@H]4O[C@H](C)[C@@H](O)[C@@H](O)[C@@H]4O)c3o2)ccc1O", "bw_confidence": 0.007241906703446221, "confidence": 0.2600242009433923, "rclass": "11 11.5 11.5", "children": [{"smiles": "COc1cc(-c2cc(=O)c3c(O)c(O)c(O)c(O[C@@H]4O[C@H](C)[C@@H](O)[C@@H](O)[C@@H]4O)c3o2)ccc1O"}, {"smiles": "O"}]}, {"smiles": "COc1cc(-c2cc(=O)c3c(O)c(O)c(O)c(O[C@@H]4O[C@H](C)[C@@H](O)[C@@H](O)[C@@H]4O)c3o2)ccc1O", "bw_confidence": 0.004227691150539391, "confidence": 0.08104292107662263, "rclass": "11 11.5 11.5", "children": [{"smiles": "COc1cc(-c2cc(=O)c3c(O)c(O)c(O)c(O[C@@H]4O[C@H](C)[C@@H](O)[C@@H](O)[C@@H]4O)c3o2)ccc1O"}, {"smiles": "O=O"}]}, {"smiles": "COc1cc(-c2cc(=O)c3c(O)c(O)c(O)c(O[C@@H]4O[C@H](C)[C@@H](O)[C@@H](O)[C@@H]4O)c3o2)ccc1O", "bw_confidence": 0.002222581242514461, "confidence": 0.6219082090927737, "rclass": "11 11.9 11.9", "children": [{"smiles": "CO"}, {"smiles": "COc1cc(-c2cc(=O)c3c(O)c(O)c(O)c(O[C@@H]4O[C@H](C)[C@@H](O)[C@@H](O)[C@@H]4O)c3o2)ccc1O~Cl"}, {"smiles": "O"}]}, {"smiles": "COc1cc(-c2cc(=O)c3c(O)c(O)c(O)c(O[C@@H]4O[C@H](C)[C@@H](O)[C@@H](O)[C@@H]4O)c3o2)ccc1O", "bw_confidence": 0.0018419713978863861, "confidence": 0.2466015851381097, "rclass": "0 0 0", "children": [{"smiles": "COc1cc(C(=O)CC(=O)c2c(O)c(O)c(O)c(O[C@@H]3O[C@H](C)[C@@H](O)[C@@H](O)[C@@H]3O)c2O)ccc1O"}, {"smiles": "Cl"}]}], "chem_bw_confidence_list": [0.08295704503078155, 0.02560108966827565, 0.01807242234913314, 0.011988148909373799, 0.007255172259192591, 0.007241906703446221, 0.004227691150539391, 0.002222581242514461, 0.0018419713978863861], "enzy_template_score_list": [0.2106236219406128, 0.2106236219406128, 0.2106236219406128, 0.2106236219406128, 0.14424623548984528, 0.14424623548984528, 0.14424623548984528, 0.14424623548984528, 0.12941914796829224, 0.2236861288547516, 0.2236861288547516, 0.2236861288547516, 0.2236861288547516, 0.15471170842647552, 0.15471170842647552], "enzy_result": [{"smiles": "COc1cccc(-c2cc(=O)c3c(O)c(O)c(O)c(O[C@@H]4O[C@H](C)[C@@H](O)[C@@H](O)[C@@H]4O)c3o2)c1", "smiles_split": ["COc1cccc(-c2cc(=O)c3c(O)c(O)c(O)c(O[C@@H]4O[C@H](C)[C@@H](O)[C@@H](O)[C@@H]4O)c3o2)c1"], "mapped_smiles": "[CH3:1][O:2][c:3]1[cH:4][c:5](-[c:6]2[cH:7][c:8](=[O:9])[c:10]3[c:11]([OH:12])[c:13]([OH:14])[c:15]([OH:16])[c:17]([O:18][C@@H:19]4[O:20][C@H:21]([CH3:22])[C@@H:23]([OH:24])[C@@H:25]([OH:26])[C@@H:27]4[OH:28])[c:29]3[o:30]2)[cH:31][cH:32][cH:33]1", "reacting_atoms": [33], "template_id": "3c2c4cfbcb3bcb992a014c1db6900c8d", "template_set": ["bkms", "bkms"], "num_examples": 210, "necessary_reagent": "[O]", "template_score": 0.2106236219406128, "rms_molwt": -462.1162115239999, "num_rings": -4, "plausibility": 1, "tforms": ["3c2c4cfbcb3bcb992a014c1db6900c8d", "124695a65419161b77d066b44670e1cd"], "rank": 1, "score": -2112.004669892321}, {"smiles": "COc1cc(-c2cc(=O)c3c(O)cc(O)c(O[C@@H]4O[C@H](C)[C@@H](O)[C@@H](O)[C@@H]4O)c3o2)ccc1O", "smiles_split": ["COc1cc(-c2cc(=O)c3c(O)cc(O)c(O[C@@H]4O[C@H](C)[C@@H](O)[C@@H](O)[C@@H]4O)c3o2)ccc1O"], "mapped_smiles": "[CH3:1][O:2][c:3]1[cH:4][c:5](-[c:6]2[cH:7][c:8](=[O:9])[c:10]3[c:11]([OH:12])[cH:13][c:15]([OH:16])[c:17]([O:18][C@@H:19]4[O:20][C@H:21]([CH3:22])[C@@H:23]([OH:24])[C@@H:25]([OH:26])[C@@H:27]4[OH:28])[c:29]3[o:30]2)[cH:31][cH:32][c:33]1[OH:34]", "reacting_atoms": [13], "template_id": "3c2c4cfbcb3bcb992a014c1db6900c8d", "template_set": ["bkms", "bkms"], "num_examples": 210, "necessary_reagent": "[O]", "template_score": 0.2106236219406128, "rms_molwt": -462.1162115239999, "num_rings": -4, "plausibility": 1, "tforms": ["3c2c4cfbcb3bcb992a014c1db6900c8d", "124695a65419161b77d066b44670e1cd"], "rank": 2, "score": -2112.004669892321}, {"smiles": "COc1cc(-c2cc(=O)c3cc(O)c(O)c(O[C@@H]4O[C@H](C)[C@@H](O)[C@@H](O)[C@@H]4O)c3o2)ccc1O", "smiles_split": ["COc1cc(-c2cc(=O)c3cc(O)c(O)c(O[C@@H]4O[C@H](C)[C@@H](O)[C@@H](O)[C@@H]4O)c3o2)ccc1O"], "mapped_smiles": "[CH3:1][O:2][c:3]1[cH:4][c:5](-[c:6]2[cH:7][c:8](=[O:9])[c:10]3[cH:11][c:13]([OH:14])[c:15]([OH:16])[c:17]([O:18][C@@H:19]4[O:20][C@H:21]([CH3:22])[C@@H:23]([OH:24])[C@@H:25]([OH:26])[C@@H:27]4[OH:28])[c:29]3[o:30]2)[cH:31][cH:32][c:33]1[OH:34]", "reacting_atoms": [11], "template_id": "3c2c4cfbcb3bcb992a014c1db6900c8d", "template_set": ["bkms", "bkms", "bkms"], "num_examples": 214, "necessary_reagent": "[O]", "template_score": 0.2106236219406128, "rms_molwt": -462.1162115239999, "num_rings": -4, "plausibility": 1, "tforms": ["707a7ee9f88daa3e9e86cf844cd1e066", "3c2c4cfbcb3bcb992a014c1db6900c8d", "124695a65419161b77d066b44670e1cd"], "rank": 3, "score": -2112.004669892321}, {"smiles": "COc1cc(-c2cc(=O)c3c(O)c(O)cc(O[C@@H]4O[C@H](C)[C@@H](O)[C@@H](O)[C@@H]4O)c3o2)ccc1O", "smiles_split": ["COc1cc(-c2cc(=O)c3c(O)c(O)cc(O[C@@H]4O[C@H](C)[C@@H](O)[C@@H](O)[C@@H]4O)c3o2)ccc1O"], "mapped_smiles": "[CH3:1][O:2][c:3]1[cH:4][c:5](-[c:6]2[cH:7][c:8](=[O:9])[c:10]3[c:11]([OH:12])[c:13]([OH:14])[cH:15][c:17]([O:18][C@@H:19]4[O:20][C@H:21]([CH3:22])[C@@H:23]([OH:24])[C@@H:25]([OH:26])[C@@H:27]4[OH:28])[c:29]3[o:30]2)[cH:31][cH:32][c:33]1[OH:34]", "reacting_atoms": [15], "template_id": "3c2c4cfbcb3bcb992a014c1db6900c8d", "template_set": ["bkms", "bkms", "bkms"], "num_examples": 214, "necessary_reagent": "[O]", "template_score": 0.2106236219406128, "rms_molwt": -462.1162115239999, "num_rings": -4, "plausibility": 1, "tforms": ["707a7ee9f88daa3e9e86cf844cd1e066", "3c2c4cfbcb3bcb992a014c1db6900c8d", "124695a65419161b77d066b44670e1cd"], "rank": 4, "score": -2112.004669892321}, {"smiles": "COc1cc(-c2cc(=O)c3c(OC)c(O)c(O)c(O[C@@H]4O[C@H](C)[C@@H](O)[C@@H](O)[C@@H]4O)c3o2)ccc1O", "smiles_split": ["COc1cc(-c2cc(=O)c3c(OC)c(O)c(O)c(O[C@@H]4O[C@H](C)[C@@H](O)[C@@H](O)[C@@H]4O)c3o2)ccc1O"], "mapped_smiles": "[CH3:1][O:2][c:3]1[cH:4][c:5](-[c:6]2[cH:7][c:8](=[O:9])[c:10]3[c:11]([O:12][CH3:900])[c:13]([OH:14])[c:15]([OH:16])[c:17]([O:18][C@@H:19]4[O:20][C@H:21]([CH3:22])[C@@H:23]([OH:24])[C@@H:25]([OH:26])[C@@H:27]4[OH:28])[c:29]3[o:30]2)[cH:31][cH:32][c:33]1[OH:34]", "reacting_atoms": [12], "template_id": "c11dbf440d2e73a73293e1875c2ee134", "template_set": ["bkms"], "num_examples": 59, "necessary_reagent": "", "template_score": 0.14424623548984528, "rms_molwt": -492.12677620799985, "num_rings": -4, "plausibility": 1, "tforms": ["c11dbf440d2e73a73293e1875c2ee134"], "rank": 5, "score": -3319.480204440972}, {"smiles": "COc1cc(-c2cc(=O)c3c(O)c(O)c(OC)c(O[C@@H]4O[C@H](C)[C@@H](O)[C@@H](O)[C@@H]4O)c3o2)ccc1O", "smiles_split": ["COc1cc(-c2cc(=O)c3c(O)c(O)c(OC)c(O[C@@H]4O[C@H](C)[C@@H](O)[C@@H](O)[C@@H]4O)c3o2)ccc1O"], "mapped_smiles": "[CH3:1][O:2][c:3]1[cH:4][c:5](-[c:6]2[cH:7][c:8](=[O:9])[c:10]3[c:11]([OH:12])[c:13]([OH:14])[c:15]([O:16][CH3:900])[c:17]([O:18][C@@H:19]4[O:20][C@H:21]([CH3:22])[C@@H:23]([OH:24])[C@@H:25]([OH:26])[C@@H:27]4[OH:28])[c:29]3[o:30]2)[cH:31][cH:32][c:33]1[OH:34]", "reacting_atoms": [16], "template_id": "c11dbf440d2e73a73293e1875c2ee134", "template_set": ["bkms"], "num_examples": 59, "necessary_reagent": "", "template_score": 0.14424623548984528, "rms_molwt": -492.12677620799985, "num_rings": -4, "plausibility": 1, "tforms": ["c11dbf440d2e73a73293e1875c2ee134"], "rank": 6, "score": -3319.480204440972}, {"smiles": "COc1ccc(-c2cc(=O)c3c(O)c(O)c(O)c(O[C@@H]4O[C@H](C)[C@@H](O)[C@@H](O)[C@@H]4O)c3o2)cc1OC", "smiles_split": ["COc1ccc(-c2cc(=O)c3c(O)c(O)c(O)c(O[C@@H]4O[C@H](C)[C@@H](O)[C@@H](O)[C@@H]4O)c3o2)cc1OC"], "mapped_smiles": "[CH3:1][O:2][c:3]1[cH:4][c:5](-[c:6]2[cH:7][c:8](=[O:9])[c:10]3[c:11]([OH:12])[c:13]([OH:14])[c:15]([OH:16])[c:17]([O:18][C@@H:19]4[O:20][C@H:21]([CH3:22])[C@@H:23]([OH:24])[C@@H:25]([OH:26])[C@@H:27]4[OH:28])[c:29]3[o:30]2)[cH:31][cH:32][c:33]1[O:34][CH3:900]", "reacting_atoms": [34], "template_id": "c11dbf440d2e73a73293e1875c2ee134", "template_set": ["bkms"], "num_examples": 59, "necessary_reagent": "", "template_score": 0.14424623548984528, "rms_molwt": -492.12677620799985, "num_rings": -4, "plausibility": 1, "tforms": ["c11dbf440d2e73a73293e1875c2ee134"], "rank": 7, "score": -3319.480204440972}, {"smiles": "COc1cc(-c2cc(=O)c3c(O)c(OC)c(O)c(O[C@@H]4O[C@H](C)[C@@H](O)[C@@H](O)[C@@H]4O)c3o2)ccc1O", "smiles_split": ["COc1cc(-c2cc(=O)c3c(O)c(OC)c(O)c(O[C@@H]4O[C@H](C)[C@@H](O)[C@@H](O)[C@@H]4O)c3o2)ccc1O"], "mapped_smiles": "[CH3:1][O:2][c:3]1[cH:4][c:5](-[c:6]2[cH:7][c:8](=[O:9])[c:10]3[c:11]([OH:12])[c:13]([O:14][CH3:900])[c:15]([OH:16])[c:17]([O:18][C@@H:19]4[O:20][C@H:21]([CH3:22])[C@@H:23]([OH:24])[C@@H:25]([OH:26])[C@@H:27]4[OH:28])[c:29]3[o:30]2)[cH:31][cH:32][c:33]1[OH:34]", "reacting_atoms": [14], "template_id": "c11dbf440d2e73a73293e1875c2ee134", "template_set": ["bkms"], "num_examples": 59, "necessary_reagent": "", "template_score": 0.14424623548984528, "rms_molwt": -492.12677620799985, "num_rings": -4, "plausibility": 1, "tforms": ["c11dbf440d2e73a73293e1875c2ee134"], "rank": 8, "score": -3319.480204440972}, {"smiles": "C[C@H]1O[C@@H](Oc2c(O)c(O)c(O)c3c(=O)cc(-c4ccc(O)c(O)c4)oc23)[C@@H](O)[C@H](O)[C@@H]1O", "smiles_split": ["C[C@H]1O[C@@H](Oc2c(O)c(O)c(O)c3c(=O)cc(-c4ccc(O)c(O)c4)oc23)[C@@H](O)[C@H](O)[C@@H]1O"], "mapped_smiles": "[OH:2][c:3]1[cH:4][c:5](-[c:6]2[cH:7][c:8](=[O:9])[c:10]3[c:11]([OH:12])[c:13]([OH:14])[c:15]([OH:16])[c:17]([O:18][C@@H:19]4[O:20][C@H:21]([CH3:22])[C@@H:23]([OH:24])[C@@H:25]([OH:26])[C@@H:27]4[OH:28])[c:29]3[o:30]2)[cH:31][cH:32][c:33]1[OH:34]", "reacting_atoms": [2], "template_id": "e0e2b378d623262efad3f5cff831b758", "template_set": ["bkms"], "num_examples": 223, "necessary_reagent": "[C]", "template_score": 0.12941914796829224, "rms_molwt": -464.09547607999986, "num_rings": -4, "plausibility": 1, "tforms": ["e0e2b378d623262efad3f5cff831b758"], "rank": 9, "score": -3437.189010371128}, {"smiles": "COc1cc(-c2cc(=O)c3c(O)c(O)c(O[C@@H]4O[C@H](C(=O)O)[C@@H](O)[C@H](O)[C@H]4O)c(O[C@@H]4O[C@H](C)[C@@H](O)[C@@H](O)[C@@H]4O)c3o2)ccc1O", "smiles_split": ["COc1cc(-c2cc(=O)c3c(O)c(O)c(O[C@@H]4O[C@H](C(=O)O)[C@@H](O)[C@H](O)[C@H]4O)c(O[C@@H]4O[C@H](C)[C@@H](O)[C@@H](O)[C@@H]4O)c3o2)ccc1O"], "mapped_smiles": "[CH3:1][O:2][c:3]1[cH:4][c:5](-[c:6]2[cH:7][c:8](=[O:9])[c:10]3[c:11]([OH:12])[c:13]([OH:14])[c:15]([O:16][C@@H:905]4[O:904][C@H:903]([C:901]([OH:900])=[O:902])[C@@H:910]([OH:911])[C@H:908]([OH:909])[C@H:906]4[OH:907])[c:17]([O:18][C@@H:19]4[O:20][C@H:21]([CH3:22])[C@@H:23]([OH:24])[C@@H:25]([OH:26])[C@@H:27]4[OH:28])[c:29]3[o:30]2)[cH:31][cH:32][c:33]1[OH:34]", "reacting_atoms": [16], "template_id": "5933a7935584c42ccf47b5c419dc32e8", "template_set": ["bkms"], "num_examples": 7, "necessary_reagent": "", "template_score": 0.2236861288547516, "rms_molwt": -654.1432141199999, "num_rings": -5, "plausibility": 1, "tforms": ["5933a7935584c42ccf47b5c419dc32e8"], "rank": 10, "score": -3869.4557515062097}, {"smiles": "COc1cc(-c2cc(=O)c3c(O)c(O[C@@H]4O[C@H](C(=O)O)[C@@H](O)[C@H](O)[C@H]4O)c(O)c(O[C@@H]4O[C@H](C)[C@@H](O)[C@@H](O)[C@@H]4O)c3o2)ccc1O", "smiles_split": ["COc1cc(-c2cc(=O)c3c(O)c(O[C@@H]4O[C@H](C(=O)O)[C@@H](O)[C@H](O)[C@H]4O)c(O)c(O[C@@H]4O[C@H](C)[C@@H](O)[C@@H](O)[C@@H]4O)c3o2)ccc1O"], "mapped_smiles": "[CH3:1][O:2][c:3]1[cH:4][c:5](-[c:6]2[cH:7][c:8](=[O:9])[c:10]3[c:11]([OH:12])[c:13]([O:14][C@@H:905]4[O:904][C@H:903]([C:901]([OH:900])=[O:902])[C@@H:910]([OH:911])[C@H:908]([OH:909])[C@H:906]4[OH:907])[c:15]([OH:16])[c:17]([O:18][C@@H:19]4[O:20][C@H:21]([CH3:22])[C@@H:23]([OH:24])[C@@H:25]([OH:26])[C@@H:27]4[OH:28])[c:29]3[o:30]2)[cH:31][cH:32][c:33]1[OH:34]", "reacting_atoms": [14], "template_id": "5933a7935584c42ccf47b5c419dc32e8", "template_set": ["bkms"], "num_examples": 7, "necessary_reagent": "", "template_score": 0.2236861288547516, "rms_molwt": -654.1432141199999, "num_rings": -5, "plausibility": 1, "tforms": ["5933a7935584c42ccf47b5c419dc32e8"], "rank": 11, "score": -3869.4557515062097}, {"smiles": "COc1cc(-c2cc(=O)c3c(O)c(O)c(O)c(O[C@@H]4O[C@H](C)[C@@H](O)[C@@H](O)[C@@H]4O)c3o2)ccc1O[C@@H]1O[C@H](C(=O)O)[C@@H](O)[C@H](O)[C@H]1O", "smiles_split": ["COc1cc(-c2cc(=O)c3c(O)c(O)c(O)c(O[C@@H]4O[C@H](C)[C@@H](O)[C@@H](O)[C@@H]4O)c3o2)ccc1O[C@@H]1O[C@H](C(=O)O)[C@@H](O)[C@H](O)[C@H]1O"], "mapped_smiles": "[CH3:1][O:2][c:3]1[cH:4][c:5](-[c:6]2[cH:7][c:8](=[O:9])[c:10]3[c:11]([OH:12])[c:13]([OH:14])[c:15]([OH:16])[c:17]([O:18][C@@H:19]4[O:20][C@H:21]([CH3:22])[C@@H:23]([OH:24])[C@@H:25]([OH:26])[C@@H:27]4[OH:28])[c:29]3[o:30]2)[cH:31][cH:32][c:33]1[O:34][C@@H:905]1[O:904][C@H:903]([C:901]([OH:900])=[O:902])[C@@H:910]([OH:911])[C@H:908]([OH:909])[C@H:906]1[OH:907]", "reacting_atoms": [34], "template_id": "5933a7935584c42ccf47b5c419dc32e8", "template_set": ["bkms"], "num_examples": 7, "necessary_reagent": "", "template_score": 0.2236861288547516, "rms_molwt": -654.14321412, "num_rings": -5, "plausibility": 1, "tforms": ["5933a7935584c42ccf47b5c419dc32e8"], "rank": 12, "score": -3869.4557515062097}, {"smiles": "COc1cc(-c2cc(=O)c3c(O[C@@H]4O[C@H](C(=O)O)[C@@H](O)[C@H](O)[C@H]4O)c(O)c(O)c(O[C@@H]4O[C@H](C)[C@@H](O)[C@@H](O)[C@@H]4O)c3o2)ccc1O", "smiles_split": ["COc1cc(-c2cc(=O)c3c(O[C@@H]4O[C@H](C(=O)O)[C@@H](O)[C@H](O)[C@H]4O)c(O)c(O)c(O[C@@H]4O[C@H](C)[C@@H](O)[C@@H](O)[C@@H]4O)c3o2)ccc1O"], "mapped_smiles": "[CH3:1][O:2][c:3]1[cH:4][c:5](-[c:6]2[cH:7][c:8](=[O:9])[c:10]3[c:11]([O:12][C@@H:905]4[O:904][C@H:903]([C:901]([OH:900])=[O:902])[C@@H:910]([OH:911])[C@H:908]([OH:909])[C@H:906]4[OH:907])[c:13]([OH:14])[c:15]([OH:16])[c:17]([O:18][C@@H:19]4[O:20][C@H:21]([CH3:22])[C@@H:23]([OH:24])[C@@H:25]([OH:26])[C@@H:27]4[OH:28])[c:29]3[o:30]2)[cH:31][cH:32][c:33]1[OH:34]", "reacting_atoms": [12], "template_id": "5933a7935584c42ccf47b5c419dc32e8", "template_set": ["bkms"], "num_examples": 7, "necessary_reagent": "", "template_score": 0.2236861288547516, "rms_molwt": -654.1432141199999, "num_rings": -5, "plausibility": 1, "tforms": ["5933a7935584c42ccf47b5c419dc32e8"], "rank": 13, "score": -3869.4557515062097}, {"smiles": "COc1cc(-c2cc(=O)c3c(O[C@@H]4O[C@H](CO)[C@@H](O)[C@H](O)[C@H]4O)c(O)c(O)c(O[C@@H]4O[C@H](C)[C@@H](O)[C@@H](O)[C@@H]4O)c3o2)ccc1O", "smiles_split": ["COc1cc(-c2cc(=O)c3c(O[C@@H]4O[C@H](CO)[C@@H](O)[C@H](O)[C@H]4O)c(O)c(O)c(O[C@@H]4O[C@H](C)[C@@H](O)[C@@H](O)[C@@H]4O)c3o2)ccc1O"], "mapped_smiles": "[CH3:1][O:2][c:3]1[cH:4][c:5](-[c:6]2[cH:7][c:8](=[O:9])[c:10]3[c:11]([O:12][C@@H:904]4[O:903][C@H:902]([CH2:901][OH:900])[C@@H:909]([OH:910])[C@H:907]([OH:908])[C@H:905]4[OH:906])[c:13]([OH:14])[c:15]([OH:16])[c:17]([O:18][C@@H:19]4[O:20][C@H:21]([CH3:22])[C@@H:23]([OH:24])[C@@H:25]([OH:26])[C@@H:27]4[OH:28])[c:29]3[o:30]2)[cH:31][cH:32][c:33]1[OH:34]", "reacting_atoms": [12], "template_id": "f0188a61a7d798559e3dd775fb7ce3ce", "template_set": ["bkms"], "num_examples": 38, "necessary_reagent": "", "template_score": 0.15471170842647552, "rms_molwt": -640.1639495639998, "num_rings": -5, "plausibility": 1, "tforms": ["f0188a61a7d798559e3dd775fb7ce3ce"], "rank": 14, "score": -5463.75954285526}, {"smiles": "COc1cc(-c2cc(=O)c3c(O)c(O[C@@H]4O[C@H](CO)[C@@H](O)[C@H](O)[C@H]4O)c(O)c(O[C@@H]4O[C@H](C)[C@@H](O)[C@@H](O)[C@@H]4O)c3o2)ccc1O", "smiles_split": ["COc1cc(-c2cc(=O)c3c(O)c(O[C@@H]4O[C@H](CO)[C@@H](O)[C@H](O)[C@H]4O)c(O)c(O[C@@H]4O[C@H](C)[C@@H](O)[C@@H](O)[C@@H]4O)c3o2)ccc1O"], "mapped_smiles": "[CH3:1][O:2][c:3]1[cH:4][c:5](-[c:6]2[cH:7][c:8](=[O:9])[c:10]3[c:11]([OH:12])[c:13]([O:14][C@@H:904]4[O:903][C@H:902]([CH2:901][OH:900])[C@@H:909]([OH:910])[C@H:907]([OH:908])[C@H:905]4[OH:906])[c:15]([OH:16])[c:17]([O:18][C@@H:19]4[O:20][C@H:21]([CH3:22])[C@@H:23]([OH:24])[C@@H:25]([OH:26])[C@@H:27]4[OH:28])[c:29]3[o:30]2)[cH:31][cH:32][c:33]1[OH:34]", "reacting_atoms": [14], "template_id": "f0188a61a7d798559e3dd775fb7ce3ce", "template_set": ["bkms"], "num_examples": 38, "necessary_reagent": "", "template_score": 0.15471170842647552, "rms_molwt": -640.1639495639998, "num_rings": -5, "plausibility": 1, "tforms": ["f0188a61a7d798559e3dd775fb7ce3ce"], "rank": 15, "score": -5463.75954285526}]}