{"smiles": "CC/C=C\\C/C=C\\C/C=C\\C/C=C\\CCCCCCC(=O)OC[C@@H](COC(=O)CCCCCCCCCCCCCCCCCCC)OC(=O)CCCC/C=C\\C/C=C\\C/C=C\\C/C=C\\CC", "sfscore": [0.4193168580532074, 0.6330499649047852], "chem_result": [{"smiles": "CC/C=C\\C/C=C\\C/C=C\\C/C=C\\CCCCCCC(=O)OC[C@@H](COC(=O)CCCCCCCCCCCCCCCCCCC)OC(=O)CCCC/C=C\\C/C=C\\C/C=C\\C/C=C\\CC", "bw_confidence": 0.05184398872761385, "confidence": 0.04272137466774741, "rclass": "2 2.6 2.6.2", "children": [{"smiles": "CC/C=C\\C/C=C\\C/C=C\\C/C=C\\CCCCCC(=O)O"}, {"smiles": "CC/C=C\\C/C=C\\C/C=C\\CCCCCC(=O)OC[C@H](O)COC(=O)CCCCCCCCCCCCCCCCCC"}]}, {"smiles": "CC/C=C\\C/C=C\\C/C=C\\C/C=C\\CCCCCCC(=O)OC[C@@H](COC(=O)CCCCCCCCCCCCCCCCCCC)OC(=O)CCCC/C=C\\C/C=C\\C/C=C\\C/C=C\\CC", "bw_confidence": 0.04706483712951878, "confidence": 0.057519480923445374, "rclass": "2 2.6 2.6.2", "children": [{"smiles": "CC/C=C\\C/C=C\\C/C=C\\C/C=C\\CCCCCC(=O)O"}, {"smiles": "CC/C=C\\C/C=C\\C/C=C\\CCCCCC(=O)OC[C@H](O)COC(=O)CCCCCCCCCCCCCCCCCCC"}]}, {"smiles": "CC/C=C\\C/C=C\\C/C=C\\C/C=C\\CCCCCCC(=O)OC[C@@H](COC(=O)CCCCCCCCCCCCCCCCCCC)OC(=O)CCCC/C=C\\C/C=C\\C/C=C\\C/C=C\\CC", "bw_confidence": 0.01617354039200453, "confidence": 0.08192252803274822, "rclass": "0 0 0", "children": [{"smiles": "CC/C=C\\C/C=C\\C/C=C\\C/C=C\\CCCCC(=O)O[C@@H](COC(=O)CCCCC/C=C\\C/C=C\\C/C=C\\CC)COC(=O)CCCCCCCCCCCCCCCCCC"}, {"smiles": "CC/C=C\\C/C=C\\C/C=C\\C/C=C\\CCCCCC(=O)O"}]}, {"smiles": "CC/C=C\\C/C=C\\C/C=C\\C/C=C\\CCCCCCC(=O)OC[C@@H](COC(=O)CCCCCCCCCCCCCCCCCCC)OC(=O)CCCC/C=C\\C/C=C\\C/C=C\\C/C=C\\CC", "bw_confidence": 0.013532385706972284, "confidence": 0.17760083136760954, "rclass": "8 8.1 8.1.10", "children": [{"smiles": "CC/C=C\\C/C=C\\C/C=C\\CCCCCC(=O)OC[C@@H](COC(=O)CCCCCCCCCCCCCCCCCC)OC(O)CCCC/C=C\\C/C=C\\C/C=C\\CC"}, {"smiles": "ClCCl"}, {"smiles": "O=[Cr](=O)([O-])Cl~c1cc[nH+]cc1"}]}, {"smiles": "CC/C=C\\C/C=C\\C/C=C\\C/C=C\\CCCCCCC(=O)OC[C@@H](COC(=O)CCCCCCCCCCCCCCCCCCC)OC(=O)CCCC/C=C\\C/C=C\\C/C=C\\C/C=C\\CC", "bw_confidence": 0.009888266361903361, "confidence": 0.061722431844220674, "rclass": "2 2.6 2.6.2", "children": [{"smiles": "CC/C=C\\C/C=C\\C/C=C\\CCCCC(=O)O[C@@H](CO)COC(=O)CCCCCCCCCCCCCCCCCCC"}, {"smiles": "CC/C=C\\C/C=C\\C/C=C\\CCCCCC(=O)OC[C@@H](CO)OC(=O)CCCC/C=C\\C/C=C\\C/C=C\\CC"}]}, {"smiles": "CC/C=C\\C/C=C\\C/C=C\\C/C=C\\CCCCCCC(=O)OC[C@@H](COC(=O)CCCCCCCCCCCCCCCCCCC)OC(=O)CCCC/C=C\\C/C=C\\C/C=C\\C/C=C\\CC", "bw_confidence": 0.0056851999935378225, "confidence": 0.0590994788562911, "rclass": "0 0 0", "children": [{"smiles": "CC/C=C\\C/C=C\\C/C=C\\CCCCCC(=O)OC[C@@H](COC(=O)CCCCCCCCCCCCCCCCCC)OC(=O)CCCC/C=C\\C/C=C\\C/C=C\\CC"}, {"smiles": "CCCC[N+](CCCC)(CCCC)CCCC~[F-]"}]}, {"smiles": "CC/C=C\\C/C=C\\C/C=C\\C/C=C\\CCCCCCC(=O)OC[C@@H](COC(=O)CCCCCCCCCCCCCCCCCCC)OC(=O)CCCC/C=C\\C/C=C\\C/C=C\\C/C=C\\CC", "bw_confidence": 0.0048836112282577065, "confidence": 0.02857088086583246, "rclass": "0 0 0", "children": [{"smiles": "CC/C=C\\C/C=C\\C/C=C\\C/C=C\\CCCCCC(=O)O"}, {"smiles": "CC/C=C\\C/C=C\\C/C=C\\C/C=C\\CCCCCCC(=O)OC[C@@H](COC(=O)CCCCCCCCCCCCCCCCCC)OC(=O)CCCC/C=C\\C/C=C\\C/C=C\\CC"}]}, {"smiles": "CC/C=C\\C/C=C\\C/C=C\\C/C=C\\CCCCCCC(=O)OC[C@@H](COC(=O)CCCCCCCCCCCCCCCCCCC)OC(=O)CCCC/C=C\\C/C=C\\C/C=C\\C/C=C\\CC", "bw_confidence": 0.004832290721743222, "confidence": 0.008159780906562978, "rclass": "0 0 0", "children": [{"smiles": "CC/C=C\\C/C=C\\C/C=C\\CCCCCC(=O)OC[C@@H](COC(=O)CCCCCCCCCCCCCCCCCC)OC(=O)CCCC/C=C\\C/C=C\\C/C=C\\CC"}, {"smiles": "CN(C)c1ccncc1"}, {"smiles": "ClCCl"}]}, {"smiles": "CC/C=C\\C/C=C\\C/C=C\\C/C=C\\CCCCCCC(=O)OC[C@@H](COC(=O)CCCCCCCCCCCCCCCCCCC)OC(=O)CCCC/C=C\\C/C=C\\C/C=C\\C/C=C\\CC", "bw_confidence": 0.00442731097330271, "confidence": 0.34283545656930137, "rclass": "0 0 0", "children": [{"smiles": "C(=NC1CCCCC1)=NC1CCCCC1"}, {"smiles": "CC/C=C\\C/C=C\\C/C=C\\CCCCCC(=O)O"}, {"smiles": "CC/C=C\\C/C=C\\C/C=C\\CCCCCCC(=O)O"}, {"smiles": "CN(C)c1ccncc1"}, {"smiles": "ClCCl"}]}, {"smiles": "CC/C=C\\C/C=C\\C/C=C\\C/C=C\\CCCCCCC(=O)OC[C@@H](COC(=O)CCCCCCCCCCCCCCCCCCC)OC(=O)CCCC/C=C\\C/C=C\\C/C=C\\C/C=C\\CC", "bw_confidence": 0.0017738967355283462, "confidence": 0.02114112765150654, "rclass": "2 2.6 2.6.14", "children": [{"smiles": "CC/C=C\\C/C=C\\C/C=C\\CCCCCC(=O)OC[C@H](O)COC(=O)CCCCCCCCCCCCCCCCCCC"}, {"smiles": "CC/C=C\\C/C=C\\C/C=C\\CCCCCCC(=O)OC[C@H](COC(=O)CCCCCCCCCCCCCCCCCCC)OC(=O)CCCC/C=C\\C/C=C\\C/C=C\\CC"}]}, {"smiles": "CC/C=C\\C/C=C\\C/C=C\\C/C=C\\CCCCCCC(=O)OC[C@@H](COC(=O)CCCCCCCCCCCCCCCCCCC)OC(=O)CCCC/C=C\\C/C=C\\C/C=C\\C/C=C\\CC", "bw_confidence": 0.0001343478584452604, "confidence": 0.1529579175034213, "rclass": "11 11.1 11.1", "children": [{"smiles": "CC(=O)[O-]~CC(=O)[O-]~[Pb+2]~[Pd]"}, {"smiles": "CC/C=C\\C/C=C\\C/C=C\\C/C=C\\CCCCCC(=O)OC[C@@H](COC(=O)CCCCCCCCCCCCCCCCCCC)OC(=O)CCCC/C=C\\C/C=C\\C/C=C\\CC"}, {"smiles": "CCO"}]}], "chem_bw_confidence_list": [0.05184398872761385, 0.04706483712951878, 0.01617354039200453, 0.013532385706972284, 0.009888266361903361, 0.0056851999935378225, 0.0048836112282577065, 0.004832290721743222, 0.00442731097330271, 0.0017738967355283462, 0.0001343478584452604], "enzy_template_score_list": [0.857880175113678, 0.857880175113678, 0.857880175113678, 0.857880175113678, 0.857880175113678, 0.857880175113678, 0.857880175113678, 0.857880175113678, 0.00823209248483181, 0.00823209248483181, 0.00823209248483181, 0.00823209248483181, 0.00823209248483181, 0.00823209248483181, 0.00823209248483181], "enzy_result": [{"smiles": "CC/C=C\\C/C=C\\C/C=C\\C/C=C\\CCCCC(=O)O[C@@H](COC(=O)CCCCCC/C=C\\C/C=C\\CCCC/C=C\\CC)COC(=O)CCCCCCCCCCCCCCCCCCC", "smiles_split": ["CC/C=C\\C/C=C\\C/C=C\\C/C=C\\CCCCC(=O)O[C@@H](COC(=O)CCCCCC/C=C\\C/C=C\\CCCC/C=C\\CC)COC(=O)CCCCCCCCCCCCCCCCCCC"], "mapped_smiles": "[CH3:1][CH2:2]/[CH:3]=[CH:4]\\[CH2:5][CH2:6][CH2:7][CH2:8]/[CH:9]=[CH:10]\\[CH2:11]/[CH:12]=[CH:13]\\[CH2:14][CH2:15][CH2:16][CH2:17][CH2:18][CH2:19][C:20](=[O:21])[O:22][CH2:23][C@@H:24]([CH2:25][O:26][C:27](=[O:28])[CH2:29][CH2:30][CH2:31][CH2:32][CH2:33][CH2:34][CH2:35][CH2:36][CH2:37][CH2:38][CH2:39][CH2:40][CH2:41][CH2:42][CH2:43][CH2:44][CH2:45][CH2:46][CH3:47])[O:48][C:49](=[O:50])[CH2:51][CH2:52][CH2:53][CH2:54]/[CH:55]=[CH:56]\\[CH2:57]/[CH:58]=[CH:59]\\[CH2:60]/[CH:61]=[CH:62]\\[CH2:63]/[CH:64]=[CH:65]\\[CH2:66][CH3:67]", "reacting_atoms": [7, 6], "template_id": "b8752864a144b4d488d51a312d4ebfdc", "template_set": ["bkms", "bkms", "bkms"], "num_examples": 64, "necessary_reagent": "", "template_score": 0.857880175113678, "rms_molwt": -932.7832910479999, "num_rings": 0, "plausibility": 1, "tforms": ["71d96988ab3623c8d39bf0ee6519c85b", "4b5c01ce1dd3e508649493e134ba9f1c", "b8752864a144b4d488d51a312d4ebfdc"], "rank": 1, "score": -1280.8750024854007}, {"smiles": "CC/C=C\\C/C=C\\C/C=C\\C/C=C\\CCCCCCC(=O)OC[C@@H](COC(=O)CCCCCCCCCCCCCCCCCCC)OC(=O)CCCC/C=C\\CCCC/C=C\\C/C=C\\CC", "smiles_split": ["CC/C=C\\C/C=C\\C/C=C\\C/C=C\\CCCCCCC(=O)OC[C@@H](COC(=O)CCCCCCCCCCCCCCCCCCC)OC(=O)CCCC/C=C\\CCCC/C=C\\C/C=C\\CC"], "mapped_smiles": "[CH3:1][CH2:2]/[CH:3]=[CH:4]\\[CH2:5]/[CH:6]=[CH:7]\\[CH2:8]/[CH:9]=[CH:10]\\[CH2:11]/[CH:12]=[CH:13]\\[CH2:14][CH2:15][CH2:16][CH2:17][CH2:18][CH2:19][C:20](=[O:21])[O:22][CH2:23][C@@H:24]([CH2:25][O:26][C:27](=[O:28])[CH2:29][CH2:30][CH2:31][CH2:32][CH2:33][CH2:34][CH2:35][CH2:36][CH2:37][CH2:38][CH2:39][CH2:40][CH2:41][CH2:42][CH2:43][CH2:44][CH2:45][CH2:46][CH3:47])[O:48][C:49](=[O:50])[CH2:51][CH2:52][CH2:53][CH2:54]/[CH:55]=[CH:56]\\[CH2:57][CH2:58][CH2:59][CH2:60]/[CH:61]=[CH:62]\\[CH2:63]/[CH:64]=[CH:65]\\[CH2:66][CH3:67]", "reacting_atoms": [59, 58], "template_id": "b8752864a144b4d488d51a312d4ebfdc", "template_set": ["bkms", "bkms", "bkms"], "num_examples": 64, "necessary_reagent": "", "template_score": 0.857880175113678, "rms_molwt": -932.7832910479999, "num_rings": 0, "plausibility": 1, "tforms": ["71d96988ab3623c8d39bf0ee6519c85b", "4b5c01ce1dd3e508649493e134ba9f1c", "b8752864a144b4d488d51a312d4ebfdc"], "rank": 2, "score": -1280.8750024854007}, {"smiles": "CC/C=C\\C/C=C\\C/C=C\\C/C=C\\CCCCC(=O)O[C@@H](COC(=O)CCCCCC/C=C\\C/C=C\\C/C=C\\CCCCC)COC(=O)CCCCCCCCCCCCCCCCCCC", "smiles_split": ["CC/C=C\\C/C=C\\C/C=C\\C/C=C\\CCCCC(=O)O[C@@H](COC(=O)CCCCCC/C=C\\C/C=C\\C/C=C\\CCCCC)COC(=O)CCCCCCCCCCCCCCCCCCC"], "mapped_smiles": "[CH3:1][CH2:2][CH2:3][CH2:4][CH2:5]/[CH:6]=[CH:7]\\[CH2:8]/[CH:9]=[CH:10]\\[CH2:11]/[CH:12]=[CH:13]\\[CH2:14][CH2:15][CH2:16][CH2:17][CH2:18][CH2:19][C:20](=[O:21])[O:22][CH2:23][C@@H:24]([CH2:25][O:26][C:27](=[O:28])[CH2:29][CH2:30][CH2:31][CH2:32][CH2:33][CH2:34][CH2:35][CH2:36][CH2:37][CH2:38][CH2:39][CH2:40][CH2:41][CH2:42][CH2:43][CH2:44][CH2:45][CH2:46][CH3:47])[O:48][C:49](=[O:50])[CH2:51][CH2:52][CH2:53][CH2:54]/[CH:55]=[CH:56]\\[CH2:57]/[CH:58]=[CH:59]\\[CH2:60]/[CH:61]=[CH:62]\\[CH2:63]/[CH:64]=[CH:65]\\[CH2:66][CH3:67]", "reacting_atoms": [4, 3], "template_id": "b8752864a144b4d488d51a312d4ebfdc", "template_set": ["bkms", "bkms", "bkms"], "num_examples": 64, "necessary_reagent": "", "template_score": 0.857880175113678, "rms_molwt": -932.7832910479999, "num_rings": 0, "plausibility": 1, "tforms": ["71d96988ab3623c8d39bf0ee6519c85b", "4b5c01ce1dd3e508649493e134ba9f1c", "b8752864a144b4d488d51a312d4ebfdc"], "rank": 3, "score": -1280.8750024854007}, {"smiles": "CC/C=C\\C/C=C\\C/C=C\\C/C=C\\CCCCCCC(=O)OC[C@@H](COC(=O)CCCCCCCCCCCCCCCCCCC)OC(=O)CCCCCCC/C=C\\C/C=C\\C/C=C\\CC", "smiles_split": ["CC/C=C\\C/C=C\\C/C=C\\C/C=C\\CCCCCCC(=O)OC[C@@H](COC(=O)CCCCCCCCCCCCCCCCCCC)OC(=O)CCCCCCC/C=C\\C/C=C\\C/C=C\\CC"], "mapped_smiles": "[CH3:1][CH2:2]/[CH:3]=[CH:4]\\[CH2:5]/[CH:6]=[CH:7]\\[CH2:8]/[CH:9]=[CH:10]\\[CH2:11]/[CH:12]=[CH:13]\\[CH2:14][CH2:15][CH2:16][CH2:17][CH2:18][CH2:19][C:20](=[O:21])[O:22][CH2:23][C@@H:24]([CH2:25][O:26][C:27](=[O:28])[CH2:29][CH2:30][CH2:31][CH2:32][CH2:33][CH2:34][CH2:35][CH2:36][CH2:37][CH2:38][CH2:39][CH2:40][CH2:41][CH2:42][CH2:43][CH2:44][CH2:45][CH2:46][CH3:47])[O:48][C:49](=[O:50])[CH2:51][CH2:52][CH2:53][CH2:54][CH2:55][CH2:56][CH2:57]/[CH:58]=[CH:59]\\[CH2:60]/[CH:61]=[CH:62]\\[CH2:63]/[CH:64]=[CH:65]\\[CH2:66][CH3:67]", "reacting_atoms": [56, 55], "template_id": "b8752864a144b4d488d51a312d4ebfdc", "template_set": ["bkms", "bkms", "bkms"], "num_examples": 64, "necessary_reagent": "", "template_score": 0.857880175113678, "rms_molwt": -932.7832910479999, "num_rings": 0, "plausibility": 1, "tforms": ["71d96988ab3623c8d39bf0ee6519c85b", "4b5c01ce1dd3e508649493e134ba9f1c", "b8752864a144b4d488d51a312d4ebfdc"], "rank": 4, "score": -1280.8750024854007}, {"smiles": "CC/C=C\\C/C=C\\C/C=C\\C/C=C\\CCCCC(=O)O[C@@H](COC(=O)CCCCCCCCC/C=C\\C/C=C\\C/C=C\\CC)COC(=O)CCCCCCCCCCCCCCCCCCC", "smiles_split": ["CC/C=C\\C/C=C\\C/C=C\\C/C=C\\CCCCC(=O)O[C@@H](COC(=O)CCCCCCCCC/C=C\\C/C=C\\C/C=C\\CC)COC(=O)CCCCCCCCCCCCCCCCCCC"], "mapped_smiles": "[CH3:1][CH2:2]/[CH:3]=[CH:4]\\[CH2:5]/[CH:6]=[CH:7]\\[CH2:8]/[CH:9]=[CH:10]\\[CH2:11][CH2:12][CH2:13][CH2:14][CH2:15][CH2:16][CH2:17][CH2:18][CH2:19][C:20](=[O:21])[O:22][CH2:23][C@@H:24]([CH2:25][O:26][C:27](=[O:28])[CH2:29][CH2:30][CH2:31][CH2:32][CH2:33][CH2:34][CH2:35][CH2:36][CH2:37][CH2:38][CH2:39][CH2:40][CH2:41][CH2:42][CH2:43][CH2:44][CH2:45][CH2:46][CH3:47])[O:48][C:49](=[O:50])[CH2:51][CH2:52][CH2:53][CH2:54]/[CH:55]=[CH:56]\\[CH2:57]/[CH:58]=[CH:59]\\[CH2:60]/[CH:61]=[CH:62]\\[CH2:63]/[CH:64]=[CH:65]\\[CH2:66][CH3:67]", "reacting_atoms": [12, 13], "template_id": "b8752864a144b4d488d51a312d4ebfdc", "template_set": ["bkms", "bkms", "bkms"], "num_examples": 64, "necessary_reagent": "", "template_score": 0.857880175113678, "rms_molwt": -932.7832910479999, "num_rings": 0, "plausibility": 1, "tforms": ["71d96988ab3623c8d39bf0ee6519c85b", "4b5c01ce1dd3e508649493e134ba9f1c", "b8752864a144b4d488d51a312d4ebfdc"], "rank": 5, "score": -1280.8750024854007}, {"smiles": "CC/C=C\\C/C=C\\C/C=C\\C/C=C\\CCCCCCC(=O)OC[C@@H](COC(=O)CCCCCCCCCCCCCCCCCCC)OC(=O)CCCC/C=C\\C/C=C\\CCCC/C=C\\CC", "smiles_split": ["CC/C=C\\C/C=C\\C/C=C\\C/C=C\\CCCCCCC(=O)OC[C@@H](COC(=O)CCCCCCCCCCCCCCCCCCC)OC(=O)CCCC/C=C\\C/C=C\\CCCC/C=C\\CC"], "mapped_smiles": "[CH3:1][CH2:2]/[CH:3]=[CH:4]\\[CH2:5]/[CH:6]=[CH:7]\\[CH2:8]/[CH:9]=[CH:10]\\[CH2:11]/[CH:12]=[CH:13]\\[CH2:14][CH2:15][CH2:16][CH2:17][CH2:18][CH2:19][C:20](=[O:21])[O:22][CH2:23][C@@H:24]([CH2:25][O:26][C:27](=[O:28])[CH2:29][CH2:30][CH2:31][CH2:32][CH2:33][CH2:34][CH2:35][CH2:36][CH2:37][CH2:38][CH2:39][CH2:40][CH2:41][CH2:42][CH2:43][CH2:44][CH2:45][CH2:46][CH3:47])[O:48][C:49](=[O:50])[CH2:51][CH2:52][CH2:53][CH2:54]/[CH:55]=[CH:56]\\[CH2:57]/[CH:58]=[CH:59]\\[CH2:60][CH2:61][CH2:62][CH2:63]/[CH:64]=[CH:65]\\[CH2:66][CH3:67]", "reacting_atoms": [62, 61], "template_id": "b8752864a144b4d488d51a312d4ebfdc", "template_set": ["bkms", "bkms", "bkms"], "num_examples": 64, "necessary_reagent": "", "template_score": 0.857880175113678, "rms_molwt": -932.7832910479999, "num_rings": 0, "plausibility": 1, "tforms": ["71d96988ab3623c8d39bf0ee6519c85b", "4b5c01ce1dd3e508649493e134ba9f1c", "b8752864a144b4d488d51a312d4ebfdc"], "rank": 6, "score": -1280.8750024854007}, {"smiles": "CC/C=C\\C/C=C\\C/C=C\\C/C=C\\CCCCC(=O)O[C@@H](COC(=O)CCCCCC/C=C\\CCCC/C=C\\C/C=C\\CC)COC(=O)CCCCCCCCCCCCCCCCCCC", "smiles_split": ["CC/C=C\\C/C=C\\C/C=C\\C/C=C\\CCCCC(=O)O[C@@H](COC(=O)CCCCCC/C=C\\CCCC/C=C\\C/C=C\\CC)COC(=O)CCCCCCCCCCCCCCCCCCC"], "mapped_smiles": "[CH3:1][CH2:2]/[CH:3]=[CH:4]\\[CH2:5]/[CH:6]=[CH:7]\\[CH2:8][CH2:9][CH2:10][CH2:11]/[CH:12]=[CH:13]\\[CH2:14][CH2:15][CH2:16][CH2:17][CH2:18][CH2:19][C:20](=[O:21])[O:22][CH2:23][C@@H:24]([CH2:25][O:26][C:27](=[O:28])[CH2:29][CH2:30][CH2:31][CH2:32][CH2:33][CH2:34][CH2:35][CH2:36][CH2:37][CH2:38][CH2:39][CH2:40][CH2:41][CH2:42][CH2:43][CH2:44][CH2:45][CH2:46][CH3:47])[O:48][C:49](=[O:50])[CH2:51][CH2:52][CH2:53][CH2:54]/[CH:55]=[CH:56]\\[CH2:57]/[CH:58]=[CH:59]\\[CH2:60]/[CH:61]=[CH:62]\\[CH2:63]/[CH:64]=[CH:65]\\[CH2:66][CH3:67]", "reacting_atoms": [10, 9], "template_id": "b8752864a144b4d488d51a312d4ebfdc", "template_set": ["bkms", "bkms", "bkms"], "num_examples": 64, "necessary_reagent": "", "template_score": 0.857880175113678, "rms_molwt": -932.7832910479999, "num_rings": 0, "plausibility": 1, "tforms": ["71d96988ab3623c8d39bf0ee6519c85b", "4b5c01ce1dd3e508649493e134ba9f1c", "b8752864a144b4d488d51a312d4ebfdc"], "rank": 7, "score": -1280.8750024854007}, {"smiles": "CC/C=C\\C/C=C\\C/C=C\\C/C=C\\CCCCCCC(=O)OC[C@@H](COC(=O)CCCCCCCCCCCCCCCCCCC)OC(=O)CCCC/C=C\\C/C=C\\C/C=C\\CCCCC", "smiles_split": ["CC/C=C\\C/C=C\\C/C=C\\C/C=C\\CCCCCCC(=O)OC[C@@H](COC(=O)CCCCCCCCCCCCCCCCCCC)OC(=O)CCCC/C=C\\C/C=C\\C/C=C\\CCCCC"], "mapped_smiles": "[CH3:1][CH2:2]/[CH:3]=[CH:4]\\[CH2:5]/[CH:6]=[CH:7]\\[CH2:8]/[CH:9]=[CH:10]\\[CH2:11]/[CH:12]=[CH:13]\\[CH2:14][CH2:15][CH2:16][CH2:17][CH2:18][CH2:19][C:20](=[O:21])[O:22][CH2:23][C@@H:24]([CH2:25][O:26][C:27](=[O:28])[CH2:29][CH2:30][CH2:31][CH2:32][CH2:33][CH2:34][CH2:35][CH2:36][CH2:37][CH2:38][CH2:39][CH2:40][CH2:41][CH2:42][CH2:43][CH2:44][CH2:45][CH2:46][CH3:47])[O:48][C:49](=[O:50])[CH2:51][CH2:52][CH2:53][CH2:54]/[CH:55]=[CH:56]\\[CH2:57]/[CH:58]=[CH:59]\\[CH2:60]/[CH:61]=[CH:62]\\[CH2:63][CH2:64][CH2:65][CH2:66][CH3:67]", "reacting_atoms": [64, 65], "template_id": "b8752864a144b4d488d51a312d4ebfdc", "template_set": ["bkms", "bkms", "bkms"], "num_examples": 64, "necessary_reagent": "", "template_score": 0.857880175113678, "rms_molwt": -932.7832910479999, "num_rings": 0, "plausibility": 1, "tforms": ["71d96988ab3623c8d39bf0ee6519c85b", "4b5c01ce1dd3e508649493e134ba9f1c", "b8752864a144b4d488d51a312d4ebfdc"], "rank": 8, "score": -1280.8750024854007}, {"smiles": "CC/C=C\\C/C=C\\C/C=C\\C/C=C\\CCCCCCC(=O)OC[C@@H](COC(=O)CCCCCCCCCCCCCCCCCCC)OC(=O)CCCC/C=C\\CC1C(=O)OC1C/C=C\\C/C=C\\CC", "smiles_split": ["CC/C=C\\C/C=C\\C/C=C\\C/C=C\\CCCCCCC(=O)OC[C@@H](COC(=O)CCCCCCCCCCCCCCCCCCC)OC(=O)CCCC/C=C\\CC1C(=O)OC1C/C=C\\C/C=C\\CC"], "mapped_smiles": "[CH3:1][CH2:2]/[CH:3]=[CH:4]\\[CH2:5]/[CH:6]=[CH:7]\\[CH2:8]/[CH:9]=[CH:10]\\[CH2:11]/[CH:12]=[CH:13]\\[CH2:14][CH2:15][CH2:16][CH2:17][CH2:18][CH2:19][C:20](=[O:21])[O:22][CH2:23][C@@H:24]([CH2:25][O:26][C:27](=[O:28])[CH2:29][CH2:30][CH2:31][CH2:32][CH2:33][CH2:34][CH2:35][CH2:36][CH2:37][CH2:38][CH2:39][CH2:40][CH2:41][CH2:42][CH2:43][CH2:44][CH2:45][CH2:46][CH3:47])[O:48][C:49](=[O:50])[CH2:51][CH2:52][CH2:53][CH2:54]/[CH:55]=[CH:56]\\[CH2:57][CH:58]1[CH:59]([CH2:60]/[CH:61]=[CH:62]\\[CH2:63]/[CH:64]=[CH:65]\\[CH2:66][CH3:67])[O:902][C:901]1=[O:900]", "reacting_atoms": [59, 58], "template_id": "95b167a4e5e2cf14a7f1b2c6fb174cb0", "template_set": ["bkms"], "num_examples": 4, "necessary_reagent": "", "template_score": 0.00823209248483181, "rms_molwt": -974.757470224, "num_rings": -1, "plausibility": 1, "tforms": ["95b167a4e5e2cf14a7f1b2c6fb174cb0"], "rank": 9, "score": -143502.27956310933}, {"smiles": "CC/C=C\\C/C=C\\C/C=C\\C/C=C\\CCCCC(=O)O[C@@H](COC(=O)CCCCCC/C=C\\CC1OC(=O)C1C/C=C\\C/C=C\\CC)COC(=O)CCCCCCCCCCCCCCCCCCC", "smiles_split": ["CC/C=C\\C/C=C\\C/C=C\\C/C=C\\CCCCC(=O)O[C@@H](COC(=O)CCCCCC/C=C\\CC1OC(=O)C1C/C=C\\C/C=C\\CC)COC(=O)CCCCCCCCCCCCCCCCCCC"], "mapped_smiles": "[CH3:1][CH2:2]/[CH:3]=[CH:4]\\[CH2:5]/[CH:6]=[CH:7]\\[CH2:8][CH:9]1[CH:10]([CH2:11]/[CH:12]=[CH:13]\\[CH2:14][CH2:15][CH2:16][CH2:17][CH2:18][CH2:19][C:20](=[O:21])[O:22][CH2:23][C@@H:24]([CH2:25][O:26][C:27](=[O:28])[CH2:29][CH2:30][CH2:31][CH2:32][CH2:33][CH2:34][CH2:35][CH2:36][CH2:37][CH2:38][CH2:39][CH2:40][CH2:41][CH2:42][CH2:43][CH2:44][CH2:45][CH2:46][CH3:47])[O:48][C:49](=[O:50])[CH2:51][CH2:52][CH2:53][CH2:54]/[CH:55]=[CH:56]\\[CH2:57]/[CH:58]=[CH:59]\\[CH2:60]/[CH:61]=[CH:62]\\[CH2:63]/[CH:64]=[CH:65]\\[CH2:66][CH3:67])[O:902][C:901]1=[O:900]", "reacting_atoms": [10, 9], "template_id": "95b167a4e5e2cf14a7f1b2c6fb174cb0", "template_set": ["bkms"], "num_examples": 4, "necessary_reagent": "", "template_score": 0.00823209248483181, "rms_molwt": -974.757470224, "num_rings": -1, "plausibility": 1, "tforms": ["95b167a4e5e2cf14a7f1b2c6fb174cb0"], "rank": 10, "score": -143502.27956310933}, {"smiles": "CC/C=C\\C/C=C\\C/C=C\\C/C=C\\CCCCC(=O)O[C@@H](COC(=O)CCCCCC/C=C\\CC1C(=O)OC1C/C=C\\C/C=C\\CC)COC(=O)CCCCCCCCCCCCCCCCCCC", "smiles_split": ["CC/C=C\\C/C=C\\C/C=C\\C/C=C\\CCCCC(=O)O[C@@H](COC(=O)CCCCCC/C=C\\CC1C(=O)OC1C/C=C\\C/C=C\\CC)COC(=O)CCCCCCCCCCCCCCCCCCC"], "mapped_smiles": "[CH3:1][CH2:2]/[CH:3]=[CH:4]\\[CH2:5]/[CH:6]=[CH:7]\\[CH2:8][CH:9]1[CH:10]([CH2:11]/[CH:12]=[CH:13]\\[CH2:14][CH2:15][CH2:16][CH2:17][CH2:18][CH2:19][C:20](=[O:21])[O:22][CH2:23][C@@H:24]([CH2:25][O:26][C:27](=[O:28])[CH2:29][CH2:30][CH2:31][CH2:32][CH2:33][CH2:34][CH2:35][CH2:36][CH2:37][CH2:38][CH2:39][CH2:40][CH2:41][CH2:42][CH2:43][CH2:44][CH2:45][CH2:46][CH3:47])[O:48][C:49](=[O:50])[CH2:51][CH2:52][CH2:53][CH2:54]/[CH:55]=[CH:56]\\[CH2:57]/[CH:58]=[CH:59]\\[CH2:60]/[CH:61]=[CH:62]\\[CH2:63]/[CH:64]=[CH:65]\\[CH2:66][CH3:67])[C:901](=[O:900])[O:902]1", "reacting_atoms": [9, 10], "template_id": "95b167a4e5e2cf14a7f1b2c6fb174cb0", "template_set": ["bkms"], "num_examples": 4, "necessary_reagent": "", "template_score": 0.00823209248483181, "rms_molwt": -974.757470224, "num_rings": -1, "plausibility": 1, "tforms": ["95b167a4e5e2cf14a7f1b2c6fb174cb0"], "rank": 11, "score": -143502.27956310933}, {"smiles": "CC/C=C\\C/C=C\\C/C=C\\C/C=C\\CCCCCCC(=O)OC[C@@H](COC(=O)CCCCCCCCCCCCCCCCCCC)OC(=O)CCCC/C=C\\C/C=C\\C/C=C\\CC1C(=O)OC1CC", "smiles_split": ["CC/C=C\\C/C=C\\C/C=C\\C/C=C\\CCCCCCC(=O)OC[C@@H](COC(=O)CCCCCCCCCCCCCCCCCCC)OC(=O)CCCC/C=C\\C/C=C\\C/C=C\\CC1C(=O)OC1CC"], "mapped_smiles": "[CH3:1][CH2:2]/[CH:3]=[CH:4]\\[CH2:5]/[CH:6]=[CH:7]\\[CH2:8]/[CH:9]=[CH:10]\\[CH2:11]/[CH:12]=[CH:13]\\[CH2:14][CH2:15][CH2:16][CH2:17][CH2:18][CH2:19][C:20](=[O:21])[O:22][CH2:23][C@@H:24]([CH2:25][O:26][C:27](=[O:28])[CH2:29][CH2:30][CH2:31][CH2:32][CH2:33][CH2:34][CH2:35][CH2:36][CH2:37][CH2:38][CH2:39][CH2:40][CH2:41][CH2:42][CH2:43][CH2:44][CH2:45][CH2:46][CH3:47])[O:48][C:49](=[O:50])[CH2:51][CH2:52][CH2:53][CH2:54]/[CH:55]=[CH:56]\\[CH2:57]/[CH:58]=[CH:59]\\[CH2:60]/[CH:61]=[CH:62]\\[CH2:63][CH:64]1[CH:65]([CH2:66][CH3:67])[O:902][C:901]1=[O:900]", "reacting_atoms": [65, 64], "template_id": "95b167a4e5e2cf14a7f1b2c6fb174cb0", "template_set": ["bkms"], "num_examples": 4, "necessary_reagent": "", "template_score": 0.00823209248483181, "rms_molwt": -974.757470224, "num_rings": -1, "plausibility": 1, "tforms": ["95b167a4e5e2cf14a7f1b2c6fb174cb0"], "rank": 12, "score": -143502.27956310933}, {"smiles": "CC/C=C\\C/C=C\\C/C=C\\C/C=C\\CCCCC(=O)O[C@H](COC(=O)CCCCCCCCCCCCCCCCCCC)COC(=O)CCCCCCC1OC(=O)C1C/C=C\\C/C=C\\C/C=C\\CC", "smiles_split": ["CC/C=C\\C/C=C\\C/C=C\\C/C=C\\CCCCC(=O)O[C@H](COC(=O)CCCCCCCCCCCCCCCCCCC)COC(=O)CCCCCCC1OC(=O)C1C/C=C\\C/C=C\\C/C=C\\CC"], "mapped_smiles": "[CH3:1][CH2:2]/[CH:3]=[CH:4]\\[CH2:5]/[CH:6]=[CH:7]\\[CH2:8]/[CH:9]=[CH:10]\\[CH2:11][CH:12]1[CH:13]([CH2:14][CH2:15][CH2:16][CH2:17][CH2:18][CH2:19][C:20](=[O:21])[O:22][CH2:23][C@@H:24]([CH2:25][O:26][C:27](=[O:28])[CH2:29][CH2:30][CH2:31][CH2:32][CH2:33][CH2:34][CH2:35][CH2:36][CH2:37][CH2:38][CH2:39][CH2:40][CH2:41][CH2:42][CH2:43][CH2:44][CH2:45][CH2:46][CH3:47])[O:48][C:49](=[O:50])[CH2:51][CH2:52][CH2:53][CH2:54]/[CH:55]=[CH:56]\\[CH2:57]/[CH:58]=[CH:59]\\[CH2:60]/[CH:61]=[CH:62]\\[CH2:63]/[CH:64]=[CH:65]\\[CH2:66][CH3:67])[O:902][C:901]1=[O:900]", "reacting_atoms": [13, 12], "template_id": "95b167a4e5e2cf14a7f1b2c6fb174cb0", "template_set": ["bkms"], "num_examples": 4, "necessary_reagent": "", "template_score": 0.00823209248483181, "rms_molwt": -974.757470224, "num_rings": -1, "plausibility": 1, "tforms": ["95b167a4e5e2cf14a7f1b2c6fb174cb0"], "rank": 13, "score": -143502.27956310933}, {"smiles": "CC/C=C\\C/C=C\\C/C=C\\C/C=C\\CCCCC(=O)O[C@@H](COC(=O)CCCCCC/C=C\\C/C=C\\C/C=C\\CC1OC(=O)C1CC)COC(=O)CCCCCCCCCCCCCCCCCCC", "smiles_split": ["CC/C=C\\C/C=C\\C/C=C\\C/C=C\\CCCCC(=O)O[C@@H](COC(=O)CCCCCC/C=C\\C/C=C\\C/C=C\\CC1OC(=O)C1CC)COC(=O)CCCCCCCCCCCCCCCCCCC"], "mapped_smiles": "[CH3:1][CH2:2][CH:3]1[CH:4]([CH2:5]/[CH:6]=[CH:7]\\[CH2:8]/[CH:9]=[CH:10]\\[CH2:11]/[CH:12]=[CH:13]\\[CH2:14][CH2:15][CH2:16][CH2:17][CH2:18][CH2:19][C:20](=[O:21])[O:22][CH2:23][C@@H:24]([CH2:25][O:26][C:27](=[O:28])[CH2:29][CH2:30][CH2:31][CH2:32][CH2:33][CH2:34][CH2:35][CH2:36][CH2:37][CH2:38][CH2:39][CH2:40][CH2:41][CH2:42][CH2:43][CH2:44][CH2:45][CH2:46][CH3:47])[O:48][C:49](=[O:50])[CH2:51][CH2:52][CH2:53][CH2:54]/[CH:55]=[CH:56]\\[CH2:57]/[CH:58]=[CH:59]\\[CH2:60]/[CH:61]=[CH:62]\\[CH2:63]/[CH:64]=[CH:65]\\[CH2:66][CH3:67])[O:902][C:901]1=[O:900]", "reacting_atoms": [4, 3], "template_id": "95b167a4e5e2cf14a7f1b2c6fb174cb0", "template_set": ["bkms"], "num_examples": 4, "necessary_reagent": "", "template_score": 0.00823209248483181, "rms_molwt": -974.757470224, "num_rings": -1, "plausibility": 1, "tforms": ["95b167a4e5e2cf14a7f1b2c6fb174cb0"], "rank": 14, "score": -143502.27956310933}, {"smiles": "CC/C=C\\C/C=C\\C/C=C\\C/C=C\\CCCCCCC(=O)OC[C@@H](COC(=O)CCCCCCCCCCCCCCCCCCC)OC(=O)CCCCC1OC(=O)C1C/C=C\\C/C=C\\C/C=C\\CC", "smiles_split": ["CC/C=C\\C/C=C\\C/C=C\\C/C=C\\CCCCCCC(=O)OC[C@@H](COC(=O)CCCCCCCCCCCCCCCCCCC)OC(=O)CCCCC1OC(=O)C1C/C=C\\C/C=C\\C/C=C\\CC"], "mapped_smiles": "[CH3:1][CH2:2]/[CH:3]=[CH:4]\\[CH2:5]/[CH:6]=[CH:7]\\[CH2:8]/[CH:9]=[CH:10]\\[CH2:11]/[CH:12]=[CH:13]\\[CH2:14][CH2:15][CH2:16][CH2:17][CH2:18][CH2:19][C:20](=[O:21])[O:22][CH2:23][C@@H:24]([CH2:25][O:26][C:27](=[O:28])[CH2:29][CH2:30][CH2:31][CH2:32][CH2:33][CH2:34][CH2:35][CH2:36][CH2:37][CH2:38][CH2:39][CH2:40][CH2:41][CH2:42][CH2:43][CH2:44][CH2:45][CH2:46][CH3:47])[O:48][C:49](=[O:50])[CH2:51][CH2:52][CH2:53][CH2:54][CH:55]1[CH:56]([CH2:57]/[CH:58]=[CH:59]\\[CH2:60]/[CH:61]=[CH:62]\\[CH2:63]/[CH:64]=[CH:65]\\[CH2:66][CH3:67])[C:901](=[O:900])[O:902]1", "reacting_atoms": [55, 56], "template_id": "95b167a4e5e2cf14a7f1b2c6fb174cb0", "template_set": ["bkms"], "num_examples": 4, "necessary_reagent": "", "template_score": 0.00823209248483181, "rms_molwt": -974.757470224, "num_rings": -1, "plausibility": 1, "tforms": ["95b167a4e5e2cf14a7f1b2c6fb174cb0"], "rank": 15, "score": -143502.27956310933}]}