{"smiles": "C=C1[C@H](O)[C@@]23C[C@H]1CC[C@H]2[C@@]1(C=O)CCC[C@](C)(C(=O)O)[C@@H]1[C@H]3C(=O)O", "sfscore": [0.4228881597518921, 0.6269511580467224], "chem_result": [{"smiles": "C=C1[C@H](O)[C@@]23C[C@H]1CC[C@H]2[C@@]1(C=O)CCC[C@](C)(C(=O)O)[C@@H]1[C@H]3C(=O)O", "bw_confidence": 0.04790933080770996, "confidence": 0.5909666625280071, "rclass": "7 7.5 7.5.1", "children": [{"smiles": "C=C1C(=O)[C@@]23C[C@H]1CC[C@H]2[C@@]1(C=O)CCC[C@](C)(C(=O)O)[C@@H]1[C@H]3C(=O)O"}, {"smiles": "CO"}, {"smiles": "[BH4-]~[Na+]"}]}, {"smiles": "C=C1[C@H](O)[C@@]23C[C@H]1CC[C@H]2[C@@]1(C=O)CCC[C@](C)(C(=O)O)[C@@H]1[C@H]3C(=O)O", "bw_confidence": 0.02210747305049851, "confidence": 0.2645753837388229, "rclass": "6 6.2 6.2.2", "children": [{"smiles": "C=C1[C@H](O)[C@@]23C[C@H]1CC[C@H]2[C@@]1(C=O)CCC[C@](C)(C(=O)OC)[C@@H]1[C@H]3C(=O)OC"}, {"smiles": "CO"}, {"smiles": "[OH-]~[Na+]"}]}, {"smiles": "C=C1[C@H](O)[C@@]23C[C@H]1CC[C@H]2[C@@]1(C=O)CCC[C@](C)(C(=O)O)[C@@H]1[C@H]3C(=O)O", "bw_confidence": 0.008446319568298813, "confidence": 0.21648549872916012, "rclass": "0 0 0", "children": [{"smiles": "C=C1[C@H](O)[C@@]23C[C@H]1CC[C@H]2[C@@]1(C=O)CCC[C@](C)(C(=O)OCC(Cl)(Cl)Cl)[C@@H]1[C@H]3C(=O)OCC(Cl)(Cl)Cl"}, {"smiles": "[OH-]~[Na+]"}]}, {"smiles": "C=C1[C@H](O)[C@@]23C[C@H]1CC[C@H]2[C@@]1(C=O)CCC[C@](C)(C(=O)O)[C@@H]1[C@H]3C(=O)O", "bw_confidence": 0.007599335560038258, "confidence": 0.12181531819228143, "rclass": "8 8.1 8.1.2", "children": [{"smiles": "C=C1[C@H](O)[C@@]23C[C@H]1CC[C@H]2[C@@]1(CO)CCC[C@](C)(C(=O)O)[C@@H]1[C@H]3C(=O)O"}, {"smiles": "CC(=O)OI1(OC(C)=O)(OC(C)=O)OC(=O)c2ccccc21"}]}, {"smiles": "C=C1[C@H](O)[C@@]23C[C@H]1CC[C@H]2[C@@]1(C=O)CCC[C@](C)(C(=O)O)[C@@H]1[C@H]3C(=O)O", "bw_confidence": 0.004107742670500918, "confidence": 0.05539984611268208, "rclass": "11 11.7 11.7", "children": [{"smiles": "C=C1[C@H](O)[C@@]23C[C@H]1CC[C@H]2[C@@]1(C=O)CCC[C@](C)(C(=O)O)[C@@H]1[C@H]3C(=O)O"}, {"smiles": "C=C1[C@H](O)[C@@]23C[C@H]1CC[C@H]2[C@@]1(C=O)CCC[C@](C)(C(=O)O)[C@@H]1[C@H]3C(=O)O"}]}, {"smiles": "C=C1[C@H](O)[C@@]23C[C@H]1CC[C@H]2[C@@]1(C=O)CCC[C@](C)(C(=O)O)[C@@H]1[C@H]3C(=O)O", "bw_confidence": 0.0025335333889424288, "confidence": 0.22491877142864225, "rclass": "0 0 0", "children": [{"smiles": "C=C1[C@H](O)[C@@]23C[C@H]1CC[C@H]2[C@@]1(C=O)CCC[C@](C)(C(=O)[O-])[C@@H]1[C@H]3C(=O)[O-]~[Na+]~[Na+]"}, {"smiles": "O"}]}, {"smiles": "C=C1[C@H](O)[C@@]23C[C@H]1CC[C@H]2[C@@]1(C=O)CCC[C@](C)(C(=O)O)[C@@H]1[C@H]3C(=O)O", "bw_confidence": 0.001970637369819678, "confidence": 0.09150176663880454, "rclass": "11 11.5 11.5", "children": [{"smiles": "C1COCCO1"}, {"smiles": "C=C1[C@H](O)[C@@]23C[C@H]1CC[C@H]2[C@@]1(C=O)CCC[C@](C)(C(=O)O)[C@@H]1[C@H]3C(=O)O"}, {"smiles": "O"}, {"smiles": "[OH-]~[Na+]"}]}, {"smiles": "C=C1[C@H](O)[C@@]23C[C@H]1CC[C@H]2[C@@]1(C=O)CCC[C@](C)(C(=O)O)[C@@H]1[C@H]3C(=O)O", "bw_confidence": 0.0014290191989571094, "confidence": 0.002674721166228305, "rclass": "10 10.4 10.4.3", "children": [{"smiles": "C=C1C=C[C@@]23C[C@H]1CC[C@H]2[C@@]1(C=O)CCC[C@](C)(C(=O)O)[C@@H]1[C@H]3C(=O)O"}, {"smiles": "ClCCl"}, {"smiles": "O=C(OO)c1cccc(Cl)c1"}]}, {"smiles": "C=C1[C@H](O)[C@@]23C[C@H]1CC[C@H]2[C@@]1(C=O)CCC[C@](C)(C(=O)O)[C@@H]1[C@H]3C(=O)O", "bw_confidence": 0.0010654836024022495, "confidence": 0.16362067198482164, "rclass": "9 9.7 9.7.61", "children": [{"smiles": "C=C1[C@H](O)[C@@]23C[C@H]1CC[C@H]2[C@@]1(C=O)CCC[C@](C)(C(=O)O)[C@@H]1[C@H]3C(=O)OCC(Cl)(Cl)Cl"}, {"smiles": "O"}, {"smiles": "[OH-]~[Na+]"}]}, {"smiles": "C=C1[C@H](O)[C@@]23C[C@H]1CC[C@H]2[C@@]1(C=O)CCC[C@](C)(C(=O)O)[C@@H]1[C@H]3C(=O)O", "bw_confidence": 0.0004163683156542821, "confidence": 0.04800799679949233, "rclass": "10 10.4 10.4.3", "children": [{"smiles": "C1CCOC1"}, {"smiles": "C=C1C=C[C@@]23C[C@H]1CC[C@H]2[C@@]1(C=O)CCC[C@](C)(C(=O)O)[C@@H]1[C@H]3C(=O)O"}, {"smiles": "O"}, {"smiles": "O=[Os](=O)(=O)=O"}]}, {"smiles": "C=C1[C@H](O)[C@@]23C[C@H]1CC[C@H]2[C@@]1(C=O)CCC[C@](C)(C(=O)O)[C@@H]1[C@H]3C(=O)O", "bw_confidence": 0.0002901122354566922, "confidence": 0.13026137119131584, "rclass": "11 11.5 11.5", "children": [{"smiles": "C=C1[C@H](O)[C@@]23C[C@H]1CC[C@H]2[C@@]1(C=O)CCC[C@](C)(C(=O)O)[C@@H]1[C@H]3C(=O)O"}, {"smiles": "CC(=O)OC(C)=O"}]}], "chem_bw_confidence_list": [0.04790933080770996, 0.02210747305049851, 0.008446319568298813, 0.007599335560038258, 0.004107742670500918, 0.0025335333889424288, 0.001970637369819678, 0.0014290191989571094, 0.0010654836024022495, 0.0004163683156542821, 0.0002901122354566922], "enzy_template_score_list": [0.39916345477104187, 0.39916345477104187, 0.2043866664171219, 0.13193757832050323, 0.13193757832050323, 0.048948273062705994, 0.048948273062705994, 0.043665312230587006, 0.03767293319106102, 0.029640352353453636, 0.029640352353453636, 0.029640352353453636, 0.011920793913304806, 0.007405294571071863, 0.006362903397530317], "enzy_result": [{"smiles": "C=C1[C@H](O)[C@@]23C[C@H]1CC[C@H]2[C@@]1(C=O)CCC[C@](C)(C=O)[C@@H]1[C@H]3C(=O)O", "smiles_split": ["C=C1[C@H](O)[C@@]23C[C@H]1CC[C@H]2[C@@]1(C=O)CCC[C@](C)(C=O)[C@@H]1[C@H]3C(=O)O"], "mapped_smiles": "[CH2:1]=[C:2]1[C@H:3]([OH:4])[C@@:5]23[CH2:6][C@H:7]1[CH2:8][CH2:9][C@H:10]2[C@@:11]1([CH:12]=[O:13])[CH2:14][CH2:15][CH2:16][C@:17]([CH3:18])([CH:19]=[O:20])[C@@H:22]1[C@H:23]3[C:24](=[O:25])[OH:26]", "reacting_atoms": [19], "template_id": "da5e8ca58337efec4c4782fbb45ff9a8", "template_set": ["bkms"], "num_examples": 128, "necessary_reagent": "[O]", "template_score": 0.39916345477104187, "rms_molwt": -346.1780239319999, "num_rings": -4, "plausibility": 1, "tforms": ["da5e8ca58337efec4c4782fbb45ff9a8"], "rank": 1, "score": -1140.8046676751599}, {"smiles": "C=C1[C@H](O)[C@@]23C[C@H]1CC[C@H]2[C@@]1(C=O)CCC[C@](C)(C(=O)O)[C@@H]1[C@H]3C=O", "smiles_split": ["C=C1[C@H](O)[C@@]23C[C@H]1CC[C@H]2[C@@]1(C=O)CCC[C@](C)(C(=O)O)[C@@H]1[C@H]3C=O"], "mapped_smiles": "[CH2:1]=[C:2]1[C@H:3]([OH:4])[C@@:5]23[CH2:6][C@H:7]1[CH2:8][CH2:9][C@H:10]2[C@@:11]1([CH:12]=[O:13])[CH2:14][CH2:15][CH2:16][C@:17]([CH3:18])([C:19](=[O:20])[OH:21])[C@@H:22]1[C@H:23]3[CH:24]=[O:25]", "reacting_atoms": [23, 24], "template_id": "da5e8ca58337efec4c4782fbb45ff9a8", "template_set": ["bkms"], "num_examples": 128, "necessary_reagent": "[O]", "template_score": 0.39916345477104187, "rms_molwt": -346.178023932, "num_rings": -4, "plausibility": 1, "tforms": ["da5e8ca58337efec4c4782fbb45ff9a8"], "rank": 2, "score": -1140.8046676751599}, {"smiles": "C=C1[C@H](O)[C@@]23C[C@H]1CC[C@H]2[C@@]1(C=O)CC[C@H](O)[C@](C)(C(=O)O)[C@@H]1[C@H]3C(=O)O", "smiles_split": ["C=C1[C@H](O)[C@@]23C[C@H]1CC[C@H]2[C@@]1(C=O)CC[C@H](O)[C@](C)(C(=O)O)[C@@H]1[C@H]3C(=O)O"], "mapped_smiles": "[CH2:1]=[C:2]1[C@H:3]([OH:4])[C@@:5]23[CH2:6][C@H:7]1[CH2:8][CH2:9][C@H:10]2[C@@:11]1([CH:12]=[O:13])[CH2:14][CH2:15][C@H:16]([OH:900])[C@:17]([CH3:18])([C:19](=[O:20])[OH:21])[C@@H:22]1[C@H:23]3[C:24](=[O:25])[OH:26]", "reacting_atoms": [16], "template_id": "d11492e981d60024d236100c10b860ca", "template_set": ["bkms"], "num_examples": 5, "necessary_reagent": "", "template_score": 0.2043866664171219, "rms_molwt": -378.1678531719999, "num_rings": -4, "plausibility": 1, "tforms": ["d11492e981d60024d236100c10b860ca"], "rank": 3, "score": -2539.107723080075}, {"smiles": "C=C1[C@H](O)[C@@]23C[C@H]1CC[C@H]2[C@@]12CCC[C@](C)(C(=O)O)[C@@H]1[C@H]3C(=O)O2", "smiles_split": ["C=C1[C@H](O)[C@@]23C[C@H]1CC[C@H]2[C@@]12CCC[C@](C)(C(=O)O)[C@@H]1[C@H]3C(=O)O2"], "mapped_smiles": "[CH2:1]=[C:2]1[C@H:3]([OH:4])[C@@:5]23[CH2:6][C@H:7]1[CH2:8][CH2:9][C@H:10]2[C@@:11]12[CH2:14][CH2:15][CH2:16][C@:17]([CH3:18])([C:19](=[O:20])[OH:21])[C@@H:22]1[C@H:23]3[C:24](=[O:25])[O:26]2", "reacting_atoms": [11, 26], "template_id": "a7385fd5f4ce33550387db7c543b167f", "template_set": ["bkms"], "num_examples": 3, "necessary_reagent": "[C]~[O]", "template_score": 0.13193757832050323, "rms_molwt": -332.1623738679999, "num_rings": -5, "plausibility": 1, "tforms": ["a7385fd5f4ce33550387db7c543b167f"], "rank": 4, "score": -3512.1540868030866}, {"smiles": "C=C1[C@H](O)[C@@]23C[C@H]1CC[C@H]2[C@]12CCC[C@](C)(C(=O)O1)[C@@H]2[C@H]3C(=O)O", "smiles_split": ["C=C1[C@H](O)[C@@]23C[C@H]1CC[C@H]2[C@]12CCC[C@](C)(C(=O)O1)[C@@H]2[C@H]3C(=O)O"], "mapped_smiles": "[CH2:1]=[C:2]1[C@H:3]([OH:4])[C@@:5]23[CH2:6][C@H:7]1[CH2:8][CH2:9][C@H:10]2[C@:11]12[CH2:14][CH2:15][CH2:16][C@:17]([CH3:18])([C:19](=[O:20])[O:21]1)[C@@H:22]2[C@H:23]3[C:24](=[O:25])[OH:26]", "reacting_atoms": [11, 21], "template_id": "a7385fd5f4ce33550387db7c543b167f", "template_set": ["bkms"], "num_examples": 3, "necessary_reagent": "[C]~[O]", "template_score": 0.13193757832050323, "rms_molwt": -332.1623738679999, "num_rings": -5, "plausibility": 1, "tforms": ["a7385fd5f4ce33550387db7c543b167f"], "rank": 5, "score": -3512.1540868030866}, {"smiles": "C=C1[C@H](O)[C@@]23C[C@H]1CC[C@H]2[C@@]1(C=O)CCC[C@](C)(CO)[C@@H]1[C@H]3C(=O)O", "smiles_split": ["C=C1[C@H](O)[C@@]23C[C@H]1CC[C@H]2[C@@]1(C=O)CCC[C@](C)(CO)[C@@H]1[C@H]3C(=O)O"], "mapped_smiles": "[CH2:1]=[C:2]1[C@H:3]([OH:4])[C@@:5]23[CH2:6][C@H:7]1[CH2:8][CH2:9][C@H:10]2[C@@:11]1([CH:12]=[O:13])[CH2:14][CH2:15][CH2:16][C@:17]([CH3:18])([CH2:19][OH:20])[C@@H:22]1[C@H:23]3[C:24](=[O:25])[OH:26]", "reacting_atoms": [19, 20], "template_id": "4c59603d7f0119a8d94c5c6c1844ed6f", "template_set": ["bkms", "bkms"], "num_examples": 27, "necessary_reagent": "[O]", "template_score": 0.048948273062705994, "rms_molwt": -348.1936739959999, "num_rings": -4, "plausibility": 1, "tforms": ["4c59603d7f0119a8d94c5c6c1844ed6f", "57d5ceca0661c2bb946aa826fd543e23"], "rank": 6, "score": -9303.035712512085}, {"smiles": "C=C1[C@H](O)[C@@]23C[C@H]1CC[C@H]2[C@@]1(C=O)CCC[C@](C)(C(=O)O)[C@@H]1[C@H]3CO", "smiles_split": ["C=C1[C@H](O)[C@@]23C[C@H]1CC[C@H]2[C@@]1(C=O)CCC[C@](C)(C(=O)O)[C@@H]1[C@H]3CO"], "mapped_smiles": "[CH2:1]=[C:2]1[C@H:3]([OH:4])[C@@:5]23[CH2:6][C@H:7]1[CH2:8][CH2:9][C@H:10]2[C@@:11]1([CH:12]=[O:13])[CH2:14][CH2:15][CH2:16][C@:17]([CH3:18])([C:19](=[O:20])[OH:21])[C@@H:22]1[C@H:23]3[CH2:24][OH:25]", "reacting_atoms": [23, 24, 25], "template_id": "4c59603d7f0119a8d94c5c6c1844ed6f", "template_set": ["bkms", "bkms"], "num_examples": 27, "necessary_reagent": "[O]", "template_score": 0.048948273062705994, "rms_molwt": -348.193673996, "num_rings": -4, "plausibility": 1, "tforms": ["4c59603d7f0119a8d94c5c6c1844ed6f", "57d5ceca0661c2bb946aa826fd543e23"], "rank": 7, "score": -9303.035712512085}, {"smiles": "C=C1[C@H](O)[C@@]23C[C@H]1CC[C@H]2[C@@]1(C=O)CCC[C@](C)(C(=O)O)[C@@H]1[C@H]3C", "smiles_split": ["C=C1[C@H](O)[C@@]23C[C@H]1CC[C@H]2[C@@]1(C=O)CCC[C@](C)(C(=O)O)[C@@H]1[C@H]3C"], "mapped_smiles": "[CH2:1]=[C:2]1[C@H:3]([OH:4])[C@@:5]23[CH2:6][C@H:7]1[CH2:8][CH2:9][C@H:10]2[C@@:11]1([CH:12]=[O:13])[CH2:14][CH2:15][CH2:16][C@:17]([CH3:18])([C:19](=[O:20])[OH:21])[C@@H:22]1[C@H:23]3[CH3:24]", "reacting_atoms": [23, 24], "template_id": "187811ebea1847a15769af976afcc238", "template_set": ["bkms"], "num_examples": 15, "necessary_reagent": "[O]", "template_score": 0.043665312230587006, "rms_molwt": -332.198759376, "num_rings": -4, "plausibility": 1, "tforms": ["187811ebea1847a15769af976afcc238"], "rank": 8, "score": -10088.523937468939}, {"smiles": "C=C1C[C@@]23C[C@H]1CC[C@H]2[C@@]1(C=O)CCC[C@](C)(C(=O)O)[C@@H]1[C@H]3C(=O)O", "smiles_split": ["C=C1C[C@@]23C[C@H]1CC[C@H]2[C@@]1(C=O)CCC[C@](C)(C(=O)O)[C@@H]1[C@H]3C(=O)O"], "mapped_smiles": "[CH2:1]=[C:2]1[CH2:3][C@@:5]23[CH2:6][C@H:7]1[CH2:8][CH2:9][C@H:10]2[C@@:11]1([CH:12]=[O:13])[CH2:14][CH2:15][CH2:16][C@:17]([CH3:18])([C:19](=[O:20])[OH:21])[C@@H:22]1[C@H:23]3[C:24](=[O:25])[OH:26]", "reacting_atoms": [3], "template_id": "9f387abf2274fc73429ecccd1b168e7b", "template_set": ["bkms", "bkms", "bkms", "bkms", "bkms"], "num_examples": 133, "necessary_reagent": "[O]", "template_score": 0.03767293319106102, "rms_molwt": -346.1780239319999, "num_rings": -4, "plausibility": 1, "tforms": ["291ed0d6f88c59e83cdbed8584e94b3b", "737f5dcdb5d6409ce1447b5b5eb3e8e9", "a034de99c75fe18016182f108d443d26", "9f387abf2274fc73429ecccd1b168e7b", "d2ffafb18be6a34efad6416950de1e32"], "rank": 9, "score": -11291.06486640859}, {"smiles": "C=C1[C@@H]2OC(=O)[C@@]3(C)CCC[C@@]4(C=O)[C@H]3[C@@H](C(=O)O)[C@@]23C[C@H]1CC[C@@H]43", "smiles_split": ["C=C1[C@@H]2OC(=O)[C@@]3(C)CCC[C@@]4(C=O)[C@H]3[C@@H](C(=O)O)[C@@]23C[C@H]1CC[C@@H]43"], "mapped_smiles": "[CH2:1]=[C:2]1[C@@H:3]2[O:4][C:19](=[O:20])[C@@:17]3([CH3:18])[CH2:16][CH2:15][CH2:14][C@:11]4([CH:12]=[O:13])[C@H:10]5[C@@:5]2([CH2:6][C@H:7]1[CH2:8][CH2:9]5)[C@H:23]([C:24](=[O:25])[OH:26])[C@H:22]43", "reacting_atoms": [19, 4], "template_id": "c26b95026cce072d32a26fd2f5cd9ba1", "template_set": ["bkms", "bkms", "bkms", "bkms"], "num_examples": 39, "necessary_reagent": "[O]", "template_score": 0.029640352353453636, "rms_molwt": -344.16237386800003, "num_rings": -5, "plausibility": 1, "tforms": ["c26b95026cce072d32a26fd2f5cd9ba1", "9a0d6a77d2af1cc292b7f6868d48cda1", "5ea0539be35f3ea3ea2dfb95ade5cf0e", "909a37158f482487c1fae1d4c86a7ca8"], "rank": 10, "score": -16033.34818449617}, {"smiles": "C=C1[C@@H]2OC(=O)[C@@H]3[C@H]4[C@@](C)(C(=O)O)CCC[C@]4(C=O)[C@@H]4CC[C@@H]1C[C@@]234", "smiles_split": ["C=C1[C@@H]2OC(=O)[C@@H]3[C@H]4[C@@](C)(C(=O)O)CCC[C@]4(C=O)[C@@H]4CC[C@@H]1C[C@@]234"], "mapped_smiles": "[CH2:1]=[C:2]1[C@@H:3]2[O:4][C:24](=[O:25])[C@H:23]3[C@@:5]24[CH2:6][C@H:7]1[CH2:8][CH2:9][C@H:10]4[C@@:11]1([CH:12]=[O:13])[CH2:14][CH2:15][CH2:16][C@:17]([CH3:18])([C:19](=[O:20])[OH:21])[C@@H:22]13", "reacting_atoms": [23, 24, 4], "template_id": "c26b95026cce072d32a26fd2f5cd9ba1", "template_set": ["bkms", "bkms", "bkms", "bkms"], "num_examples": 39, "necessary_reagent": "[O]", "template_score": 0.029640352353453636, "rms_molwt": -344.16237386800003, "num_rings": -5, "plausibility": 1, "tforms": ["c26b95026cce072d32a26fd2f5cd9ba1", "9a0d6a77d2af1cc292b7f6868d48cda1", "5ea0539be35f3ea3ea2dfb95ade5cf0e", "909a37158f482487c1fae1d4c86a7ca8"], "rank": 11, "score": -16033.34818449617}, {"smiles": "C=C1[C@H](O)[C@@]23C[C@H]1CC[C@H]2[C@@]1(C=O)CCC[C@]2(C)C(=O)OC(=O)[C@@H]3[C@@H]21", "smiles_split": ["C=C1[C@H](O)[C@@]23C[C@H]1CC[C@H]2[C@@]1(C=O)CCC[C@]2(C)C(=O)OC(=O)[C@@H]3[C@@H]21"], "mapped_smiles": "[CH2:1]=[C:2]1[C@H:3]([OH:4])[C@@:5]23[CH2:6][C@H:7]1[CH2:8][CH2:9][C@H:10]2[C@@:11]1([CH:12]=[O:13])[CH2:14][CH2:15][CH2:16][C@:17]2([CH3:18])[C:19](=[O:20])[O:21][C:24](=[O:25])[C@@H:23]3[C@H:22]12", "reacting_atoms": [23, 24, 21], "template_id": "c26b95026cce072d32a26fd2f5cd9ba1", "template_set": ["bkms", "bkms"], "num_examples": 27, "necessary_reagent": "[O]", "template_score": 0.029640352353453636, "rms_molwt": -344.162373868, "num_rings": -5, "plausibility": 1, "tforms": ["c26b95026cce072d32a26fd2f5cd9ba1", "5ea0539be35f3ea3ea2dfb95ade5cf0e"], "rank": 12, "score": -16267.99644505345}, {"smiles": "C=C1[C@H](O)[C@@]23C[C@H]1CC[C@H]2[C@@]1(CO)CCC[C@](C)(C(=O)O)[C@@H]1[C@H]3C(=O)O", "smiles_split": ["C=C1[C@H](O)[C@@]23C[C@H]1CC[C@H]2[C@@]1(CO)CCC[C@](C)(C(=O)O)[C@@H]1[C@H]3C(=O)O"], "mapped_smiles": "[CH2:1]=[C:2]1[C@H:3]([OH:4])[C@@:5]23[CH2:6][C@H:7]1[CH2:8][CH2:9][C@H:10]2[C@@:11]1([CH2:12][OH:13])[CH2:14][CH2:15][CH2:16][C@:17]([CH3:18])([C:19](=[O:20])[OH:21])[C@@H:22]1[C@H:23]3[C:24](=[O:25])[OH:26]", "reacting_atoms": [11, 12, 13], "template_id": "de30602c60770c0e31d99d3dbd5c03ba", "template_set": ["bkms"], "num_examples": 126, "necessary_reagent": "", "template_score": 0.011920793913304806, "rms_molwt": -364.18858861599995, "num_rings": -4, "plausibility": 1, "tforms": ["de30602c60770c0e31d99d3dbd5c03ba"], "rank": 13, "score": -39386.34880273739}, {"smiles": "C=C1[C@H](O)[C@@]23C[C@H]1CC[C@H]2[C@@]1(C=O)CCCC(C)(C)[C@@H]1[C@H]3C(=O)O", "smiles_split": ["C=C1[C@H](O)[C@@]23C[C@H]1CC[C@H]2[C@@]1(C=O)CCCC(C)(C)[C@@H]1[C@H]3C(=O)O"], "mapped_smiles": "[CH2:1]=[C:2]1[C@H:3]([OH:4])[C@@:5]23[CH2:6][C@H:7]1[CH2:8][CH2:9][C@H:10]2[C@@:11]1([CH:12]=[O:13])[CH2:14][CH2:15][CH2:16][C:17]([CH3:18])([CH3:19])[C@@H:22]1[C@H:23]3[C:24](=[O:25])[OH:26]", "reacting_atoms": [17, 19], "template_id": "119e2f99c9f68ec898f796e28e4dc9e0", "template_set": ["bkms", "bkms"], "num_examples": 17, "necessary_reagent": "[O]", "template_score": 0.007405294571071863, "rms_molwt": -332.19875937599994, "num_rings": -4, "plausibility": 1, "tforms": ["ebe1e7f41dadc6955a789852d0e4f64c", "119e2f99c9f68ec898f796e28e4dc9e0"], "rank": 14, "score": -55435.81605504082}, {"smiles": "C=C1[C@H](O)[C@@]23C[C@H]1CC[C@H]2[C@@]1(C=O)CCC[C@](C)(C(=O)O)[C@@H]1[C@H]3C(N)=O", "smiles_split": ["C=C1[C@H](O)[C@@]23C[C@H]1CC[C@H]2[C@@]1(C=O)CCC[C@](C)(C(=O)O)[C@@H]1[C@H]3C(N)=O"], "mapped_smiles": "[CH2:1]=[C:2]1[C@H:3]([OH:4])[C@@:5]23[CH2:6][C@H:7]1[CH2:8][CH2:9][C@H:10]2[C@@:11]1([CH:12]=[O:13])[CH2:14][CH2:15][CH2:16][C@:17]([CH3:18])([C:19](=[O:20])[OH:21])[C@@H:22]1[C@H:23]3[C:24](=[O:25])[NH2:900]", "reacting_atoms": [24, 23], "template_id": "7f976c19a733cebd505e5ebc06f4a905", "template_set": ["bkms"], "num_examples": 31, "necessary_reagent": "[O]", "template_score": 0.006362903397530317, "rms_molwt": -361.188922964, "num_rings": -4, "plausibility": 1, "tforms": ["7f976c19a733cebd505e5ebc06f4a905"], "rank": 15, "score": -73946.83176513368}]}