{"smiles": "COc1cc(O[C@H]2O[C@@H](CO)[C@@H](O)[C@@H](O)[C@@H]2O)c(-c2coc3cc(O)c(OC)cc3c2=O)cc1O", "sfscore": [0.4030968248844147, 0.6581619381904602], "chem_result": [{"smiles": "COc1cc(O[C@H]2O[C@@H](CO)[C@@H](O)[C@@H](O)[C@@H]2O)c(-c2coc3cc(O)c(OC)cc3c2=O)cc1O", "bw_confidence": 0.04952966686500225, "confidence": 0.4451923669042699, "rclass": "1 1.7 1.7.4", "children": [{"smiles": "CI"}, {"smiles": "CN(C)C=O"}, {"smiles": "COc1cc(O[C@H]2O[C@@H](CO)[C@@H](O)[C@@H](O)[C@@H]2O)c(-c2coc3cc(O)c(O)cc3c2=O)cc1O"}, {"smiles": "O=C([O-])[O-]~[K+]~[K+]"}]}, {"smiles": "COc1cc(O[C@H]2O[C@@H](CO)[C@@H](O)[C@@H](O)[C@@H]2O)c(-c2coc3cc(O)c(OC)cc3c2=O)cc1O", "bw_confidence": 0.04101081690009963, "confidence": 0.32608898825677113, "rclass": "3 3.1 3.1.5", "children": [{"smiles": "COc1cc(O[C@H]2O[C@@H](CO)[C@@H](O)[C@@H](O)[C@@H]2O)c(B2OC(C)(C)C(C)(C)O2)cc1O"}, {"smiles": "COc1cc2c(=O)c(Br)coc2cc1O"}]}, {"smiles": "COc1cc(O[C@H]2O[C@@H](CO)[C@@H](O)[C@@H](O)[C@@H]2O)c(-c2coc3cc(O)c(OC)cc3c2=O)cc1O", "bw_confidence": 0.020794278700693856, "confidence": 0.752104828430432, "rclass": "6 6.3 6.3.6", "children": [{"smiles": "CO"}, {"smiles": "COc1cc(O[C@H]2O[C@@H](COC(C)=O)[C@@H](OC(C)=O)[C@@H](OC(C)=O)[C@@H]2OC(C)=O)c(-c2coc3cc(OC(C)=O)c(OC)cc3c2=O)cc1OC(C)=O"}, {"smiles": "C[O-]~[Na+]"}]}, {"smiles": "COc1cc(O[C@H]2O[C@@H](CO)[C@@H](O)[C@@H](O)[C@@H]2O)c(-c2coc3cc(O)c(OC)cc3c2=O)cc1O", "bw_confidence": 0.005715929635055072, "confidence": 0.9023562079227607, "rclass": "6 6.3 6.3.6", "children": [{"smiles": "CO"}, {"smiles": "COc1cc2c(=O)c(-c3cc(O)c(O)cc3O[C@H]3O[C@H](COC(C)=O)[C@@H](OC(C)=O)[C@H](OC(C)=O)[C@@H]3OC(C)=O)coc2cc1O"}, {"smiles": "C[O-]~[Na+]"}]}, {"smiles": "COc1cc(O[C@H]2O[C@@H](CO)[C@@H](O)[C@@H](O)[C@@H]2O)c(-c2coc3cc(O)c(OC)cc3c2=O)cc1O", "bw_confidence": 0.004841137782279456, "confidence": 0.39229064499650007, "rclass": "3 3.1 3.1.5", "children": [{"smiles": "COc1cc(O[C@H]2O[C@@H](CO)[C@@H](O)[C@@H](O)[C@@H]2O)c(B(O)O)cc1O"}, {"smiles": "COc1cc2c(=O)c(Br)coc2cc1O"}]}, {"smiles": "COc1cc(O[C@H]2O[C@@H](CO)[C@@H](O)[C@@H](O)[C@@H]2O)c(-c2coc3cc(O)c(OC)cc3c2=O)cc1O", "bw_confidence": 0.004774881601906801, "confidence": 0.22774014748316132, "rclass": "11 11.9 11.9", "children": [{"smiles": "CO"}, {"smiles": "COc1cc2c(=O)c(-c3cc(O~O)c(OC)cc3O[C@H]3O[C@@H](CO)[C@@H](O)[C@@H](O)[C@@H]3O)coc2cc1O"}]}, {"smiles": "COc1cc(O[C@H]2O[C@@H](CO)[C@@H](O)[C@@H](O)[C@@H]2O)c(-c2coc3cc(O)c(OC)cc3c2=O)cc1O", "bw_confidence": 0.0020081263230408665, "confidence": 0.15529791892014866, "rclass": "0 0 0", "children": [{"smiles": "CCN(CC)CC"}, {"smiles": "CN(C)C=O"}, {"smiles": "COC(OC)N(C)C"}, {"smiles": "COc1cc(O[C@H]2O[C@@H](CO)[C@@H](O)[C@@H](O)[C@@H]2O)c(CC(=O)c2cc(OC)c(O)cc2O)cc1O"}]}, {"smiles": "COc1cc(O[C@H]2O[C@@H](CO)[C@@H](O)[C@@H](O)[C@@H]2O)c(-c2coc3cc(O)c(OC)cc3c2=O)cc1O", "bw_confidence": 0.0018434967933786284, "confidence": 0.05380903287492546, "rclass": "0 0 0", "children": [{"smiles": "CC(=O)O"}, {"smiles": "COc1ccc2occ(-c3cc(O)c(OC)cc3O[C@H]3O[C@@H](CO)[C@@H](O)[C@@H](O)[C@@H]3O)c(=O)c2c1"}, {"smiles": "OO"}]}, {"smiles": "COc1cc(O[C@H]2O[C@@H](CO)[C@@H](O)[C@@H](O)[C@@H]2O)c(-c2coc3cc(O)c(OC)cc3c2=O)cc1O", "bw_confidence": 0.0013355258926311645, "confidence": 0.2905281233246418, "rclass": "0 0 0", "children": [{"smiles": "COc1cc(O[C@H]2O[C@@H](CO)[C@@H](O)[C@@H](O)[C@@H]2O)c(-c2coc3cc(OS(C)(=O)=O)c(OC)cc3c2=O)cc1OS(C)(=O)=O"}, {"smiles": "[OH-]~[Na+]"}]}], "chem_bw_confidence_list": [0.04952966686500225, 0.04101081690009963, 0.020794278700693856, 0.005715929635055072, 0.004841137782279456, 0.004774881601906801, 0.0020081263230408665, 0.0018434967933786284, 0.0013355258926311645], "enzy_template_score_list": [0.41912445425987244, 0.41912445425987244, 0.1373010277748108, 0.1373010277748108, 0.03862703964114189, 0.03862703964114189, 0.03862703964114189, 0.039382316172122955, 0.039382316172122955, 0.039382316172122955, 0.039382316172122955, 0.05771224573254585, 0.05771224573254585, 0.024261953309178352, 0.024261953309178352], "enzy_result": [{"smiles": "COc1cc(O[C@H]2O[C@@H](CO)[C@@H](O)[C@@H](O)[C@@H]2O)c(-c2coc3cc(O)c(O)cc3c2=O)cc1O", "smiles_split": ["COc1cc(O[C@H]2O[C@@H](CO)[C@@H](O)[C@@H](O)[C@@H]2O)c(-c2coc3cc(O)c(O)cc3c2=O)cc1O"], "mapped_smiles": "[CH3:1][O:2][c:3]1[cH:4][c:5]([O:6][C@H:7]2[O:8][C@@H:9]([CH2:10][OH:11])[C@@H:12]([OH:13])[C@@H:14]([OH:15])[C@@H:16]2[OH:17])[c:18](-[c:19]2[cH:20][o:21][c:22]3[cH:23][c:24]([OH:25])[c:26]([OH:27])[cH:29][c:30]3[c:31]2=[O:32])[cH:33][c:34]1[OH:35]", "reacting_atoms": [27], "template_id": "e0e2b378d623262efad3f5cff831b758", "template_set": ["bkms"], "num_examples": 223, "necessary_reagent": "[C]", "template_score": 0.41912445425987244, "rms_molwt": -478.11112614399985, "num_rings": -4, "plausibility": 1, "tforms": ["e0e2b378d623262efad3f5cff831b758"], "rank": 1, "score": -1102.7790495364359}, {"smiles": "COc1cc2c(=O)c(-c3cc(O)c(O)cc3O[C@H]3O[C@@H](CO)[C@@H](O)[C@@H](O)[C@@H]3O)coc2cc1O", "smiles_split": ["COc1cc2c(=O)c(-c3cc(O)c(O)cc3O[C@H]3O[C@@H](CO)[C@@H](O)[C@@H](O)[C@@H]3O)coc2cc1O"], "mapped_smiles": "[OH:2][c:3]1[cH:4][c:5]([O:6][C@H:7]2[O:8][C@@H:9]([CH2:10][OH:11])[C@@H:12]([OH:13])[C@@H:14]([OH:15])[C@@H:16]2[OH:17])[c:18](-[c:19]2[cH:20][o:21][c:22]3[cH:23][c:24]([OH:25])[c:26]([O:27][CH3:28])[cH:29][c:30]3[c:31]2=[O:32])[cH:33][c:34]1[OH:35]", "reacting_atoms": [2], "template_id": "e0e2b378d623262efad3f5cff831b758", "template_set": ["bkms"], "num_examples": 223, "necessary_reagent": "[C]", "template_score": 0.41912445425987244, "rms_molwt": -478.11112614399985, "num_rings": -4, "plausibility": 1, "tforms": ["e0e2b378d623262efad3f5cff831b758"], "rank": 2, "score": -1102.7790495364359}, {"smiles": "COc1cc2c(=O)c(-c3cc(O)c(O)cc3O)coc2cc1O.OC[C@@H]1OC(O)[C@@H](O)[C@H](O)[C@@H]1O", "smiles_split": ["COc1cc2c(=O)c(-c3cc(O)c(O)cc3O)coc2cc1O", "OC[C@@H]1OC(O)[C@@H](O)[C@H](O)[C@@H]1O"], "mapped_smiles": "[CH:7]1([OH:900])[O:8][C@@H:9]([CH2:10][OH:11])[C@@H:12]([OH:13])[C@@H:14]([OH:15])[C@@H:16]1[OH:17].[OH:2][c:3]1[cH:4][c:5]([OH:6])[c:18](-[c:19]2[cH:20][o:21][c:22]3[cH:23][c:24]([OH:25])[c:26]([O:27][CH3:28])[cH:29][c:30]3[c:31]2=[O:32])[cH:33][c:34]1[OH:35]", "reacting_atoms": [7, 6, 2], "template_id": "82f1add9a454e1c3c4079e6c90928a25", "template_set": ["bkms"], "num_examples": 1, "necessary_reagent": "[C]", "template_score": 0.1373010277748108, "rms_molwt": -257.21165842187963, "num_rings": -4, "plausibility": 1, "tforms": ["82f1add9a454e1c3c4079e6c90928a25"], "rank": 3, "score": -2559.657658708845}, {"smiles": "COc1cc(O)c(-c2coc3cc(O)c(O)cc3c2=O)cc1O.OC[C@@H]1OC(O)[C@@H](O)[C@H](O)[C@@H]1O", "smiles_split": ["COc1cc(O)c(-c2coc3cc(O)c(O)cc3c2=O)cc1O", "OC[C@@H]1OC(O)[C@@H](O)[C@H](O)[C@@H]1O"], "mapped_smiles": "[CH3:1][O:2][c:3]1[cH:4][c:5]([OH:6])[c:18](-[c:19]2[cH:20][o:21][c:22]3[cH:23][c:24]([OH:25])[c:26]([OH:27])[cH:29][c:30]3[c:31]2=[O:32])[cH:33][c:34]1[OH:35].[CH:7]1([OH:900])[O:8][C@@H:9]([CH2:10][OH:11])[C@@H:12]([OH:13])[C@@H:14]([OH:15])[C@@H:16]1[OH:17]", "reacting_atoms": [7, 6, 27], "template_id": "82f1add9a454e1c3c4079e6c90928a25", "template_set": ["bkms"], "num_examples": 1, "necessary_reagent": "[C]", "template_score": 0.1373010277748108, "rms_molwt": -257.21165842187963, "num_rings": -4, "plausibility": 1, "tforms": ["82f1add9a454e1c3c4079e6c90928a25"], "rank": 4, "score": -2559.657658708845}, {"smiles": "COc1cc(O[C@H]2O[C@@H](CO)C(=O)[C@@H](O)[C@@H]2O)c(-c2coc3cc(O)c(OC)cc3c2=O)cc1O", "smiles_split": ["COc1cc(O[C@H]2O[C@@H](CO)C(=O)[C@@H](O)[C@@H]2O)c(-c2coc3cc(O)c(OC)cc3c2=O)cc1O"], "mapped_smiles": "[CH3:1][O:2][c:3]1[cH:4][c:5]([O:6][C@H:7]2[O:8][C@@H:9]([CH2:10][OH:11])[C:12](=[O:13])[C@@H:14]([OH:15])[C@@H:16]2[OH:17])[c:18](-[c:19]2[cH:20][o:21][c:22]3[cH:23][c:24]([OH:25])[c:26]([O:27][CH3:28])[cH:29][c:30]3[c:31]2=[O:32])[cH:33][c:34]1[OH:35]", "reacting_atoms": [12, 13], "template_id": "9d1cf9bfb3c450506eb1b20829d1d1cc", "template_set": ["bkms", "bkms", "bkms", "bkms"], "num_examples": 90, "necessary_reagent": "", "template_score": 0.03862703964114189, "rms_molwt": -490.11112614399985, "num_rings": -4, "plausibility": 1, "tforms": ["b590ea2ff6ab89045dfb94642c36bddd", "60c9970b3a1fdbabacebd3bd8eba0f23", "d207e8971f46bf66249602d3b3e93b2c", "9d1cf9bfb3c450506eb1b20829d1d1cc"], "rank": 5, "score": -11930.050233071637}, {"smiles": "COc1cc(O[C@H]2O[C@@H](CO)[C@@H](O)[C@@H](O)C2=O)c(-c2coc3cc(O)c(OC)cc3c2=O)cc1O", "smiles_split": ["COc1cc(O[C@H]2O[C@@H](CO)[C@@H](O)[C@@H](O)C2=O)c(-c2coc3cc(O)c(OC)cc3c2=O)cc1O"], "mapped_smiles": "[CH3:1][O:2][c:3]1[cH:4][c:5]([O:6][C@H:7]2[O:8][C@@H:9]([CH2:10][OH:11])[C@@H:12]([OH:13])[C@@H:14]([OH:15])[C:16]2=[O:17])[c:18](-[c:19]2[cH:20][o:21][c:22]3[cH:23][c:24]([OH:25])[c:26]([O:27][CH3:28])[cH:29][c:30]3[c:31]2=[O:32])[cH:33][c:34]1[OH:35]", "reacting_atoms": [16, 7, 17], "template_id": "9d1cf9bfb3c450506eb1b20829d1d1cc", "template_set": ["bkms", "bkms", "bkms", "bkms"], "num_examples": 90, "necessary_reagent": "", "template_score": 0.03862703964114189, "rms_molwt": -490.11112614399985, "num_rings": -4, "plausibility": 1, "tforms": ["b590ea2ff6ab89045dfb94642c36bddd", "60c9970b3a1fdbabacebd3bd8eba0f23", "d207e8971f46bf66249602d3b3e93b2c", "9d1cf9bfb3c450506eb1b20829d1d1cc"], "rank": 6, "score": -11930.050233071637}, {"smiles": "COc1cc(O[C@H]2O[C@@H](CO)[C@@H](O)C(=O)[C@@H]2O)c(-c2coc3cc(O)c(OC)cc3c2=O)cc1O", "smiles_split": ["COc1cc(O[C@H]2O[C@@H](CO)[C@@H](O)C(=O)[C@@H]2O)c(-c2coc3cc(O)c(OC)cc3c2=O)cc1O"], "mapped_smiles": "[CH3:1][O:2][c:3]1[cH:4][c:5]([O:6][C@H:7]2[O:8][C@@H:9]([CH2:10][OH:11])[C@@H:12]([OH:13])[C:14](=[O:15])[C@@H:16]2[OH:17])[c:18](-[c:19]2[cH:20][o:21][c:22]3[cH:23][c:24]([OH:25])[c:26]([O:27][CH3:28])[cH:29][c:30]3[c:31]2=[O:32])[cH:33][c:34]1[OH:35]", "reacting_atoms": [14, 15], "template_id": "9d1cf9bfb3c450506eb1b20829d1d1cc", "template_set": ["bkms", "bkms", "bkms", "bkms"], "num_examples": 90, "necessary_reagent": "", "template_score": 0.03862703964114189, "rms_molwt": -490.11112614399985, "num_rings": -4, "plausibility": 1, "tforms": ["b590ea2ff6ab89045dfb94642c36bddd", "60c9970b3a1fdbabacebd3bd8eba0f23", "d207e8971f46bf66249602d3b3e93b2c", "9d1cf9bfb3c450506eb1b20829d1d1cc"], "rank": 7, "score": -11930.050233071637}, {"smiles": "COc1cc(O[C@H]2O[C@@H](COP(=O)(O)O)[C@@H](O)[C@@H](O)[C@@H]2O)c(-c2coc3cc(O)c(OC)cc3c2=O)cc1O", "smiles_split": ["COc1cc(O[C@H]2O[C@@H](COP(=O)(O)O)[C@@H](O)[C@@H](O)[C@@H]2O)c(-c2coc3cc(O)c(OC)cc3c2=O)cc1O"], "mapped_smiles": "[CH3:1][O:2][c:3]1[cH:4][c:5]([O:6][C@H:7]2[O:8][C@@H:9]([CH2:10][O:11][P:901]([OH:900])([OH:902])=[O:903])[C@@H:12]([OH:13])[C@@H:14]([OH:15])[C@@H:16]2[OH:17])[c:18](-[c:19]2[cH:20][o:21][c:22]3[cH:23][c:24]([OH:25])[c:26]([O:27][CH3:28])[cH:29][c:30]3[c:31]2=[O:32])[cH:33][c:34]1[OH:35]", "reacting_atoms": [11], "template_id": "65bf7618263ef0544bfb3455ab5e0cbc", "template_set": ["bkms", "bkms"], "num_examples": 169, "necessary_reagent": "", "template_score": 0.039382316172122955, "rms_molwt": -572.0931067299999, "num_rings": -4, "plausibility": 1, "tforms": ["819c74c76e507baf44c4d3e6ed77777f", "65bf7618263ef0544bfb3455ab5e0cbc"], "rank": 8, "score": -14011.537054348632}, {"smiles": "COc1cc(O[C@H]2O[C@@H](CO)[C@@H](O)[C@@H](OP(=O)(O)O)[C@@H]2O)c(-c2coc3cc(O)c(OC)cc3c2=O)cc1O", "smiles_split": ["COc1cc(O[C@H]2O[C@@H](CO)[C@@H](O)[C@@H](OP(=O)(O)O)[C@@H]2O)c(-c2coc3cc(O)c(OC)cc3c2=O)cc1O"], "mapped_smiles": "[CH3:1][O:2][c:3]1[cH:4][c:5]([O:6][C@H:7]2[O:8][C@@H:9]([CH2:10][OH:11])[C@@H:12]([OH:13])[C@@H:14]([O:15][P:901]([OH:900])([OH:902])=[O:903])[C@@H:16]2[OH:17])[c:18](-[c:19]2[cH:20][o:21][c:22]3[cH:23][c:24]([OH:25])[c:26]([O:27][CH3:28])[cH:29][c:30]3[c:31]2=[O:32])[cH:33][c:34]1[OH:35]", "reacting_atoms": [15, 14], "template_id": "65bf7618263ef0544bfb3455ab5e0cbc", "template_set": ["bkms"], "num_examples": 167, "necessary_reagent": "", "template_score": 0.039382316172122955, "rms_molwt": -572.0931067299999, "num_rings": -4, "plausibility": 1, "tforms": ["65bf7618263ef0544bfb3455ab5e0cbc"], "rank": 9, "score": -14011.537054348632}, {"smiles": "COc1cc(O[C@H]2O[C@@H](CO)[C@@H](O)[C@@H](O)[C@@H]2OP(=O)(O)O)c(-c2coc3cc(O)c(OC)cc3c2=O)cc1O", "smiles_split": ["COc1cc(O[C@H]2O[C@@H](CO)[C@@H](O)[C@@H](O)[C@@H]2OP(=O)(O)O)c(-c2coc3cc(O)c(OC)cc3c2=O)cc1O"], "mapped_smiles": "[CH3:1][O:2][c:3]1[cH:4][c:5]([O:6][C@H:7]2[O:8][C@@H:9]([CH2:10][OH:11])[C@@H:12]([OH:13])[C@@H:14]([OH:15])[C@@H:16]2[O:17][P:901]([OH:900])([OH:902])=[O:903])[c:18](-[c:19]2[cH:20][o:21][c:22]3[cH:23][c:24]([OH:25])[c:26]([O:27][CH3:28])[cH:29][c:30]3[c:31]2=[O:32])[cH:33][c:34]1[OH:35]", "reacting_atoms": [17, 16], "template_id": "65bf7618263ef0544bfb3455ab5e0cbc", "template_set": ["bkms"], "num_examples": 167, "necessary_reagent": "", "template_score": 0.039382316172122955, "rms_molwt": -572.0931067299999, "num_rings": -4, "plausibility": 1, "tforms": ["65bf7618263ef0544bfb3455ab5e0cbc"], "rank": 10, "score": -14011.537054348632}, {"smiles": "COc1cc(O[C@H]2O[C@@H](CO)[C@@H](OP(=O)(O)O)[C@@H](O)[C@@H]2O)c(-c2coc3cc(O)c(OC)cc3c2=O)cc1O", "smiles_split": ["COc1cc(O[C@H]2O[C@@H](CO)[C@@H](OP(=O)(O)O)[C@@H](O)[C@@H]2O)c(-c2coc3cc(O)c(OC)cc3c2=O)cc1O"], "mapped_smiles": "[CH3:1][O:2][c:3]1[cH:4][c:5]([O:6][C@H:7]2[O:8][C@@H:9]([CH2:10][OH:11])[C@@H:12]([O:13][P:901]([OH:900])([OH:902])=[O:903])[C@@H:14]([OH:15])[C@@H:16]2[OH:17])[c:18](-[c:19]2[cH:20][o:21][c:22]3[cH:23][c:24]([OH:25])[c:26]([O:27][CH3:28])[cH:29][c:30]3[c:31]2=[O:32])[cH:33][c:34]1[OH:35]", "reacting_atoms": [13, 12], "template_id": "65bf7618263ef0544bfb3455ab5e0cbc", "template_set": ["bkms"], "num_examples": 167, "necessary_reagent": "", "template_score": 0.039382316172122955, "rms_molwt": -572.0931067299999, "num_rings": -4, "plausibility": 1, "tforms": ["65bf7618263ef0544bfb3455ab5e0cbc"], "rank": 11, "score": -14011.537054348632}, {"smiles": "COc1cc(O[C@H]2O[C@@H](CO)[C@@H](O)[C@@H](O)[C@@H]2O)c(-c2coc3cc(O[C@@H]4O[C@H](CO)[C@@H](O)[C@H](O)[C@H]4O)c(OC)cc3c2=O)cc1O", "smiles_split": ["COc1cc(O[C@H]2O[C@@H](CO)[C@@H](O)[C@@H](O)[C@@H]2O)c(-c2coc3cc(O[C@@H]4O[C@H](CO)[C@@H](O)[C@H](O)[C@H]4O)c(OC)cc3c2=O)cc1O"], "mapped_smiles": "[CH3:1][O:2][c:3]1[cH:4][c:5]([O:6][C@H:7]2[O:8][C@@H:9]([CH2:10][OH:11])[C@@H:12]([OH:13])[C@@H:14]([OH:15])[C@@H:16]2[OH:17])[c:18](-[c:19]2[cH:20][o:21][c:22]3[cH:23][c:24]([O:25][C@@H:904]4[O:903][C@H:902]([CH2:901][OH:900])[C@@H:909]([OH:910])[C@H:907]([OH:908])[C@H:905]4[OH:906])[c:26]([O:27][CH3:28])[cH:29][c:30]3[c:31]2=[O:32])[cH:33][c:34]1[OH:35]", "reacting_atoms": [25], "template_id": "f0188a61a7d798559e3dd775fb7ce3ce", "template_set": ["bkms"], "num_examples": 38, "necessary_reagent": "", "template_score": 0.05771224573254585, "rms_molwt": -654.1795996279999, "num_rings": -5, "plausibility": 1, "tforms": ["f0188a61a7d798559e3dd775fb7ce3ce"], "rank": 12, "score": -14997.572297573388}, {"smiles": "COc1cc2c(=O)c(-c3cc(O[C@@H]4O[C@H](CO)[C@@H](O)[C@H](O)[C@H]4O)c(OC)cc3O[C@H]3O[C@@H](CO)[C@@H](O)[C@@H](O)[C@@H]3O)coc2cc1O", "smiles_split": ["COc1cc2c(=O)c(-c3cc(O[C@@H]4O[C@H](CO)[C@@H](O)[C@H](O)[C@H]4O)c(OC)cc3O[C@H]3O[C@@H](CO)[C@@H](O)[C@@H](O)[C@@H]3O)coc2cc1O"], "mapped_smiles": "[CH3:1][O:2][c:3]1[cH:4][c:5]([O:6][C@H:7]2[O:8][C@@H:9]([CH2:10][OH:11])[C@@H:12]([OH:13])[C@@H:14]([OH:15])[C@@H:16]2[OH:17])[c:18](-[c:19]2[cH:20][o:21][c:22]3[cH:23][c:24]([OH:25])[c:26]([O:27][CH3:28])[cH:29][c:30]3[c:31]2=[O:32])[cH:33][c:34]1[O:35][C@@H:904]1[O:903][C@H:902]([CH2:901][OH:900])[C@@H:909]([OH:910])[C@H:907]([OH:908])[C@H:905]1[OH:906]", "reacting_atoms": [35], "template_id": "f0188a61a7d798559e3dd775fb7ce3ce", "template_set": ["bkms"], "num_examples": 38, "necessary_reagent": "", "template_score": 0.05771224573254585, "rms_molwt": -654.1795996279999, "num_rings": -5, "plausibility": 1, "tforms": ["f0188a61a7d798559e3dd775fb7ce3ce"], "rank": 13, "score": -14997.572297573388}, {"smiles": "COc1cc2c(=O)c(-c3cc(OC)c(OC)cc3O[C@H]3O[C@@H](CO)[C@@H](O)[C@@H](O)[C@@H]3O)coc2cc1O", "smiles_split": ["COc1cc2c(=O)c(-c3cc(OC)c(OC)cc3O[C@H]3O[C@@H](CO)[C@@H](O)[C@@H](O)[C@@H]3O)coc2cc1O"], "mapped_smiles": "[CH3:1][O:2][c:3]1[cH:4][c:5]([O:6][C@H:7]2[O:8][C@@H:9]([CH2:10][OH:11])[C@@H:12]([OH:13])[C@@H:14]([OH:15])[C@@H:16]2[OH:17])[c:18](-[c:19]2[cH:20][o:21][c:22]3[cH:23][c:24]([OH:25])[c:26]([O:27][CH3:28])[cH:29][c:30]3[c:31]2=[O:32])[cH:33][c:34]1[O:35][CH3:900]", "reacting_atoms": [35], "template_id": "c11dbf440d2e73a73293e1875c2ee134", "template_set": ["bkms"], "num_examples": 59, "necessary_reagent": "", "template_score": 0.024261953309178352, "rms_molwt": -506.14242627199985, "num_rings": -4, "plausibility": 1, "tforms": ["c11dbf440d2e73a73293e1875c2ee134"], "rank": 14, "score": -20472.25679347085}, {"smiles": "COc1cc(O[C@H]2O[C@@H](CO)[C@@H](O)[C@@H](O)[C@@H]2O)c(-c2coc3cc(OC)c(OC)cc3c2=O)cc1O", "smiles_split": ["COc1cc(O[C@H]2O[C@@H](CO)[C@@H](O)[C@@H](O)[C@@H]2O)c(-c2coc3cc(OC)c(OC)cc3c2=O)cc1O"], "mapped_smiles": "[CH3:1][O:2][c:3]1[cH:4][c:5]([O:6][C@H:7]2[O:8][C@@H:9]([CH2:10][OH:11])[C@@H:12]([OH:13])[C@@H:14]([OH:15])[C@@H:16]2[OH:17])[c:18](-[c:19]2[cH:20][o:21][c:22]3[cH:23][c:24]([O:25][CH3:900])[c:26]([O:27][CH3:28])[cH:29][c:30]3[c:31]2=[O:32])[cH:33][c:34]1[OH:35]", "reacting_atoms": [25], "template_id": "c11dbf440d2e73a73293e1875c2ee134", "template_set": ["bkms"], "num_examples": 59, "necessary_reagent": "", "template_score": 0.024261953309178352, "rms_molwt": -506.14242627199985, "num_rings": -4, "plausibility": 1, "tforms": ["c11dbf440d2e73a73293e1875c2ee134"], "rank": 15, "score": -20472.25679347085}]}