{"smiles": "CC/C=C\\C/C=C\\C/C=C\\C/C=C\\C/C=C\\CCCC(=O)OC[C@@H](COC(=O)CCCCCCCCC/C=C\\CCCCCC)OC(=O)CCCCCCCCCCCCCCCCCCC", "sfscore": [0.4177546203136444, 0.6353880763053894], "chem_result": [{"smiles": "CC/C=C\\C/C=C\\C/C=C\\C/C=C\\C/C=C\\CCCC(=O)OC[C@@H](COC(=O)CCCCCCCCC/C=C\\CCCCCC)OC(=O)CCCCCCCCCCCCCCCCCCC", "bw_confidence": 0.010862357819458938, "confidence": 0.4498226630743161, "rclass": "0 0 0", "children": [{"smiles": "CC/C=C\\C/C=C\\C/C=C\\C/C=C\\C/C=C\\CCCC(=O)O"}, {"smiles": "CCN=C=NCCCN(C)C~Cl"}, {"smiles": "CN(C)c1ccncc1"}, {"smiles": "ClCCl"}]}, {"smiles": "CC/C=C\\C/C=C\\C/C=C\\C/C=C\\C/C=C\\CCCC(=O)OC[C@@H](COC(=O)CCCCCCCCC/C=C\\CCCCCC)OC(=O)CCCCCCCCCCCCCCCCCCC", "bw_confidence": 0.01028065032001744, "confidence": 0.06749343371432127, "rclass": "2 2.6 2.6.2", "children": [{"smiles": "CC/C=C\\C/C=C\\C/C=C\\C/C=C\\C/C=C\\CCCC(=O)OC[C@H](O)COC(=O)CCCCCCCCC/C=C\\CCCCCC"}, {"smiles": "CCCCCCCCCCCCCCCCCCCCC(=O)O"}]}, {"smiles": "CC/C=C\\C/C=C\\C/C=C\\C/C=C\\C/C=C\\CCCC(=O)OC[C@@H](COC(=O)CCCCCCCCC/C=C\\CCCCCC)OC(=O)CCCCCCCCCCCCCCCCCCC", "bw_confidence": 0.008812882743224348, "confidence": 0.022956258533529245, "rclass": "0 0 0", "children": [{"smiles": "CC/C=C\\C/C=C\\C/C=C\\C/C=C\\C/C=C\\CCCC(=O)O"}, {"smiles": "CC/C=C\\C/C=C\\C/C=C\\C/C=C\\C/C=C\\CCCC(=O)OC[C@@H](COC(=O)CCCCCCCCC/C=C\\CCCCCC)OC(=O)CCCCCCCCCCCCCCCCCCC"}]}, {"smiles": "CC/C=C\\C/C=C\\C/C=C\\C/C=C\\C/C=C\\CCCC(=O)OC[C@@H](COC(=O)CCCCCCCCC/C=C\\CCCCCC)OC(=O)CCCCCCCCCCCCCCCCCCC", "bw_confidence": 0.008498203702650524, "confidence": 0.018913992106524006, "rclass": "0 0 0", "children": [{"smiles": "CC/C=C\\C/C=C\\C/C=C\\C/C=C\\C/C=C\\CCCC(=O)OC[C@@H](COC(=O)CCCCCCCCC/C=C\\CCCCCC)OC(=O)CCCCCCCCCCCCCCCCCCCCC"}, {"smiles": "ClCCl"}, {"smiles": "O=C(O)C(F)(F)F"}]}, {"smiles": "CC/C=C\\C/C=C\\C/C=C\\C/C=C\\C/C=C\\CCCC(=O)OC[C@@H](COC(=O)CCCCCCCCC/C=C\\CCCCCC)OC(=O)CCCCCCCCCCCCCCCCCCC", "bw_confidence": 0.007255660070128008, "confidence": 0.020508043681428407, "rclass": "11 11.5 11.5", "children": [{"smiles": "CC/C=C\\C/C=C\\C/C=C\\C/C=C\\C/C=C\\CCCC(=O)OC[C@@H](COC(=O)CCCCCCCCCC/C=C\\CCCCCC)OC(=O)CCCCCCCCCCCCCCCCCC"}, {"smiles": "ClCCl"}, {"smiles": "O=[Cr](=O)([O-])Cl~c1cc[nH+]cc1"}]}, {"smiles": "CC/C=C\\C/C=C\\C/C=C\\C/C=C\\C/C=C\\CCCC(=O)OC[C@@H](COC(=O)CCCCCCCCC/C=C\\CCCCCC)OC(=O)CCCCCCCCCCCCCCCCCCC", "bw_confidence": 0.0030825027947051697, "confidence": 0.09623772949151868, "rclass": "2 2.6 2.6.2", "children": [{"smiles": "CC/C=C\\C/C=C\\C/C=C\\C/C=C\\C/C=C\\CCCC(=O)O"}, {"smiles": "CCCCCC/C=C\\CCCCCCCCCCC(=O)OC[C@H](CO)OC(=O)CCCCCCCCCCCCCCCCCCC"}, {"smiles": "CCN=C=NCCCN(C)C~Cl"}, {"smiles": "CN(C)c1ccncc1"}, {"smiles": "ClCCl"}]}, {"smiles": "CC/C=C\\C/C=C\\C/C=C\\C/C=C\\C/C=C\\CCCC(=O)OC[C@@H](COC(=O)CCCCCCCCC/C=C\\CCCCCC)OC(=O)CCCCCCCCCCCCCCCCCCC", "bw_confidence": 0.0028392133670866984, "confidence": 0.020333187037879456, "rclass": "0 0 0", "children": [{"smiles": "CC/C=C\\C/C=C\\C/C=C\\C/C=C\\C/C=C\\CCCC(=O)O"}, {"smiles": "CC/C=C\\C/C=C\\C/C=C\\C/C=C\\C/C=C\\CCCC(=O)OC[C@@H](COC(=O)CCCCCCCCC/C=C\\CCCCCC)OC(=O)CCCCCCCCCCCCCCCCCC"}]}, {"smiles": "CC/C=C\\C/C=C\\C/C=C\\C/C=C\\C/C=C\\CCCC(=O)OC[C@@H](COC(=O)CCCCCCCCC/C=C\\CCCCCC)OC(=O)CCCCCCCCCCCCCCCCCCC", "bw_confidence": 0.0015234536273221165, "confidence": 0.009788291843245056, "rclass": "2 2.6 2.6.14", "children": [{"smiles": "CC/C=C\\C/C=C\\C/C=C\\C/C=C\\C/C=C\\CCCC(=O)OC[C@H](O)COC(=O)CCCCCCCCC/C=C\\CCCCCC"}, {"smiles": "CCCCCC/C=C\\CCCCCCCCCCC(=O)OC[C@@H](CO)OC(=O)CCCCCCCCCCCCCCCCCCCC"}]}, {"smiles": "CC/C=C\\C/C=C\\C/C=C\\C/C=C\\C/C=C\\CCCC(=O)OC[C@@H](COC(=O)CCCCCCCCC/C=C\\CCCCCC)OC(=O)CCCCCCCCCCCCCCCCCCC", "bw_confidence": 0.0013458137944705544, "confidence": 0.062143141016805126, "rclass": "11 11.5 11.5", "children": [{"smiles": "CC/C=C\\C/C=C\\C/C=C\\C/C=C\\C/C=C\\CCCC(=O)OC[C@H](COC(=O)CCCCCCCCC/C=C\\CCCCCC)OC(=O)CCCCCCCCCCCCCCCCCCC"}, {"smiles": "CCCCCCC~CCOC(C)=O"}]}, {"smiles": "CC/C=C\\C/C=C\\C/C=C\\C/C=C\\C/C=C\\CCCC(=O)OC[C@@H](COC(=O)CCCCCCCCC/C=C\\CCCCCC)OC(=O)CCCCCCCCCCCCCCCCCCC", "bw_confidence": 0.0009859418833123572, "confidence": 0.015249334246775532, "rclass": "0 0 0", "children": [{"smiles": "CC/C=C\\C/C=C\\C/C=C\\C/C=C\\C/C=C\\CCCC(=O)OC[C@@H](COC(=O)CCCCCCCCCC/C=C\\CCCCCC)OC(=O)CCCCCCCCCCCCCCCCCCC"}, {"smiles": "CCN(CC)CC"}, {"smiles": "CN(C)c1ccncc1"}, {"smiles": "ClCCl"}]}, {"smiles": "CC/C=C\\C/C=C\\C/C=C\\C/C=C\\C/C=C\\CCCC(=O)OC[C@@H](COC(=O)CCCCCCCCC/C=C\\CCCCCC)OC(=O)CCCCCCCCCCCCCCCCCCC", "bw_confidence": 0.00014570754891752314, "confidence": 0.10862078473284556, "rclass": "0 0 0", "children": [{"smiles": "CC/C=C\\C/C=C\\C/C=C\\C/C=C\\C/C=C\\CCCC(=O)OC[C@H](OC(=O)CCCCCCCCC/C=C\\CCCCCC)C(=O)OC(=O)CCCCCCCCCCCCCCCCCCC"}, {"smiles": "CCN(CC)CC"}, {"smiles": "ClCCl"}]}], "chem_bw_confidence_list": [0.010862357819458938, 0.01028065032001744, 0.008812882743224348, 0.008498203702650524, 0.007255660070128008, 0.0030825027947051697, 0.0028392133670866984, 0.0015234536273221165, 0.0013458137944705544, 0.0009859418833123572, 0.00014570754891752314], "enzy_template_score_list": [0.6985628604888916, 0.6985628604888916, 0.6985628604888916, 0.6985628604888916, 0.6985628604888916, 0.2227880358695984, 0.02224193885922432, 0.02224193885922432, 0.02224193885922432, 0.02224193885922432, 0.02224193885922432, 0.02224193885922432, 0.02224193885922432, 0.02224193885922432, 0.02224193885922432], "enzy_result": [{"smiles": "CC/C=C\\C/C=C\\CCCC/C=C\\C/C=C\\CCCC(=O)OC[C@@H](COC(=O)CCCCCCCCC/C=C\\CCCCCC)OC(=O)CCCCCCCCCCCCCCCCCCC", "smiles_split": ["CC/C=C\\C/C=C\\CCCC/C=C\\C/C=C\\CCCC(=O)OC[C@@H](COC(=O)CCCCCCCCC/C=C\\CCCCCC)OC(=O)CCCCCCCCCCCCCCCCCCC"], "mapped_smiles": "[CH3:1][CH2:2]/[CH:3]=[CH:4]\\[CH2:5]/[CH:6]=[CH:7]\\[CH2:8][CH2:9][CH2:10][CH2:11]/[CH:12]=[CH:13]\\[CH2:14]/[CH:15]=[CH:16]\\[CH2:17][CH2:18][CH2:19][C:20](=[O:21])[O:22][CH2:23][C@@H:24]([CH2:25][O:26][C:27](=[O:28])[CH2:29][CH2:30][CH2:31][CH2:32][CH2:33][CH2:34][CH2:35][CH2:36][CH2:37]/[CH:38]=[CH:39]\\[CH2:40][CH2:41][CH2:42][CH2:43][CH2:44][CH3:45])[O:46][C:47](=[O:48])[CH2:49][CH2:50][CH2:51][CH2:52][CH2:53][CH2:54][CH2:55][CH2:56][CH2:57][CH2:58][CH2:59][CH2:60][CH2:61][CH2:62][CH2:63][CH2:64][CH2:65][CH2:66][CH3:67]", "reacting_atoms": [10, 9], "template_id": "b8752864a144b4d488d51a312d4ebfdc", "template_set": ["bkms", "bkms", "bkms"], "num_examples": 64, "necessary_reagent": "", "template_score": 0.6985628604888916, "rms_molwt": -936.8145911759999, "num_rings": 0, "plausibility": 1, "tforms": ["71d96988ab3623c8d39bf0ee6519c85b", "4b5c01ce1dd3e508649493e134ba9f1c", "b8752864a144b4d488d51a312d4ebfdc"], "rank": 1, "score": -1572.9969822069888}, {"smiles": "CC/C=C\\C/C=C\\C/C=C\\C/C=C\\CCCCCCC(=O)OC[C@@H](COC(=O)CCCCCCCCC/C=C\\CCCCCC)OC(=O)CCCCCCCCCCCCCCCCCCC", "smiles_split": ["CC/C=C\\C/C=C\\C/C=C\\C/C=C\\CCCCCCC(=O)OC[C@@H](COC(=O)CCCCCCCCC/C=C\\CCCCCC)OC(=O)CCCCCCCCCCCCCCCCCCC"], "mapped_smiles": "[CH3:1][CH2:2]/[CH:3]=[CH:4]\\[CH2:5]/[CH:6]=[CH:7]\\[CH2:8]/[CH:9]=[CH:10]\\[CH2:11]/[CH:12]=[CH:13]\\[CH2:14][CH2:15][CH2:16][CH2:17][CH2:18][CH2:19][C:20](=[O:21])[O:22][CH2:23][C@@H:24]([CH2:25][O:26][C:27](=[O:28])[CH2:29][CH2:30][CH2:31][CH2:32][CH2:33][CH2:34][CH2:35][CH2:36][CH2:37]/[CH:38]=[CH:39]\\[CH2:40][CH2:41][CH2:42][CH2:43][CH2:44][CH3:45])[O:46][C:47](=[O:48])[CH2:49][CH2:50][CH2:51][CH2:52][CH2:53][CH2:54][CH2:55][CH2:56][CH2:57][CH2:58][CH2:59][CH2:60][CH2:61][CH2:62][CH2:63][CH2:64][CH2:65][CH2:66][CH3:67]", "reacting_atoms": [15, 16], "template_id": "b8752864a144b4d488d51a312d4ebfdc", "template_set": ["bkms", "bkms", "bkms"], "num_examples": 64, "necessary_reagent": "", "template_score": 0.6985628604888916, "rms_molwt": -936.8145911759999, "num_rings": 0, "plausibility": 1, "tforms": ["71d96988ab3623c8d39bf0ee6519c85b", "4b5c01ce1dd3e508649493e134ba9f1c", "b8752864a144b4d488d51a312d4ebfdc"], "rank": 2, "score": -1572.9969822069888}, {"smiles": "CC/C=C\\C/C=C\\C/C=C\\CCCC/C=C\\CCCC(=O)OC[C@@H](COC(=O)CCCCCCCCC/C=C\\CCCCCC)OC(=O)CCCCCCCCCCCCCCCCCCC", "smiles_split": ["CC/C=C\\C/C=C\\C/C=C\\CCCC/C=C\\CCCC(=O)OC[C@@H](COC(=O)CCCCCCCCC/C=C\\CCCCCC)OC(=O)CCCCCCCCCCCCCCCCCCC"], "mapped_smiles": "[CH3:1][CH2:2]/[CH:3]=[CH:4]\\[CH2:5]/[CH:6]=[CH:7]\\[CH2:8]/[CH:9]=[CH:10]\\[CH2:11][CH2:12][CH2:13][CH2:14]/[CH:15]=[CH:16]\\[CH2:17][CH2:18][CH2:19][C:20](=[O:21])[O:22][CH2:23][C@@H:24]([CH2:25][O:26][C:27](=[O:28])[CH2:29][CH2:30][CH2:31][CH2:32][CH2:33][CH2:34][CH2:35][CH2:36][CH2:37]/[CH:38]=[CH:39]\\[CH2:40][CH2:41][CH2:42][CH2:43][CH2:44][CH3:45])[O:46][C:47](=[O:48])[CH2:49][CH2:50][CH2:51][CH2:52][CH2:53][CH2:54][CH2:55][CH2:56][CH2:57][CH2:58][CH2:59][CH2:60][CH2:61][CH2:62][CH2:63][CH2:64][CH2:65][CH2:66][CH3:67]", "reacting_atoms": [13, 12], "template_id": "b8752864a144b4d488d51a312d4ebfdc", "template_set": ["bkms", "bkms", "bkms"], "num_examples": 64, "necessary_reagent": "", "template_score": 0.6985628604888916, "rms_molwt": -936.8145911759999, "num_rings": 0, "plausibility": 1, "tforms": ["71d96988ab3623c8d39bf0ee6519c85b", "4b5c01ce1dd3e508649493e134ba9f1c", "b8752864a144b4d488d51a312d4ebfdc"], "rank": 3, "score": -1572.9969822069888}, {"smiles": "CCCCC/C=C\\C/C=C\\C/C=C\\C/C=C\\CCCC(=O)OC[C@@H](COC(=O)CCCCCCCCC/C=C\\CCCCCC)OC(=O)CCCCCCCCCCCCCCCCCCC", "smiles_split": ["CCCCC/C=C\\C/C=C\\C/C=C\\C/C=C\\CCCC(=O)OC[C@@H](COC(=O)CCCCCCCCC/C=C\\CCCCCC)OC(=O)CCCCCCCCCCCCCCCCCCC"], "mapped_smiles": "[CH3:1][CH2:2][CH2:3][CH2:4][CH2:5]/[CH:6]=[CH:7]\\[CH2:8]/[CH:9]=[CH:10]\\[CH2:11]/[CH:12]=[CH:13]\\[CH2:14]/[CH:15]=[CH:16]\\[CH2:17][CH2:18][CH2:19][C:20](=[O:21])[O:22][CH2:23][C@@H:24]([CH2:25][O:26][C:27](=[O:28])[CH2:29][CH2:30][CH2:31][CH2:32][CH2:33][CH2:34][CH2:35][CH2:36][CH2:37]/[CH:38]=[CH:39]\\[CH2:40][CH2:41][CH2:42][CH2:43][CH2:44][CH3:45])[O:46][C:47](=[O:48])[CH2:49][CH2:50][CH2:51][CH2:52][CH2:53][CH2:54][CH2:55][CH2:56][CH2:57][CH2:58][CH2:59][CH2:60][CH2:61][CH2:62][CH2:63][CH2:64][CH2:65][CH2:66][CH3:67]", "reacting_atoms": [4, 3], "template_id": "b8752864a144b4d488d51a312d4ebfdc", "template_set": ["bkms", "bkms", "bkms"], "num_examples": 64, "necessary_reagent": "", "template_score": 0.6985628604888916, "rms_molwt": -936.8145911759999, "num_rings": 0, "plausibility": 1, "tforms": ["71d96988ab3623c8d39bf0ee6519c85b", "4b5c01ce1dd3e508649493e134ba9f1c", "b8752864a144b4d488d51a312d4ebfdc"], "rank": 4, "score": -1572.9969822069888}, {"smiles": "CC/C=C\\CCCC/C=C\\C/C=C\\C/C=C\\CCCC(=O)OC[C@@H](COC(=O)CCCCCCCCC/C=C\\CCCCCC)OC(=O)CCCCCCCCCCCCCCCCCCC", "smiles_split": ["CC/C=C\\CCCC/C=C\\C/C=C\\C/C=C\\CCCC(=O)OC[C@@H](COC(=O)CCCCCCCCC/C=C\\CCCCCC)OC(=O)CCCCCCCCCCCCCCCCCCC"], "mapped_smiles": "[CH3:1][CH2:2]/[CH:3]=[CH:4]\\[CH2:5][CH2:6][CH2:7][CH2:8]/[CH:9]=[CH:10]\\[CH2:11]/[CH:12]=[CH:13]\\[CH2:14]/[CH:15]=[CH:16]\\[CH2:17][CH2:18][CH2:19][C:20](=[O:21])[O:22][CH2:23][C@@H:24]([CH2:25][O:26][C:27](=[O:28])[CH2:29][CH2:30][CH2:31][CH2:32][CH2:33][CH2:34][CH2:35][CH2:36][CH2:37]/[CH:38]=[CH:39]\\[CH2:40][CH2:41][CH2:42][CH2:43][CH2:44][CH3:45])[O:46][C:47](=[O:48])[CH2:49][CH2:50][CH2:51][CH2:52][CH2:53][CH2:54][CH2:55][CH2:56][CH2:57][CH2:58][CH2:59][CH2:60][CH2:61][CH2:62][CH2:63][CH2:64][CH2:65][CH2:66][CH3:67]", "reacting_atoms": [7, 6], "template_id": "b8752864a144b4d488d51a312d4ebfdc", "template_set": ["bkms", "bkms", "bkms"], "num_examples": 64, "necessary_reagent": "", "template_score": 0.6985628604888916, "rms_molwt": -936.8145911759999, "num_rings": 0, "plausibility": 1, "tforms": ["71d96988ab3623c8d39bf0ee6519c85b", "4b5c01ce1dd3e508649493e134ba9f1c", "b8752864a144b4d488d51a312d4ebfdc"], "rank": 5, "score": -1572.9969822069888}, {"smiles": "CC/C=C\\C/C=C\\C/C=C\\C/C=C\\C/C=C\\CCCC(=O)OC[C@@H](COC(=O)CCCCCCCCCCCCCCCCC)OC(=O)CCCCCCCCCCCCCCCCCCC", "smiles_split": ["CC/C=C\\C/C=C\\C/C=C\\C/C=C\\C/C=C\\CCCC(=O)OC[C@@H](COC(=O)CCCCCCCCCCCCCCCCC)OC(=O)CCCCCCCCCCCCCCCCCCC"], "mapped_smiles": "[CH3:1][CH2:2]/[CH:3]=[CH:4]\\[CH2:5]/[CH:6]=[CH:7]\\[CH2:8]/[CH:9]=[CH:10]\\[CH2:11]/[CH:12]=[CH:13]\\[CH2:14]/[CH:15]=[CH:16]\\[CH2:17][CH2:18][CH2:19][C:20](=[O:21])[O:22][CH2:23][C@@H:24]([CH2:25][O:26][C:27](=[O:28])[CH2:29][CH2:30][CH2:31][CH2:32][CH2:33][CH2:34][CH2:35][CH2:36][CH2:37][CH2:38][CH2:39][CH2:40][CH2:41][CH2:42][CH2:43][CH2:44][CH3:45])[O:46][C:47](=[O:48])[CH2:49][CH2:50][CH2:51][CH2:52][CH2:53][CH2:54][CH2:55][CH2:56][CH2:57][CH2:58][CH2:59][CH2:60][CH2:61][CH2:62][CH2:63][CH2:64][CH2:65][CH2:66][CH3:67]", "reacting_atoms": [39, 38], "template_id": "4b5c01ce1dd3e508649493e134ba9f1c", "template_set": ["bkms"], "num_examples": 15, "necessary_reagent": "", "template_score": 0.2227880358695984, "rms_molwt": -936.8145911759999, "num_rings": 0, "plausibility": 1, "tforms": ["4b5c01ce1dd3e508649493e134ba9f1c"], "rank": 6, "score": -4932.209519877792}, {"smiles": "CC/C=C\\C/C=C\\C/C=C\\CC1OC(=O)C1C/C=C\\CCCC(=O)OC[C@@H](COC(=O)CCCCCCCCC/C=C\\CCCCCC)OC(=O)CCCCCCCCCCCCCCCCCCC", "smiles_split": ["CC/C=C\\C/C=C\\C/C=C\\CC1OC(=O)C1C/C=C\\CCCC(=O)OC[C@@H](COC(=O)CCCCCCCCC/C=C\\CCCCCC)OC(=O)CCCCCCCCCCCCCCCCCCC"], "mapped_smiles": "[CH3:1][CH2:2]/[CH:3]=[CH:4]\\[CH2:5]/[CH:6]=[CH:7]\\[CH2:8]/[CH:9]=[CH:10]\\[CH2:11][CH:12]1[CH:13]([CH2:14]/[CH:15]=[CH:16]\\[CH2:17][CH2:18][CH2:19][C:20](=[O:21])[O:22][CH2:23][C@@H:24]([CH2:25][O:26][C:27](=[O:28])[CH2:29][CH2:30][CH2:31][CH2:32][CH2:33][CH2:34][CH2:35][CH2:36][CH2:37]/[CH:38]=[CH:39]\\[CH2:40][CH2:41][CH2:42][CH2:43][CH2:44][CH3:45])[O:46][C:47](=[O:48])[CH2:49][CH2:50][CH2:51][CH2:52][CH2:53][CH2:54][CH2:55][CH2:56][CH2:57][CH2:58][CH2:59][CH2:60][CH2:61][CH2:62][CH2:63][CH2:64][CH2:65][CH2:66][CH3:67])[C:901](=[O:900])[O:902]1", "reacting_atoms": [12, 13], "template_id": "95b167a4e5e2cf14a7f1b2c6fb174cb0", "template_set": ["bkms"], "num_examples": 4, "necessary_reagent": "", "template_score": 0.02224193885922432, "rms_molwt": -978.788770352, "num_rings": -1, "plausibility": 1, "tforms": ["95b167a4e5e2cf14a7f1b2c6fb174cb0"], "rank": 7, "score": -53112.45771443973}, {"smiles": "CC/C=C\\C/C=C\\C/C=C\\CC1C(=O)OC1C/C=C\\CCCC(=O)OC[C@@H](COC(=O)CCCCCCCCC/C=C\\CCCCCC)OC(=O)CCCCCCCCCCCCCCCCCCC", "smiles_split": ["CC/C=C\\C/C=C\\C/C=C\\CC1C(=O)OC1C/C=C\\CCCC(=O)OC[C@@H](COC(=O)CCCCCCCCC/C=C\\CCCCCC)OC(=O)CCCCCCCCCCCCCCCCCCC"], "mapped_smiles": "[CH3:1][CH2:2]/[CH:3]=[CH:4]\\[CH2:5]/[CH:6]=[CH:7]\\[CH2:8]/[CH:9]=[CH:10]\\[CH2:11][CH:12]1[CH:13]([CH2:14]/[CH:15]=[CH:16]\\[CH2:17][CH2:18][CH2:19][C:20](=[O:21])[O:22][CH2:23][C@@H:24]([CH2:25][O:26][C:27](=[O:28])[CH2:29][CH2:30][CH2:31][CH2:32][CH2:33][CH2:34][CH2:35][CH2:36][CH2:37]/[CH:38]=[CH:39]\\[CH2:40][CH2:41][CH2:42][CH2:43][CH2:44][CH3:45])[O:46][C:47](=[O:48])[CH2:49][CH2:50][CH2:51][CH2:52][CH2:53][CH2:54][CH2:55][CH2:56][CH2:57][CH2:58][CH2:59][CH2:60][CH2:61][CH2:62][CH2:63][CH2:64][CH2:65][CH2:66][CH3:67])[O:902][C:901]1=[O:900]", "reacting_atoms": [13, 12], "template_id": "95b167a4e5e2cf14a7f1b2c6fb174cb0", "template_set": ["bkms"], "num_examples": 4, "necessary_reagent": "", "template_score": 0.02224193885922432, "rms_molwt": -978.788770352, "num_rings": -1, "plausibility": 1, "tforms": ["95b167a4e5e2cf14a7f1b2c6fb174cb0"], "rank": 8, "score": -53112.45771443973}, {"smiles": "CC/C=C\\C/C=C\\C/C=C\\C/C=C\\CC1C(=O)OC1CCCC(=O)OC[C@@H](COC(=O)CCCCCCCCC/C=C\\CCCCCC)OC(=O)CCCCCCCCCCCCCCCCCCC", "smiles_split": ["CC/C=C\\C/C=C\\C/C=C\\C/C=C\\CC1C(=O)OC1CCCC(=O)OC[C@@H](COC(=O)CCCCCCCCC/C=C\\CCCCCC)OC(=O)CCCCCCCCCCCCCCCCCCC"], "mapped_smiles": "[CH3:1][CH2:2]/[CH:3]=[CH:4]\\[CH2:5]/[CH:6]=[CH:7]\\[CH2:8]/[CH:9]=[CH:10]\\[CH2:11]/[CH:12]=[CH:13]\\[CH2:14][CH:15]1[CH:16]([CH2:17][CH2:18][CH2:19][C:20](=[O:21])[O:22][CH2:23][C@@H:24]([CH2:25][O:26][C:27](=[O:28])[CH2:29][CH2:30][CH2:31][CH2:32][CH2:33][CH2:34][CH2:35][CH2:36][CH2:37]/[CH:38]=[CH:39]\\[CH2:40][CH2:41][CH2:42][CH2:43][CH2:44][CH3:45])[O:46][C:47](=[O:48])[CH2:49][CH2:50][CH2:51][CH2:52][CH2:53][CH2:54][CH2:55][CH2:56][CH2:57][CH2:58][CH2:59][CH2:60][CH2:61][CH2:62][CH2:63][CH2:64][CH2:65][CH2:66][CH3:67])[O:902][C:901]1=[O:900]", "reacting_atoms": [16, 15], "template_id": "95b167a4e5e2cf14a7f1b2c6fb174cb0", "template_set": ["bkms"], "num_examples": 4, "necessary_reagent": "", "template_score": 0.02224193885922432, "rms_molwt": -978.788770352, "num_rings": -1, "plausibility": 1, "tforms": ["95b167a4e5e2cf14a7f1b2c6fb174cb0"], "rank": 9, "score": -53112.45771443973}, {"smiles": "CC/C=C\\C/C=C\\C/C=C\\C/C=C\\C/C=C\\CCCC(=O)OC[C@@H](COC(=O)CCCCCCCCCC1OC(=O)C1CCCCCC)OC(=O)CCCCCCCCCCCCCCCCCCC", "smiles_split": ["CC/C=C\\C/C=C\\C/C=C\\C/C=C\\C/C=C\\CCCC(=O)OC[C@@H](COC(=O)CCCCCCCCCC1OC(=O)C1CCCCCC)OC(=O)CCCCCCCCCCCCCCCCCCC"], "mapped_smiles": "[CH3:1][CH2:2]/[CH:3]=[CH:4]\\[CH2:5]/[CH:6]=[CH:7]\\[CH2:8]/[CH:9]=[CH:10]\\[CH2:11]/[CH:12]=[CH:13]\\[CH2:14]/[CH:15]=[CH:16]\\[CH2:17][CH2:18][CH2:19][C:20](=[O:21])[O:22][CH2:23][C@@H:24]([CH2:25][O:26][C:27](=[O:28])[CH2:29][CH2:30][CH2:31][CH2:32][CH2:33][CH2:34][CH2:35][CH2:36][CH2:37][CH:38]1[CH:39]([CH2:40][CH2:41][CH2:42][CH2:43][CH2:44][CH3:45])[C:901](=[O:900])[O:902]1)[O:46][C:47](=[O:48])[CH2:49][CH2:50][CH2:51][CH2:52][CH2:53][CH2:54][CH2:55][CH2:56][CH2:57][CH2:58][CH2:59][CH2:60][CH2:61][CH2:62][CH2:63][CH2:64][CH2:65][CH2:66][CH3:67]", "reacting_atoms": [38, 39], "template_id": "95b167a4e5e2cf14a7f1b2c6fb174cb0", "template_set": ["bkms"], "num_examples": 4, "necessary_reagent": "", "template_score": 0.02224193885922432, "rms_molwt": -978.788770352, "num_rings": -1, "plausibility": 1, "tforms": ["95b167a4e5e2cf14a7f1b2c6fb174cb0"], "rank": 10, "score": -53112.45771443973}, {"smiles": "CC/C=C\\C/C=C\\CC1OC(=O)C1C/C=C\\C/C=C\\CCCC(=O)OC[C@@H](COC(=O)CCCCCCCCC/C=C\\CCCCCC)OC(=O)CCCCCCCCCCCCCCCCCCC", "smiles_split": ["CC/C=C\\C/C=C\\CC1OC(=O)C1C/C=C\\C/C=C\\CCCC(=O)OC[C@@H](COC(=O)CCCCCCCCC/C=C\\CCCCCC)OC(=O)CCCCCCCCCCCCCCCCCCC"], "mapped_smiles": "[CH3:1][CH2:2]/[CH:3]=[CH:4]\\[CH2:5]/[CH:6]=[CH:7]\\[CH2:8][CH:9]1[CH:10]([CH2:11]/[CH:12]=[CH:13]\\[CH2:14]/[CH:15]=[CH:16]\\[CH2:17][CH2:18][CH2:19][C:20](=[O:21])[O:22][CH2:23][C@@H:24]([CH2:25][O:26][C:27](=[O:28])[CH2:29][CH2:30][CH2:31][CH2:32][CH2:33][CH2:34][CH2:35][CH2:36][CH2:37]/[CH:38]=[CH:39]\\[CH2:40][CH2:41][CH2:42][CH2:43][CH2:44][CH3:45])[O:46][C:47](=[O:48])[CH2:49][CH2:50][CH2:51][CH2:52][CH2:53][CH2:54][CH2:55][CH2:56][CH2:57][CH2:58][CH2:59][CH2:60][CH2:61][CH2:62][CH2:63][CH2:64][CH2:65][CH2:66][CH3:67])[C:901](=[O:900])[O:902]1", "reacting_atoms": [9, 10], "template_id": "95b167a4e5e2cf14a7f1b2c6fb174cb0", "template_set": ["bkms"], "num_examples": 4, "necessary_reagent": "", "template_score": 0.02224193885922432, "rms_molwt": -978.788770352, "num_rings": -1, "plausibility": 1, "tforms": ["95b167a4e5e2cf14a7f1b2c6fb174cb0"], "rank": 11, "score": -53112.45771443973}, {"smiles": "CCCCCC/C=C\\CCCCCCCCCC(=O)OC[C@H](COC(=O)CCC/C=C\\C/C=C\\C/C=C\\C/C=C\\CC1C(=O)OC1CC)OC(=O)CCCCCCCCCCCCCCCCCCC", "smiles_split": ["CCCCCC/C=C\\CCCCCCCCCC(=O)OC[C@H](COC(=O)CCC/C=C\\C/C=C\\C/C=C\\C/C=C\\CC1C(=O)OC1CC)OC(=O)CCCCCCCCCCCCCCCCCCC"], "mapped_smiles": "[CH3:1][CH2:2][CH:3]1[CH:4]([CH2:5]/[CH:6]=[CH:7]\\[CH2:8]/[CH:9]=[CH:10]\\[CH2:11]/[CH:12]=[CH:13]\\[CH2:14]/[CH:15]=[CH:16]\\[CH2:17][CH2:18][CH2:19][C:20](=[O:21])[O:22][CH2:23][C@@H:24]([CH2:25][O:26][C:27](=[O:28])[CH2:29][CH2:30][CH2:31][CH2:32][CH2:33][CH2:34][CH2:35][CH2:36][CH2:37]/[CH:38]=[CH:39]\\[CH2:40][CH2:41][CH2:42][CH2:43][CH2:44][CH3:45])[O:46][C:47](=[O:48])[CH2:49][CH2:50][CH2:51][CH2:52][CH2:53][CH2:54][CH2:55][CH2:56][CH2:57][CH2:58][CH2:59][CH2:60][CH2:61][CH2:62][CH2:63][CH2:64][CH2:65][CH2:66][CH3:67])[C:901](=[O:900])[O:902]1", "reacting_atoms": [3, 4], "template_id": "95b167a4e5e2cf14a7f1b2c6fb174cb0", "template_set": ["bkms"], "num_examples": 4, "necessary_reagent": "", "template_score": 0.02224193885922432, "rms_molwt": -978.788770352, "num_rings": -1, "plausibility": 1, "tforms": ["95b167a4e5e2cf14a7f1b2c6fb174cb0"], "rank": 12, "score": -53112.45771443973}, {"smiles": "CC/C=C\\C/C=C\\C/C=C\\C/C=C\\C/C=C\\CCCC(=O)OC[C@@H](COC(=O)CCCCCCCCCC1C(=O)OC1CCCCCC)OC(=O)CCCCCCCCCCCCCCCCCCC", "smiles_split": ["CC/C=C\\C/C=C\\C/C=C\\C/C=C\\C/C=C\\CCCC(=O)OC[C@@H](COC(=O)CCCCCCCCCC1C(=O)OC1CCCCCC)OC(=O)CCCCCCCCCCCCCCCCCCC"], "mapped_smiles": "[CH3:1][CH2:2]/[CH:3]=[CH:4]\\[CH2:5]/[CH:6]=[CH:7]\\[CH2:8]/[CH:9]=[CH:10]\\[CH2:11]/[CH:12]=[CH:13]\\[CH2:14]/[CH:15]=[CH:16]\\[CH2:17][CH2:18][CH2:19][C:20](=[O:21])[O:22][CH2:23][C@@H:24]([CH2:25][O:26][C:27](=[O:28])[CH2:29][CH2:30][CH2:31][CH2:32][CH2:33][CH2:34][CH2:35][CH2:36][CH2:37][CH:38]1[CH:39]([CH2:40][CH2:41][CH2:42][CH2:43][CH2:44][CH3:45])[O:902][C:901]1=[O:900])[O:46][C:47](=[O:48])[CH2:49][CH2:50][CH2:51][CH2:52][CH2:53][CH2:54][CH2:55][CH2:56][CH2:57][CH2:58][CH2:59][CH2:60][CH2:61][CH2:62][CH2:63][CH2:64][CH2:65][CH2:66][CH3:67]", "reacting_atoms": [39, 38], "template_id": "95b167a4e5e2cf14a7f1b2c6fb174cb0", "template_set": ["bkms"], "num_examples": 4, "necessary_reagent": "", "template_score": 0.02224193885922432, "rms_molwt": -978.788770352, "num_rings": -1, "plausibility": 1, "tforms": ["95b167a4e5e2cf14a7f1b2c6fb174cb0"], "rank": 13, "score": -53112.45771443973}, {"smiles": "CC/C=C\\C/C=C\\CC1C(=O)OC1C/C=C\\C/C=C\\CCCC(=O)OC[C@@H](COC(=O)CCCCCCCCC/C=C\\CCCCCC)OC(=O)CCCCCCCCCCCCCCCCCCC", "smiles_split": ["CC/C=C\\C/C=C\\CC1C(=O)OC1C/C=C\\C/C=C\\CCCC(=O)OC[C@@H](COC(=O)CCCCCCCCC/C=C\\CCCCCC)OC(=O)CCCCCCCCCCCCCCCCCCC"], "mapped_smiles": "[CH3:1][CH2:2]/[CH:3]=[CH:4]\\[CH2:5]/[CH:6]=[CH:7]\\[CH2:8][CH:9]1[CH:10]([CH2:11]/[CH:12]=[CH:13]\\[CH2:14]/[CH:15]=[CH:16]\\[CH2:17][CH2:18][CH2:19][C:20](=[O:21])[O:22][CH2:23][C@@H:24]([CH2:25][O:26][C:27](=[O:28])[CH2:29][CH2:30][CH2:31][CH2:32][CH2:33][CH2:34][CH2:35][CH2:36][CH2:37]/[CH:38]=[CH:39]\\[CH2:40][CH2:41][CH2:42][CH2:43][CH2:44][CH3:45])[O:46][C:47](=[O:48])[CH2:49][CH2:50][CH2:51][CH2:52][CH2:53][CH2:54][CH2:55][CH2:56][CH2:57][CH2:58][CH2:59][CH2:60][CH2:61][CH2:62][CH2:63][CH2:64][CH2:65][CH2:66][CH3:67])[O:902][C:901]1=[O:900]", "reacting_atoms": [10, 9], "template_id": "95b167a4e5e2cf14a7f1b2c6fb174cb0", "template_set": ["bkms"], "num_examples": 4, "necessary_reagent": "", "template_score": 0.02224193885922432, "rms_molwt": -978.788770352, "num_rings": -1, "plausibility": 1, "tforms": ["95b167a4e5e2cf14a7f1b2c6fb174cb0"], "rank": 14, "score": -53112.45771443973}, {"smiles": "CC/C=C\\CC1OC(=O)C1C/C=C\\C/C=C\\C/C=C\\CCCC(=O)OC[C@@H](COC(=O)CCCCCCCCC/C=C\\CCCCCC)OC(=O)CCCCCCCCCCCCCCCCCCC", "smiles_split": ["CC/C=C\\CC1OC(=O)C1C/C=C\\C/C=C\\C/C=C\\CCCC(=O)OC[C@@H](COC(=O)CCCCCCCCC/C=C\\CCCCCC)OC(=O)CCCCCCCCCCCCCCCCCCC"], "mapped_smiles": "[CH3:1][CH2:2]/[CH:3]=[CH:4]\\[CH2:5][CH:6]1[CH:7]([CH2:8]/[CH:9]=[CH:10]\\[CH2:11]/[CH:12]=[CH:13]\\[CH2:14]/[CH:15]=[CH:16]\\[CH2:17][CH2:18][CH2:19][C:20](=[O:21])[O:22][CH2:23][C@@H:24]([CH2:25][O:26][C:27](=[O:28])[CH2:29][CH2:30][CH2:31][CH2:32][CH2:33][CH2:34][CH2:35][CH2:36][CH2:37]/[CH:38]=[CH:39]\\[CH2:40][CH2:41][CH2:42][CH2:43][CH2:44][CH3:45])[O:46][C:47](=[O:48])[CH2:49][CH2:50][CH2:51][CH2:52][CH2:53][CH2:54][CH2:55][CH2:56][CH2:57][CH2:58][CH2:59][CH2:60][CH2:61][CH2:62][CH2:63][CH2:64][CH2:65][CH2:66][CH3:67])[C:901](=[O:900])[O:902]1", "reacting_atoms": [6, 7], "template_id": "95b167a4e5e2cf14a7f1b2c6fb174cb0", "template_set": ["bkms"], "num_examples": 4, "necessary_reagent": "", "template_score": 0.02224193885922432, "rms_molwt": -978.788770352, "num_rings": -1, "plausibility": 1, "tforms": ["95b167a4e5e2cf14a7f1b2c6fb174cb0"], "rank": 15, "score": -53112.45771443973}]}