{"smiles": "CCCCCC/C=C\\CCCCCCCCCC(=O)OC[C@H](CO[P@@](=O)(O)O[C@H]1[C@@H](O)[C@@H](O)[C@@H](O)[C@@H](OP(=O)(O)O)[C@@H]1O)OC(=O)CCCCCCCCC/C=C\\CCCCCC", "sfscore": [0.3840371072292328, 0.6851505637168884], "chem_result": [{"smiles": "CCCCCC/C=C\\CCCCCCCCCC(=O)OC[C@H](CO[P@@](=O)(O)O[C@H]1[C@@H](O)[C@@H](O)[C@@H](O)[C@@H](OP(=O)(O)O)[C@@H]1O)OC(=O)CCCCCCCCC/C=C\\CCCCCC", "bw_confidence": 0.05119738209133822, "confidence": 0.18053103977039972, "rclass": "0 0 0", "children": [{"smiles": "CCCCCC/C=C\\CCCCCCCCCC(=O)OC[C@H](CO[P@](=O)(O)O[C@H]1[C@@H](OCc2ccccc2)[C@@H](OCc2ccccc2)[C@@H](OCc2ccccc2)[C@@H](OCc2ccccc2)[C@@H]1OCc1ccccc1)OC(=O)CCCCCCCCC/C=C\\CCCCCC"}, {"smiles": "ClB(Cl)Cl"}, {"smiles": "ClCCl"}]}, {"smiles": "CCCCCC/C=C\\CCCCCCCCCC(=O)OC[C@H](CO[P@@](=O)(O)O[C@H]1[C@@H](O)[C@@H](O)[C@@H](O)[C@@H](OP(=O)(O)O)[C@@H]1O)OC(=O)CCCCCCCCC/C=C\\CCCCCC", "bw_confidence": 0.026947200463284936, "confidence": 0.11928314124517501, "rclass": "1 1.9 1.9.20", "children": [{"smiles": "CCCCCC/C=C\\CCCCCCCCCC(=O)OC[C@H](COP(=O)(O)O[C@H]1[C@@H](O)[C@@H](O)[C@@H](O)[C@@H](O)[C@@H]1O)OC(=O)CCCCCCCCC/C=C\\CCCCCC"}, {"smiles": "O=P(O)(O)O"}]}, {"smiles": "CCCCCC/C=C\\CCCCCCCCCC(=O)OC[C@H](CO[P@@](=O)(O)O[C@H]1[C@@H](O)[C@@H](O)[C@@H](O)[C@@H](OP(=O)(O)O)[C@@H]1O)OC(=O)CCCCCCCCC/C=C\\CCCCCC", "bw_confidence": 0.014046958435140283, "confidence": 0.07382149514874399, "rclass": "11 11.6 11.6", "children": [{"smiles": "CCCCCC/C=C\\CCCCCCCCCC(=O)OC[C@H](COP(=O)(O)O[C@@H]1[C@@H](O)[C@H](O)[C@H](OP(=O)(O)O)[C@H](O)[C@@H]1O)OC(=O)CCCCCCCCC/C=C\\CCCCCC"}]}, {"smiles": "CCCCCC/C=C\\CCCCCCCCCC(=O)OC[C@H](CO[P@@](=O)(O)O[C@H]1[C@@H](O)[C@@H](O)[C@@H](O)[C@@H](OP(=O)(O)O)[C@@H]1O)OC(=O)CCCCCCCCC/C=C\\CCCCCC", "bw_confidence": 0.008359540431425271, "confidence": 0.1773902770000004, "rclass": "11 11.5 11.5", "children": [{"smiles": "CCCCCC/C=C\\CCCCCCCCCC(=O)OC[C@H](COP(=O)(O)O[C@@H]1[C@@H](O)[C@H](O)[C@H](OP(=O)(O)O)[C@H](O)[C@@H]1O)OC(=O)CCCCCCCCC/C=C\\CCCCCC"}, {"smiles": "O"}]}, {"smiles": "CCCCCC/C=C\\CCCCCCCCCC(=O)OC[C@H](CO[P@@](=O)(O)O[C@H]1[C@@H](O)[C@@H](O)[C@@H](O)[C@@H](OP(=O)(O)O)[C@@H]1O)OC(=O)CCCCCCCCC/C=C\\CCCCCC", "bw_confidence": 0.006781037507499468, "confidence": 0.08814540992290577, "rclass": "11 11.5 11.5", "children": [{"smiles": "CCCCCC/C=C\\CCCCCCCCCC(=O)OC[C@H](COP(=O)(O)O[C@H]1[C@@H](O)[C@@H](O)[C@@H](O)[C@@H](OP(=O)(O)O)[C@@H]1O)OC(=O)CCCCCCCCC/C=C\\CCCCCC"}, {"smiles": "O"}]}, {"smiles": "CCCCCC/C=C\\CCCCCCCCCC(=O)OC[C@H](CO[P@@](=O)(O)O[C@H]1[C@@H](O)[C@@H](O)[C@@H](O)[C@@H](OP(=O)(O)O)[C@@H]1O)OC(=O)CCCCCCCCC/C=C\\CCCCCC", "bw_confidence": 0.004390784124515605, "confidence": 0.06836125473010049, "rclass": "3 3.9 3.9.12", "children": [{"smiles": "CCCCCC/C=C\\CCCCCCCCCC(=O)O"}, {"smiles": "CCCCCC/C=C\\CCCCCCCCCC(=O)OC[C@H](COP(=O)(O)O[C@H]1[C@@H](O)[C@@H](O)[C@@H](O)[C@@H](OP(=O)(O)O)[C@@H]1O)OC(=O)CCCCCCCCC/C=C\\CCCCCC"}]}, {"smiles": "CCCCCC/C=C\\CCCCCCCCCC(=O)OC[C@H](CO[P@@](=O)(O)O[C@H]1[C@@H](O)[C@@H](O)[C@@H](O)[C@@H](OP(=O)(O)O)[C@@H]1O)OC(=O)CCCCCCCCC/C=C\\CCCCCC", "bw_confidence": 0.003145868280076612, "confidence": 0.042885063995307574, "rclass": "9 9.7 9.7.60", "children": [{"smiles": "CCCCCC/C=C\\CCCCCCCCCC(=O)OC[C@H](COP(=O)(O)O[C@H]1[C@@H](O)[C@@H](O)[C@@H](O)[C@@H](OP(=O)(O)O)[C@@H]1O)OC(=O)CCCCCCCCC/C=C\\CCCCCC"}, {"smiles": "O=P(O)(O)O"}]}, {"smiles": "CCCCCC/C=C\\CCCCCCCCCC(=O)OC[C@H](CO[P@@](=O)(O)O[C@H]1[C@@H](O)[C@@H](O)[C@@H](O)[C@@H](OP(=O)(O)O)[C@@H]1O)OC(=O)CCCCCCCCC/C=C\\CCCCCC", "bw_confidence": 0.003073133528209731, "confidence": 0.11004482937528763, "rclass": "0 0 0", "children": [{"smiles": "CCCCCC/C=C\\CCCCCCCCCC(=O)OC[C@H](CO[P@](=O)(O)O[C@H]1[C@@H](OC(=O)c2ccccc2)[C@@H](OC(=O)c2ccccc2)[C@@H](OC(=O)c2ccccc2)[C@@H](OC(=O)c2ccccc2)[C@@H](OC(=O)c2ccccc2)[C@@H]1OC(=O)c1ccccc1)OC(=O)CCCCCCCCC/C=C\\CCCCCC"}, {"smiles": "CO"}, {"smiles": "C[O-]~[Na+]"}]}, {"smiles": "CCCCCC/C=C\\CCCCCCCCCC(=O)OC[C@H](CO[P@@](=O)(O)O[C@H]1[C@@H](O)[C@@H](O)[C@@H](O)[C@@H](OP(=O)(O)O)[C@@H]1O)OC(=O)CCCCCCCCC/C=C\\CCCCCC", "bw_confidence": 0.0019455716825106867, "confidence": 0.22372144417470743, "rclass": "0 0 0", "children": [{"smiles": "CCCCCC/C=C\\CCCCCCCCCC(=O)OC[C@H](COP(=O)(O)O[C@H]1[C@@H](OC(C)(C)C)[C@@H](OC(C)(C)C)[C@@H](OC(C)(C)C)[C@@H](OC(C)(C)C)[C@@H]1OC(C)(C)C)OC(=O)CCCCCCCCC/C=C\\CCCCCC"}, {"smiles": "O=C(O)C(F)(F)F"}]}, {"smiles": "CCCCCC/C=C\\CCCCCCCCCC(=O)OC[C@H](CO[P@@](=O)(O)O[C@H]1[C@@H](O)[C@@H](O)[C@@H](O)[C@@H](OP(=O)(O)O)[C@@H]1O)OC(=O)CCCCCCCCC/C=C\\CCCCCC", "bw_confidence": 6.907731878322557e-05, "confidence": 0.028506799034444, "rclass": "11 11.7 11.7", "children": [{"smiles": "CCCCCC/C=C\\CCCCCCCCCC(=O)OC[C@H](COP(=O)(O)O[C@H]1[C@@H](O)[C@@H](O)[C@@H](O)[C@@H](OP(=O)(O)O)[C@@H]1O)OC(=O)CCCCCCCCC/C=C\\CCCCCC"}, {"smiles": "CCCCCC/C=C\\CCCCCCCCCC(=O)O[C@H](COC(=O)CCCCCCCC/C=C\\CCCCCC)COP(=O)(O)O[C@H]1[C@@H](O)[C@@H](O)[C@@H](O)[C@@H](OP(=O)(O)O)[C@@H]1O"}]}], "chem_bw_confidence_list": [0.05119738209133822, 0.026947200463284936, 0.014046958435140283, 0.008359540431425271, 0.006781037507499468, 0.004390784124515605, 0.003145868280076612, 0.003073133528209731, 0.0019455716825106867, 6.907731878322557e-05], "enzy_template_score_list": [0.8967443108558655, 0.8967443108558655, 0.8967443108558655, 0.8967443108558655, 0.03433072566986084, 0.03433072566986084, 0.03433072566986084, 0.03433072566986084, 0.012723282910883427, 0.012723282910883427, 0.012723282910883427, 0.012723282910883427, 0.012723282910883427, 0.012723282910883427, 0.012723282910883427], "enzy_result": [{"smiles": "CCCCCC/C=C\\CCCCCCCCCC(=O)OC[C@H](CO[P@@](=O)(O)O[C@H]1[C@@H](OP(=O)(O)O)[C@@H](O)[C@@H](O)[C@@H](OP(=O)(O)O)[C@@H]1O)OC(=O)CCCCCCCCC/C=C\\CCCCCC", "smiles_split": ["CCCCCC/C=C\\CCCCCCCCCC(=O)OC[C@H](CO[P@@](=O)(O)O[C@H]1[C@@H](OP(=O)(O)O)[C@@H](O)[C@@H](O)[C@@H](OP(=O)(O)O)[C@@H]1O)OC(=O)CCCCCCCCC/C=C\\CCCCCC"], "mapped_smiles": "[CH3:1][CH2:2][CH2:3][CH2:4][CH2:5][CH2:6]/[CH:7]=[CH:8]\\[CH2:9][CH2:10][CH2:11][CH2:12][CH2:13][CH2:14][CH2:15][CH2:16][CH2:17][C:18](=[O:19])[O:20][CH2:21][C@H:22]([CH2:23][O:24][P@@:25](=[O:26])([OH:27])[O:28][C@H:29]1[C@@H:30]([O:31][P:901]([OH:900])([OH:902])=[O:903])[C@@H:32]([OH:33])[C@@H:34]([OH:35])[C@@H:36]([O:37][P:38](=[O:39])([OH:40])[OH:41])[C@@H:42]1[OH:43])[O:44][C:45](=[O:46])[CH2:47][CH2:48][CH2:49][CH2:50][CH2:51][CH2:52][CH2:53][CH2:54][CH2:55]/[CH:56]=[CH:57]\\[CH2:58][CH2:59][CH2:60][CH2:61][CH2:62][CH3:63]", "reacting_atoms": [31, 30], "template_id": "65bf7618263ef0544bfb3455ab5e0cbc", "template_set": ["bkms"], "num_examples": 167, "necessary_reagent": "", "template_score": 0.8967443108558655, "rms_molwt": -1022.48979039, "num_rings": -1, "plausibility": 1, "tforms": ["65bf7618263ef0544bfb3455ab5e0cbc"], "rank": 1, "score": -1382.2604669825878}, {"smiles": "CCCCCC/C=C\\CCCCCCCCCC(=O)OC[C@H](CO[P@@](=O)(O)O[C@H]1[C@@H](O)[C@@H](O)[C@@H](O)[C@@H](OP(=O)(O)O)[C@@H]1OP(=O)(O)O)OC(=O)CCCCCCCCC/C=C\\CCCCCC", "smiles_split": ["CCCCCC/C=C\\CCCCCCCCCC(=O)OC[C@H](CO[P@@](=O)(O)O[C@H]1[C@@H](O)[C@@H](O)[C@@H](O)[C@@H](OP(=O)(O)O)[C@@H]1OP(=O)(O)O)OC(=O)CCCCCCCCC/C=C\\CCCCCC"], "mapped_smiles": "[CH3:1][CH2:2][CH2:3][CH2:4][CH2:5][CH2:6]/[CH:7]=[CH:8]\\[CH2:9][CH2:10][CH2:11][CH2:12][CH2:13][CH2:14][CH2:15][CH2:16][CH2:17][C:18](=[O:19])[O:20][CH2:21][C@H:22]([CH2:23][O:24][P@@:25](=[O:26])([OH:27])[O:28][C@H:29]1[C@@H:30]([OH:31])[C@@H:32]([OH:33])[C@@H:34]([OH:35])[C@@H:36]([O:37][P:38](=[O:39])([OH:40])[OH:41])[C@@H:42]1[O:43][P:901]([OH:900])([OH:902])=[O:903])[O:44][C:45](=[O:46])[CH2:47][CH2:48][CH2:49][CH2:50][CH2:51][CH2:52][CH2:53][CH2:54][CH2:55]/[CH:56]=[CH:57]\\[CH2:58][CH2:59][CH2:60][CH2:61][CH2:62][CH3:63]", "reacting_atoms": [43, 42], "template_id": "65bf7618263ef0544bfb3455ab5e0cbc", "template_set": ["bkms"], "num_examples": 167, "necessary_reagent": "", "template_score": 0.8967443108558655, "rms_molwt": -1022.48979039, "num_rings": -1, "plausibility": 1, "tforms": ["65bf7618263ef0544bfb3455ab5e0cbc"], "rank": 2, "score": -1382.2604669825878}, {"smiles": "CCCCCC/C=C\\CCCCCCCCCC(=O)OC[C@H](CO[P@@](=O)(O)O[C@H]1[C@@H](O)[C@@H](O)[C@@H](OP(=O)(O)O)[C@@H](OP(=O)(O)O)[C@@H]1O)OC(=O)CCCCCCCCC/C=C\\CCCCCC", "smiles_split": ["CCCCCC/C=C\\CCCCCCCCCC(=O)OC[C@H](CO[P@@](=O)(O)O[C@H]1[C@@H](O)[C@@H](O)[C@@H](OP(=O)(O)O)[C@@H](OP(=O)(O)O)[C@@H]1O)OC(=O)CCCCCCCCC/C=C\\CCCCCC"], "mapped_smiles": "[CH3:1][CH2:2][CH2:3][CH2:4][CH2:5][CH2:6]/[CH:7]=[CH:8]\\[CH2:9][CH2:10][CH2:11][CH2:12][CH2:13][CH2:14][CH2:15][CH2:16][CH2:17][C:18](=[O:19])[O:20][CH2:21][C@H:22]([CH2:23][O:24][P@@:25](=[O:26])([OH:27])[O:28][C@H:29]1[C@@H:30]([OH:31])[C@@H:32]([OH:33])[C@@H:34]([O:35][P:901]([OH:900])([OH:902])=[O:903])[C@@H:36]([O:37][P:38](=[O:39])([OH:40])[OH:41])[C@@H:42]1[OH:43])[O:44][C:45](=[O:46])[CH2:47][CH2:48][CH2:49][CH2:50][CH2:51][CH2:52][CH2:53][CH2:54][CH2:55]/[CH:56]=[CH:57]\\[CH2:58][CH2:59][CH2:60][CH2:61][CH2:62][CH3:63]", "reacting_atoms": [35, 34], "template_id": "65bf7618263ef0544bfb3455ab5e0cbc", "template_set": ["bkms"], "num_examples": 167, "necessary_reagent": "", "template_score": 0.8967443108558655, "rms_molwt": -1022.4897903900002, "num_rings": -1, "plausibility": 1, "tforms": ["65bf7618263ef0544bfb3455ab5e0cbc"], "rank": 3, "score": -1382.2604669825878}, {"smiles": "CCCCCC/C=C\\CCCCCCCCCC(=O)OC[C@H](CO[P@@](=O)(O)O[C@H]1[C@@H](O)[C@@H](OP(=O)(O)O)[C@@H](O)[C@@H](OP(=O)(O)O)[C@@H]1O)OC(=O)CCCCCCCCC/C=C\\CCCCCC", "smiles_split": ["CCCCCC/C=C\\CCCCCCCCCC(=O)OC[C@H](CO[P@@](=O)(O)O[C@H]1[C@@H](O)[C@@H](OP(=O)(O)O)[C@@H](O)[C@@H](OP(=O)(O)O)[C@@H]1O)OC(=O)CCCCCCCCC/C=C\\CCCCCC"], "mapped_smiles": "[CH3:1][CH2:2][CH2:3][CH2:4][CH2:5][CH2:6]/[CH:7]=[CH:8]\\[CH2:9][CH2:10][CH2:11][CH2:12][CH2:13][CH2:14][CH2:15][CH2:16][CH2:17][C:18](=[O:19])[O:20][CH2:21][C@H:22]([CH2:23][O:24][P@@:25](=[O:26])([OH:27])[O:28][C@H:29]1[C@@H:30]([OH:31])[C@@H:32]([O:33][P:901]([OH:900])([OH:902])=[O:903])[C@@H:34]([OH:35])[C@@H:36]([O:37][P:38](=[O:39])([OH:40])[OH:41])[C@@H:42]1[OH:43])[O:44][C:45](=[O:46])[CH2:47][CH2:48][CH2:49][CH2:50][CH2:51][CH2:52][CH2:53][CH2:54][CH2:55]/[CH:56]=[CH:57]\\[CH2:58][CH2:59][CH2:60][CH2:61][CH2:62][CH3:63]", "reacting_atoms": [33, 32], "template_id": "65bf7618263ef0544bfb3455ab5e0cbc", "template_set": ["bkms"], "num_examples": 167, "necessary_reagent": "", "template_score": 0.8967443108558655, "rms_molwt": -1022.48979039, "num_rings": -1, "plausibility": 1, "tforms": ["65bf7618263ef0544bfb3455ab5e0cbc"], "rank": 4, "score": -1382.2604669825878}, {"smiles": "CCCCCC/C=C\\CCCCCCCCCC(=O)OC[C@H](CO[P@@](=O)(O)O[C@H]1[C@@H](O)[C@@H](O)[C@@H](O)[C@@H](OP(=O)(O)O)[C@@H]1OC(=O)CCCCCCC/C=C\\CCCCCCCC)OC(=O)CCCCCCCCC/C=C\\CCCCCC", "smiles_split": ["CCCCCC/C=C\\CCCCCCCCCC(=O)OC[C@H](CO[P@@](=O)(O)O[C@H]1[C@@H](O)[C@@H](O)[C@@H](O)[C@@H](OP(=O)(O)O)[C@@H]1OC(=O)CCCCCCC/C=C\\CCCCCCCC)OC(=O)CCCCCCCCC/C=C\\CCCCCC"], "mapped_smiles": "[CH3:1][CH2:2][CH2:3][CH2:4][CH2:5][CH2:6]/[CH:7]=[CH:8]\\[CH2:9][CH2:10][CH2:11][CH2:12][CH2:13][CH2:14][CH2:15][CH2:16][CH2:17][C:18](=[O:19])[O:20][CH2:21][C@H:22]([CH2:23][O:24][P@@:25](=[O:26])([OH:27])[O:28][C@H:29]1[C@@H:30]([OH:31])[C@@H:32]([OH:33])[C@@H:34]([OH:35])[C@@H:36]([O:37][P:38](=[O:39])([OH:40])[OH:41])[C@@H:42]1[O:43][C:917]([CH2:916][CH2:915][CH2:914][CH2:913][CH2:912][CH2:911][CH2:910]/[CH:909]=[CH:908]\\[CH2:907][CH2:906][CH2:905][CH2:904][CH2:903][CH2:902][CH2:901][CH3:900])=[O:918])[O:44][C:45](=[O:46])[CH2:47][CH2:48][CH2:49][CH2:50][CH2:51][CH2:52][CH2:53][CH2:54][CH2:55]/[CH:56]=[CH:57]\\[CH2:58][CH2:59][CH2:60][CH2:61][CH2:62][CH3:63]", "reacting_atoms": [43, 42], "template_id": "2c222bb2b63730fa15f3af9d3e349c3d", "template_set": ["bkms"], "num_examples": 3, "necessary_reagent": "", "template_score": 0.03433072566986084, "rms_molwt": -1206.768775512, "num_rings": -1, "plausibility": 1, "tforms": ["2c222bb2b63730fa15f3af9d3e349c3d"], "rank": 5, "score": -47414.67211513894}, {"smiles": "CCCCCC/C=C\\CCCCCCCCCC(=O)OC[C@H](CO[P@@](=O)(O)O[C@H]1[C@@H](OC(=O)CCCCCCC/C=C\\CCCCCCCC)[C@@H](O)[C@@H](O)[C@@H](OP(=O)(O)O)[C@@H]1O)OC(=O)CCCCCCCCC/C=C\\CCCCCC", "smiles_split": ["CCCCCC/C=C\\CCCCCCCCCC(=O)OC[C@H](CO[P@@](=O)(O)O[C@H]1[C@@H](OC(=O)CCCCCCC/C=C\\CCCCCCCC)[C@@H](O)[C@@H](O)[C@@H](OP(=O)(O)O)[C@@H]1O)OC(=O)CCCCCCCCC/C=C\\CCCCCC"], "mapped_smiles": "[CH3:1][CH2:2][CH2:3][CH2:4][CH2:5][CH2:6]/[CH:7]=[CH:8]\\[CH2:9][CH2:10][CH2:11][CH2:12][CH2:13][CH2:14][CH2:15][CH2:16][CH2:17][C:18](=[O:19])[O:20][CH2:21][C@H:22]([CH2:23][O:24][P@@:25](=[O:26])([OH:27])[O:28][C@H:29]1[C@@H:30]([O:31][C:917]([CH2:916][CH2:915][CH2:914][CH2:913][CH2:912][CH2:911][CH2:910]/[CH:909]=[CH:908]\\[CH2:907][CH2:906][CH2:905][CH2:904][CH2:903][CH2:902][CH2:901][CH3:900])=[O:918])[C@@H:32]([OH:33])[C@@H:34]([OH:35])[C@@H:36]([O:37][P:38](=[O:39])([OH:40])[OH:41])[C@@H:42]1[OH:43])[O:44][C:45](=[O:46])[CH2:47][CH2:48][CH2:49][CH2:50][CH2:51][CH2:52][CH2:53][CH2:54][CH2:55]/[CH:56]=[CH:57]\\[CH2:58][CH2:59][CH2:60][CH2:61][CH2:62][CH3:63]", "reacting_atoms": [31, 30], "template_id": "2c222bb2b63730fa15f3af9d3e349c3d", "template_set": ["bkms"], "num_examples": 3, "necessary_reagent": "", "template_score": 0.03433072566986084, "rms_molwt": -1206.7687755120003, "num_rings": -1, "plausibility": 1, "tforms": ["2c222bb2b63730fa15f3af9d3e349c3d"], "rank": 6, "score": -47414.67211513894}, {"smiles": "CCCCCC/C=C\\CCCCCCCCCC(=O)OC[C@H](CO[P@@](=O)(O)O[C@H]1[C@@H](O)[C@@H](O)[C@@H](OC(=O)CCCCCCC/C=C\\CCCCCCCC)[C@@H](OP(=O)(O)O)[C@@H]1O)OC(=O)CCCCCCCCC/C=C\\CCCCCC", "smiles_split": ["CCCCCC/C=C\\CCCCCCCCCC(=O)OC[C@H](CO[P@@](=O)(O)O[C@H]1[C@@H](O)[C@@H](O)[C@@H](OC(=O)CCCCCCC/C=C\\CCCCCCCC)[C@@H](OP(=O)(O)O)[C@@H]1O)OC(=O)CCCCCCCCC/C=C\\CCCCCC"], "mapped_smiles": "[CH3:1][CH2:2][CH2:3][CH2:4][CH2:5][CH2:6]/[CH:7]=[CH:8]\\[CH2:9][CH2:10][CH2:11][CH2:12][CH2:13][CH2:14][CH2:15][CH2:16][CH2:17][C:18](=[O:19])[O:20][CH2:21][C@H:22]([CH2:23][O:24][P@@:25](=[O:26])([OH:27])[O:28][C@H:29]1[C@@H:30]([OH:31])[C@@H:32]([OH:33])[C@@H:34]([O:35][C:917]([CH2:916][CH2:915][CH2:914][CH2:913][CH2:912][CH2:911][CH2:910]/[CH:909]=[CH:908]\\[CH2:907][CH2:906][CH2:905][CH2:904][CH2:903][CH2:902][CH2:901][CH3:900])=[O:918])[C@@H:36]([O:37][P:38](=[O:39])([OH:40])[OH:41])[C@@H:42]1[OH:43])[O:44][C:45](=[O:46])[CH2:47][CH2:48][CH2:49][CH2:50][CH2:51][CH2:52][CH2:53][CH2:54][CH2:55]/[CH:56]=[CH:57]\\[CH2:58][CH2:59][CH2:60][CH2:61][CH2:62][CH3:63]", "reacting_atoms": [35, 34], "template_id": "2c222bb2b63730fa15f3af9d3e349c3d", "template_set": ["bkms"], "num_examples": 3, "necessary_reagent": "", "template_score": 0.03433072566986084, "rms_molwt": -1206.768775512, "num_rings": -1, "plausibility": 1, "tforms": ["2c222bb2b63730fa15f3af9d3e349c3d"], "rank": 7, "score": -47414.67211513894}, {"smiles": "CCCCCC/C=C\\CCCCCCCCCC(=O)OC[C@H](CO[P@@](=O)(O)O[C@H]1[C@@H](O)[C@@H](OC(=O)CCCCCCC/C=C\\CCCCCCCC)[C@@H](O)[C@@H](OP(=O)(O)O)[C@@H]1O)OC(=O)CCCCCCCCC/C=C\\CCCCCC", "smiles_split": ["CCCCCC/C=C\\CCCCCCCCCC(=O)OC[C@H](CO[P@@](=O)(O)O[C@H]1[C@@H](O)[C@@H](OC(=O)CCCCCCC/C=C\\CCCCCCCC)[C@@H](O)[C@@H](OP(=O)(O)O)[C@@H]1O)OC(=O)CCCCCCCCC/C=C\\CCCCCC"], "mapped_smiles": "[CH3:1][CH2:2][CH2:3][CH2:4][CH2:5][CH2:6]/[CH:7]=[CH:8]\\[CH2:9][CH2:10][CH2:11][CH2:12][CH2:13][CH2:14][CH2:15][CH2:16][CH2:17][C:18](=[O:19])[O:20][CH2:21][C@H:22]([CH2:23][O:24][P@@:25](=[O:26])([OH:27])[O:28][C@H:29]1[C@@H:30]([OH:31])[C@@H:32]([O:33][C:917]([CH2:916][CH2:915][CH2:914][CH2:913][CH2:912][CH2:911][CH2:910]/[CH:909]=[CH:908]\\[CH2:907][CH2:906][CH2:905][CH2:904][CH2:903][CH2:902][CH2:901][CH3:900])=[O:918])[C@@H:34]([OH:35])[C@@H:36]([O:37][P:38](=[O:39])([OH:40])[OH:41])[C@@H:42]1[OH:43])[O:44][C:45](=[O:46])[CH2:47][CH2:48][CH2:49][CH2:50][CH2:51][CH2:52][CH2:53][CH2:54][CH2:55]/[CH:56]=[CH:57]\\[CH2:58][CH2:59][CH2:60][CH2:61][CH2:62][CH3:63]", "reacting_atoms": [33, 32], "template_id": "2c222bb2b63730fa15f3af9d3e349c3d", "template_set": ["bkms"], "num_examples": 3, "necessary_reagent": "", "template_score": 0.03433072566986084, "rms_molwt": -1206.768775512, "num_rings": -1, "plausibility": 1, "tforms": ["2c222bb2b63730fa15f3af9d3e349c3d"], "rank": 8, "score": -47414.67211513894}, {"smiles": "CCCCCC/C=C\\CCCCCCCCCC(=O)OC[C@H](CO[P@@](=O)(O)O[C@H]1[C@@H](OP(=O)(O)O)[C@@H](O)[C@@H](O)[C@@H](OP(=O)(O)O)[C@@H]1O)OC(=O)CCCCCCCCC/C=C\\CCCCCCCC", "smiles_split": ["CCCCCC/C=C\\CCCCCCCCCC(=O)OC[C@H](CO[P@@](=O)(O)O[C@H]1[C@@H](OP(=O)(O)O)[C@@H](O)[C@@H](O)[C@@H](OP(=O)(O)O)[C@@H]1O)OC(=O)CCCCCCCCC/C=C\\CCCCCCCC"], "mapped_smiles": "[CH3:1][CH2:2][CH2:3][CH2:4][CH2:5][CH2:6]/[CH:7]=[CH:8]\\[CH2:9][CH2:10][CH2:11][CH2:12][CH2:13][CH2:14][CH2:15][CH2:16][CH2:17][C:18](=[O:19])[O:20][CH2:21][C@H:22]([CH2:23][O:24][P@@:25](=[O:26])([OH:27])[O:28][C@H:29]1[C@@H:30]([O:31][P:903]([OH:902])([OH:904])=[O:905])[C@@H:32]([OH:33])[C@@H:34]([OH:35])[C@@H:36]([O:37][P:38](=[O:39])([OH:40])[OH:41])[C@@H:42]1[OH:43])[O:44][C:45](=[O:46])[CH2:47][CH2:48][CH2:49][CH2:50][CH2:51][CH2:52][CH2:53][CH2:54][CH2:55]/[CH:56]=[CH:57]\\[CH2:58][CH2:59][CH2:60][CH2:61][CH2:62][CH2:63][CH2:901][CH3:900]", "reacting_atoms": [63, 31, 30], "template_id": "6ba71a0f38306bb7622b72928a730346", "template_set": ["bkms"], "num_examples": 1, "necessary_reagent": "", "template_score": 0.012723282910883427, "rms_molwt": -1050.5210905180002, "num_rings": -1, "plausibility": 1, "tforms": ["6ba71a0f38306bb7622b72928a730346"], "rank": 9, "score": -101311.19779131694}, {"smiles": "CCCCCC/C=C\\CCCCCCCCCC(=O)O[C@H](COC(=O)CCCCCCCCC/C=C\\CCCCCCCC)CO[P@@](=O)(O)O[C@H]1[C@@H](O)[C@@H](O)[C@@H](OP(=O)(O)O)[C@@H](OP(=O)(O)O)[C@@H]1O", "smiles_split": ["CCCCCC/C=C\\CCCCCCCCCC(=O)O[C@H](COC(=O)CCCCCCCCC/C=C\\CCCCCCCC)CO[P@@](=O)(O)O[C@H]1[C@@H](O)[C@@H](O)[C@@H](OP(=O)(O)O)[C@@H](OP(=O)(O)O)[C@@H]1O"], "mapped_smiles": "[CH2:1]([CH2:2][CH2:3][CH2:4][CH2:5][CH2:6]/[CH:7]=[CH:8]\\[CH2:9][CH2:10][CH2:11][CH2:12][CH2:13][CH2:14][CH2:15][CH2:16][CH2:17][C:18](=[O:19])[O:20][CH2:21][C@H:22]([CH2:23][O:24][P@@:25](=[O:26])([OH:27])[O:28][C@H:29]1[C@@H:30]([OH:31])[C@@H:32]([OH:33])[C@@H:34]([O:35][P:903]([OH:902])([OH:904])=[O:905])[C@@H:36]([O:37][P:38](=[O:39])([OH:40])[OH:41])[C@@H:42]1[OH:43])[O:44][C:45](=[O:46])[CH2:47][CH2:48][CH2:49][CH2:50][CH2:51][CH2:52][CH2:53][CH2:54][CH2:55]/[CH:56]=[CH:57]\\[CH2:58][CH2:59][CH2:60][CH2:61][CH2:62][CH3:63])[CH2:901][CH3:900]", "reacting_atoms": [1, 35, 34], "template_id": "6ba71a0f38306bb7622b72928a730346", "template_set": ["bkms"], "num_examples": 1, "necessary_reagent": "", "template_score": 0.012723282910883427, "rms_molwt": -1050.5210905180004, "num_rings": -1, "plausibility": 1, "tforms": ["6ba71a0f38306bb7622b72928a730346"], "rank": 10, "score": -101311.19779131694}, {"smiles": "CCCCCC/C=C\\CCCCCCCCCC(=O)OC[C@H](CO[P@@](=O)(O)O[C@H]1[C@@H](O)[C@@H](O)[C@@H](OP(=O)(O)O)[C@@H](OP(=O)(O)O)[C@@H]1O)OC(=O)CCCCCCCCC/C=C\\CCCCCCCC", "smiles_split": ["CCCCCC/C=C\\CCCCCCCCCC(=O)OC[C@H](CO[P@@](=O)(O)O[C@H]1[C@@H](O)[C@@H](O)[C@@H](OP(=O)(O)O)[C@@H](OP(=O)(O)O)[C@@H]1O)OC(=O)CCCCCCCCC/C=C\\CCCCCCCC"], "mapped_smiles": "[CH3:1][CH2:2][CH2:3][CH2:4][CH2:5][CH2:6]/[CH:7]=[CH:8]\\[CH2:9][CH2:10][CH2:11][CH2:12][CH2:13][CH2:14][CH2:15][CH2:16][CH2:17][C:18](=[O:19])[O:20][CH2:21][C@H:22]([CH2:23][O:24][P@@:25](=[O:26])([OH:27])[O:28][C@H:29]1[C@@H:30]([OH:31])[C@@H:32]([OH:33])[C@@H:34]([O:35][P:903]([OH:902])([OH:904])=[O:905])[C@@H:36]([O:37][P:38](=[O:39])([OH:40])[OH:41])[C@@H:42]1[OH:43])[O:44][C:45](=[O:46])[CH2:47][CH2:48][CH2:49][CH2:50][CH2:51][CH2:52][CH2:53][CH2:54][CH2:55]/[CH:56]=[CH:57]\\[CH2:58][CH2:59][CH2:60][CH2:61][CH2:62][CH2:63][CH2:901][CH3:900]", "reacting_atoms": [63, 35, 34], "template_id": "6ba71a0f38306bb7622b72928a730346", "template_set": ["bkms"], "num_examples": 1, "necessary_reagent": "", "template_score": 0.012723282910883427, "rms_molwt": -1050.5210905180002, "num_rings": -1, "plausibility": 1, "tforms": ["6ba71a0f38306bb7622b72928a730346"], "rank": 11, "score": -101311.19779131694}, {"smiles": "CCCCCC/C=C\\CCCCCCCCCC(=O)O[C@H](COC(=O)CCCCCCCCC/C=C\\CCCCCCCC)CO[P@@](=O)(O)O[C@H]1[C@@H](O)[C@@H](O)[C@@H](O)[C@@H](OP(=O)(O)O)[C@@H]1OP(=O)(O)O", "smiles_split": ["CCCCCC/C=C\\CCCCCCCCCC(=O)O[C@H](COC(=O)CCCCCCCCC/C=C\\CCCCCCCC)CO[P@@](=O)(O)O[C@H]1[C@@H](O)[C@@H](O)[C@@H](O)[C@@H](OP(=O)(O)O)[C@@H]1OP(=O)(O)O"], "mapped_smiles": "[CH2:1]([CH2:2][CH2:3][CH2:4][CH2:5][CH2:6]/[CH:7]=[CH:8]\\[CH2:9][CH2:10][CH2:11][CH2:12][CH2:13][CH2:14][CH2:15][CH2:16][CH2:17][C:18](=[O:19])[O:20][CH2:21][C@H:22]([CH2:23][O:24][P@@:25](=[O:26])([OH:27])[O:28][C@H:29]1[C@@H:30]([OH:31])[C@@H:32]([OH:33])[C@@H:34]([OH:35])[C@@H:36]([O:37][P:38](=[O:39])([OH:40])[OH:41])[C@@H:42]1[O:43][P:903]([OH:902])([OH:904])=[O:905])[O:44][C:45](=[O:46])[CH2:47][CH2:48][CH2:49][CH2:50][CH2:51][CH2:52][CH2:53][CH2:54][CH2:55]/[CH:56]=[CH:57]\\[CH2:58][CH2:59][CH2:60][CH2:61][CH2:62][CH3:63])[CH2:901][CH3:900]", "reacting_atoms": [1, 43], "template_id": "6ba71a0f38306bb7622b72928a730346", "template_set": ["bkms"], "num_examples": 1, "necessary_reagent": "", "template_score": 0.012723282910883427, "rms_molwt": -1050.5210905180004, "num_rings": -1, "plausibility": 1, "tforms": ["6ba71a0f38306bb7622b72928a730346"], "rank": 12, "score": -101311.19779131694}, {"smiles": "CCCCCC/C=C\\CCCCCCCCCC(=O)O[C@H](COC(=O)CCCCCCCCC/C=C\\CCCCCCCC)CO[P@@](=O)(O)O[C@H]1[C@@H](O)[C@@H](OP(=O)(O)O)[C@@H](O)[C@@H](OP(=O)(O)O)[C@@H]1O", "smiles_split": ["CCCCCC/C=C\\CCCCCCCCCC(=O)O[C@H](COC(=O)CCCCCCCCC/C=C\\CCCCCCCC)CO[P@@](=O)(O)O[C@H]1[C@@H](O)[C@@H](OP(=O)(O)O)[C@@H](O)[C@@H](OP(=O)(O)O)[C@@H]1O"], "mapped_smiles": "[CH2:1]([CH2:2][CH2:3][CH2:4][CH2:5][CH2:6]/[CH:7]=[CH:8]\\[CH2:9][CH2:10][CH2:11][CH2:12][CH2:13][CH2:14][CH2:15][CH2:16][CH2:17][C:18](=[O:19])[O:20][CH2:21][C@H:22]([CH2:23][O:24][P@@:25](=[O:26])([OH:27])[O:28][C@H:29]1[C@@H:30]([OH:31])[C@@H:32]([O:33][P:903]([OH:902])([OH:904])=[O:905])[C@@H:34]([OH:35])[C@@H:36]([O:37][P:38](=[O:39])([OH:40])[OH:41])[C@@H:42]1[OH:43])[O:44][C:45](=[O:46])[CH2:47][CH2:48][CH2:49][CH2:50][CH2:51][CH2:52][CH2:53][CH2:54][CH2:55]/[CH:56]=[CH:57]\\[CH2:58][CH2:59][CH2:60][CH2:61][CH2:62][CH3:63])[CH2:901][CH3:900]", "reacting_atoms": [1, 33, 32], "template_id": "6ba71a0f38306bb7622b72928a730346", "template_set": ["bkms"], "num_examples": 1, "necessary_reagent": "", "template_score": 0.012723282910883427, "rms_molwt": -1050.5210905180004, "num_rings": -1, "plausibility": 1, "tforms": ["6ba71a0f38306bb7622b72928a730346"], "rank": 13, "score": -101311.19779131694}, {"smiles": "CCCCCC/C=C\\CCCCCCCCCC(=O)OC[C@H](CO[P@@](=O)(O)O[C@H]1[C@@H](O)[C@@H](OP(=O)(O)O)[C@@H](O)[C@@H](OP(=O)(O)O)[C@@H]1O)OC(=O)CCCCCCCCC/C=C\\CCCCCCCC", "smiles_split": ["CCCCCC/C=C\\CCCCCCCCCC(=O)OC[C@H](CO[P@@](=O)(O)O[C@H]1[C@@H](O)[C@@H](OP(=O)(O)O)[C@@H](O)[C@@H](OP(=O)(O)O)[C@@H]1O)OC(=O)CCCCCCCCC/C=C\\CCCCCCCC"], "mapped_smiles": "[CH3:1][CH2:2][CH2:3][CH2:4][CH2:5][CH2:6]/[CH:7]=[CH:8]\\[CH2:9][CH2:10][CH2:11][CH2:12][CH2:13][CH2:14][CH2:15][CH2:16][CH2:17][C:18](=[O:19])[O:20][CH2:21][C@H:22]([CH2:23][O:24][P@@:25](=[O:26])([OH:27])[O:28][C@H:29]1[C@@H:30]([OH:31])[C@@H:32]([O:33][P:903]([OH:902])([OH:904])=[O:905])[C@@H:34]([OH:35])[C@@H:36]([O:37][P:38](=[O:39])([OH:40])[OH:41])[C@@H:42]1[OH:43])[O:44][C:45](=[O:46])[CH2:47][CH2:48][CH2:49][CH2:50][CH2:51][CH2:52][CH2:53][CH2:54][CH2:55]/[CH:56]=[CH:57]\\[CH2:58][CH2:59][CH2:60][CH2:61][CH2:62][CH2:63][CH2:901][CH3:900]", "reacting_atoms": [63, 33, 32], "template_id": "6ba71a0f38306bb7622b72928a730346", "template_set": ["bkms"], "num_examples": 1, "necessary_reagent": "", "template_score": 0.012723282910883427, "rms_molwt": -1050.5210905180002, "num_rings": -1, "plausibility": 1, "tforms": ["6ba71a0f38306bb7622b72928a730346"], "rank": 14, "score": -101311.19779131694}, {"smiles": "CCCCCC/C=C\\CCCCCCCCCC(=O)O[C@H](COC(=O)CCCCCCCCC/C=C\\CCCCCCCC)CO[P@@](=O)(O)O[C@H]1[C@@H](OP(=O)(O)O)[C@@H](O)[C@@H](O)[C@@H](OP(=O)(O)O)[C@@H]1O", "smiles_split": ["CCCCCC/C=C\\CCCCCCCCCC(=O)O[C@H](COC(=O)CCCCCCCCC/C=C\\CCCCCCCC)CO[P@@](=O)(O)O[C@H]1[C@@H](OP(=O)(O)O)[C@@H](O)[C@@H](O)[C@@H](OP(=O)(O)O)[C@@H]1O"], "mapped_smiles": "[CH2:1]([CH2:2][CH2:3][CH2:4][CH2:5][CH2:6]/[CH:7]=[CH:8]\\[CH2:9][CH2:10][CH2:11][CH2:12][CH2:13][CH2:14][CH2:15][CH2:16][CH2:17][C:18](=[O:19])[O:20][CH2:21][C@H:22]([CH2:23][O:24][P@@:25](=[O:26])([OH:27])[O:28][C@H:29]1[C@@H:30]([O:31][P:903]([OH:902])([OH:904])=[O:905])[C@@H:32]([OH:33])[C@@H:34]([OH:35])[C@@H:36]([O:37][P:38](=[O:39])([OH:40])[OH:41])[C@@H:42]1[OH:43])[O:44][C:45](=[O:46])[CH2:47][CH2:48][CH2:49][CH2:50][CH2:51][CH2:52][CH2:53][CH2:54][CH2:55]/[CH:56]=[CH:57]\\[CH2:58][CH2:59][CH2:60][CH2:61][CH2:62][CH3:63])[CH2:901][CH3:900]", "reacting_atoms": [1, 31, 30], "template_id": "6ba71a0f38306bb7622b72928a730346", "template_set": ["bkms"], "num_examples": 1, "necessary_reagent": "", "template_score": 0.012723282910883427, "rms_molwt": -1050.5210905180004, "num_rings": -1, "plausibility": 1, "tforms": ["6ba71a0f38306bb7622b72928a730346"], "rank": 15, "score": -101311.19779131694}]}