{"smiles": "C[C@H](CO)[C@H]1C[C@H]2[C@@]3(C)C[C@]4(O)O[C@H]([C@H]5[C@H]3CC[C@@]5(C)O)[C@@]2(O)[C@]14C", "sfscore": [0.484726220369339, 0.5438472628593445], "chem_result": [{"smiles": "C[C@H](CO)[C@H]1C[C@H]2[C@@]3(C)C[C@]4(O)O[C@H]([C@H]5[C@H]3CC[C@@]5(C)O)[C@@]2(O)[C@]14C", "bw_confidence": 0.06477628654401044, "confidence": 0.008715253177813834, "rclass": "3 3.7 3.7.2", "children": [{"smiles": "C1CCOC1"}, {"smiles": "C[C@H](CO)[C@H]1C[C@H]2[C@@]3(C)C[C@]4(O)O[C@H]([C@@H]5C(=O)CC[C@H]53)[C@@]2(O)[C@]14C"}, {"smiles": "C[Mg]Br"}]}, {"smiles": "C[C@H](CO)[C@H]1C[C@H]2[C@@]3(C)C[C@]4(O)O[C@H]([C@H]5[C@H]3CC[C@@]5(C)O)[C@@]2(O)[C@]14C", "bw_confidence": 0.050845587016995826, "confidence": 0.02065335367295914, "rclass": "7 7.4 7.4.1", "children": [{"smiles": "C1CCOC1"}, {"smiles": "COC(=O)[C@@H](C)[C@H]1C[C@H]2[C@@]3(C)C[C@]4(O)O[C@H]([C@H]5[C@H]3CC[C@@]5(C)O)[C@@]2(O)[C@]14C"}, {"smiles": "[Li+]~[AlH4-]"}]}, {"smiles": "C[C@H](CO)[C@H]1C[C@H]2[C@@]3(C)C[C@]4(O)O[C@H]([C@H]5[C@H]3CC[C@@]5(C)O)[C@@]2(O)[C@]14C", "bw_confidence": 0.0504732436139572, "confidence": 0.08138376341068516, "rclass": "6 6.3 6.3.2", "children": [{"smiles": "C1CCOC1"}, {"smiles": "CCCC[N+](CCCC)(CCCC)CCCC~[F-]"}, {"smiles": "C[C@H](CO[Si](C)(C)C(C)(C)C)[C@H]1C[C@H]2[C@@]3(C)C[C@]4(O)O[C@H]([C@H]5[C@H]3CC[C@@]5(C)O)[C@@]2(O)[C@]14C"}]}, {"smiles": "C[C@H](CO)[C@H]1C[C@H]2[C@@]3(C)C[C@]4(O)O[C@H]([C@H]5[C@H]3CC[C@@]5(C)O)[C@@]2(O)[C@]14C", "bw_confidence": 0.02375739924358939, "confidence": 0.09094511516533406, "rclass": "10 10.4 10.4.3", "children": [{"smiles": "B1C2CCCC1CCC2"}, {"smiles": "C1CCOC1"}, {"smiles": "C=C(C)[C@H]1C[C@H]2[C@@]3(C)C[C@]4(O)O[C@H]([C@H]5[C@H]3CC[C@@]5(C)O)[C@@]2(O)[C@]14C"}, {"smiles": "OO"}, {"smiles": "[OH-]~[Na+]"}]}, {"smiles": "C[C@H](CO)[C@H]1C[C@H]2[C@@]3(C)C[C@]4(O)O[C@H]([C@H]5[C@H]3CC[C@@]5(C)O)[C@@]2(O)[C@]14C", "bw_confidence": 0.009244744189367061, "confidence": 0.030976589279909112, "rclass": "0 0 0", "children": [{"smiles": "C1CCOC1"}, {"smiles": "CCCC[N+](CCCC)(CCCC)CCCC~[F-]"}, {"smiles": "C[C@H](CO[Si](c1ccccc1)(c1ccccc1)C(C)(C)C)[C@H]1C[C@H]2[C@@]3(C)C[C@]4(O)O[C@H]([C@H]5[C@H]3CC[C@@]5(C)O)[C@@]2(O)[C@]14C"}]}, {"smiles": "C[C@H](CO)[C@H]1C[C@H]2[C@@]3(C)C[C@]4(O)O[C@H]([C@H]5[C@H]3CC[C@@]5(C)O)[C@@]2(O)[C@]14C", "bw_confidence": 0.00283472216615416, "confidence": 0.009265923544915067, "rclass": "0 0 0", "children": [{"smiles": "C[C@H](CO)[C@H]1C[C@H]2[C@@]3(C)C[C@]4(O)O[C@H]([C@H]5[C@H]3[C@@H](O)C[C@@]5(C)O)[C@@]2(O)[C@]14C"}, {"smiles": "O"}]}, {"smiles": "C[C@H](CO)[C@H]1C[C@H]2[C@@]3(C)C[C@]4(O)O[C@H]([C@H]5[C@H]3CC[C@@]5(C)O)[C@@]2(O)[C@]14C", "bw_confidence": 0.0026821300412264537, "confidence": 0.008019787656514973, "rclass": "11 11.7 11.7", "children": [{"smiles": "CC(C)O"}, {"smiles": "C[C@H](CO)[C@H]1C[C@H]2[C@@]3(C)C[C@]4(O)O[C@H]([C@H]5[C@H]3CC[C@@]5(C)O)[C@@]2(O)[C@]14C"}]}, {"smiles": "C[C@H](CO)[C@H]1C[C@H]2[C@@]3(C)C[C@]4(O)O[C@H]([C@H]5[C@H]3CC[C@@]5(C)O)[C@@]2(O)[C@]14C", "bw_confidence": 0.001160289040509135, "confidence": 0.03873832808201189, "rclass": "11 11.5 11.5", "children": [{"smiles": "C[C@H](CO)[C@H]1C[C@H]2[C@@]3(C)CC4(O)O[C@H]([C@H]5[C@H]3CC[C@@]5(C)O)[C@@]2(O)[C@]14C"}, {"smiles": "ClCCl"}, {"smiles": "O=[Mn]=O"}]}, {"smiles": "C[C@H](CO)[C@H]1C[C@H]2[C@@]3(C)C[C@]4(O)O[C@H]([C@H]5[C@H]3CC[C@@]5(C)O)[C@@]2(O)[C@]14C", "bw_confidence": 0.00017591498492110393, "confidence": 0.014048338313929624, "rclass": "7 7.4 7.4.1", "children": [{"smiles": "C[C@H](COC(=O)c1ccccc1)[C@H]1C[C@H]2[C@@]3(C)C[C@]4(O)O[C@H]([C@H]5[C@H]3CC[C@@]5(C)O)[C@@]2(O)[C@]14C"}, {"smiles": "C[C@H](COC(=O)c1ccccc1)[C@H]1C[C@H]2[C@@]3(C)C[C@]4(O)O[C@H]([C@H]5[C@H]3CC[C@@]5(C)O)[C@@]2(O)[C@]14C"}]}, {"smiles": "C[C@H](CO)[C@H]1C[C@H]2[C@@]3(C)C[C@]4(O)O[C@H]([C@H]5[C@H]3CC[C@@]5(C)O)[C@@]2(O)[C@]14C", "bw_confidence": 0.00015914920313496718, "confidence": 0.003616027241143478, "rclass": "10 10.4 10.4.3", "children": [{"smiles": "C=C[C@H]1C[C@H]2[C@@]3(C)C[C@]4(O)O[C@H]([C@H]5[C@H]3CC[C@@]5(C)O)[C@@]2(O)[C@]14C"}, {"smiles": "C=C[C@H]1C[C@H]2[C@@]3(C)C[C@]4(O)O[C@H]([C@H]5[C@H]3CC[C@@]5(C)O)[C@@]2(O)[C@]14C"}]}], "chem_bw_confidence_list": [0.06477628654401044, 0.050845587016995826, 0.0504732436139572, 0.02375739924358939, 0.009244744189367061, 0.00283472216615416, 0.0026821300412264537, 0.001160289040509135, 0.00017591498492110393, 0.00015914920313496718], "enzy_template_score_list": [0.06910613924264908, 0.06910613924264908, 0.06910613924264908, 0.06910613924264908, 0.06286733597517014, 0.048069681972265244, 0.048069681972265244, 0.048069681972265244, 0.048069681972265244, 0.06402110308408737, 0.06402110308408737, 0.06402110308408737, 0.06402110308408737, 0.01238905731588602, 0.01238905731588602], "enzy_result": [{"smiles": "CC(=O)O[C@]12C[C@]3(C)[C@@H]4C[C@H]([C@H](C)CO)[C@@]1(C)[C@]4(O)[C@H](O2)[C@H]1[C@H]3CC[C@@]1(C)O", "smiles_split": ["CC(=O)O[C@]12C[C@]3(C)[C@@H]4C[C@H]([C@H](C)CO)[C@@]1(C)[C@]4(O)[C@H](O2)[C@H]1[C@H]3CC[C@@]1(C)O"], "mapped_smiles": "[CH3:1][C@H:2]([CH2:3][OH:4])[C@H:5]1[CH2:6][C@H:7]2[C@@:8]3([CH3:9])[CH2:10][C@:11]4([O:12][C:901]([CH3:900])=[O:902])[O:13][C@H:14]([C@H:15]5[C@H:16]3[CH2:17][CH2:18][C@@:19]5([CH3:20])[OH:21])[C@@:22]2([OH:23])[C@:24]14[CH3:25]", "reacting_atoms": [12, 11], "template_id": "c4c17358d77559e0452152e0cbfcc087", "template_set": ["bkms"], "num_examples": 34, "necessary_reagent": "", "template_score": 0.06910613924264908, "rms_molwt": -394.23553880799994, "num_rings": -5, "plausibility": 1, "tforms": ["c4c17358d77559e0452152e0cbfcc087"], "rank": 1, "score": -8988.249576286074}, {"smiles": "CC(=O)O[C@@]12[C@H]3C[C@H]([C@H](C)CO)[C@]1(C)[C@]1(O)C[C@@]3(C)[C@@H]3CC[C@@](C)(O)[C@H]3[C@H]2O1", "smiles_split": ["CC(=O)O[C@@]12[C@H]3C[C@H]([C@H](C)CO)[C@]1(C)[C@]1(O)C[C@@]3(C)[C@@H]3CC[C@@](C)(O)[C@H]3[C@H]2O1"], "mapped_smiles": "[CH3:1][C@H:2]([CH2:3][OH:4])[C@H:5]1[CH2:6][C@H:7]2[C@@:8]3([CH3:9])[CH2:10][C@:11]4([OH:12])[O:13][C@H:14]([C@H:15]5[C@H:16]3[CH2:17][CH2:18][C@@:19]5([CH3:20])[OH:21])[C@@:22]2([O:23][C:901]([CH3:900])=[O:902])[C@:24]14[CH3:25]", "reacting_atoms": [23, 22], "template_id": "c4c17358d77559e0452152e0cbfcc087", "template_set": ["bkms"], "num_examples": 34, "necessary_reagent": "", "template_score": 0.06910613924264908, "rms_molwt": -394.23553880799994, "num_rings": -5, "plausibility": 1, "tforms": ["c4c17358d77559e0452152e0cbfcc087"], "rank": 2, "score": -8988.249576286074}, {"smiles": "CC(=O)O[C@]1(C)CC[C@@H]2[C@@H]1[C@H]1O[C@@]3(O)C[C@]2(C)[C@@H]2C[C@H]([C@H](C)CO)[C@@]3(C)[C@@]21O", "smiles_split": ["CC(=O)O[C@]1(C)CC[C@@H]2[C@@H]1[C@H]1O[C@@]3(O)C[C@]2(C)[C@@H]2C[C@H]([C@H](C)CO)[C@@]3(C)[C@@]21O"], "mapped_smiles": "[CH3:1][C@H:2]([CH2:3][OH:4])[C@H:5]1[CH2:6][C@H:7]2[C@@:8]3([CH3:9])[CH2:10][C@:11]4([OH:12])[O:13][C@H:14]([C@H:15]5[C@H:16]3[CH2:17][CH2:18][C@@:19]5([CH3:20])[O:21][C:901]([CH3:900])=[O:902])[C@@:22]2([OH:23])[C@:24]14[CH3:25]", "reacting_atoms": [21], "template_id": "c4c17358d77559e0452152e0cbfcc087", "template_set": ["bkms"], "num_examples": 34, "necessary_reagent": "", "template_score": 0.06910613924264908, "rms_molwt": -394.23553880799994, "num_rings": -5, "plausibility": 1, "tforms": ["c4c17358d77559e0452152e0cbfcc087"], "rank": 3, "score": -8988.249576286074}, {"smiles": "CC(=O)OC[C@@H](C)[C@H]1C[C@H]2[C@@]3(C)C[C@]4(O)O[C@H]([C@H]5[C@H]3CC[C@@]5(C)O)[C@@]2(O)[C@]14C", "smiles_split": ["CC(=O)OC[C@@H](C)[C@H]1C[C@H]2[C@@]3(C)C[C@]4(O)O[C@H]([C@H]5[C@H]3CC[C@@]5(C)O)[C@@]2(O)[C@]14C"], "mapped_smiles": "[CH3:1][C@H:2]([CH2:3][O:4][C:901]([CH3:900])=[O:902])[C@H:5]1[CH2:6][C@H:7]2[C@@:8]3([CH3:9])[CH2:10][C@:11]4([OH:12])[O:13][C@H:14]([C@H:15]5[C@H:16]3[CH2:17][CH2:18][C@@:19]5([CH3:20])[OH:21])[C@@:22]2([OH:23])[C@:24]14[CH3:25]", "reacting_atoms": [4], "template_id": "c4c17358d77559e0452152e0cbfcc087", "template_set": ["bkms"], "num_examples": 34, "necessary_reagent": "", "template_score": 0.06910613924264908, "rms_molwt": -394.23553880799994, "num_rings": -5, "plausibility": 1, "tforms": ["c4c17358d77559e0452152e0cbfcc087"], "rank": 4, "score": -8988.249576286074}, {"smiles": "C[C@H](C=O)[C@H]1C[C@H]2[C@@]3(C)C[C@]4(O)O[C@H]([C@H]5[C@H]3CC[C@@]5(C)O)[C@@]2(O)[C@]14C", "smiles_split": ["C[C@H](C=O)[C@H]1C[C@H]2[C@@]3(C)C[C@]4(O)O[C@H]([C@H]5[C@H]3CC[C@@]5(C)O)[C@@]2(O)[C@]14C"], "mapped_smiles": "[CH3:1][C@H:2]([CH:3]=[O:4])[C@H:5]1[CH2:6][C@H:7]2[C@@:8]3([CH3:9])[CH2:10][C@:11]4([OH:12])[O:13][C@H:14]([C@H:15]5[C@H:16]3[CH2:17][CH2:18][C@@:19]5([CH3:20])[OH:21])[C@@:22]2([OH:23])[C@:24]14[CH3:25]", "reacting_atoms": [2, 3, 4], "template_id": "e85dde51e44b75a7c242f65b07224737", "template_set": ["bkms"], "num_examples": 42, "necessary_reagent": "", "template_score": 0.06286733597517014, "rms_molwt": -350.20932406, "num_rings": -5, "plausibility": 1, "tforms": ["e85dde51e44b75a7c242f65b07224737"], "rank": 5, "score": -9143.366280930073}, {"smiles": "C[C@H](CO)[C@H]1C[C@H]2[C@@]3(C)C[C@]4(O)O[C@H]([C@H]5[C@H]3CC[C@@]5(C)OP(=O)(O)O)[C@@]2(O)[C@]14C", "smiles_split": ["C[C@H](CO)[C@H]1C[C@H]2[C@@]3(C)C[C@]4(O)O[C@H]([C@H]5[C@H]3CC[C@@]5(C)OP(=O)(O)O)[C@@]2(O)[C@]14C"], "mapped_smiles": "[CH3:1][C@H:2]([CH2:3][OH:4])[C@H:5]1[CH2:6][C@H:7]2[C@@:8]3([CH3:9])[CH2:10][C@:11]4([OH:12])[O:13][C@H:14]([C@H:15]5[C@H:16]3[CH2:17][CH2:18][C@@:19]5([CH3:20])[O:21][P:901]([OH:900])([OH:902])=[O:903])[C@@:22]2([OH:23])[C@:24]14[CH3:25]", "reacting_atoms": [21], "template_id": "65bf7618263ef0544bfb3455ab5e0cbc", "template_set": ["bkms"], "num_examples": 167, "necessary_reagent": "", "template_score": 0.048069681972265244, "rms_molwt": -432.19130464599994, "num_rings": -5, "plausibility": 1, "tforms": ["65bf7618263ef0544bfb3455ab5e0cbc"], "rank": 6, "score": -13254.896071679763}, {"smiles": "C[C@H](CO)[C@H]1C[C@H]2[C@@]3(C)C[C@]4(OP(=O)(O)O)O[C@H]([C@H]5[C@H]3CC[C@@]5(C)O)[C@@]2(O)[C@]14C", "smiles_split": ["C[C@H](CO)[C@H]1C[C@H]2[C@@]3(C)C[C@]4(OP(=O)(O)O)O[C@H]([C@H]5[C@H]3CC[C@@]5(C)O)[C@@]2(O)[C@]14C"], "mapped_smiles": "[CH3:1][C@H:2]([CH2:3][OH:4])[C@H:5]1[CH2:6][C@H:7]2[C@@:8]3([CH3:9])[CH2:10][C@:11]4([O:12][P:901]([OH:900])([OH:902])=[O:903])[O:13][C@H:14]([C@H:15]5[C@H:16]3[CH2:17][CH2:18][C@@:19]5([CH3:20])[OH:21])[C@@:22]2([OH:23])[C@:24]14[CH3:25]", "reacting_atoms": [12, 11], "template_id": "65bf7618263ef0544bfb3455ab5e0cbc", "template_set": ["bkms"], "num_examples": 167, "necessary_reagent": "", "template_score": 0.048069681972265244, "rms_molwt": -432.191304646, "num_rings": -5, "plausibility": 1, "tforms": ["65bf7618263ef0544bfb3455ab5e0cbc"], "rank": 7, "score": -13254.896071679763}, {"smiles": "C[C@H](CO)[C@H]1C[C@H]2[C@@]3(C)C[C@]4(O)O[C@H]([C@H]5[C@H]3CC[C@@]5(C)O)[C@@]2(OP(=O)(O)O)[C@]14C", "smiles_split": ["C[C@H](CO)[C@H]1C[C@H]2[C@@]3(C)C[C@]4(O)O[C@H]([C@H]5[C@H]3CC[C@@]5(C)O)[C@@]2(OP(=O)(O)O)[C@]14C"], "mapped_smiles": "[CH3:1][C@H:2]([CH2:3][OH:4])[C@H:5]1[CH2:6][C@H:7]2[C@@:8]3([CH3:9])[CH2:10][C@:11]4([OH:12])[O:13][C@H:14]([C@H:15]5[C@H:16]3[CH2:17][CH2:18][C@@:19]5([CH3:20])[OH:21])[C@@:22]2([O:23][P:901]([OH:900])([OH:902])=[O:903])[C@:24]14[CH3:25]", "reacting_atoms": [23, 22], "template_id": "65bf7618263ef0544bfb3455ab5e0cbc", "template_set": ["bkms"], "num_examples": 167, "necessary_reagent": "", "template_score": 0.048069681972265244, "rms_molwt": -432.19130464599994, "num_rings": -5, "plausibility": 1, "tforms": ["65bf7618263ef0544bfb3455ab5e0cbc"], "rank": 8, "score": -13254.896071679763}, {"smiles": "C[C@H](COP(=O)(O)O)[C@H]1C[C@H]2[C@@]3(C)C[C@]4(O)O[C@H]([C@H]5[C@H]3CC[C@@]5(C)O)[C@@]2(O)[C@]14C", "smiles_split": ["C[C@H](COP(=O)(O)O)[C@H]1C[C@H]2[C@@]3(C)C[C@]4(O)O[C@H]([C@H]5[C@H]3CC[C@@]5(C)O)[C@@]2(O)[C@]14C"], "mapped_smiles": "[CH3:1][C@H:2]([CH2:3][O:4][P:901]([OH:900])([OH:902])=[O:903])[C@H:5]1[CH2:6][C@H:7]2[C@@:8]3([CH3:9])[CH2:10][C@:11]4([OH:12])[O:13][C@H:14]([C@H:15]5[C@H:16]3[CH2:17][CH2:18][C@@:19]5([CH3:20])[OH:21])[C@@:22]2([OH:23])[C@:24]14[CH3:25]", "reacting_atoms": [4], "template_id": "65bf7618263ef0544bfb3455ab5e0cbc", "template_set": ["bkms"], "num_examples": 167, "necessary_reagent": "", "template_score": 0.048069681972265244, "rms_molwt": -432.19130464599994, "num_rings": -5, "plausibility": 1, "tforms": ["65bf7618263ef0544bfb3455ab5e0cbc"], "rank": 9, "score": -13254.896071679763}, {"smiles": "C[C@H](CO)[C@H]1C[C@H]2[C@@]3(C)C[C@]4(O)O[C@H]([C@H]5[C@H]3CC[C@@]5(C)O[C@@H]3O[C@H](CO)[C@@H](O)[C@H](O)[C@H]3O)[C@@]2(O)[C@]14C", "smiles_split": ["C[C@H](CO)[C@H]1C[C@H]2[C@@]3(C)C[C@]4(O)O[C@H]([C@H]5[C@H]3CC[C@@]5(C)O[C@@H]3O[C@H](CO)[C@@H](O)[C@H](O)[C@H]3O)[C@@]2(O)[C@]14C"], "mapped_smiles": "[CH3:1][C@H:2]([CH2:3][OH:4])[C@H:5]1[CH2:6][C@H:7]2[C@@:8]3([CH3:9])[CH2:10][C@:11]4([OH:12])[O:13][C@H:14]([C@H:15]5[C@H:16]3[CH2:17][CH2:18][C@@:19]5([CH3:20])[O:21][C@@H:904]3[O:903][C@H:902]([CH2:901][OH:900])[C@@H:909]([OH:910])[C@H:907]([OH:908])[C@H:905]3[OH:906])[C@@:22]2([OH:23])[C@:24]14[CH3:25]", "reacting_atoms": [21], "template_id": "b6e0cd700179bb80791b33730d6bcae3", "template_set": ["bkms"], "num_examples": 42, "necessary_reagent": "", "template_score": 0.06402110308408737, "rms_molwt": -514.2777975439999, "num_rings": -6, "plausibility": 1, "tforms": ["b6e0cd700179bb80791b33730d6bcae3"], "rank": 10, "score": -16697.619199031}, {"smiles": "C[C@H](CO)[C@H]1C[C@H]2[C@@]3(C)C[C@]4(O[C@@H]5O[C@H](CO)[C@@H](O)[C@H](O)[C@H]5O)O[C@H]([C@H]5[C@H]3CC[C@@]5(C)O)[C@@]2(O)[C@]14C", "smiles_split": ["C[C@H](CO)[C@H]1C[C@H]2[C@@]3(C)C[C@]4(O[C@@H]5O[C@H](CO)[C@@H](O)[C@H](O)[C@H]5O)O[C@H]([C@H]5[C@H]3CC[C@@]5(C)O)[C@@]2(O)[C@]14C"], "mapped_smiles": "[CH3:1][C@H:2]([CH2:3][OH:4])[C@H:5]1[CH2:6][C@H:7]2[C@@:8]3([CH3:9])[CH2:10][C@:11]4([O:12][C@@H:904]5[O:903][C@H:902]([CH2:901][OH:900])[C@@H:909]([OH:910])[C@H:907]([OH:908])[C@H:905]5[OH:906])[O:13][C@H:14]([C@H:15]5[C@H:16]3[CH2:17][CH2:18][C@@:19]5([CH3:20])[OH:21])[C@@:22]2([OH:23])[C@:24]14[CH3:25]", "reacting_atoms": [12, 11], "template_id": "b6e0cd700179bb80791b33730d6bcae3", "template_set": ["bkms"], "num_examples": 42, "necessary_reagent": "", "template_score": 0.06402110308408737, "rms_molwt": -514.2777975439999, "num_rings": -6, "plausibility": 1, "tforms": ["b6e0cd700179bb80791b33730d6bcae3"], "rank": 11, "score": -16697.619199031}, {"smiles": "C[C@H](CO)[C@H]1C[C@H]2[C@@]3(C)C[C@]4(O)O[C@H]([C@H]5[C@H]3CC[C@@]5(C)O)[C@@]2(O[C@@H]2O[C@H](CO)[C@@H](O)[C@H](O)[C@H]2O)[C@]14C", "smiles_split": ["C[C@H](CO)[C@H]1C[C@H]2[C@@]3(C)C[C@]4(O)O[C@H]([C@H]5[C@H]3CC[C@@]5(C)O)[C@@]2(O[C@@H]2O[C@H](CO)[C@@H](O)[C@H](O)[C@H]2O)[C@]14C"], "mapped_smiles": "[CH3:1][C@H:2]([CH2:3][OH:4])[C@H:5]1[CH2:6][C@H:7]2[C@@:8]3([CH3:9])[CH2:10][C@:11]4([OH:12])[O:13][C@H:14]([C@H:15]5[C@H:16]3[CH2:17][CH2:18][C@@:19]5([CH3:20])[OH:21])[C@@:22]2([O:23][C@@H:904]2[O:903][C@H:902]([CH2:901][OH:900])[C@@H:909]([OH:910])[C@H:907]([OH:908])[C@H:905]2[OH:906])[C@:24]14[CH3:25]", "reacting_atoms": [23, 22], "template_id": "b6e0cd700179bb80791b33730d6bcae3", "template_set": ["bkms"], "num_examples": 42, "necessary_reagent": "", "template_score": 0.06402110308408737, "rms_molwt": -514.2777975439999, "num_rings": -6, "plausibility": 1, "tforms": ["b6e0cd700179bb80791b33730d6bcae3"], "rank": 12, "score": -16697.619199031}, {"smiles": "C[C@H](CO[C@@H]1O[C@H](CO)[C@@H](O)[C@H](O)[C@H]1O)[C@H]1C[C@H]2[C@@]3(C)C[C@]4(O)O[C@H]([C@H]5[C@H]3CC[C@@]5(C)O)[C@@]2(O)[C@]14C", "smiles_split": ["C[C@H](CO[C@@H]1O[C@H](CO)[C@@H](O)[C@H](O)[C@H]1O)[C@H]1C[C@H]2[C@@]3(C)C[C@]4(O)O[C@H]([C@H]5[C@H]3CC[C@@]5(C)O)[C@@]2(O)[C@]14C"], "mapped_smiles": "[CH3:1][C@H:2]([CH2:3][O:4][C@@H:904]1[O:903][C@H:902]([CH2:901][OH:900])[C@@H:909]([OH:910])[C@H:907]([OH:908])[C@H:905]1[OH:906])[C@H:5]1[CH2:6][C@H:7]2[C@@:8]3([CH3:9])[CH2:10][C@:11]4([OH:12])[O:13][C@H:14]([C@H:15]5[C@H:16]3[CH2:17][CH2:18][C@@:19]5([CH3:20])[OH:21])[C@@:22]2([OH:23])[C@:24]14[CH3:25]", "reacting_atoms": [4], "template_id": "b6e0cd700179bb80791b33730d6bcae3", "template_set": ["bkms"], "num_examples": 42, "necessary_reagent": "", "template_score": 0.06402110308408737, "rms_molwt": -514.2777975439999, "num_rings": -6, "plausibility": 1, "tforms": ["b6e0cd700179bb80791b33730d6bcae3"], "rank": 13, "score": -16697.619199031}, {"smiles": "C[C@H](CO)[C@H]1C[C@H]2[C@@]3(C)C[C@]4(O)O[C@H]([C@H]5[C@H]3CC[C@@]5(C)O)[C@@]2(O[PH](=O)(=O)O)[C@]14C", "smiles_split": ["C[C@H](CO)[C@H]1C[C@H]2[C@@]3(C)C[C@]4(O)O[C@H]([C@H]5[C@H]3CC[C@@]5(C)O)[C@@]2(O[PH](=O)(=O)O)[C@]14C"], "mapped_smiles": "[CH3:1][C@H:2]([CH2:3][OH:4])[C@H:5]1[CH2:6][C@H:7]2[C@@:8]3([CH3:9])[CH2:10][C@:11]4([OH:12])[O:13][C@H:14]([C@H:15]5[C@H:16]3[CH2:17][CH2:18][C@@:19]5([CH3:20])[OH:21])[C@@:22]2([O:23][PH:901]([OH:900])(=[O:902])=[O:903])[C@:24]14[CH3:25]", "reacting_atoms": [23, 22], "template_id": "bebbad82fd17f0aa0d74f457ded61bb9", "template_set": ["bkms"], "num_examples": 8, "necessary_reagent": "", "template_score": 0.01238905731588602, "rms_molwt": -432.19130464599994, "num_rings": -5, "plausibility": 1, "tforms": ["bebbad82fd17f0aa0d74f457ded61bb9"], "rank": 14, "score": -51429.146100088634}, {"smiles": "C[C@H](CO[PH](=O)(=O)O)[C@H]1C[C@H]2[C@@]3(C)C[C@]4(O)O[C@H]([C@H]5[C@H]3CC[C@@]5(C)O)[C@@]2(O)[C@]14C", "smiles_split": ["C[C@H](CO[PH](=O)(=O)O)[C@H]1C[C@H]2[C@@]3(C)C[C@]4(O)O[C@H]([C@H]5[C@H]3CC[C@@]5(C)O)[C@@]2(O)[C@]14C"], "mapped_smiles": "[CH3:1][C@H:2]([CH2:3][O:4][PH:901]([OH:900])(=[O:902])=[O:903])[C@H:5]1[CH2:6][C@H:7]2[C@@:8]3([CH3:9])[CH2:10][C@:11]4([OH:12])[O:13][C@H:14]([C@H:15]5[C@H:16]3[CH2:17][CH2:18][C@@:19]5([CH3:20])[OH:21])[C@@:22]2([OH:23])[C@:24]14[CH3:25]", "reacting_atoms": [4], "template_id": "bebbad82fd17f0aa0d74f457ded61bb9", "template_set": ["bkms"], "num_examples": 8, "necessary_reagent": "", "template_score": 0.01238905731588602, "rms_molwt": -432.19130464599994, "num_rings": -5, "plausibility": 1, "tforms": ["bebbad82fd17f0aa0d74f457ded61bb9"], "rank": 15, "score": -51429.146100088634}]}