{"smiles": "CC/C=C\\C/C=C\\C/C=C\\C/C=C\\C/C=C\\CCCC(=O)O[C@@H](COC(=O)CCCCCCCCCCC/C=C\\CCCCCCCC)COC(=O)CCCCCCCCCCCCC/C=C\\CCCCCCCC", "sfscore": [0.4177546203136444, 0.6353880763053894], "chem_result": [{"smiles": "CC/C=C\\C/C=C\\C/C=C\\C/C=C\\C/C=C\\CCCC(=O)O[C@@H](COC(=O)CCCCCCCCCCC/C=C\\CCCCCCCC)COC(=O)CCCCCCCCCCCCC/C=C\\CCCCCCCC", "bw_confidence": 0.021851741772815243, "confidence": 0.09906556915751587, "rclass": "8 8.1 8.1.10", "children": [{"smiles": "CC/C=C\\C/C=C\\C/C=C\\C/C=C\\C/C=C\\CCCC(=O)O[C@@H](COC(=O)CCCCCCCCCCC/C=C\\CCCCCCCC)COC(O)CCCCCCCCCCC/C=C\\CCCCCCCC"}, {"smiles": "ClCCl"}, {"smiles": "O=[Cr](=O)([O-])Cl~c1cc[nH+]cc1"}]}, {"smiles": "CC/C=C\\C/C=C\\C/C=C\\C/C=C\\C/C=C\\CCCC(=O)O[C@@H](COC(=O)CCCCCCCCCCC/C=C\\CCCCCCCC)COC(=O)CCCCCCCCCCCCC/C=C\\CCCCCCCC", "bw_confidence": 0.013817566311191994, "confidence": 0.06640374652401139, "rclass": "2 2.6 2.6.2", "children": [{"smiles": "CC/C=C\\C/C=C\\C/C=C\\C/C=C\\C/C=C\\CCCC(=O)O[C@@H](CO)COC(=O)CCCCCCCCCCC/C=C\\CCCCCCCC"}, {"smiles": "CCCCCCCC/C=C\\CCCCCCCCCCC(=O)O"}]}, {"smiles": "CC/C=C\\C/C=C\\C/C=C\\C/C=C\\C/C=C\\CCCC(=O)O[C@@H](COC(=O)CCCCCCCCCCC/C=C\\CCCCCCCC)COC(=O)CCCCCCCCCCCCC/C=C\\CCCCCCCC", "bw_confidence": 0.013539840679402965, "confidence": 0.02535492529367128, "rclass": "11 11.5 11.5", "children": [{"smiles": "CC/C=C\\C/C=C\\C/C=C\\C/C=C\\C/C=C\\CCCC(=O)OC(COC(=O)CCCCCCCCCCC/C=C\\CCCCCCCC)COC(=O)CCCCCCCCCCC/C=C\\CCCCCCCC"}, {"smiles": "ClCCl"}, {"smiles": "O=C(O)C(F)(F)F"}]}, {"smiles": "CC/C=C\\C/C=C\\C/C=C\\C/C=C\\C/C=C\\CCCC(=O)O[C@@H](COC(=O)CCCCCCCCCCC/C=C\\CCCCCCCC)COC(=O)CCCCCCCCCCCCC/C=C\\CCCCCCCC", "bw_confidence": 0.012805749336052566, "confidence": 0.10087204997759454, "rclass": "2 2.6 2.6.2", "children": [{"smiles": "CC/C=C\\C/C=C\\C/C=C\\C/C=C\\C/C=C\\CCCC(=O)O"}, {"smiles": "CCCCCCCC/C=C\\CCCCCCCCCCCC(=O)OCC(O)COC(=O)CCCCCCCCCCC/C=C\\CCCCCCCC"}]}, {"smiles": "CC/C=C\\C/C=C\\C/C=C\\C/C=C\\C/C=C\\CCCC(=O)O[C@@H](COC(=O)CCCCCCCCCCC/C=C\\CCCCCCCC)COC(=O)CCCCCCCCCCCCC/C=C\\CCCCCCCC", "bw_confidence": 0.004518295161304785, "confidence": 0.07054082601166292, "rclass": "2 2.6 2.6.2", "children": [{"smiles": "CC/C=C\\C/C=C\\C/C=C\\C/C=C\\C/C=C\\CCCC(=O)O"}, {"smiles": "CCCCCCCC/C=C\\CCCCCCCCCCCC(=O)OC[C@@H](O)COC(=O)CCCCCCCCCC/C=C\\CCCCCCCC"}]}, {"smiles": "CC/C=C\\C/C=C\\C/C=C\\C/C=C\\C/C=C\\CCCC(=O)O[C@@H](COC(=O)CCCCCCCCCCC/C=C\\CCCCCCCC)COC(=O)CCCCCCCCCCCCC/C=C\\CCCCCCCC", "bw_confidence": 0.0035009721764697995, "confidence": 0.011321254627658275, "rclass": "0 0 0", "children": [{"smiles": "CC/C=C\\C/C=C\\C/C=C\\C/C=C\\C/C=C\\CCCC(=O)O"}, {"smiles": "CC/C=C\\C/C=C\\C/C=C\\C/C=C\\C/C=C\\CCCC(=O)OC(COC(=O)CCCCCCCCCCC/C=C\\CCCCCCCC)COC(=O)CCCCCCCCCCC/C=C\\CCCCCCCC"}]}, {"smiles": "CC/C=C\\C/C=C\\C/C=C\\C/C=C\\C/C=C\\CCCC(=O)O[C@@H](COC(=O)CCCCCCCCCCC/C=C\\CCCCCCCC)COC(=O)CCCCCCCCCCCCC/C=C\\CCCCCCCC", "bw_confidence": 0.0034536487653149283, "confidence": 0.04246139797389175, "rclass": "11 11.5 11.5", "children": [{"smiles": "CC/C=C\\C/C=C\\C/C=C\\C/C=C\\C/C=C\\CCCC(=O)O[C@@H](COC(=O)CCCCCCCCCCC/C=C\\CCCCCCCC)COC(=O)CCCCCCCCCCCC/C=C\\CCCCCCCC"}, {"smiles": "CCN(CC)CC"}, {"smiles": "CS(=O)(=O)Cl"}, {"smiles": "ClCCl"}]}, {"smiles": "CC/C=C\\C/C=C\\C/C=C\\C/C=C\\C/C=C\\CCCC(=O)O[C@@H](COC(=O)CCCCCCCCCCC/C=C\\CCCCCCCC)COC(=O)CCCCCCCCCCCCC/C=C\\CCCCCCCC", "bw_confidence": 0.0026217506877089358, "confidence": 0.0738673584733049, "rclass": "2 2.6 2.6.9", "children": [{"smiles": "C(=NC1CCCCC1)=NC1CCCCC1"}, {"smiles": "CC/C=C\\C/C=C\\C/C=C\\C/C=C\\C/C=C\\CCCC(=O)O[C@@H](CO)COC(=O)CCCCCCCCCCC/C=C\\CCCCCCCC"}, {"smiles": "CCCCCCCC/C=C\\CCCCCCCCCCC(=O)O"}, {"smiles": "CN(C)c1ccncc1"}, {"smiles": "ClCCl"}]}, {"smiles": "CC/C=C\\C/C=C\\C/C=C\\C/C=C\\C/C=C\\CCCC(=O)O[C@@H](COC(=O)CCCCCCCCCCC/C=C\\CCCCCCCC)COC(=O)CCCCCCCCCCCCC/C=C\\CCCCCCCC", "bw_confidence": 0.0011674682465919004, "confidence": 0.03209576708298544, "rclass": "2 2.6 2.6.14", "children": [{"smiles": "CC/C=C\\C/C=C\\C/C=C\\C/C=C\\C/C=C\\CCCC(=O)O[C@@H](CO)COC(=O)CCCCCCCCCCC/C=C\\CCCCCCCC"}, {"smiles": "CCCCCCCC/C=C\\CCCCCCCCCCCCC(=O)OC[C@@H](O)COC(=O)CCCCCCCCCC/C=C\\CCCCCCCC"}]}, {"smiles": "CC/C=C\\C/C=C\\C/C=C\\C/C=C\\C/C=C\\CCCC(=O)O[C@@H](COC(=O)CCCCCCCCCCC/C=C\\CCCCCCCC)COC(=O)CCCCCCCCCCCCC/C=C\\CCCCCCCC", "bw_confidence": 0.0005615327873461553, "confidence": 0.04811794686835515, "rclass": "0 0 0", "children": [{"smiles": "CC/C=C\\C/C=C\\C/C=C\\C/C=C\\C/C=C\\CCCC(=O)OC(COC(=O)CCCCCCCCCCC/C=C\\CCCCCCCC)COC(=O)CCCCCCCCCCC/C=C\\CCCCCCCC"}, {"smiles": "CCN(CC)CC"}, {"smiles": "CCN=C=NCCCN(C)C~Cl"}, {"smiles": "CN(C)c1ccncc1"}, {"smiles": "ClCCl"}]}, {"smiles": "CC/C=C\\C/C=C\\C/C=C\\C/C=C\\C/C=C\\CCCC(=O)O[C@@H](COC(=O)CCCCCCCCCCC/C=C\\CCCCCCCC)COC(=O)CCCCCCCCCCCCC/C=C\\CCCCCCCC", "bw_confidence": 0.00018950421682569513, "confidence": 0.039321490126983154, "rclass": "9 9.7 9.7.61", "children": [{"smiles": "CC/C=C\\C/C=C\\C/C=C\\C/C=C\\C/C=C\\CCCC(=O)OC(COC(=O)CCCCCCCCCCC/C=C\\CCCCCCCC)COC(=O)CCCCCCCCCCC/C=C\\CCCCCCCC"}, {"smiles": "CCN=C=NCCCN(C)C~Cl"}, {"smiles": "CN(C)c1ccncc1"}, {"smiles": "ClCCl"}]}], "chem_bw_confidence_list": [0.021851741772815243, 0.013817566311191994, 0.013539840679402965, 0.012805749336052566, 0.004518295161304785, 0.0035009721764697995, 0.0034536487653149283, 0.0026217506877089358, 0.0011674682465919004, 0.0005615327873461553, 0.00018950421682569513], "enzy_template_score_list": [0.6985628604888916, 0.6985628604888916, 0.6985628604888916, 0.6985628604888916, 0.6985628604888916, 0.2227880358695984, 0.2227880358695984, 0.02224193885922432, 0.02224193885922432, 0.02224193885922432, 0.02224193885922432, 0.02224193885922432, 0.02224193885922432, 0.02224193885922432, 0.02224193885922432], "enzy_result": [{"smiles": "CC/C=C\\C/C=C\\C/C=C\\C/C=C\\CCCCCCC(=O)O[C@@H](COC(=O)CCCCCCCCCCC/C=C\\CCCCCCCC)COC(=O)CCCCCCCCCCCCC/C=C\\CCCCCCCC", "smiles_split": ["CC/C=C\\C/C=C\\C/C=C\\C/C=C\\CCCCCCC(=O)O[C@@H](COC(=O)CCCCCCCCCCC/C=C\\CCCCCCCC)COC(=O)CCCCCCCCCCCCC/C=C\\CCCCCCCC"], "mapped_smiles": "[CH3:1][CH2:2]/[CH:3]=[CH:4]\\[CH2:5]/[CH:6]=[CH:7]\\[CH2:8]/[CH:9]=[CH:10]\\[CH2:11]/[CH:12]=[CH:13]\\[CH2:14][CH2:15][CH2:16][CH2:17][CH2:18][CH2:19][C:20](=[O:21])[O:22][C@@H:23]([CH2:24][O:25][C:26](=[O:27])[CH2:28][CH2:29][CH2:30][CH2:31][CH2:32][CH2:33][CH2:34][CH2:35][CH2:36][CH2:37][CH2:38]/[CH:39]=[CH:40]\\[CH2:41][CH2:42][CH2:43][CH2:44][CH2:45][CH2:46][CH2:47][CH3:48])[CH2:49][O:50][C:51](=[O:52])[CH2:53][CH2:54][CH2:55][CH2:56][CH2:57][CH2:58][CH2:59][CH2:60][CH2:61][CH2:62][CH2:63][CH2:64][CH2:65]/[CH:66]=[CH:67]\\[CH2:68][CH2:69][CH2:70][CH2:71][CH2:72][CH2:73][CH2:74][CH3:75]", "reacting_atoms": [15, 16], "template_id": "b8752864a144b4d488d51a312d4ebfdc", "template_set": ["bkms", "bkms", "bkms"], "num_examples": 64, "necessary_reagent": "", "template_score": 0.6985628604888916, "rms_molwt": -1046.924141624, "num_rings": 0, "plausibility": 1, "tforms": ["71d96988ab3623c8d39bf0ee6519c85b", "4b5c01ce1dd3e508649493e134ba9f1c", "b8752864a144b4d488d51a312d4ebfdc"], "rank": 1, "score": -1862.4495793637268}, {"smiles": "CC/C=C\\C/C=C\\C/C=C\\CCCC/C=C\\CCCC(=O)O[C@@H](COC(=O)CCCCCCCCCCC/C=C\\CCCCCCCC)COC(=O)CCCCCCCCCCCCC/C=C\\CCCCCCCC", "smiles_split": ["CC/C=C\\C/C=C\\C/C=C\\CCCC/C=C\\CCCC(=O)O[C@@H](COC(=O)CCCCCCCCCCC/C=C\\CCCCCCCC)COC(=O)CCCCCCCCCCCCC/C=C\\CCCCCCCC"], "mapped_smiles": "[CH3:1][CH2:2]/[CH:3]=[CH:4]\\[CH2:5]/[CH:6]=[CH:7]\\[CH2:8]/[CH:9]=[CH:10]\\[CH2:11][CH2:12][CH2:13][CH2:14]/[CH:15]=[CH:16]\\[CH2:17][CH2:18][CH2:19][C:20](=[O:21])[O:22][C@@H:23]([CH2:24][O:25][C:26](=[O:27])[CH2:28][CH2:29][CH2:30][CH2:31][CH2:32][CH2:33][CH2:34][CH2:35][CH2:36][CH2:37][CH2:38]/[CH:39]=[CH:40]\\[CH2:41][CH2:42][CH2:43][CH2:44][CH2:45][CH2:46][CH2:47][CH3:48])[CH2:49][O:50][C:51](=[O:52])[CH2:53][CH2:54][CH2:55][CH2:56][CH2:57][CH2:58][CH2:59][CH2:60][CH2:61][CH2:62][CH2:63][CH2:64][CH2:65]/[CH:66]=[CH:67]\\[CH2:68][CH2:69][CH2:70][CH2:71][CH2:72][CH2:73][CH2:74][CH3:75]", "reacting_atoms": [13, 12], "template_id": "b8752864a144b4d488d51a312d4ebfdc", "template_set": ["bkms", "bkms", "bkms"], "num_examples": 64, "necessary_reagent": "", "template_score": 0.6985628604888916, "rms_molwt": -1046.924141624, "num_rings": 0, "plausibility": 1, "tforms": ["71d96988ab3623c8d39bf0ee6519c85b", "4b5c01ce1dd3e508649493e134ba9f1c", "b8752864a144b4d488d51a312d4ebfdc"], "rank": 2, "score": -1862.4495793637268}, {"smiles": "CC/C=C\\CCCC/C=C\\C/C=C\\C/C=C\\CCCC(=O)O[C@@H](COC(=O)CCCCCCCCCCC/C=C\\CCCCCCCC)COC(=O)CCCCCCCCCCCCC/C=C\\CCCCCCCC", "smiles_split": ["CC/C=C\\CCCC/C=C\\C/C=C\\C/C=C\\CCCC(=O)O[C@@H](COC(=O)CCCCCCCCCCC/C=C\\CCCCCCCC)COC(=O)CCCCCCCCCCCCC/C=C\\CCCCCCCC"], "mapped_smiles": "[CH3:1][CH2:2]/[CH:3]=[CH:4]\\[CH2:5][CH2:6][CH2:7][CH2:8]/[CH:9]=[CH:10]\\[CH2:11]/[CH:12]=[CH:13]\\[CH2:14]/[CH:15]=[CH:16]\\[CH2:17][CH2:18][CH2:19][C:20](=[O:21])[O:22][C@@H:23]([CH2:24][O:25][C:26](=[O:27])[CH2:28][CH2:29][CH2:30][CH2:31][CH2:32][CH2:33][CH2:34][CH2:35][CH2:36][CH2:37][CH2:38]/[CH:39]=[CH:40]\\[CH2:41][CH2:42][CH2:43][CH2:44][CH2:45][CH2:46][CH2:47][CH3:48])[CH2:49][O:50][C:51](=[O:52])[CH2:53][CH2:54][CH2:55][CH2:56][CH2:57][CH2:58][CH2:59][CH2:60][CH2:61][CH2:62][CH2:63][CH2:64][CH2:65]/[CH:66]=[CH:67]\\[CH2:68][CH2:69][CH2:70][CH2:71][CH2:72][CH2:73][CH2:74][CH3:75]", "reacting_atoms": [7, 6], "template_id": "b8752864a144b4d488d51a312d4ebfdc", "template_set": ["bkms", "bkms", "bkms"], "num_examples": 64, "necessary_reagent": "", "template_score": 0.6985628604888916, "rms_molwt": -1046.924141624, "num_rings": 0, "plausibility": 1, "tforms": ["71d96988ab3623c8d39bf0ee6519c85b", "4b5c01ce1dd3e508649493e134ba9f1c", "b8752864a144b4d488d51a312d4ebfdc"], "rank": 3, "score": -1862.4495793637268}, {"smiles": "CC/C=C\\C/C=C\\CCCC/C=C\\C/C=C\\CCCC(=O)O[C@@H](COC(=O)CCCCCCCCCCC/C=C\\CCCCCCCC)COC(=O)CCCCCCCCCCCCC/C=C\\CCCCCCCC", "smiles_split": ["CC/C=C\\C/C=C\\CCCC/C=C\\C/C=C\\CCCC(=O)O[C@@H](COC(=O)CCCCCCCCCCC/C=C\\CCCCCCCC)COC(=O)CCCCCCCCCCCCC/C=C\\CCCCCCCC"], "mapped_smiles": "[CH3:1][CH2:2]/[CH:3]=[CH:4]\\[CH2:5]/[CH:6]=[CH:7]\\[CH2:8][CH2:9][CH2:10][CH2:11]/[CH:12]=[CH:13]\\[CH2:14]/[CH:15]=[CH:16]\\[CH2:17][CH2:18][CH2:19][C:20](=[O:21])[O:22][C@@H:23]([CH2:24][O:25][C:26](=[O:27])[CH2:28][CH2:29][CH2:30][CH2:31][CH2:32][CH2:33][CH2:34][CH2:35][CH2:36][CH2:37][CH2:38]/[CH:39]=[CH:40]\\[CH2:41][CH2:42][CH2:43][CH2:44][CH2:45][CH2:46][CH2:47][CH3:48])[CH2:49][O:50][C:51](=[O:52])[CH2:53][CH2:54][CH2:55][CH2:56][CH2:57][CH2:58][CH2:59][CH2:60][CH2:61][CH2:62][CH2:63][CH2:64][CH2:65]/[CH:66]=[CH:67]\\[CH2:68][CH2:69][CH2:70][CH2:71][CH2:72][CH2:73][CH2:74][CH3:75]", "reacting_atoms": [10, 9], "template_id": "b8752864a144b4d488d51a312d4ebfdc", "template_set": ["bkms", "bkms", "bkms"], "num_examples": 64, "necessary_reagent": "", "template_score": 0.6985628604888916, "rms_molwt": -1046.924141624, "num_rings": 0, "plausibility": 1, "tforms": ["71d96988ab3623c8d39bf0ee6519c85b", "4b5c01ce1dd3e508649493e134ba9f1c", "b8752864a144b4d488d51a312d4ebfdc"], "rank": 4, "score": -1862.4495793637268}, {"smiles": "CCCCC/C=C\\C/C=C\\C/C=C\\C/C=C\\CCCC(=O)O[C@@H](COC(=O)CCCCCCCCCCC/C=C\\CCCCCCCC)COC(=O)CCCCCCCCCCCCC/C=C\\CCCCCCCC", "smiles_split": ["CCCCC/C=C\\C/C=C\\C/C=C\\C/C=C\\CCCC(=O)O[C@@H](COC(=O)CCCCCCCCCCC/C=C\\CCCCCCCC)COC(=O)CCCCCCCCCCCCC/C=C\\CCCCCCCC"], "mapped_smiles": "[CH3:1][CH2:2][CH2:3][CH2:4][CH2:5]/[CH:6]=[CH:7]\\[CH2:8]/[CH:9]=[CH:10]\\[CH2:11]/[CH:12]=[CH:13]\\[CH2:14]/[CH:15]=[CH:16]\\[CH2:17][CH2:18][CH2:19][C:20](=[O:21])[O:22][C@@H:23]([CH2:24][O:25][C:26](=[O:27])[CH2:28][CH2:29][CH2:30][CH2:31][CH2:32][CH2:33][CH2:34][CH2:35][CH2:36][CH2:37][CH2:38]/[CH:39]=[CH:40]\\[CH2:41][CH2:42][CH2:43][CH2:44][CH2:45][CH2:46][CH2:47][CH3:48])[CH2:49][O:50][C:51](=[O:52])[CH2:53][CH2:54][CH2:55][CH2:56][CH2:57][CH2:58][CH2:59][CH2:60][CH2:61][CH2:62][CH2:63][CH2:64][CH2:65]/[CH:66]=[CH:67]\\[CH2:68][CH2:69][CH2:70][CH2:71][CH2:72][CH2:73][CH2:74][CH3:75]", "reacting_atoms": [4, 3], "template_id": "b8752864a144b4d488d51a312d4ebfdc", "template_set": ["bkms", "bkms", "bkms"], "num_examples": 64, "necessary_reagent": "", "template_score": 0.6985628604888916, "rms_molwt": -1046.924141624, "num_rings": 0, "plausibility": 1, "tforms": ["71d96988ab3623c8d39bf0ee6519c85b", "4b5c01ce1dd3e508649493e134ba9f1c", "b8752864a144b4d488d51a312d4ebfdc"], "rank": 5, "score": -1862.4495793637268}, {"smiles": "CC/C=C\\C/C=C\\C/C=C\\C/C=C\\C/C=C\\CCCC(=O)O[C@@H](COC(=O)CCCCCCCCCCC/C=C\\CCCCCCCC)COC(=O)CCCCCCCCCCCCCCCCCCCCCCC", "smiles_split": ["CC/C=C\\C/C=C\\C/C=C\\C/C=C\\C/C=C\\CCCC(=O)O[C@@H](COC(=O)CCCCCCCCCCC/C=C\\CCCCCCCC)COC(=O)CCCCCCCCCCCCCCCCCCCCCCC"], "mapped_smiles": "[CH3:1][CH2:2]/[CH:3]=[CH:4]\\[CH2:5]/[CH:6]=[CH:7]\\[CH2:8]/[CH:9]=[CH:10]\\[CH2:11]/[CH:12]=[CH:13]\\[CH2:14]/[CH:15]=[CH:16]\\[CH2:17][CH2:18][CH2:19][C:20](=[O:21])[O:22][C@@H:23]([CH2:24][O:25][C:26](=[O:27])[CH2:28][CH2:29][CH2:30][CH2:31][CH2:32][CH2:33][CH2:34][CH2:35][CH2:36][CH2:37][CH2:38]/[CH:39]=[CH:40]\\[CH2:41][CH2:42][CH2:43][CH2:44][CH2:45][CH2:46][CH2:47][CH3:48])[CH2:49][O:50][C:51](=[O:52])[CH2:53][CH2:54][CH2:55][CH2:56][CH2:57][CH2:58][CH2:59][CH2:60][CH2:61][CH2:62][CH2:63][CH2:64][CH2:65][CH2:66][CH2:67][CH2:68][CH2:69][CH2:70][CH2:71][CH2:72][CH2:73][CH2:74][CH3:75]", "reacting_atoms": [67, 66], "template_id": "4b5c01ce1dd3e508649493e134ba9f1c", "template_set": ["bkms"], "num_examples": 15, "necessary_reagent": "", "template_score": 0.2227880358695984, "rms_molwt": -1046.924141624, "num_rings": 0, "plausibility": 1, "tforms": ["4b5c01ce1dd3e508649493e134ba9f1c"], "rank": 6, "score": -5839.802396023535}, {"smiles": "CC/C=C\\C/C=C\\C/C=C\\C/C=C\\C/C=C\\CCCC(=O)O[C@H](COC(=O)CCCCCCCCCCCCC/C=C\\CCCCCCCC)COC(=O)CCCCCCCCCCCCCCCCCCCCC", "smiles_split": ["CC/C=C\\C/C=C\\C/C=C\\C/C=C\\C/C=C\\CCCC(=O)O[C@H](COC(=O)CCCCCCCCCCCCC/C=C\\CCCCCCCC)COC(=O)CCCCCCCCCCCCCCCCCCCCC"], "mapped_smiles": "[CH3:1][CH2:2]/[CH:3]=[CH:4]\\[CH2:5]/[CH:6]=[CH:7]\\[CH2:8]/[CH:9]=[CH:10]\\[CH2:11]/[CH:12]=[CH:13]\\[CH2:14]/[CH:15]=[CH:16]\\[CH2:17][CH2:18][CH2:19][C:20](=[O:21])[O:22][C@@H:23]([CH2:24][O:25][C:26](=[O:27])[CH2:28][CH2:29][CH2:30][CH2:31][CH2:32][CH2:33][CH2:34][CH2:35][CH2:36][CH2:37][CH2:38][CH2:39][CH2:40][CH2:41][CH2:42][CH2:43][CH2:44][CH2:45][CH2:46][CH2:47][CH3:48])[CH2:49][O:50][C:51](=[O:52])[CH2:53][CH2:54][CH2:55][CH2:56][CH2:57][CH2:58][CH2:59][CH2:60][CH2:61][CH2:62][CH2:63][CH2:64][CH2:65]/[CH:66]=[CH:67]\\[CH2:68][CH2:69][CH2:70][CH2:71][CH2:72][CH2:73][CH2:74][CH3:75]", "reacting_atoms": [40, 39], "template_id": "4b5c01ce1dd3e508649493e134ba9f1c", "template_set": ["bkms"], "num_examples": 15, "necessary_reagent": "", "template_score": 0.2227880358695984, "rms_molwt": -1046.924141624, "num_rings": 0, "plausibility": 1, "tforms": ["4b5c01ce1dd3e508649493e134ba9f1c"], "rank": 7, "score": -5839.802396023535}, {"smiles": "CC/C=C\\C/C=C\\C/C=C\\CC1OC(=O)C1C/C=C\\CCCC(=O)O[C@@H](COC(=O)CCCCCCCCCCC/C=C\\CCCCCCCC)COC(=O)CCCCCCCCCCCCC/C=C\\CCCCCCCC", "smiles_split": ["CC/C=C\\C/C=C\\C/C=C\\CC1OC(=O)C1C/C=C\\CCCC(=O)O[C@@H](COC(=O)CCCCCCCCCCC/C=C\\CCCCCCCC)COC(=O)CCCCCCCCCCCCC/C=C\\CCCCCCCC"], "mapped_smiles": "[CH3:1][CH2:2]/[CH:3]=[CH:4]\\[CH2:5]/[CH:6]=[CH:7]\\[CH2:8]/[CH:9]=[CH:10]\\[CH2:11][CH:12]1[CH:13]([CH2:14]/[CH:15]=[CH:16]\\[CH2:17][CH2:18][CH2:19][C:20](=[O:21])[O:22][C@@H:23]([CH2:24][O:25][C:26](=[O:27])[CH2:28][CH2:29][CH2:30][CH2:31][CH2:32][CH2:33][CH2:34][CH2:35][CH2:36][CH2:37][CH2:38]/[CH:39]=[CH:40]\\[CH2:41][CH2:42][CH2:43][CH2:44][CH2:45][CH2:46][CH2:47][CH3:48])[CH2:49][O:50][C:51](=[O:52])[CH2:53][CH2:54][CH2:55][CH2:56][CH2:57][CH2:58][CH2:59][CH2:60][CH2:61][CH2:62][CH2:63][CH2:64][CH2:65]/[CH:66]=[CH:67]\\[CH2:68][CH2:69][CH2:70][CH2:71][CH2:72][CH2:73][CH2:74][CH3:75])[C:901](=[O:900])[O:902]1", "reacting_atoms": [12, 13], "template_id": "95b167a4e5e2cf14a7f1b2c6fb174cb0", "template_set": ["bkms"], "num_examples": 4, "necessary_reagent": "", "template_score": 0.02224193885922432, "rms_molwt": -1088.8983208, "num_rings": -1, "plausibility": 1, "tforms": ["95b167a4e5e2cf14a7f1b2c6fb174cb0"], "rank": 8, "score": -62393.60264096785}, {"smiles": "CC/C=C\\C/C=C\\C/C=C\\C/C=C\\CC1OC(=O)C1CCCC(=O)O[C@@H](COC(=O)CCCCCCCCCCC/C=C\\CCCCCCCC)COC(=O)CCCCCCCCCCCCC/C=C\\CCCCCCCC", "smiles_split": ["CC/C=C\\C/C=C\\C/C=C\\C/C=C\\CC1OC(=O)C1CCCC(=O)O[C@@H](COC(=O)CCCCCCCCCCC/C=C\\CCCCCCCC)COC(=O)CCCCCCCCCCCCC/C=C\\CCCCCCCC"], "mapped_smiles": "[CH3:1][CH2:2]/[CH:3]=[CH:4]\\[CH2:5]/[CH:6]=[CH:7]\\[CH2:8]/[CH:9]=[CH:10]\\[CH2:11]/[CH:12]=[CH:13]\\[CH2:14][CH:15]1[CH:16]([CH2:17][CH2:18][CH2:19][C:20](=[O:21])[O:22][C@@H:23]([CH2:24][O:25][C:26](=[O:27])[CH2:28][CH2:29][CH2:30][CH2:31][CH2:32][CH2:33][CH2:34][CH2:35][CH2:36][CH2:37][CH2:38]/[CH:39]=[CH:40]\\[CH2:41][CH2:42][CH2:43][CH2:44][CH2:45][CH2:46][CH2:47][CH3:48])[CH2:49][O:50][C:51](=[O:52])[CH2:53][CH2:54][CH2:55][CH2:56][CH2:57][CH2:58][CH2:59][CH2:60][CH2:61][CH2:62][CH2:63][CH2:64][CH2:65]/[CH:66]=[CH:67]\\[CH2:68][CH2:69][CH2:70][CH2:71][CH2:72][CH2:73][CH2:74][CH3:75])[C:901](=[O:900])[O:902]1", "reacting_atoms": [15, 16], "template_id": "95b167a4e5e2cf14a7f1b2c6fb174cb0", "template_set": ["bkms"], "num_examples": 4, "necessary_reagent": "", "template_score": 0.02224193885922432, "rms_molwt": -1088.8983208, "num_rings": -1, "plausibility": 1, "tforms": ["95b167a4e5e2cf14a7f1b2c6fb174cb0"], "rank": 9, "score": -62393.60264096785}, {"smiles": "CC/C=C\\C/C=C\\C/C=C\\C/C=C\\C/C=C\\CCCC(=O)O[C@H](COC(=O)CCCCCCCCCCCCC/C=C\\CCCCCCCC)COC(=O)CCCCCCCCCCCC1C(=O)OC1CCCCCCCC", "smiles_split": ["CC/C=C\\C/C=C\\C/C=C\\C/C=C\\C/C=C\\CCCC(=O)O[C@H](COC(=O)CCCCCCCCCCCCC/C=C\\CCCCCCCC)COC(=O)CCCCCCCCCCCC1C(=O)OC1CCCCCCCC"], "mapped_smiles": "[CH3:1][CH2:2]/[CH:3]=[CH:4]\\[CH2:5]/[CH:6]=[CH:7]\\[CH2:8]/[CH:9]=[CH:10]\\[CH2:11]/[CH:12]=[CH:13]\\[CH2:14]/[CH:15]=[CH:16]\\[CH2:17][CH2:18][CH2:19][C:20](=[O:21])[O:22][C@@H:23]([CH2:24][O:25][C:26](=[O:27])[CH2:28][CH2:29][CH2:30][CH2:31][CH2:32][CH2:33][CH2:34][CH2:35][CH2:36][CH2:37][CH2:38][CH:39]1[CH:40]([CH2:41][CH2:42][CH2:43][CH2:44][CH2:45][CH2:46][CH2:47][CH3:48])[O:902][C:901]1=[O:900])[CH2:49][O:50][C:51](=[O:52])[CH2:53][CH2:54][CH2:55][CH2:56][CH2:57][CH2:58][CH2:59][CH2:60][CH2:61][CH2:62][CH2:63][CH2:64][CH2:65]/[CH:66]=[CH:67]\\[CH2:68][CH2:69][CH2:70][CH2:71][CH2:72][CH2:73][CH2:74][CH3:75]", "reacting_atoms": [40, 39], "template_id": "95b167a4e5e2cf14a7f1b2c6fb174cb0", "template_set": ["bkms"], "num_examples": 4, "necessary_reagent": "", "template_score": 0.02224193885922432, "rms_molwt": -1088.8983208, "num_rings": -1, "plausibility": 1, "tforms": ["95b167a4e5e2cf14a7f1b2c6fb174cb0"], "rank": 10, "score": -62393.60264096785}, {"smiles": "CCCCCCCC/C=C\\CCCCCCCCCCCCCC(=O)OC[C@H](COC(=O)CCCCCCCCCCC/C=C\\CCCCCCCC)OC(=O)CCC/C=C\\C/C=C\\C/C=C\\C/C=C\\CC1C(=O)OC1CC", "smiles_split": ["CCCCCCCC/C=C\\CCCCCCCCCCCCCC(=O)OC[C@H](COC(=O)CCCCCCCCCCC/C=C\\CCCCCCCC)OC(=O)CCC/C=C\\C/C=C\\C/C=C\\C/C=C\\CC1C(=O)OC1CC"], "mapped_smiles": "[CH3:1][CH2:2][CH:3]1[CH:4]([CH2:5]/[CH:6]=[CH:7]\\[CH2:8]/[CH:9]=[CH:10]\\[CH2:11]/[CH:12]=[CH:13]\\[CH2:14]/[CH:15]=[CH:16]\\[CH2:17][CH2:18][CH2:19][C:20](=[O:21])[O:22][C@@H:23]([CH2:24][O:25][C:26](=[O:27])[CH2:28][CH2:29][CH2:30][CH2:31][CH2:32][CH2:33][CH2:34][CH2:35][CH2:36][CH2:37][CH2:38]/[CH:39]=[CH:40]\\[CH2:41][CH2:42][CH2:43][CH2:44][CH2:45][CH2:46][CH2:47][CH3:48])[CH2:49][O:50][C:51](=[O:52])[CH2:53][CH2:54][CH2:55][CH2:56][CH2:57][CH2:58][CH2:59][CH2:60][CH2:61][CH2:62][CH2:63][CH2:64][CH2:65]/[CH:66]=[CH:67]\\[CH2:68][CH2:69][CH2:70][CH2:71][CH2:72][CH2:73][CH2:74][CH3:75])[C:901](=[O:900])[O:902]1", "reacting_atoms": [3, 4], "template_id": "95b167a4e5e2cf14a7f1b2c6fb174cb0", "template_set": ["bkms"], "num_examples": 4, "necessary_reagent": "", "template_score": 0.02224193885922432, "rms_molwt": -1088.8983208, "num_rings": -1, "plausibility": 1, "tforms": ["95b167a4e5e2cf14a7f1b2c6fb174cb0"], "rank": 11, "score": -62393.60264096785}, {"smiles": "CC/C=C\\C/C=C\\CC1OC(=O)C1C/C=C\\C/C=C\\CCCC(=O)O[C@@H](COC(=O)CCCCCCCCCCC/C=C\\CCCCCCCC)COC(=O)CCCCCCCCCCCCC/C=C\\CCCCCCCC", "smiles_split": ["CC/C=C\\C/C=C\\CC1OC(=O)C1C/C=C\\C/C=C\\CCCC(=O)O[C@@H](COC(=O)CCCCCCCCCCC/C=C\\CCCCCCCC)COC(=O)CCCCCCCCCCCCC/C=C\\CCCCCCCC"], "mapped_smiles": "[CH3:1][CH2:2]/[CH:3]=[CH:4]\\[CH2:5]/[CH:6]=[CH:7]\\[CH2:8][CH:9]1[CH:10]([CH2:11]/[CH:12]=[CH:13]\\[CH2:14]/[CH:15]=[CH:16]\\[CH2:17][CH2:18][CH2:19][C:20](=[O:21])[O:22][C@@H:23]([CH2:24][O:25][C:26](=[O:27])[CH2:28][CH2:29][CH2:30][CH2:31][CH2:32][CH2:33][CH2:34][CH2:35][CH2:36][CH2:37][CH2:38]/[CH:39]=[CH:40]\\[CH2:41][CH2:42][CH2:43][CH2:44][CH2:45][CH2:46][CH2:47][CH3:48])[CH2:49][O:50][C:51](=[O:52])[CH2:53][CH2:54][CH2:55][CH2:56][CH2:57][CH2:58][CH2:59][CH2:60][CH2:61][CH2:62][CH2:63][CH2:64][CH2:65]/[CH:66]=[CH:67]\\[CH2:68][CH2:69][CH2:70][CH2:71][CH2:72][CH2:73][CH2:74][CH3:75])[C:901](=[O:900])[O:902]1", "reacting_atoms": [9, 10], "template_id": "95b167a4e5e2cf14a7f1b2c6fb174cb0", "template_set": ["bkms"], "num_examples": 4, "necessary_reagent": "", "template_score": 0.02224193885922432, "rms_molwt": -1088.8983208, "num_rings": -1, "plausibility": 1, "tforms": ["95b167a4e5e2cf14a7f1b2c6fb174cb0"], "rank": 12, "score": -62393.60264096785}, {"smiles": "CC/C=C\\C/C=C\\C/C=C\\C/C=C\\C/C=C\\CCCC(=O)O[C@H](COC(=O)CCCCCCCCCCCCC/C=C\\CCCCCCCC)COC(=O)CCCCCCCCCCCC1OC(=O)C1CCCCCCCC", "smiles_split": ["CC/C=C\\C/C=C\\C/C=C\\C/C=C\\C/C=C\\CCCC(=O)O[C@H](COC(=O)CCCCCCCCCCCCC/C=C\\CCCCCCCC)COC(=O)CCCCCCCCCCCC1OC(=O)C1CCCCCCCC"], "mapped_smiles": "[CH3:1][CH2:2]/[CH:3]=[CH:4]\\[CH2:5]/[CH:6]=[CH:7]\\[CH2:8]/[CH:9]=[CH:10]\\[CH2:11]/[CH:12]=[CH:13]\\[CH2:14]/[CH:15]=[CH:16]\\[CH2:17][CH2:18][CH2:19][C:20](=[O:21])[O:22][C@@H:23]([CH2:24][O:25][C:26](=[O:27])[CH2:28][CH2:29][CH2:30][CH2:31][CH2:32][CH2:33][CH2:34][CH2:35][CH2:36][CH2:37][CH2:38][CH:39]1[CH:40]([CH2:41][CH2:42][CH2:43][CH2:44][CH2:45][CH2:46][CH2:47][CH3:48])[C:901](=[O:900])[O:902]1)[CH2:49][O:50][C:51](=[O:52])[CH2:53][CH2:54][CH2:55][CH2:56][CH2:57][CH2:58][CH2:59][CH2:60][CH2:61][CH2:62][CH2:63][CH2:64][CH2:65]/[CH:66]=[CH:67]\\[CH2:68][CH2:69][CH2:70][CH2:71][CH2:72][CH2:73][CH2:74][CH3:75]", "reacting_atoms": [39, 40], "template_id": "95b167a4e5e2cf14a7f1b2c6fb174cb0", "template_set": ["bkms"], "num_examples": 4, "necessary_reagent": "", "template_score": 0.02224193885922432, "rms_molwt": -1088.8983208, "num_rings": -1, "plausibility": 1, "tforms": ["95b167a4e5e2cf14a7f1b2c6fb174cb0"], "rank": 13, "score": -62393.60264096785}, {"smiles": "CC/C=C\\CC1OC(=O)C1C/C=C\\C/C=C\\C/C=C\\CCCC(=O)O[C@@H](COC(=O)CCCCCCCCCCC/C=C\\CCCCCCCC)COC(=O)CCCCCCCCCCCCC/C=C\\CCCCCCCC", "smiles_split": ["CC/C=C\\CC1OC(=O)C1C/C=C\\C/C=C\\C/C=C\\CCCC(=O)O[C@@H](COC(=O)CCCCCCCCCCC/C=C\\CCCCCCCC)COC(=O)CCCCCCCCCCCCC/C=C\\CCCCCCCC"], "mapped_smiles": "[CH3:1][CH2:2]/[CH:3]=[CH:4]\\[CH2:5][CH:6]1[CH:7]([CH2:8]/[CH:9]=[CH:10]\\[CH2:11]/[CH:12]=[CH:13]\\[CH2:14]/[CH:15]=[CH:16]\\[CH2:17][CH2:18][CH2:19][C:20](=[O:21])[O:22][C@@H:23]([CH2:24][O:25][C:26](=[O:27])[CH2:28][CH2:29][CH2:30][CH2:31][CH2:32][CH2:33][CH2:34][CH2:35][CH2:36][CH2:37][CH2:38]/[CH:39]=[CH:40]\\[CH2:41][CH2:42][CH2:43][CH2:44][CH2:45][CH2:46][CH2:47][CH3:48])[CH2:49][O:50][C:51](=[O:52])[CH2:53][CH2:54][CH2:55][CH2:56][CH2:57][CH2:58][CH2:59][CH2:60][CH2:61][CH2:62][CH2:63][CH2:64][CH2:65]/[CH:66]=[CH:67]\\[CH2:68][CH2:69][CH2:70][CH2:71][CH2:72][CH2:73][CH2:74][CH3:75])[C:901](=[O:900])[O:902]1", "reacting_atoms": [6, 7], "template_id": "95b167a4e5e2cf14a7f1b2c6fb174cb0", "template_set": ["bkms"], "num_examples": 4, "necessary_reagent": "", "template_score": 0.02224193885922432, "rms_molwt": -1088.8983208, "num_rings": -1, "plausibility": 1, "tforms": ["95b167a4e5e2cf14a7f1b2c6fb174cb0"], "rank": 14, "score": -62393.60264096785}, {"smiles": "CC/C=C\\CC1C(=O)OC1C/C=C\\C/C=C\\C/C=C\\CCCC(=O)O[C@@H](COC(=O)CCCCCCCCCCC/C=C\\CCCCCCCC)COC(=O)CCCCCCCCCCCCC/C=C\\CCCCCCCC", "smiles_split": ["CC/C=C\\CC1C(=O)OC1C/C=C\\C/C=C\\C/C=C\\CCCC(=O)O[C@@H](COC(=O)CCCCCCCCCCC/C=C\\CCCCCCCC)COC(=O)CCCCCCCCCCCCC/C=C\\CCCCCCCC"], "mapped_smiles": "[CH3:1][CH2:2]/[CH:3]=[CH:4]\\[CH2:5][CH:6]1[CH:7]([CH2:8]/[CH:9]=[CH:10]\\[CH2:11]/[CH:12]=[CH:13]\\[CH2:14]/[CH:15]=[CH:16]\\[CH2:17][CH2:18][CH2:19][C:20](=[O:21])[O:22][C@@H:23]([CH2:24][O:25][C:26](=[O:27])[CH2:28][CH2:29][CH2:30][CH2:31][CH2:32][CH2:33][CH2:34][CH2:35][CH2:36][CH2:37][CH2:38]/[CH:39]=[CH:40]\\[CH2:41][CH2:42][CH2:43][CH2:44][CH2:45][CH2:46][CH2:47][CH3:48])[CH2:49][O:50][C:51](=[O:52])[CH2:53][CH2:54][CH2:55][CH2:56][CH2:57][CH2:58][CH2:59][CH2:60][CH2:61][CH2:62][CH2:63][CH2:64][CH2:65]/[CH:66]=[CH:67]\\[CH2:68][CH2:69][CH2:70][CH2:71][CH2:72][CH2:73][CH2:74][CH3:75])[O:902][C:901]1=[O:900]", "reacting_atoms": [7, 6], "template_id": "95b167a4e5e2cf14a7f1b2c6fb174cb0", "template_set": ["bkms"], "num_examples": 4, "necessary_reagent": "", "template_score": 0.02224193885922432, "rms_molwt": -1088.8983208, "num_rings": -1, "plausibility": 1, "tforms": ["95b167a4e5e2cf14a7f1b2c6fb174cb0"], "rank": 15, "score": -62393.60264096785}]}