{"smiles": "Cc1cc(COc2ccc(NC(=O)[C@@H]3[C@@H](C(=O)NO)CCCN3C)cc2)c2ccccc2n1", "sfscore": [0.6505207419395447, 0.3422556519508362], "chem_result": [{"smiles": "Cc1cc(COc2ccc(NC(=O)[C@@H]3[C@@H](C(=O)NO)CCCN3C)cc2)c2ccccc2n1", "bw_confidence": 0.1122131288380137, "confidence": 0.32850270678349514, "rclass": "6 6.3 6.3.9", "children": [{"smiles": "CO"}, {"smiles": "Cc1cc(COc2ccc(NC(=O)[C@@H]3[C@@H](C(=O)NOC4CCCCO4)CCCN3C)cc2)c2ccccc2n1"}, {"smiles": "Cl"}]}, {"smiles": "Cc1cc(COc2ccc(NC(=O)[C@@H]3[C@@H](C(=O)NO)CCCN3C)cc2)c2ccccc2n1", "bw_confidence": 0.08243045946015523, "confidence": 0.7366666424209, "rclass": "2 2.1 2.1.2", "children": [{"smiles": "Cc1cc(COc2ccc(NC(=O)[C@@H]3[C@@H](C(=O)O)CCCN3C)cc2)c2ccccc2n1"}, {"smiles": "NO"}]}, {"smiles": "Cc1cc(COc2ccc(NC(=O)[C@@H]3[C@@H](C(=O)NO)CCCN3C)cc2)c2ccccc2n1", "bw_confidence": 0.03787461362740837, "confidence": 0.9245855792142315, "rclass": "2 2.1 2.1.10", "children": [{"smiles": "COC(=O)[C@H]1CCCN(C)[C@H]1C(=O)Nc1ccc(OCc2cc(C)nc3ccccc23)cc1"}, {"smiles": "NO"}]}, {"smiles": "Cc1cc(COc2ccc(NC(=O)[C@@H]3[C@@H](C(=O)NO)CCCN3C)cc2)c2ccccc2n1", "bw_confidence": 0.023846329034805186, "confidence": 0.8376859973964531, "rclass": "1 1.2 1.2.10", "children": [{"smiles": "C=O"}, {"smiles": "CC(=O)O[BH-](OC(C)=O)OC(C)=O~[Na+]"}, {"smiles": "CO"}, {"smiles": "Cc1cc(COc2ccc(NC(=O)[C@H]3NCCC[C@@H]3C(=O)NO)cc2)c2ccccc2n1"}]}, {"smiles": "Cc1cc(COc2ccc(NC(=O)[C@@H]3[C@@H](C(=O)NO)CCCN3C)cc2)c2ccccc2n1", "bw_confidence": 0.01821462643532413, "confidence": 0.1642383327040751, "rclass": "8 8.8 8.8.11", "children": [{"smiles": "Cc1cc(COc2ccc(NC(=O)[C@@H]3[C@@H](C(N)=O)CCCN3C)cc2)c2ccccc2n1"}, {"smiles": "NO"}]}, {"smiles": "Cc1cc(COc2ccc(NC(=O)[C@@H]3[C@@H](C(=O)NO)CCCN3C)cc2)c2ccccc2n1", "bw_confidence": 0.015286026423524389, "confidence": 0.6813275849671234, "rclass": "7 7.4 7.4.2", "children": [{"smiles": "CO"}, {"smiles": "Cc1cc(COc2ccc(NC(=O)[C@@H]3[C@@H](C(=O)NOC(=O)C(C)(C)C)CCCN3C)cc2)c2ccccc2n1"}, {"smiles": "[OH-]~[Na+]"}]}, {"smiles": "Cc1cc(COc2ccc(NC(=O)[C@@H]3[C@@H](C(=O)NO)CCCN3C)cc2)c2ccccc2n1", "bw_confidence": 0.007665686225024972, "confidence": 0.7649559683181285, "rclass": "3 3.1 3.1.6", "children": [{"smiles": "CB1OB(C)OB(C)O1"}, {"smiles": "CN1CCC[C@H](C(=O)NO)[C@H]1C(=O)Nc1ccc(OCc2cc(Cl)nc3ccccc23)cc1"}]}, {"smiles": "Cc1cc(COc2ccc(NC(=O)[C@@H]3[C@@H](C(=O)NO)CCCN3C)cc2)c2ccccc2n1", "bw_confidence": 0.0044198566059449225, "confidence": 0.5682999181675544, "rclass": "4 4.1 4.1.58", "children": [{"smiles": "CC(=O)CC(=O)COc1ccc(NC(=O)[C@@H]2[C@@H](C(=O)NO)CCCN2C)cc1"}, {"smiles": "Nc1ccccc1"}]}, {"smiles": "Cc1cc(COc2ccc(NC(=O)[C@@H]3[C@@H](C(=O)NO)CCCN3C)cc2)c2ccccc2n1", "bw_confidence": 0.0018957065107672033, "confidence": 0.21569749771570132, "rclass": "11 11.9 11.9", "children": [{"smiles": "CO"}, {"smiles": "Cc1cc(COc2ccc(NC(=O)[C@@H]3[C@@H](C(=O)NO)CCCN3C)cc2)c2ccccc2n1~Cl"}, {"smiles": "O=C=O"}]}], "chem_bw_confidence_list": [0.1122131288380137, 0.08243045946015523, 0.03787461362740837, 0.023846329034805186, 0.01821462643532413, 0.015286026423524389, 0.007665686225024972, 0.0044198566059449225, 0.0018957065107672033], "enzy_template_score_list": [0.15245220065116882, 0.15245220065116882, 0.15245220065116882, 0.15245220065116882, 0.15245220065116882, 0.15245220065116882, 0.15245220065116882, 0.15485017001628876, 0.15485017001628876, 0.15485017001628876, 0.15485017001628876, 0.15485017001628876, 0.15485017001628876, 0.15485017001628876, 0.051760390400886536], "enzy_result": [{"smiles": "Cc1cc(COc2ccc(NC(=O)[C@@H]3[C@@H](C(=O)NO)CCCN3C)cc2)c2c(O)cccc2n1", "smiles_split": ["Cc1cc(COc2ccc(NC(=O)[C@@H]3[C@@H](C(=O)NO)CCCN3C)cc2)c2c(O)cccc2n1"], "mapped_smiles": "[CH3:1][c:2]1[cH:3][c:4]([CH2:5][O:6][c:7]2[cH:8][cH:9][c:10]([NH:11][C:12](=[O:13])[C@@H:14]3[C@@H:15]([C:16](=[O:17])[NH:18][OH:19])[CH2:20][CH2:21][CH2:22][N:23]3[CH3:24])[cH:25][cH:26]2)[c:27]2[c:28]([OH:900])[cH:29][cH:30][cH:31][c:32]2[n:33]1", "reacting_atoms": [28], "template_id": "f53e9cbdf728108a37f743b6e04eb4f2", "template_set": ["bkms", "bkms"], "num_examples": 57, "necessary_reagent": "", "template_score": 0.15245220065116882, "rms_molwt": -464.205969996, "num_rings": -4, "plausibility": 1, "tforms": ["f53e9cbdf728108a37f743b6e04eb4f2", "a4b05d3426bcbccf017b2e46a8dfdb20"], "rank": 1, "score": -2749.725261528821}, {"smiles": "Cc1cc(COc2ccc(NC(=O)[C@@H]3[C@@H](C(=O)NO)CCCN3C)cc2)c2cc(O)ccc2n1", "smiles_split": ["Cc1cc(COc2ccc(NC(=O)[C@@H]3[C@@H](C(=O)NO)CCCN3C)cc2)c2cc(O)ccc2n1"], "mapped_smiles": "[CH3:1][c:2]1[cH:3][c:4]([CH2:5][O:6][c:7]2[cH:8][cH:9][c:10]([NH:11][C:12](=[O:13])[C@@H:14]3[C@@H:15]([C:16](=[O:17])[NH:18][OH:19])[CH2:20][CH2:21][CH2:22][N:23]3[CH3:24])[cH:25][cH:26]2)[c:27]2[cH:28][c:29]([OH:900])[cH:30][cH:31][c:32]2[n:33]1", "reacting_atoms": [29], "template_id": "f53e9cbdf728108a37f743b6e04eb4f2", "template_set": ["bkms"], "num_examples": 56, "necessary_reagent": "", "template_score": 0.15245220065116882, "rms_molwt": -464.205969996, "num_rings": -4, "plausibility": 1, "tforms": ["f53e9cbdf728108a37f743b6e04eb4f2"], "rank": 2, "score": -2749.725261528821}, {"smiles": "Cc1nc2ccccc2c(COc2ccc(NC(=O)[C@@H]3[C@@H](C(=O)NO)CCCN3C)cc2)c1O", "smiles_split": ["Cc1nc2ccccc2c(COc2ccc(NC(=O)[C@@H]3[C@@H](C(=O)NO)CCCN3C)cc2)c1O"], "mapped_smiles": "[CH3:1][c:2]1[c:3]([OH:900])[c:4]([CH2:5][O:6][c:7]2[cH:8][cH:9][c:10]([NH:11][C:12](=[O:13])[C@@H:14]3[C@@H:15]([C:16](=[O:17])[NH:18][OH:19])[CH2:20][CH2:21][CH2:22][N:23]3[CH3:24])[cH:25][cH:26]2)[c:27]2[cH:28][cH:29][cH:30][cH:31][c:32]2[n:33]1", "reacting_atoms": [3], "template_id": "f53e9cbdf728108a37f743b6e04eb4f2", "template_set": ["bkms"], "num_examples": 56, "necessary_reagent": "", "template_score": 0.15245220065116882, "rms_molwt": -464.20596999599996, "num_rings": -4, "plausibility": 1, "tforms": ["f53e9cbdf728108a37f743b6e04eb4f2"], "rank": 3, "score": -2749.725261528821}, {"smiles": "Cc1cc(COc2ccc(NC(=O)[C@@H]3[C@@H](C(=O)NO)CCCN3C)cc2)c2cccc(O)c2n1", "smiles_split": ["Cc1cc(COc2ccc(NC(=O)[C@@H]3[C@@H](C(=O)NO)CCCN3C)cc2)c2cccc(O)c2n1"], "mapped_smiles": "[CH3:1][c:2]1[cH:3][c:4]([CH2:5][O:6][c:7]2[cH:8][cH:9][c:10]([NH:11][C:12](=[O:13])[C@@H:14]3[C@@H:15]([C:16](=[O:17])[NH:18][OH:19])[CH2:20][CH2:21][CH2:22][N:23]3[CH3:24])[cH:25][cH:26]2)[c:27]2[cH:28][cH:29][cH:30][c:31]([OH:900])[c:32]2[n:33]1", "reacting_atoms": [31], "template_id": "f53e9cbdf728108a37f743b6e04eb4f2", "template_set": ["bkms"], "num_examples": 56, "necessary_reagent": "", "template_score": 0.15245220065116882, "rms_molwt": -464.205969996, "num_rings": -4, "plausibility": 1, "tforms": ["f53e9cbdf728108a37f743b6e04eb4f2"], "rank": 4, "score": -2749.725261528821}, {"smiles": "Cc1cc(COc2ccc(NC(=O)[C@@H]3[C@@H](C(=O)NO)CCCN3C)cc2O)c2ccccc2n1", "smiles_split": ["Cc1cc(COc2ccc(NC(=O)[C@@H]3[C@@H](C(=O)NO)CCCN3C)cc2O)c2ccccc2n1"], "mapped_smiles": "[CH3:1][c:2]1[cH:3][c:4]([CH2:5][O:6][c:7]2[cH:8][cH:9][c:10]([NH:11][C:12](=[O:13])[C@@H:14]3[C@@H:15]([C:16](=[O:17])[NH:18][OH:19])[CH2:20][CH2:21][CH2:22][N:23]3[CH3:24])[cH:25][c:26]2[OH:900])[c:27]2[cH:28][cH:29][cH:30][cH:31][c:32]2[n:33]1", "reacting_atoms": [26], "template_id": "f53e9cbdf728108a37f743b6e04eb4f2", "template_set": ["bkms"], "num_examples": 56, "necessary_reagent": "", "template_score": 0.15245220065116882, "rms_molwt": -464.205969996, "num_rings": -4, "plausibility": 1, "tforms": ["f53e9cbdf728108a37f743b6e04eb4f2"], "rank": 5, "score": -2749.725261528821}, {"smiles": "Cc1cc(COc2ccc(NC(=O)[C@@H]3[C@@H](C(=O)NO)CCCN3C)cc2)c2ccc(O)cc2n1", "smiles_split": ["Cc1cc(COc2ccc(NC(=O)[C@@H]3[C@@H](C(=O)NO)CCCN3C)cc2)c2ccc(O)cc2n1"], "mapped_smiles": "[CH3:1][c:2]1[cH:3][c:4]([CH2:5][O:6][c:7]2[cH:8][cH:9][c:10]([NH:11][C:12](=[O:13])[C@@H:14]3[C@@H:15]([C:16](=[O:17])[NH:18][OH:19])[CH2:20][CH2:21][CH2:22][N:23]3[CH3:24])[cH:25][cH:26]2)[c:27]2[cH:28][cH:29][c:30]([OH:900])[cH:31][c:32]2[n:33]1", "reacting_atoms": [30], "template_id": "f53e9cbdf728108a37f743b6e04eb4f2", "template_set": ["bkms", "bkms"], "num_examples": 57, "necessary_reagent": "", "template_score": 0.15245220065116882, "rms_molwt": -464.205969996, "num_rings": -4, "plausibility": 1, "tforms": ["f53e9cbdf728108a37f743b6e04eb4f2", "a4b05d3426bcbccf017b2e46a8dfdb20"], "rank": 6, "score": -2749.725261528821}, {"smiles": "Cc1cc(COc2ccc(NC(=O)[C@@H]3[C@@H](C(=O)NO)CCCN3C)c(O)c2)c2ccccc2n1", "smiles_split": ["Cc1cc(COc2ccc(NC(=O)[C@@H]3[C@@H](C(=O)NO)CCCN3C)c(O)c2)c2ccccc2n1"], "mapped_smiles": "[CH3:1][c:2]1[cH:3][c:4]([CH2:5][O:6][c:7]2[cH:8][cH:9][c:10]([NH:11][C:12](=[O:13])[C@@H:14]3[C@@H:15]([C:16](=[O:17])[NH:18][OH:19])[CH2:20][CH2:21][CH2:22][N:23]3[CH3:24])[c:25]([OH:900])[cH:26]2)[c:27]2[cH:28][cH:29][cH:30][cH:31][c:32]2[n:33]1", "reacting_atoms": [25], "template_id": "f53e9cbdf728108a37f743b6e04eb4f2", "template_set": ["bkms"], "num_examples": 56, "necessary_reagent": "", "template_score": 0.15245220065116882, "rms_molwt": -464.205969996, "num_rings": -4, "plausibility": 1, "tforms": ["f53e9cbdf728108a37f743b6e04eb4f2"], "rank": 7, "score": -2749.725261528821}, {"smiles": "Cc1nc2ccccc2c(COc2ccc(NC(=O)[C@@H]3[C@@H](C(=O)NO)CCCN3C)cc2)c1C(=O)O", "smiles_split": ["Cc1nc2ccccc2c(COc2ccc(NC(=O)[C@@H]3[C@@H](C(=O)NO)CCCN3C)cc2)c1C(=O)O"], "mapped_smiles": "[CH3:1][c:2]1[c:3]([C:901]([OH:900])=[O:902])[c:4]([CH2:5][O:6][c:7]2[cH:8][cH:9][c:10]([NH:11][C:12](=[O:13])[C@@H:14]3[C@@H:15]([C:16](=[O:17])[NH:18][OH:19])[CH2:20][CH2:21][CH2:22][N:23]3[CH3:24])[cH:25][cH:26]2)[c:27]2[cH:28][cH:29][cH:30][cH:31][c:32]2[n:33]1", "reacting_atoms": [3], "template_id": "7b224edf0386a32c82063499cfe171fd", "template_set": ["bkms"], "num_examples": 23, "necessary_reagent": "", "template_score": 0.15485017001628876, "rms_molwt": -492.20088461599994, "num_rings": -4, "plausibility": 1, "tforms": ["7b224edf0386a32c82063499cfe171fd"], "rank": 8, "score": -2936.3670599061616}, {"smiles": "Cc1cc(COc2ccc(NC(=O)[C@@H]3[C@@H](C(=O)NO)CCCN3C)c(C(=O)O)c2)c2ccccc2n1", "smiles_split": ["Cc1cc(COc2ccc(NC(=O)[C@@H]3[C@@H](C(=O)NO)CCCN3C)c(C(=O)O)c2)c2ccccc2n1"], "mapped_smiles": "[CH3:1][c:2]1[cH:3][c:4]([CH2:5][O:6][c:7]2[cH:8][cH:9][c:10]([NH:11][C:12](=[O:13])[C@@H:14]3[C@@H:15]([C:16](=[O:17])[NH:18][OH:19])[CH2:20][CH2:21][CH2:22][N:23]3[CH3:24])[c:25]([C:901]([OH:900])=[O:902])[cH:26]2)[c:27]2[cH:28][cH:29][cH:30][cH:31][c:32]2[n:33]1", "reacting_atoms": [25], "template_id": "7b224edf0386a32c82063499cfe171fd", "template_set": ["bkms"], "num_examples": 23, "necessary_reagent": "", "template_score": 0.15485017001628876, "rms_molwt": -492.200884616, "num_rings": -4, "plausibility": 1, "tforms": ["7b224edf0386a32c82063499cfe171fd"], "rank": 9, "score": -2936.3670599061616}, {"smiles": "Cc1cc(COc2ccc(NC(=O)[C@@H]3[C@@H](C(=O)NO)CCCN3C)cc2)c2cccc(C(=O)O)c2n1", "smiles_split": ["Cc1cc(COc2ccc(NC(=O)[C@@H]3[C@@H](C(=O)NO)CCCN3C)cc2)c2cccc(C(=O)O)c2n1"], "mapped_smiles": "[CH3:1][c:2]1[cH:3][c:4]([CH2:5][O:6][c:7]2[cH:8][cH:9][c:10]([NH:11][C:12](=[O:13])[C@@H:14]3[C@@H:15]([C:16](=[O:17])[NH:18][OH:19])[CH2:20][CH2:21][CH2:22][N:23]3[CH3:24])[cH:25][cH:26]2)[c:27]2[cH:28][cH:29][cH:30][c:31]([C:901]([OH:900])=[O:902])[c:32]2[n:33]1", "reacting_atoms": [31], "template_id": "7b224edf0386a32c82063499cfe171fd", "template_set": ["bkms"], "num_examples": 23, "necessary_reagent": "", "template_score": 0.15485017001628876, "rms_molwt": -492.200884616, "num_rings": -4, "plausibility": 1, "tforms": ["7b224edf0386a32c82063499cfe171fd"], "rank": 10, "score": -2936.3670599061616}, {"smiles": "Cc1cc(COc2ccc(NC(=O)[C@@H]3[C@@H](C(=O)NO)CCCN3C)cc2)c2cc(C(=O)O)ccc2n1", "smiles_split": ["Cc1cc(COc2ccc(NC(=O)[C@@H]3[C@@H](C(=O)NO)CCCN3C)cc2)c2cc(C(=O)O)ccc2n1"], "mapped_smiles": "[CH3:1][c:2]1[cH:3][c:4]([CH2:5][O:6][c:7]2[cH:8][cH:9][c:10]([NH:11][C:12](=[O:13])[C@@H:14]3[C@@H:15]([C:16](=[O:17])[NH:18][OH:19])[CH2:20][CH2:21][CH2:22][N:23]3[CH3:24])[cH:25][cH:26]2)[c:27]2[cH:28][c:29]([C:901]([OH:900])=[O:902])[cH:30][cH:31][c:32]2[n:33]1", "reacting_atoms": [29], "template_id": "7b224edf0386a32c82063499cfe171fd", "template_set": ["bkms"], "num_examples": 23, "necessary_reagent": "", "template_score": 0.15485017001628876, "rms_molwt": -492.200884616, "num_rings": -4, "plausibility": 1, "tforms": ["7b224edf0386a32c82063499cfe171fd"], "rank": 11, "score": -2936.3670599061616}, {"smiles": "Cc1cc(COc2ccc(NC(=O)[C@@H]3[C@@H](C(=O)NO)CCCN3C)cc2C(=O)O)c2ccccc2n1", "smiles_split": ["Cc1cc(COc2ccc(NC(=O)[C@@H]3[C@@H](C(=O)NO)CCCN3C)cc2C(=O)O)c2ccccc2n1"], "mapped_smiles": "[CH3:1][c:2]1[cH:3][c:4]([CH2:5][O:6][c:7]2[cH:8][cH:9][c:10]([NH:11][C:12](=[O:13])[C@@H:14]3[C@@H:15]([C:16](=[O:17])[NH:18][OH:19])[CH2:20][CH2:21][CH2:22][N:23]3[CH3:24])[cH:25][c:26]2[C:901]([OH:900])=[O:902])[c:27]2[cH:28][cH:29][cH:30][cH:31][c:32]2[n:33]1", "reacting_atoms": [26], "template_id": "7b224edf0386a32c82063499cfe171fd", "template_set": ["bkms"], "num_examples": 23, "necessary_reagent": "", "template_score": 0.15485017001628876, "rms_molwt": -492.200884616, "num_rings": -4, "plausibility": 1, "tforms": ["7b224edf0386a32c82063499cfe171fd"], "rank": 12, "score": -2936.3670599061616}, {"smiles": "Cc1cc(COc2ccc(NC(=O)[C@@H]3[C@@H](C(=O)NO)CCCN3C)cc2)c2ccc(C(=O)O)cc2n1", "smiles_split": ["Cc1cc(COc2ccc(NC(=O)[C@@H]3[C@@H](C(=O)NO)CCCN3C)cc2)c2ccc(C(=O)O)cc2n1"], "mapped_smiles": "[CH3:1][c:2]1[cH:3][c:4]([CH2:5][O:6][c:7]2[cH:8][cH:9][c:10]([NH:11][C:12](=[O:13])[C@@H:14]3[C@@H:15]([C:16](=[O:17])[NH:18][OH:19])[CH2:20][CH2:21][CH2:22][N:23]3[CH3:24])[cH:25][cH:26]2)[c:27]2[cH:28][cH:29][c:30]([C:901]([OH:900])=[O:902])[cH:31][c:32]2[n:33]1", "reacting_atoms": [30], "template_id": "7b224edf0386a32c82063499cfe171fd", "template_set": ["bkms"], "num_examples": 23, "necessary_reagent": "", "template_score": 0.15485017001628876, "rms_molwt": -492.200884616, "num_rings": -4, "plausibility": 1, "tforms": ["7b224edf0386a32c82063499cfe171fd"], "rank": 13, "score": -2936.3670599061616}, {"smiles": "Cc1cc(COc2ccc(NC(=O)[C@@H]3[C@@H](C(=O)NO)CCCN3C)cc2)c2c(C(=O)O)cccc2n1", "smiles_split": ["Cc1cc(COc2ccc(NC(=O)[C@@H]3[C@@H](C(=O)NO)CCCN3C)cc2)c2c(C(=O)O)cccc2n1"], "mapped_smiles": "[CH3:1][c:2]1[cH:3][c:4]([CH2:5][O:6][c:7]2[cH:8][cH:9][c:10]([NH:11][C:12](=[O:13])[C@@H:14]3[C@@H:15]([C:16](=[O:17])[NH:18][OH:19])[CH2:20][CH2:21][CH2:22][N:23]3[CH3:24])[cH:25][cH:26]2)[c:27]2[c:28]([C:901]([OH:900])=[O:902])[cH:29][cH:30][cH:31][c:32]2[n:33]1", "reacting_atoms": [28], "template_id": "7b224edf0386a32c82063499cfe171fd", "template_set": ["bkms"], "num_examples": 23, "necessary_reagent": "", "template_score": 0.15485017001628876, "rms_molwt": -492.200884616, "num_rings": -4, "plausibility": 1, "tforms": ["7b224edf0386a32c82063499cfe171fd"], "rank": 14, "score": -2936.3670599061616}, {"smiles": "Cc1cc(COc2ccc(NC(=O)[C@@H]3[C@@H](C(=O)NO)CCCN3C)c(Cl)c2)c2ccccc2n1", "smiles_split": ["Cc1cc(COc2ccc(NC(=O)[C@@H]3[C@@H](C(=O)NO)CCCN3C)c(Cl)c2)c2ccccc2n1"], "mapped_smiles": "[CH3:1][c:2]1[cH:3][c:4]([CH2:5][O:6][c:7]2[cH:8][cH:9][c:10]([NH:11][C:12](=[O:13])[C@@H:14]3[C@@H:15]([C:16](=[O:17])[NH:18][OH:19])[CH2:20][CH2:21][CH2:22][N:23]3[CH3:24])[c:25]([Cl:900])[cH:26]2)[c:27]2[cH:28][cH:29][cH:30][cH:31][c:32]2[n:33]1", "reacting_atoms": [25], "template_id": "13444016d1e7c68bbdf8f2aa3af2798d", "template_set": ["bkms"], "num_examples": 9, "necessary_reagent": "", "template_score": 0.051760390400886536, "rms_molwt": -482.1720830240001, "num_rings": -4, "plausibility": 1, "tforms": ["13444016d1e7c68bbdf8f2aa3af2798d"], "rank": 15, "score": -8098.889209672568}]}