{"smiles": "CC1(C)C[C@H]2C3=CC[C@@H]4[C@@]5(C)CC[C@@H](O[C@@H]6O[C@H](C(=O)O)[C@@H](O)[C@@H](O)[C@@H]6O)[C@@](C)(CO)[C@@H]5CC[C@@]4(C)[C@@]3(C)CC[C@@]2(C)[C@H](O)C1", "sfscore": [0.38506999611854553, 0.6850371956825256], "chem_result": [{"smiles": "CC1(C)C[C@H]2C3=CC[C@@H]4[C@@]5(C)CC[C@@H](O[C@@H]6O[C@H](C(=O)O)[C@@H](O)[C@@H](O)[C@@H]6O)[C@@](C)(CO)[C@@H]5CC[C@@]4(C)[C@@]3(C)CC[C@@]2(C)[C@H](O)C1", "bw_confidence": 0.03638823748122855, "confidence": 0.04035555335216425, "rclass": "1 1.7 1.7.9", "children": [{"smiles": "CC1(C)C[C@H]2C3=CC[C@@H]4[C@@]5(C)CC[C@@H](O)[C@@](C)(CO)[C@@H]5CC[C@@]4(C)[C@@]3(C)CC[C@@]2(C)[C@H](O)C1"}, {"smiles": "O=C(O)[C@H]1O[C@H](Br)[C@@H](O)[C@@H](O)[C@@H]1O"}]}, {"smiles": "CC1(C)C[C@H]2C3=CC[C@@H]4[C@@]5(C)CC[C@@H](O[C@@H]6O[C@H](C(=O)O)[C@@H](O)[C@@H](O)[C@@H]6O)[C@@](C)(CO)[C@@H]5CC[C@@]4(C)[C@@]3(C)CC[C@@]2(C)[C@H](O)C1", "bw_confidence": 0.018496635548039212, "confidence": 0.11134521511389663, "rclass": "7 7.5 7.5.1", "children": [{"smiles": "CC1(C)CC(=O)[C@]2(C)CC[C@@]3(C)C(=CC[C@@H]4[C@@]5(C)CC[C@@H](O[C@@H]6O[C@H](C(=O)O)[C@@H](O)[C@@H](O)[C@@H]6O)[C@@](C)(CO)[C@@H]5CC[C@]43C)[C@@H]2C1"}, {"smiles": "[BH4-]~[Na+]"}]}, {"smiles": "CC1(C)C[C@H]2C3=CC[C@@H]4[C@@]5(C)CC[C@@H](O[C@@H]6O[C@H](C(=O)O)[C@@H](O)[C@@H](O)[C@@H]6O)[C@@](C)(CO)[C@@H]5CC[C@@]4(C)[C@@]3(C)CC[C@@]2(C)[C@H](O)C1", "bw_confidence": 0.018268242062499662, "confidence": 0.23922114218724386, "rclass": "11 11.9 11.9", "children": [{"smiles": "CC1(C)C[C@H]2C3=CC[C@@H]4[C@@]5(C)CC[C@@H](O[C@@H]6O[C@H](C(=O)O)[C@@H](O)[C@@H](O)[C@@H]6O)[C@@](C)(CO)[C@@H]5CC[C@@]4(C)[C@@]3(C)CC[C@@]2(C)[C@H](O)C1~Cl"}, {"smiles": "O"}]}, {"smiles": "CC1(C)C[C@H]2C3=CC[C@@H]4[C@@]5(C)CC[C@@H](O[C@@H]6O[C@H](C(=O)O)[C@@H](O)[C@@H](O)[C@@H]6O)[C@@](C)(CO)[C@@H]5CC[C@@]4(C)[C@@]3(C)CC[C@@]2(C)[C@H](O)C1", "bw_confidence": 0.010561152460287184, "confidence": 0.021086313509691337, "rclass": "0 0 0", "children": [{"smiles": "CC1(C)C[C@H]2C3=CC[C@@H]4[C@@]5(C)CC[C@@H](O[C@@H]6O[C@H](C(=O)O)[C@@H](O)[C@@H](O)[C@@H]6O)[C@@](C)(CO)[C@@H]5CC[C@@]4(C)[C@@]3(C)CC[C@@]2(C)[C@H](O)C1"}, {"smiles": "CC1(C)C[C@H]2C3=CC[C@@H]4[C@@]5(C)CC[C@@H](O[C@@H]6O[C@H](C(=O)O)[C@@H](O)[C@@H](O)[C@@H]6O)[C@@](C)(CO)[C@@H]5CC[C@@]4(C)[C@@]3(C)CC[C@@]2(C)[C@H](O)C1"}]}, {"smiles": "CC1(C)C[C@H]2C3=CC[C@@H]4[C@@]5(C)CC[C@@H](O[C@@H]6O[C@H](C(=O)O)[C@@H](O)[C@@H](O)[C@@H]6O)[C@@](C)(CO)[C@@H]5CC[C@@]4(C)[C@@]3(C)CC[C@@]2(C)[C@H](O)C1", "bw_confidence": 0.0077513144375437, "confidence": 0.0611021651480019, "rclass": "8 8.3 8.3.1", "children": [{"smiles": "CC1(C)C[C@H]2C3=CC[C@@H]4[C@@]5(C)CC[C@@H](O[C@@H]6O[C@H](CO)[C@@H](O)[C@@H](O)[C@@H]6O)[C@@](C)(CO)[C@@H]5CC[C@@]4(C)[C@@]3(C)CC[C@@]2(C)[C@H](O)C1"}, {"smiles": "CCC[N+](CCC)(CCC)CCC~O=[Ru](=O)(=O)[O-]"}, {"smiles": "C[N+]1([O-])CCOCC1"}, {"smiles": "ClCCl"}]}, {"smiles": "CC1(C)C[C@H]2C3=CC[C@@H]4[C@@]5(C)CC[C@@H](O[C@@H]6O[C@H](C(=O)O)[C@@H](O)[C@@H](O)[C@@H]6O)[C@@](C)(CO)[C@@H]5CC[C@@]4(C)[C@@]3(C)CC[C@@]2(C)[C@H](O)C1", "bw_confidence": 0.0070283772309634755, "confidence": 0.2836819949229115, "rclass": "9 9.4 9.4.1", "children": [{"smiles": "CC1(C)C[C@H]2C3=CC[C@@H]4[C@@]5(C)CC[C@@H](O[C@@H]6O[C@H](C#N)[C@@H](O)[C@@H](O)[C@@H]6O)[C@@](C)(CO)[C@@H]5CC[C@@]4(C)[C@@]3(C)CC[C@@]2(C)[C@H](O)C1"}, {"smiles": "CCO"}, {"smiles": "[OH-]~[Na+]"}]}, {"smiles": "CC1(C)C[C@H]2C3=CC[C@@H]4[C@@]5(C)CC[C@@H](O[C@@H]6O[C@H](C(=O)O)[C@@H](O)[C@@H](O)[C@@H]6O)[C@@](C)(CO)[C@@H]5CC[C@@]4(C)[C@@]3(C)CC[C@@]2(C)[C@H](O)C1", "bw_confidence": 0.005944303784708816, "confidence": 0.0898812650751118, "rclass": "11 11.5 11.5", "children": [{"smiles": "CC1(C)C[C@H]2C3=CC[C@@H]4[C@@]5(C)CC[C@@H](O[C@@H]6O[C@H](C(=O)O)[C@@H](O)[C@@H](O)[C@@H]6O)[C@@](C)(CO)[C@@H]5CC[C@@]4(C)[C@@]3(C)CC[C@@]2(C)[C@H](O)C1"}, {"smiles": "[OH-]~[Na+]"}]}, {"smiles": "CC1(C)C[C@H]2C3=CC[C@@H]4[C@@]5(C)CC[C@@H](O[C@@H]6O[C@H](C(=O)O)[C@@H](O)[C@@H](O)[C@@H]6O)[C@@](C)(CO)[C@@H]5CC[C@@]4(C)[C@@]3(C)CC[C@@]2(C)[C@H](O)C1", "bw_confidence": 0.005633911806618937, "confidence": 0.004107462582469454, "rclass": "0 0 0", "children": [{"smiles": "C=O"}, {"smiles": "CC1(C)C[C@H]2C3=CC[C@@H]4[C@@]5(C)CC[C@@H](O[C@@H]6O[C@H](C(=O)O)[C@@H](O)[C@@H](O)[C@@H]6O)[C@@](C)(CO)[C@@H]5CC[C@@]4(C)[C@@]3(C)CC[C@@]2(C)[C@H](O)C1"}]}, {"smiles": "CC1(C)C[C@H]2C3=CC[C@@H]4[C@@]5(C)CC[C@@H](O[C@@H]6O[C@H](C(=O)O)[C@@H](O)[C@@H](O)[C@@H]6O)[C@@](C)(CO)[C@@H]5CC[C@@]4(C)[C@@]3(C)CC[C@@]2(C)[C@H](O)C1", "bw_confidence": 0.004283504242204893, "confidence": 0.1747719070737334, "rclass": "6 6.3 6.3.17", "children": [{"smiles": "CC1(C)C[C@H]2C3=CC[C@@H]4[C@@]5(C)CC[C@@H](O[C@@H]6O[C@H](C(=O)O)[C@@H](O)[C@@H](O)[C@@H]6O)[C@@](C)(CO)[C@@H]5CC[C@@]4(C)[C@@]3(C)CC[C@@]2(C)[C@H](OC(=O)c2ccccc2)C1"}, {"smiles": "CO"}, {"smiles": "[OH-]~[Na+]"}]}, {"smiles": "CC1(C)C[C@H]2C3=CC[C@@H]4[C@@]5(C)CC[C@@H](O[C@@H]6O[C@H](C(=O)O)[C@@H](O)[C@@H](O)[C@@H]6O)[C@@](C)(CO)[C@@H]5CC[C@@]4(C)[C@@]3(C)CC[C@@]2(C)[C@H](O)C1", "bw_confidence": 0.0012169080849986746, "confidence": 0.15528801480527724, "rclass": "0 0 0", "children": [{"smiles": "CC1(C)C[C@H]2C3=CC[C@@H]4[C@@]5(C)CC[C@@H](O[C@@H]6O[C@H](C(=O)[O-])[C@@H](O)[C@@H](O)[C@@H]6O)[C@@](C)(CO)[C@@H]5CC[C@@]4(C)[C@@]3(C)CC[C@@]2(C)[C@H](O)C1"}, {"smiles": "CO"}, {"smiles": "Cl"}, {"smiles": "[OH-]~[Na+]"}]}, {"smiles": "CC1(C)C[C@H]2C3=CC[C@@H]4[C@@]5(C)CC[C@@H](O[C@@H]6O[C@H](C(=O)O)[C@@H](O)[C@@H](O)[C@@H]6O)[C@@](C)(CO)[C@@H]5CC[C@@]4(C)[C@@]3(C)CC[C@@]2(C)[C@H](O)C1", "bw_confidence": 9.608928981506909e-05, "confidence": 0.03345236349700428, "rclass": "11 11.5 11.5", "children": [{"smiles": "C1CCOC1"}, {"smiles": "CC1(C)C[C@H]2C3=CC[C@@H]4[C@@]5(C)CC[C@@H](O[C@@H]6O[C@H](C(=O)O)[C@@H](O)[C@@H](O)[C@@H]6O)[C@@](C)(CO)[C@@H]5CC[C@@]4(C)[C@@]3(C)CC[C@@]2(C)[C@H](O)C1"}, {"smiles": "CCCC[N+](CCCC)(CCCC)CCCC~[F-]"}]}], "chem_bw_confidence_list": [0.03638823748122855, 0.018496635548039212, 0.018268242062499662, 0.010561152460287184, 0.0077513144375437, 0.0070283772309634755, 0.005944303784708816, 0.005633911806618937, 0.004283504242204893, 0.0012169080849986746, 9.608928981506909e-05], "enzy_template_score_list": [0.32670554518699646, 0.32670554518699646, 0.32670554518699646, 0.32670554518699646, 0.32670554518699646, 0.32670554518699646, 0.13832208514213562, 0.13832208514213562, 0.13832208514213562, 0.13832208514213562, 0.13832208514213562, 0.13832208514213562, 0.05044401064515114, 0.05044401064515114, 0.05044401064515114], "enzy_result": [{"smiles": "CC1(C)C[C@H]2C3=CC[C@@H]4[C@@]5(C)CC[C@@H](O[C@@H]6O[C@H](C(=O)O[C@@H]7O[C@H](CO)[C@@H](O)[C@H](O)[C@H]7O)[C@@H](O)[C@@H](O)[C@@H]6O)[C@@](C)(CO)[C@@H]5CC[C@@]4(C)[C@@]3(C)CC[C@@]2(C)[C@H](O)C1", "smiles_split": ["CC1(C)C[C@H]2C3=CC[C@@H]4[C@@]5(C)CC[C@@H](O[C@@H]6O[C@H](C(=O)O[C@@H]7O[C@H](CO)[C@@H](O)[C@H](O)[C@H]7O)[C@@H](O)[C@@H](O)[C@@H]6O)[C@@](C)(CO)[C@@H]5CC[C@@]4(C)[C@@]3(C)CC[C@@]2(C)[C@H](O)C1"], "mapped_smiles": "[CH3:1][C:2]1([CH3:3])[CH2:4][C@H:5]2[C:6]3=[CH:7][CH2:8][C@@H:9]4[C@@:10]5([CH3:11])[CH2:12][CH2:13][C@@H:14]([O:15][C@@H:16]6[O:17][C@H:18]([C:19](=[O:20])[O:21][C@@H:904]7[O:903][C@H:902]([CH2:901][OH:900])[C@@H:909]([OH:910])[C@H:907]([OH:908])[C@H:905]7[OH:906])[C@@H:22]([OH:23])[C@@H:24]([OH:25])[C@@H:26]6[OH:27])[C@@:28]([CH3:29])([CH2:30][OH:31])[C@@H:32]5[CH2:33][CH2:34][C@@:35]4([CH3:36])[C@@:37]3([CH3:38])[CH2:39][CH2:40][C@@:41]2([CH3:42])[C@H:43]([OH:44])[CH2:45]1", "reacting_atoms": [21], "template_id": "b6e0cd700179bb80791b33730d6bcae3", "template_set": ["bkms"], "num_examples": 42, "necessary_reagent": "", "template_score": 0.32670554518699646, "rms_molwt": -796.4609068559998, "num_rings": -7, "plausibility": 1, "tforms": ["b6e0cd700179bb80791b33730d6bcae3"], "rank": 1, "score": -5731.090317669663}, {"smiles": "CC1(C)C[C@H]2C3=CC[C@@H]4[C@@]5(C)CC[C@@H](O[C@@H]6O[C@H](C(=O)O)[C@@H](O)[C@@H](O)[C@@H]6O[C@@H]6O[C@H](CO)[C@@H](O)[C@H](O)[C@H]6O)[C@@](C)(CO)[C@@H]5CC[C@@]4(C)[C@@]3(C)CC[C@@]2(C)[C@H](O)C1", "smiles_split": ["CC1(C)C[C@H]2C3=CC[C@@H]4[C@@]5(C)CC[C@@H](O[C@@H]6O[C@H](C(=O)O)[C@@H](O)[C@@H](O)[C@@H]6O[C@@H]6O[C@H](CO)[C@@H](O)[C@H](O)[C@H]6O)[C@@](C)(CO)[C@@H]5CC[C@@]4(C)[C@@]3(C)CC[C@@]2(C)[C@H](O)C1"], "mapped_smiles": "[CH3:1][C:2]1([CH3:3])[CH2:4][C@H:5]2[C:6]3=[CH:7][CH2:8][C@@H:9]4[C@@:10]5([CH3:11])[CH2:12][CH2:13][C@@H:14]([O:15][C@@H:16]6[O:17][C@H:18]([C:19](=[O:20])[OH:21])[C@@H:22]([OH:23])[C@@H:24]([OH:25])[C@@H:26]6[O:27][C@@H:904]6[O:903][C@H:902]([CH2:901][OH:900])[C@@H:909]([OH:910])[C@H:907]([OH:908])[C@H:905]6[OH:906])[C@@:28]([CH3:29])([CH2:30][OH:31])[C@@H:32]5[CH2:33][CH2:34][C@@:35]4([CH3:36])[C@@:37]3([CH3:38])[CH2:39][CH2:40][C@@:41]2([CH3:42])[C@H:43]([OH:44])[CH2:45]1", "reacting_atoms": [27, 26], "template_id": "b6e0cd700179bb80791b33730d6bcae3", "template_set": ["bkms"], "num_examples": 42, "necessary_reagent": "", "template_score": 0.32670554518699646, "rms_molwt": -796.4609068559998, "num_rings": -7, "plausibility": 1, "tforms": ["b6e0cd700179bb80791b33730d6bcae3"], "rank": 2, "score": -5731.090317669663}, {"smiles": "CC1(C)C[C@H]2C3=CC[C@@H]4[C@@]5(C)CC[C@@H](O[C@@H]6O[C@H](C(=O)O)[C@@H](O)[C@@H](O)[C@@H]6O)[C@@](C)(CO)[C@@H]5CC[C@@]4(C)[C@@]3(C)CC[C@@]2(C)[C@H](O[C@@H]2O[C@H](CO)[C@@H](O)[C@H](O)[C@H]2O)C1", "smiles_split": ["CC1(C)C[C@H]2C3=CC[C@@H]4[C@@]5(C)CC[C@@H](O[C@@H]6O[C@H](C(=O)O)[C@@H](O)[C@@H](O)[C@@H]6O)[C@@](C)(CO)[C@@H]5CC[C@@]4(C)[C@@]3(C)CC[C@@]2(C)[C@H](O[C@@H]2O[C@H](CO)[C@@H](O)[C@H](O)[C@H]2O)C1"], "mapped_smiles": "[CH3:1][C:2]1([CH3:3])[CH2:4][C@H:5]2[C:6]3=[CH:7][CH2:8][C@@H:9]4[C@@:10]5([CH3:11])[CH2:12][CH2:13][C@@H:14]([O:15][C@@H:16]6[O:17][C@H:18]([C:19](=[O:20])[OH:21])[C@@H:22]([OH:23])[C@@H:24]([OH:25])[C@@H:26]6[OH:27])[C@@:28]([CH3:29])([CH2:30][OH:31])[C@@H:32]5[CH2:33][CH2:34][C@@:35]4([CH3:36])[C@@:37]3([CH3:38])[CH2:39][CH2:40][C@@:41]2([CH3:42])[C@H:43]([O:44][C@@H:904]2[O:903][C@H:902]([CH2:901][OH:900])[C@@H:909]([OH:910])[C@H:907]([OH:908])[C@H:905]2[OH:906])[CH2:45]1", "reacting_atoms": [44, 43], "template_id": "b6e0cd700179bb80791b33730d6bcae3", "template_set": ["bkms"], "num_examples": 42, "necessary_reagent": "", "template_score": 0.32670554518699646, "rms_molwt": -796.4609068560001, "num_rings": -7, "plausibility": 1, "tforms": ["b6e0cd700179bb80791b33730d6bcae3"], "rank": 3, "score": -5731.090317669663}, {"smiles": "CC1(C)C[C@H]2C3=CC[C@@H]4[C@@]5(C)CC[C@@H](O[C@@H]6O[C@H](C(=O)O)[C@@H](O[C@@H]7O[C@H](CO)[C@@H](O)[C@H](O)[C@H]7O)[C@@H](O)[C@@H]6O)[C@@](C)(CO)[C@@H]5CC[C@@]4(C)[C@@]3(C)CC[C@@]2(C)[C@H](O)C1", "smiles_split": ["CC1(C)C[C@H]2C3=CC[C@@H]4[C@@]5(C)CC[C@@H](O[C@@H]6O[C@H](C(=O)O)[C@@H](O[C@@H]7O[C@H](CO)[C@@H](O)[C@H](O)[C@H]7O)[C@@H](O)[C@@H]6O)[C@@](C)(CO)[C@@H]5CC[C@@]4(C)[C@@]3(C)CC[C@@]2(C)[C@H](O)C1"], "mapped_smiles": "[CH3:1][C:2]1([CH3:3])[CH2:4][C@H:5]2[C:6]3=[CH:7][CH2:8][C@@H:9]4[C@@:10]5([CH3:11])[CH2:12][CH2:13][C@@H:14]([O:15][C@@H:16]6[O:17][C@H:18]([C:19](=[O:20])[OH:21])[C@@H:22]([O:23][C@@H:904]7[O:903][C@H:902]([CH2:901][OH:900])[C@@H:909]([OH:910])[C@H:907]([OH:908])[C@H:905]7[OH:906])[C@@H:24]([OH:25])[C@@H:26]6[OH:27])[C@@:28]([CH3:29])([CH2:30][OH:31])[C@@H:32]5[CH2:33][CH2:34][C@@:35]4([CH3:36])[C@@:37]3([CH3:38])[CH2:39][CH2:40][C@@:41]2([CH3:42])[C@H:43]([OH:44])[CH2:45]1", "reacting_atoms": [23, 22], "template_id": "b6e0cd700179bb80791b33730d6bcae3", "template_set": ["bkms"], "num_examples": 42, "necessary_reagent": "", "template_score": 0.32670554518699646, "rms_molwt": -796.4609068559998, "num_rings": -7, "plausibility": 1, "tforms": ["b6e0cd700179bb80791b33730d6bcae3"], "rank": 4, "score": -5731.090317669663}, {"smiles": "CC1(C)C[C@H]2C3=CC[C@@H]4[C@@]5(C)CC[C@@H](O[C@@H]6O[C@H](C(=O)O)[C@@H](O)[C@@H](O[C@@H]7O[C@H](CO)[C@@H](O)[C@H](O)[C@H]7O)[C@@H]6O)[C@@](C)(CO)[C@@H]5CC[C@@]4(C)[C@@]3(C)CC[C@@]2(C)[C@H](O)C1", "smiles_split": ["CC1(C)C[C@H]2C3=CC[C@@H]4[C@@]5(C)CC[C@@H](O[C@@H]6O[C@H](C(=O)O)[C@@H](O)[C@@H](O[C@@H]7O[C@H](CO)[C@@H](O)[C@H](O)[C@H]7O)[C@@H]6O)[C@@](C)(CO)[C@@H]5CC[C@@]4(C)[C@@]3(C)CC[C@@]2(C)[C@H](O)C1"], "mapped_smiles": "[CH3:1][C:2]1([CH3:3])[CH2:4][C@H:5]2[C:6]3=[CH:7][CH2:8][C@@H:9]4[C@@:10]5([CH3:11])[CH2:12][CH2:13][C@@H:14]([O:15][C@@H:16]6[O:17][C@H:18]([C:19](=[O:20])[OH:21])[C@@H:22]([OH:23])[C@@H:24]([O:25][C@@H:904]7[O:903][C@H:902]([CH2:901][OH:900])[C@@H:909]([OH:910])[C@H:907]([OH:908])[C@H:905]7[OH:906])[C@@H:26]6[OH:27])[C@@:28]([CH3:29])([CH2:30][OH:31])[C@@H:32]5[CH2:33][CH2:34][C@@:35]4([CH3:36])[C@@:37]3([CH3:38])[CH2:39][CH2:40][C@@:41]2([CH3:42])[C@H:43]([OH:44])[CH2:45]1", "reacting_atoms": [25, 24], "template_id": "b6e0cd700179bb80791b33730d6bcae3", "template_set": ["bkms"], "num_examples": 42, "necessary_reagent": "", "template_score": 0.32670554518699646, "rms_molwt": -796.4609068559998, "num_rings": -7, "plausibility": 1, "tforms": ["b6e0cd700179bb80791b33730d6bcae3"], "rank": 5, "score": -5731.090317669663}, {"smiles": "CC1(C)C[C@H]2C3=CC[C@@H]4[C@@]5(C)CC[C@@H](O[C@@H]6O[C@H](C(=O)O)[C@@H](O)[C@@H](O)[C@@H]6O)[C@@](C)(CO[C@@H]6O[C@H](CO)[C@@H](O)[C@H](O)[C@H]6O)[C@@H]5CC[C@@]4(C)[C@@]3(C)CC[C@@]2(C)[C@H](O)C1", "smiles_split": ["CC1(C)C[C@H]2C3=CC[C@@H]4[C@@]5(C)CC[C@@H](O[C@@H]6O[C@H](C(=O)O)[C@@H](O)[C@@H](O)[C@@H]6O)[C@@](C)(CO[C@@H]6O[C@H](CO)[C@@H](O)[C@H](O)[C@H]6O)[C@@H]5CC[C@@]4(C)[C@@]3(C)CC[C@@]2(C)[C@H](O)C1"], "mapped_smiles": "[CH3:1][C:2]1([CH3:3])[CH2:4][C@H:5]2[C:6]3=[CH:7][CH2:8][C@@H:9]4[C@@:10]5([CH3:11])[CH2:12][CH2:13][C@@H:14]([O:15][C@@H:16]6[O:17][C@H:18]([C:19](=[O:20])[OH:21])[C@@H:22]([OH:23])[C@@H:24]([OH:25])[C@@H:26]6[OH:27])[C@@:28]([CH3:29])([CH2:30][O:31][C@@H:904]6[O:903][C@H:902]([CH2:901][OH:900])[C@@H:909]([OH:910])[C@H:907]([OH:908])[C@H:905]6[OH:906])[C@@H:32]5[CH2:33][CH2:34][C@@:35]4([CH3:36])[C@@:37]3([CH3:38])[CH2:39][CH2:40][C@@:41]2([CH3:42])[C@H:43]([OH:44])[CH2:45]1", "reacting_atoms": [31], "template_id": "b6e0cd700179bb80791b33730d6bcae3", "template_set": ["bkms"], "num_examples": 42, "necessary_reagent": "", "template_score": 0.32670554518699646, "rms_molwt": -796.4609068559998, "num_rings": -7, "plausibility": 1, "tforms": ["b6e0cd700179bb80791b33730d6bcae3"], "rank": 6, "score": -5731.090317669663}, {"smiles": "CC1(C)C[C@H]2C3=CC[C@@H]4[C@@]5(C)CC[C@@H](O[C@@H]6O[C@H](C(=O)O)[C@@H](O)[C@@H](OP(=O)(O)O)[C@@H]6O)[C@@](C)(CO)[C@@H]5CC[C@@]4(C)[C@@]3(C)CC[C@@]2(C)[C@H](O)C1", "smiles_split": ["CC1(C)C[C@H]2C3=CC[C@@H]4[C@@]5(C)CC[C@@H](O[C@@H]6O[C@H](C(=O)O)[C@@H](O)[C@@H](OP(=O)(O)O)[C@@H]6O)[C@@](C)(CO)[C@@H]5CC[C@@]4(C)[C@@]3(C)CC[C@@]2(C)[C@H](O)C1"], "mapped_smiles": "[CH3:1][C:2]1([CH3:3])[CH2:4][C@H:5]2[C:6]3=[CH:7][CH2:8][C@@H:9]4[C@@:10]5([CH3:11])[CH2:12][CH2:13][C@@H:14]([O:15][C@@H:16]6[O:17][C@H:18]([C:19](=[O:20])[OH:21])[C@@H:22]([OH:23])[C@@H:24]([O:25][P:901]([OH:900])([OH:902])=[O:903])[C@@H:26]6[OH:27])[C@@:28]([CH3:29])([CH2:30][OH:31])[C@@H:32]5[CH2:33][CH2:34][C@@:35]4([CH3:36])[C@@:37]3([CH3:38])[CH2:39][CH2:40][C@@:41]2([CH3:42])[C@H:43]([OH:44])[CH2:45]1", "reacting_atoms": [25, 24], "template_id": "65bf7618263ef0544bfb3455ab5e0cbc", "template_set": ["bkms"], "num_examples": 167, "necessary_reagent": "", "template_score": 0.13832208514213562, "rms_molwt": -714.3744139579999, "num_rings": -6, "plausibility": 1, "tforms": ["65bf7618263ef0544bfb3455ab5e0cbc"], "rank": 7, "score": -9521.39591179837}, {"smiles": "CC1(C)C[C@H]2C3=CC[C@@H]4[C@@]5(C)CC[C@@H](O[C@@H]6O[C@H](C(=O)O)[C@@H](O)[C@@H](O)[C@@H]6O)[C@@](C)(CO)[C@@H]5CC[C@@]4(C)[C@@]3(C)CC[C@@]2(C)[C@H](OP(=O)(O)O)C1", "smiles_split": ["CC1(C)C[C@H]2C3=CC[C@@H]4[C@@]5(C)CC[C@@H](O[C@@H]6O[C@H](C(=O)O)[C@@H](O)[C@@H](O)[C@@H]6O)[C@@](C)(CO)[C@@H]5CC[C@@]4(C)[C@@]3(C)CC[C@@]2(C)[C@H](OP(=O)(O)O)C1"], "mapped_smiles": "[CH3:1][C:2]1([CH3:3])[CH2:4][C@H:5]2[C:6]3=[CH:7][CH2:8][C@@H:9]4[C@@:10]5([CH3:11])[CH2:12][CH2:13][C@@H:14]([O:15][C@@H:16]6[O:17][C@H:18]([C:19](=[O:20])[OH:21])[C@@H:22]([OH:23])[C@@H:24]([OH:25])[C@@H:26]6[OH:27])[C@@:28]([CH3:29])([CH2:30][OH:31])[C@@H:32]5[CH2:33][CH2:34][C@@:35]4([CH3:36])[C@@:37]3([CH3:38])[CH2:39][CH2:40][C@@:41]2([CH3:42])[C@H:43]([O:44][P:901]([OH:900])([OH:902])=[O:903])[CH2:45]1", "reacting_atoms": [44, 43], "template_id": "65bf7618263ef0544bfb3455ab5e0cbc", "template_set": ["bkms"], "num_examples": 167, "necessary_reagent": "", "template_score": 0.13832208514213562, "rms_molwt": -714.3744139580001, "num_rings": -6, "plausibility": 1, "tforms": ["65bf7618263ef0544bfb3455ab5e0cbc"], "rank": 8, "score": -9521.39591179837}, {"smiles": "CC1(C)C[C@H]2C3=CC[C@@H]4[C@@]5(C)CC[C@@H](O[C@@H]6O[C@H](C(=O)OP(=O)(O)O)[C@@H](O)[C@@H](O)[C@@H]6O)[C@@](C)(CO)[C@@H]5CC[C@@]4(C)[C@@]3(C)CC[C@@]2(C)[C@H](O)C1", "smiles_split": ["CC1(C)C[C@H]2C3=CC[C@@H]4[C@@]5(C)CC[C@@H](O[C@@H]6O[C@H](C(=O)OP(=O)(O)O)[C@@H](O)[C@@H](O)[C@@H]6O)[C@@](C)(CO)[C@@H]5CC[C@@]4(C)[C@@]3(C)CC[C@@]2(C)[C@H](O)C1"], "mapped_smiles": "[CH3:1][C:2]1([CH3:3])[CH2:4][C@H:5]2[C:6]3=[CH:7][CH2:8][C@@H:9]4[C@@:10]5([CH3:11])[CH2:12][CH2:13][C@@H:14]([O:15][C@@H:16]6[O:17][C@H:18]([C:19](=[O:20])[O:21][P:901]([OH:900])([OH:902])=[O:903])[C@@H:22]([OH:23])[C@@H:24]([OH:25])[C@@H:26]6[OH:27])[C@@:28]([CH3:29])([CH2:30][OH:31])[C@@H:32]5[CH2:33][CH2:34][C@@:35]4([CH3:36])[C@@:37]3([CH3:38])[CH2:39][CH2:40][C@@:41]2([CH3:42])[C@H:43]([OH:44])[CH2:45]1", "reacting_atoms": [21], "template_id": "65bf7618263ef0544bfb3455ab5e0cbc", "template_set": ["bkms"], "num_examples": 167, "necessary_reagent": "", "template_score": 0.13832208514213562, "rms_molwt": -714.3744139579999, "num_rings": -6, "plausibility": 1, "tforms": ["65bf7618263ef0544bfb3455ab5e0cbc"], "rank": 9, "score": -9521.39591179837}, {"smiles": "CC1(C)C[C@H]2C3=CC[C@@H]4[C@@]5(C)CC[C@@H](O[C@@H]6O[C@H](C(=O)O)[C@@H](O)[C@@H](O)[C@@H]6OP(=O)(O)O)[C@@](C)(CO)[C@@H]5CC[C@@]4(C)[C@@]3(C)CC[C@@]2(C)[C@H](O)C1", "smiles_split": ["CC1(C)C[C@H]2C3=CC[C@@H]4[C@@]5(C)CC[C@@H](O[C@@H]6O[C@H](C(=O)O)[C@@H](O)[C@@H](O)[C@@H]6OP(=O)(O)O)[C@@](C)(CO)[C@@H]5CC[C@@]4(C)[C@@]3(C)CC[C@@]2(C)[C@H](O)C1"], "mapped_smiles": "[CH3:1][C:2]1([CH3:3])[CH2:4][C@H:5]2[C:6]3=[CH:7][CH2:8][C@@H:9]4[C@@:10]5([CH3:11])[CH2:12][CH2:13][C@@H:14]([O:15][C@@H:16]6[O:17][C@H:18]([C:19](=[O:20])[OH:21])[C@@H:22]([OH:23])[C@@H:24]([OH:25])[C@@H:26]6[O:27][P:901]([OH:900])([OH:902])=[O:903])[C@@:28]([CH3:29])([CH2:30][OH:31])[C@@H:32]5[CH2:33][CH2:34][C@@:35]4([CH3:36])[C@@:37]3([CH3:38])[CH2:39][CH2:40][C@@:41]2([CH3:42])[C@H:43]([OH:44])[CH2:45]1", "reacting_atoms": [27, 26], "template_id": "65bf7618263ef0544bfb3455ab5e0cbc", "template_set": ["bkms"], "num_examples": 167, "necessary_reagent": "", "template_score": 0.13832208514213562, "rms_molwt": -714.3744139579999, "num_rings": -6, "plausibility": 1, "tforms": ["65bf7618263ef0544bfb3455ab5e0cbc"], "rank": 10, "score": -9521.39591179837}, {"smiles": "CC1(C)C[C@H]2C3=CC[C@@H]4[C@@]5(C)CC[C@@H](O[C@@H]6O[C@H](C(=O)O)[C@@H](O)[C@@H](O)[C@@H]6O)[C@@](C)(COP(=O)(O)O)[C@@H]5CC[C@@]4(C)[C@@]3(C)CC[C@@]2(C)[C@H](O)C1", "smiles_split": ["CC1(C)C[C@H]2C3=CC[C@@H]4[C@@]5(C)CC[C@@H](O[C@@H]6O[C@H](C(=O)O)[C@@H](O)[C@@H](O)[C@@H]6O)[C@@](C)(COP(=O)(O)O)[C@@H]5CC[C@@]4(C)[C@@]3(C)CC[C@@]2(C)[C@H](O)C1"], "mapped_smiles": "[CH3:1][C:2]1([CH3:3])[CH2:4][C@H:5]2[C:6]3=[CH:7][CH2:8][C@@H:9]4[C@@:10]5([CH3:11])[CH2:12][CH2:13][C@@H:14]([O:15][C@@H:16]6[O:17][C@H:18]([C:19](=[O:20])[OH:21])[C@@H:22]([OH:23])[C@@H:24]([OH:25])[C@@H:26]6[OH:27])[C@@:28]([CH3:29])([CH2:30][O:31][P:901]([OH:900])([OH:902])=[O:903])[C@@H:32]5[CH2:33][CH2:34][C@@:35]4([CH3:36])[C@@:37]3([CH3:38])[CH2:39][CH2:40][C@@:41]2([CH3:42])[C@H:43]([OH:44])[CH2:45]1", "reacting_atoms": [31], "template_id": "65bf7618263ef0544bfb3455ab5e0cbc", "template_set": ["bkms"], "num_examples": 167, "necessary_reagent": "", "template_score": 0.13832208514213562, "rms_molwt": -714.3744139579999, "num_rings": -6, "plausibility": 1, "tforms": ["65bf7618263ef0544bfb3455ab5e0cbc"], "rank": 11, "score": -9521.39591179837}, {"smiles": "CC1(C)C[C@H]2C3=CC[C@@H]4[C@@]5(C)CC[C@@H](O[C@@H]6O[C@H](C(=O)O)[C@@H](OP(=O)(O)O)[C@@H](O)[C@@H]6O)[C@@](C)(CO)[C@@H]5CC[C@@]4(C)[C@@]3(C)CC[C@@]2(C)[C@H](O)C1", "smiles_split": ["CC1(C)C[C@H]2C3=CC[C@@H]4[C@@]5(C)CC[C@@H](O[C@@H]6O[C@H](C(=O)O)[C@@H](OP(=O)(O)O)[C@@H](O)[C@@H]6O)[C@@](C)(CO)[C@@H]5CC[C@@]4(C)[C@@]3(C)CC[C@@]2(C)[C@H](O)C1"], "mapped_smiles": "[CH3:1][C:2]1([CH3:3])[CH2:4][C@H:5]2[C:6]3=[CH:7][CH2:8][C@@H:9]4[C@@:10]5([CH3:11])[CH2:12][CH2:13][C@@H:14]([O:15][C@@H:16]6[O:17][C@H:18]([C:19](=[O:20])[OH:21])[C@@H:22]([O:23][P:901]([OH:900])([OH:902])=[O:903])[C@@H:24]([OH:25])[C@@H:26]6[OH:27])[C@@:28]([CH3:29])([CH2:30][OH:31])[C@@H:32]5[CH2:33][CH2:34][C@@:35]4([CH3:36])[C@@:37]3([CH3:38])[CH2:39][CH2:40][C@@:41]2([CH3:42])[C@H:43]([OH:44])[CH2:45]1", "reacting_atoms": [23, 22], "template_id": "65bf7618263ef0544bfb3455ab5e0cbc", "template_set": ["bkms"], "num_examples": 167, "necessary_reagent": "", "template_score": 0.13832208514213562, "rms_molwt": -714.3744139579999, "num_rings": -6, "plausibility": 1, "tforms": ["65bf7618263ef0544bfb3455ab5e0cbc"], "rank": 12, "score": -9521.39591179837}, {"smiles": "CC1(C)C[C@H]2C3=CC[C@@H]4[C@@]5(C)CC[C@@H](O[C@@H]6O[C@H](C(=O)O)[C@@H](O)[C@@H](O)[C@@H]6O)[C@@](C)(CO)[C@@H]5CC[C@@]4(C)[C@@]3(C)CC[C@@]2(C)[C@H](O[C@@H]2O[C@H](C(=O)O)[C@@H](O)[C@H](O)[C@H]2O)C1", "smiles_split": ["CC1(C)C[C@H]2C3=CC[C@@H]4[C@@]5(C)CC[C@@H](O[C@@H]6O[C@H](C(=O)O)[C@@H](O)[C@@H](O)[C@@H]6O)[C@@](C)(CO)[C@@H]5CC[C@@]4(C)[C@@]3(C)CC[C@@]2(C)[C@H](O[C@@H]2O[C@H](C(=O)O)[C@@H](O)[C@H](O)[C@H]2O)C1"], "mapped_smiles": "[CH3:1][C:2]1([CH3:3])[CH2:4][C@H:5]2[C:6]3=[CH:7][CH2:8][C@@H:9]4[C@@:10]5([CH3:11])[CH2:12][CH2:13][C@@H:14]([O:15][C@@H:16]6[O:17][C@H:18]([C:19](=[O:20])[OH:21])[C@@H:22]([OH:23])[C@@H:24]([OH:25])[C@@H:26]6[OH:27])[C@@:28]([CH3:29])([CH2:30][OH:31])[C@@H:32]5[CH2:33][CH2:34][C@@:35]4([CH3:36])[C@@:37]3([CH3:38])[CH2:39][CH2:40][C@@:41]2([CH3:42])[C@H:43]([O:44][C@@H:905]2[O:904][C@H:903]([C:901]([OH:900])=[O:902])[C@@H:910]([OH:911])[C@H:908]([OH:909])[C@H:906]2[OH:907])[CH2:45]1", "reacting_atoms": [44, 43], "template_id": "f9121a0025ae32f0c7f229709dabfde1", "template_set": ["bkms"], "num_examples": 8, "necessary_reagent": "", "template_score": 0.05044401064515114, "rms_molwt": -810.4401714120002, "num_rings": -7, "plausibility": 1, "tforms": ["f9121a0025ae32f0c7f229709dabfde1"], "rank": 13, "score": -37564.992027766806}, {"smiles": "CC1(C)C[C@H]2C3=CC[C@@H]4[C@@]5(C)CC[C@@H](O[C@@H]6O[C@H](C(=O)O)[C@@H](O)[C@@H](O[C@@H]7O[C@H](C(=O)O)[C@@H](O)[C@H](O)[C@H]7O)[C@@H]6O)[C@@](C)(CO)[C@@H]5CC[C@@]4(C)[C@@]3(C)CC[C@@]2(C)[C@H](O)C1", "smiles_split": ["CC1(C)C[C@H]2C3=CC[C@@H]4[C@@]5(C)CC[C@@H](O[C@@H]6O[C@H](C(=O)O)[C@@H](O)[C@@H](O[C@@H]7O[C@H](C(=O)O)[C@@H](O)[C@H](O)[C@H]7O)[C@@H]6O)[C@@](C)(CO)[C@@H]5CC[C@@]4(C)[C@@]3(C)CC[C@@]2(C)[C@H](O)C1"], "mapped_smiles": "[CH3:1][C:2]1([CH3:3])[CH2:4][C@H:5]2[C:6]3=[CH:7][CH2:8][C@@H:9]4[C@@:10]5([CH3:11])[CH2:12][CH2:13][C@@H:14]([O:15][C@@H:16]6[O:17][C@H:18]([C:19](=[O:20])[OH:21])[C@@H:22]([OH:23])[C@@H:24]([O:25][C@@H:905]7[O:904][C@H:903]([C:901]([OH:900])=[O:902])[C@@H:910]([OH:911])[C@H:908]([OH:909])[C@H:906]7[OH:907])[C@@H:26]6[OH:27])[C@@:28]([CH3:29])([CH2:30][OH:31])[C@@H:32]5[CH2:33][CH2:34][C@@:35]4([CH3:36])[C@@:37]3([CH3:38])[CH2:39][CH2:40][C@@:41]2([CH3:42])[C@H:43]([OH:44])[CH2:45]1", "reacting_atoms": [25, 24], "template_id": "f9121a0025ae32f0c7f229709dabfde1", "template_set": ["bkms"], "num_examples": 8, "necessary_reagent": "", "template_score": 0.05044401064515114, "rms_molwt": -810.4401714119999, "num_rings": -7, "plausibility": 1, "tforms": ["f9121a0025ae32f0c7f229709dabfde1"], "rank": 14, "score": -37564.992027766806}, {"smiles": "CC1(C)C[C@H]2C3=CC[C@@H]4[C@@]5(C)CC[C@@H](O[C@@H]6O[C@H](C(=O)O)[C@@H](O)[C@@H](O)[C@@H]6O)[C@@](C)(CO[C@@H]6O[C@H](C(=O)O)[C@@H](O)[C@H](O)[C@H]6O)[C@@H]5CC[C@@]4(C)[C@@]3(C)CC[C@@]2(C)[C@H](O)C1", "smiles_split": ["CC1(C)C[C@H]2C3=CC[C@@H]4[C@@]5(C)CC[C@@H](O[C@@H]6O[C@H](C(=O)O)[C@@H](O)[C@@H](O)[C@@H]6O)[C@@](C)(CO[C@@H]6O[C@H](C(=O)O)[C@@H](O)[C@H](O)[C@H]6O)[C@@H]5CC[C@@]4(C)[C@@]3(C)CC[C@@]2(C)[C@H](O)C1"], "mapped_smiles": "[CH3:1][C:2]1([CH3:3])[CH2:4][C@H:5]2[C:6]3=[CH:7][CH2:8][C@@H:9]4[C@@:10]5([CH3:11])[CH2:12][CH2:13][C@@H:14]([O:15][C@@H:16]6[O:17][C@H:18]([C:19](=[O:20])[OH:21])[C@@H:22]([OH:23])[C@@H:24]([OH:25])[C@@H:26]6[OH:27])[C@@:28]([CH3:29])([CH2:30][O:31][C@@H:905]6[O:904][C@H:903]([C:901]([OH:900])=[O:902])[C@@H:910]([OH:911])[C@H:908]([OH:909])[C@H:906]6[OH:907])[C@@H:32]5[CH2:33][CH2:34][C@@:35]4([CH3:36])[C@@:37]3([CH3:38])[CH2:39][CH2:40][C@@:41]2([CH3:42])[C@H:43]([OH:44])[CH2:45]1", "reacting_atoms": [31], "template_id": "f9121a0025ae32f0c7f229709dabfde1", "template_set": ["bkms"], "num_examples": 8, "necessary_reagent": "", "template_score": 0.05044401064515114, "rms_molwt": -810.4401714119999, "num_rings": -7, "plausibility": 1, "tforms": ["f9121a0025ae32f0c7f229709dabfde1"], "rank": 15, "score": -37564.992027766806}]}