{"smiles": "CCCCC/C=C\\C/C=C\\C/C=C\\C/C=C\\CCCC(=O)O[C@H](COC(=O)CCCCCCCCCCCCCCCCCCC)CO[P@@](=O)(O)O[C@H]1[C@@H](O)[C@@H](O)C(O)[C@@H](O)[C@@H]1O", "sfscore": [0.38689565658569336, 0.6811332106590271], "chem_result": [{"smiles": "CCCCC/C=C\\C/C=C\\C/C=C\\C/C=C\\CCCC(=O)O[C@H](COC(=O)CCCCCCCCCCCCCCCCCCC)CO[P@@](=O)(O)O[C@H]1[C@@H](O)[C@@H](O)C(O)[C@@H](O)[C@@H]1O", "bw_confidence": 0.08901727664320463, "confidence": 0.16780996901211226, "rclass": "6 6.3 6.3.1", "children": [{"smiles": "CCCCC/C=C\\C/C=C\\C/C=C\\C/C=C\\CCCC(=O)O[C@H](COC(=O)CCCCCCCCCCCCCCCCCCC)CO[P@](=O)(O)O[C@H]1[C@@H](OCc2ccccc2)[C@@H](OCc2ccccc2)C(OCc2ccccc2)[C@@H](OCc2ccccc2)[C@@H]1OCc1ccccc1"}, {"smiles": "ClB(Cl)Cl"}, {"smiles": "ClCCl"}]}, {"smiles": "CCCCC/C=C\\C/C=C\\C/C=C\\C/C=C\\CCCC(=O)O[C@H](COC(=O)CCCCCCCCCCCCCCCCCCC)CO[P@@](=O)(O)O[C@H]1[C@@H](O)[C@@H](O)C(O)[C@@H](O)[C@@H]1O", "bw_confidence": 0.01324925552060403, "confidence": 0.07105243330255628, "rclass": "2 2.6 2.6.2", "children": [{"smiles": "CCCCC/C=C\\C/C=C\\C/C=C\\C/C=C\\CCCC(=O)O"}, {"smiles": "CCCCCCCCCCCCCCCCCCCCCC(=O)OC[C@H](O)CO[P@](=O)(O)O[C@H]1[C@@H](O)[C@@H](O)C(O)[C@@H](O)[C@@H]1O"}]}, {"smiles": "CCCCC/C=C\\C/C=C\\C/C=C\\C/C=C\\CCCC(=O)O[C@H](COC(=O)CCCCCCCCCCCCCCCCCCC)CO[P@@](=O)(O)O[C@H]1[C@@H](O)[C@@H](O)C(O)[C@@H](O)[C@@H]1O", "bw_confidence": 0.010771244888145253, "confidence": 0.0589249174014446, "rclass": "0 0 0", "children": [{"smiles": "CCCCC/C=C\\C/C=C\\C/C=C\\C/C=C\\CCCC(=O)O[C@H](COC(=O)CCCCCCCCCCCCCCCCCCC)CO[P@](=O)(O)O[C@H]1[C@@H](OC(=O)c2ccccc2)[C@@H](OC(=O)c2ccccc2)C(OC(=O)c2ccccc2)[C@@H](OC(=O)c2ccccc2)[C@@H]1OC(=O)c1ccccc1"}, {"smiles": "CO"}, {"smiles": "C[O-]~[Na+]"}]}, {"smiles": "CCCCC/C=C\\C/C=C\\C/C=C\\C/C=C\\CCCC(=O)O[C@H](COC(=O)CCCCCCCCCCCCCCCCCCC)CO[P@@](=O)(O)O[C@H]1[C@@H](O)[C@@H](O)C(O)[C@@H](O)[C@@H]1O", "bw_confidence": 0.008240929331194635, "confidence": 0.05839198459155889, "rclass": "6 6.3 6.3.6", "children": [{"smiles": "CCCCC/C=C\\C/C=C\\C/C=C\\C/C=C\\CCCC(=O)O[C@H](COC(=O)CCCCCCCCCCCCCCCCCC)CO[P@](=O)(O)O[C@H]1[C@@H](OC(C)=O)[C@@H](OC(C)=O)C(OC(C)=O)[C@@H](OC(C)=O)[C@@H]1OC(C)=O"}, {"smiles": "CO"}, {"smiles": "C[O-]~[Na+]"}]}, {"smiles": "CCCCC/C=C\\C/C=C\\C/C=C\\C/C=C\\CCCC(=O)O[C@H](COC(=O)CCCCCCCCCCCCCCCCCCC)CO[P@@](=O)(O)O[C@H]1[C@@H](O)[C@@H](O)C(O)[C@@H](O)[C@@H]1O", "bw_confidence": 0.006941054101917928, "confidence": 0.06940284849031879, "rclass": "6 6.3 6.3.6", "children": [{"smiles": "CCCCC/C=C\\C/C=C\\C/C=C\\C/C=C\\CCCC(=O)O[C@H](COC(=O)CCCCCCCCCCCCCCCCCCC)CO[P@](=O)(O)O[C@H]1[C@@H](OC(C)=O)[C@@H](OC(C)=O)C(OC(C)=O)[C@@H](OC(C)=O)[C@@H]1OC(C)=O"}, {"smiles": "CO"}, {"smiles": "C[O-]~[Na+]"}]}, {"smiles": "CCCCC/C=C\\C/C=C\\C/C=C\\C/C=C\\CCCC(=O)O[C@H](COC(=O)CCCCCCCCCCCCCCCCCCC)CO[P@@](=O)(O)O[C@H]1[C@@H](O)[C@@H](O)C(O)[C@@H](O)[C@@H]1O", "bw_confidence": 0.005321791816291336, "confidence": 0.03358496582562782, "rclass": "11 11.5 11.5", "children": [{"smiles": "CC(C)(C)[Mg]Cl"}, {"smiles": "CCCCC/C=C\\C/C=C\\C/C=C\\C/C=C\\CCCC(=O)O[C@H](COC(=O)CCCCCCCCCCCCCCCCCC)COP(=O)(O)O[C@H]1[C@@H](O)[C@@H](O)C(O)[C@@H](O)[C@@H]1O"}]}, {"smiles": "CCCCC/C=C\\C/C=C\\C/C=C\\C/C=C\\CCCC(=O)O[C@H](COC(=O)CCCCCCCCCCCCCCCCCCC)CO[P@@](=O)(O)O[C@H]1[C@@H](O)[C@@H](O)C(O)[C@@H](O)[C@@H]1O", "bw_confidence": 0.002987270982184501, "confidence": 0.058749975086454326, "rclass": "0 0 0", "children": [{"smiles": "CCCCC/C=C\\C/C=C\\C/C=C\\C/C=C\\CCCC(=O)O[C@H](COC(=O)CCCCCCCCCCCCCCCCCC)COP(=O)(O)O[C@H]1[C@@H](O)[C@@H](O)C(O)[C@@H](O)[C@@H]1O"}, {"smiles": "CCCCC/C=C\\C/C=C\\C/C=C\\CCCC(=O)O[C@H](CO)COP(=O)(O)O[C@H]1[C@@H](O)[C@@H](O)C(O)[C@@H](O)[C@@H]1O"}]}, {"smiles": "CCCCC/C=C\\C/C=C\\C/C=C\\C/C=C\\CCCC(=O)O[C@H](COC(=O)CCCCCCCCCCCCCCCCCCC)CO[P@@](=O)(O)O[C@H]1[C@@H](O)[C@@H](O)C(O)[C@@H](O)[C@@H]1O", "bw_confidence": 0.0019099434796248254, "confidence": 0.1967974852979972, "rclass": "6 6.3 6.3.1", "children": [{"smiles": "CCCCC/C=C\\C/C=C\\C/C=C\\C/C=C\\CCCC(=O)O[C@H](COC(=O)CCCCCCCCCCCCCCCCCC)CO[P@](=O)(O)O[C@H]1[C@@H](OCc2ccccc2)[C@@H](OCc2ccccc2)C(OCc2ccccc2)[C@@H](OCc2ccccc2)[C@@H]1OCc1ccccc1"}, {"smiles": "ClB(Cl)Cl"}, {"smiles": "ClCCl"}]}, {"smiles": "CCCCC/C=C\\C/C=C\\C/C=C\\C/C=C\\CCCC(=O)O[C@H](COC(=O)CCCCCCCCCCCCCCCCCCC)CO[P@@](=O)(O)O[C@H]1[C@@H](O)[C@@H](O)C(O)[C@@H](O)[C@@H]1O", "bw_confidence": 0.0018662184158395722, "confidence": 0.0743935666342159, "rclass": "6 6.3 6.3.1", "children": [{"smiles": "CCCCC/C=C\\C/C=C\\C/C=C\\C/C=C\\CCCC(=O)O[C@H](COC(=O)CCCCCCCCCCCCCCCCCCC)COP(=O)(OCc1ccccc1)O[C@H]1[C@@H](OCc2ccccc2)[C@@H](OCc2ccccc2)C(OCc2ccccc2)[C@@H](OCc2ccccc2)[C@@H]1OCc1ccccc1"}, {"smiles": "ClB(Cl)Cl"}, {"smiles": "ClCCl"}]}, {"smiles": "CCCCC/C=C\\C/C=C\\C/C=C\\C/C=C\\CCCC(=O)O[C@H](COC(=O)CCCCCCCCCCCCCCCCCCC)CO[P@@](=O)(O)O[C@H]1[C@@H](O)[C@@H](O)C(O)[C@@H](O)[C@@H]1O", "bw_confidence": 0.0015461183931193474, "confidence": 0.1787493233970511, "rclass": "6 6.3 6.3.1", "children": [{"smiles": "CCCCC/C=C\\C/C=C\\C/C=C\\C/C=C\\CCCC(=O)O[C@H](COC(=O)CCCCCCCCCCCCCCCCCCC)COP(=O)(O)O[C@H]1[C@@H](OCc2ccccc2)[C@@H](OCc2ccccc2)C(OCc2ccccc2)[C@@H](OCc2ccccc2)[C@@H]1OCc1ccccc1"}, {"smiles": "CO"}, {"smiles": "ClB(Cl)Cl"}, {"smiles": "ClCCl"}]}, {"smiles": "CCCCC/C=C\\C/C=C\\C/C=C\\C/C=C\\CCCC(=O)O[C@H](COC(=O)CCCCCCCCCCCCCCCCCCC)CO[P@@](=O)(O)O[C@H]1[C@@H](O)[C@@H](O)C(O)[C@@H](O)[C@@H]1O", "bw_confidence": 0.0001219456341745563, "confidence": 0.044991513112649505, "rclass": "0 0 0", "children": [{"smiles": "CCCCC/C=C\\C/C=C\\C/C=C\\C/C=C\\CCCC(=O)O[C@H](COC(=O)CCCCCCCCCCCCCCCCCCC)CO[P@](=O)(O)O[C@H]1[C@@H](O)[C@@H](O)[C@H](O)[C@@H](O)[C@@H]1O"}, {"smiles": "CCCCC/C=C\\C/C=C\\C/C=C\\CCCC(=O)O[C@H](COC(=O)CCCCCCCCCCCCCCCCCCC)COP(=O)(O)O[C@H]1[C@@H](O)[C@@H](O)[C@H](O)[C@@H](O)[C@@H]1O"}]}, {"smiles": "CCCCC/C=C\\C/C=C\\C/C=C\\C/C=C\\CCCC(=O)O[C@H](COC(=O)CCCCCCCCCCCCCCCCCCC)CO[P@@](=O)(O)O[C@H]1[C@@H](O)[C@@H](O)C(O)[C@@H](O)[C@@H]1O", "bw_confidence": 1.7170557919401042e-06, "confidence": 0.07294375973817092, "rclass": "11 11.9 11.9", "children": [{"smiles": "CCCCC/C=C\\C/C=C\\C/C=C\\C/C=C\\CCCC(=O)O[C@H](COC(=O)CCCCCCCCCCCCCCCCCCC)COP(=O)(O)O[C@H]1[C@@H](O)[C@@H](O)C(O)[C@@H](O)[C@@H]1O~CCCCC/C=C\\C/C=C\\C/C=C\\CCCC(=O)O[C@H](COC(=O)CCCCCCCCCCCCCCCCCCCC)COP(=O)(O)O[C@H]1[C@@H](O)[C@@H](O)C(O)[C@@H](O)[C@@H]1O"}, {"smiles": "CCCCC/C=C\\C/C=C\\C/C=C\\CCCC(=O)O[C@H](COC(=O)CCCCCCCCCCCCCCCCCC)COP(=O)(O)O[C@H]1[C@@H](O)[C@@H](O)C(O)[C@@H](O)[C@@H]1O"}]}], "chem_bw_confidence_list": [0.08901727664320463, 0.01324925552060403, 0.010771244888145253, 0.008240929331194635, 0.006941054101917928, 0.005321791816291336, 0.002987270982184501, 0.0019099434796248254, 0.0018662184158395722, 0.0015461183931193474, 0.0001219456341745563, 1.7170557919401042e-06], "enzy_template_score_list": [0.6994379758834839, 0.6994379758834839, 0.6994379758834839, 0.6994379758834839, 0.6994379758834839, 0.11710555851459503, 0.11710555851459503, 0.11710555851459503, 0.11710555851459503, 0.05410856008529663, 0.05410856008529663, 0.05410856008529663, 0.05410856008529663, 0.05410856008529663, 0.026922745630145073], "enzy_result": [{"smiles": "CCCCC/C=C\\C/C=C\\C/C=C\\C/C=C\\CCCC(=O)O[C@H](COC(=O)CCCCCCCCCCCCCCCCCCC)CO[P@@](=O)(O)O[C@H]1[C@@H](O)[C@@H](O)C(O)[C@@H](O)[C@@H]1OP(=O)(O)O", "smiles_split": ["CCCCC/C=C\\C/C=C\\C/C=C\\C/C=C\\CCCC(=O)O[C@H](COC(=O)CCCCCCCCCCCCCCCCCCC)CO[P@@](=O)(O)O[C@H]1[C@@H](O)[C@@H](O)C(O)[C@@H](O)[C@@H]1OP(=O)(O)O"], "mapped_smiles": "[CH3:1][CH2:2][CH2:3][CH2:4][CH2:5]/[CH:6]=[CH:7]\\[CH2:8]/[CH:9]=[CH:10]\\[CH2:11]/[CH:12]=[CH:13]\\[CH2:14]/[CH:15]=[CH:16]\\[CH2:17][CH2:18][CH2:19][C:20](=[O:21])[O:22][C@H:23]([CH2:24][O:25][C:26](=[O:27])[CH2:28][CH2:29][CH2:30][CH2:31][CH2:32][CH2:33][CH2:34][CH2:35][CH2:36][CH2:37][CH2:38][CH2:39][CH2:40][CH2:41][CH2:42][CH2:43][CH2:44][CH2:45][CH3:46])[CH2:47][O:48][P@@:49](=[O:50])([OH:51])[O:52][C@H:53]1[C@@H:54]([OH:55])[C@@H:56]([OH:57])[CH:58]([OH:59])[C@@H:60]([OH:61])[C@@H:62]1[O:63][P:901]([OH:900])([OH:902])=[O:903]", "reacting_atoms": [63, 62], "template_id": "65bf7618263ef0544bfb3455ab5e0cbc", "template_set": ["bkms"], "num_examples": 167, "necessary_reagent": "", "template_score": 0.6994379758834839, "rms_molwt": -994.5547599960003, "num_rings": -1, "plausibility": 1, "tforms": ["65bf7618263ef0544bfb3455ab5e0cbc"], "rank": 1, "score": -1729.2944501044622}, {"smiles": "CCCCC/C=C\\C/C=C\\C/C=C\\C/C=C\\CCCC(=O)O[C@H](COC(=O)CCCCCCCCCCCCCCCCCCC)CO[P@@](=O)(O)O[C@H]1[C@@H](OP(=O)(O)O)[C@@H](O)C(O)[C@@H](O)[C@@H]1O", "smiles_split": ["CCCCC/C=C\\C/C=C\\C/C=C\\C/C=C\\CCCC(=O)O[C@H](COC(=O)CCCCCCCCCCCCCCCCCCC)CO[P@@](=O)(O)O[C@H]1[C@@H](OP(=O)(O)O)[C@@H](O)C(O)[C@@H](O)[C@@H]1O"], "mapped_smiles": "[CH3:1][CH2:2][CH2:3][CH2:4][CH2:5]/[CH:6]=[CH:7]\\[CH2:8]/[CH:9]=[CH:10]\\[CH2:11]/[CH:12]=[CH:13]\\[CH2:14]/[CH:15]=[CH:16]\\[CH2:17][CH2:18][CH2:19][C:20](=[O:21])[O:22][C@H:23]([CH2:24][O:25][C:26](=[O:27])[CH2:28][CH2:29][CH2:30][CH2:31][CH2:32][CH2:33][CH2:34][CH2:35][CH2:36][CH2:37][CH2:38][CH2:39][CH2:40][CH2:41][CH2:42][CH2:43][CH2:44][CH2:45][CH3:46])[CH2:47][O:48][P@@:49](=[O:50])([OH:51])[O:52][C@H:53]1[C@@H:54]([O:55][P:901]([OH:900])([OH:902])=[O:903])[C@@H:56]([OH:57])[CH:58]([OH:59])[C@@H:60]([OH:61])[C@@H:62]1[OH:63]", "reacting_atoms": [55, 54], "template_id": "65bf7618263ef0544bfb3455ab5e0cbc", "template_set": ["bkms"], "num_examples": 167, "necessary_reagent": "", "template_score": 0.6994379758834839, "rms_molwt": -994.5547599960003, "num_rings": -1, "plausibility": 1, "tforms": ["65bf7618263ef0544bfb3455ab5e0cbc"], "rank": 2, "score": -1729.2944501044622}, {"smiles": "CCCCC/C=C\\C/C=C\\C/C=C\\C/C=C\\CCCC(=O)O[C@H](COC(=O)CCCCCCCCCCCCCCCCCCC)CO[P@@](=O)(O)O[C@H]1[C@@H](O)[C@@H](O)C(O)[C@@H](OP(=O)(O)O)[C@@H]1O", "smiles_split": ["CCCCC/C=C\\C/C=C\\C/C=C\\C/C=C\\CCCC(=O)O[C@H](COC(=O)CCCCCCCCCCCCCCCCCCC)CO[P@@](=O)(O)O[C@H]1[C@@H](O)[C@@H](O)C(O)[C@@H](OP(=O)(O)O)[C@@H]1O"], "mapped_smiles": "[CH3:1][CH2:2][CH2:3][CH2:4][CH2:5]/[CH:6]=[CH:7]\\[CH2:8]/[CH:9]=[CH:10]\\[CH2:11]/[CH:12]=[CH:13]\\[CH2:14]/[CH:15]=[CH:16]\\[CH2:17][CH2:18][CH2:19][C:20](=[O:21])[O:22][C@H:23]([CH2:24][O:25][C:26](=[O:27])[CH2:28][CH2:29][CH2:30][CH2:31][CH2:32][CH2:33][CH2:34][CH2:35][CH2:36][CH2:37][CH2:38][CH2:39][CH2:40][CH2:41][CH2:42][CH2:43][CH2:44][CH2:45][CH3:46])[CH2:47][O:48][P@@:49](=[O:50])([OH:51])[O:52][C@H:53]1[C@@H:54]([OH:55])[C@@H:56]([OH:57])[CH:58]([OH:59])[C@@H:60]([O:61][P:901]([OH:900])([OH:902])=[O:903])[C@@H:62]1[OH:63]", "reacting_atoms": [61, 60], "template_id": "65bf7618263ef0544bfb3455ab5e0cbc", "template_set": ["bkms"], "num_examples": 167, "necessary_reagent": "", "template_score": 0.6994379758834839, "rms_molwt": -994.5547599960003, "num_rings": -1, "plausibility": 1, "tforms": ["65bf7618263ef0544bfb3455ab5e0cbc"], "rank": 3, "score": -1729.2944501044622}, {"smiles": "CCCCC/C=C\\C/C=C\\C/C=C\\C/C=C\\CCCC(=O)O[C@H](COC(=O)CCCCCCCCCCCCCCCCCCC)CO[P@@](=O)(O)O[C@H]1[C@@H](O)[C@@H](OP(=O)(O)O)C(O)[C@@H](O)[C@@H]1O", "smiles_split": ["CCCCC/C=C\\C/C=C\\C/C=C\\C/C=C\\CCCC(=O)O[C@H](COC(=O)CCCCCCCCCCCCCCCCCCC)CO[P@@](=O)(O)O[C@H]1[C@@H](O)[C@@H](OP(=O)(O)O)C(O)[C@@H](O)[C@@H]1O"], "mapped_smiles": "[CH3:1][CH2:2][CH2:3][CH2:4][CH2:5]/[CH:6]=[CH:7]\\[CH2:8]/[CH:9]=[CH:10]\\[CH2:11]/[CH:12]=[CH:13]\\[CH2:14]/[CH:15]=[CH:16]\\[CH2:17][CH2:18][CH2:19][C:20](=[O:21])[O:22][C@H:23]([CH2:24][O:25][C:26](=[O:27])[CH2:28][CH2:29][CH2:30][CH2:31][CH2:32][CH2:33][CH2:34][CH2:35][CH2:36][CH2:37][CH2:38][CH2:39][CH2:40][CH2:41][CH2:42][CH2:43][CH2:44][CH2:45][CH3:46])[CH2:47][O:48][P@@:49](=[O:50])([OH:51])[O:52][C@H:53]1[C@@H:54]([OH:55])[C@@H:56]([O:57][P:901]([OH:900])([OH:902])=[O:903])[CH:58]([OH:59])[C@@H:60]([OH:61])[C@@H:62]1[OH:63]", "reacting_atoms": [57, 56], "template_id": "65bf7618263ef0544bfb3455ab5e0cbc", "template_set": ["bkms"], "num_examples": 167, "necessary_reagent": "", "template_score": 0.6994379758834839, "rms_molwt": -994.5547599960003, "num_rings": -1, "plausibility": 1, "tforms": ["65bf7618263ef0544bfb3455ab5e0cbc"], "rank": 4, "score": -1729.2944501044622}, {"smiles": "CCCCC/C=C\\C/C=C\\C/C=C\\C/C=C\\CCCC(=O)O[C@H](COC(=O)CCCCCCCCCCCCCCCCCCC)CO[P@@](=O)(O)O[C@@H]1[C@@H](O)[C@H](O)C(OP(=O)(O)O)[C@H](O)[C@@H]1O", "smiles_split": ["CCCCC/C=C\\C/C=C\\C/C=C\\C/C=C\\CCCC(=O)O[C@H](COC(=O)CCCCCCCCCCCCCCCCCCC)CO[P@@](=O)(O)O[C@@H]1[C@@H](O)[C@H](O)C(OP(=O)(O)O)[C@H](O)[C@@H]1O"], "mapped_smiles": "[CH3:1][CH2:2][CH2:3][CH2:4][CH2:5]/[CH:6]=[CH:7]\\[CH2:8]/[CH:9]=[CH:10]\\[CH2:11]/[CH:12]=[CH:13]\\[CH2:14]/[CH:15]=[CH:16]\\[CH2:17][CH2:18][CH2:19][C:20](=[O:21])[O:22][C@H:23]([CH2:24][O:25][C:26](=[O:27])[CH2:28][CH2:29][CH2:30][CH2:31][CH2:32][CH2:33][CH2:34][CH2:35][CH2:36][CH2:37][CH2:38][CH2:39][CH2:40][CH2:41][CH2:42][CH2:43][CH2:44][CH2:45][CH3:46])[CH2:47][O:48][P@@:49](=[O:50])([OH:51])[O:52][C@H:53]1[C@@H:54]([OH:55])[C@@H:56]([OH:57])[CH:58]([O:59][P:901]([OH:900])([OH:902])=[O:903])[C@@H:60]([OH:61])[C@@H:62]1[OH:63]", "reacting_atoms": [59], "template_id": "65bf7618263ef0544bfb3455ab5e0cbc", "template_set": ["bkms"], "num_examples": 167, "necessary_reagent": "", "template_score": 0.6994379758834839, "rms_molwt": -994.5547599960003, "num_rings": -1, "plausibility": 1, "tforms": ["65bf7618263ef0544bfb3455ab5e0cbc"], "rank": 5, "score": -1729.2944501044622}, {"smiles": "CCCCC/C=C\\C/C=C\\CCCC/C=C\\CCCC(=O)O[C@H](COC(=O)CCCCCCCCCCCCCCCCCCC)CO[P@@](=O)(O)O[C@H]1[C@@H](O)[C@@H](O)C(O)[C@@H](O)[C@@H]1O", "smiles_split": ["CCCCC/C=C\\C/C=C\\CCCC/C=C\\CCCC(=O)O[C@H](COC(=O)CCCCCCCCCCCCCCCCCCC)CO[P@@](=O)(O)O[C@H]1[C@@H](O)[C@@H](O)C(O)[C@@H](O)[C@@H]1O"], "mapped_smiles": "[CH3:1][CH2:2][CH2:3][CH2:4][CH2:5]/[CH:6]=[CH:7]\\[CH2:8]/[CH:9]=[CH:10]\\[CH2:11][CH2:12][CH2:13][CH2:14]/[CH:15]=[CH:16]\\[CH2:17][CH2:18][CH2:19][C:20](=[O:21])[O:22][C@H:23]([CH2:24][O:25][C:26](=[O:27])[CH2:28][CH2:29][CH2:30][CH2:31][CH2:32][CH2:33][CH2:34][CH2:35][CH2:36][CH2:37][CH2:38][CH2:39][CH2:40][CH2:41][CH2:42][CH2:43][CH2:44][CH2:45][CH3:46])[CH2:47][O:48][P@@:49](=[O:50])([OH:51])[O:52][C@H:53]1[C@@H:54]([OH:55])[C@@H:56]([OH:57])[CH:58]([OH:59])[C@@H:60]([OH:61])[C@@H:62]1[OH:63]", "reacting_atoms": [13, 12], "template_id": "b8752864a144b4d488d51a312d4ebfdc", "template_set": ["bkms", "bkms", "bkms"], "num_examples": 64, "necessary_reagent": "", "template_score": 0.11710555851459503, "rms_molwt": -916.6040795380002, "num_rings": -1, "plausibility": 1, "tforms": ["71d96988ab3623c8d39bf0ee6519c85b", "4b5c01ce1dd3e508649493e134ba9f1c", "b8752864a144b4d488d51a312d4ebfdc"], "rank": 6, "score": -9502.460413955718}, {"smiles": "CCCCCCCC/C=C\\C/C=C\\C/C=C\\CCCC(=O)O[C@H](COC(=O)CCCCCCCCCCCCCCCCCCC)CO[P@@](=O)(O)O[C@H]1[C@@H](O)[C@@H](O)C(O)[C@@H](O)[C@@H]1O", "smiles_split": ["CCCCCCCC/C=C\\C/C=C\\C/C=C\\CCCC(=O)O[C@H](COC(=O)CCCCCCCCCCCCCCCCCCC)CO[P@@](=O)(O)O[C@H]1[C@@H](O)[C@@H](O)C(O)[C@@H](O)[C@@H]1O"], "mapped_smiles": "[CH3:1][CH2:2][CH2:3][CH2:4][CH2:5][CH2:6][CH2:7][CH2:8]/[CH:9]=[CH:10]\\[CH2:11]/[CH:12]=[CH:13]\\[CH2:14]/[CH:15]=[CH:16]\\[CH2:17][CH2:18][CH2:19][C:20](=[O:21])[O:22][C@H:23]([CH2:24][O:25][C:26](=[O:27])[CH2:28][CH2:29][CH2:30][CH2:31][CH2:32][CH2:33][CH2:34][CH2:35][CH2:36][CH2:37][CH2:38][CH2:39][CH2:40][CH2:41][CH2:42][CH2:43][CH2:44][CH2:45][CH3:46])[CH2:47][O:48][P@@:49](=[O:50])([OH:51])[O:52][C@H:53]1[C@@H:54]([OH:55])[C@@H:56]([OH:57])[CH:58]([OH:59])[C@@H:60]([OH:61])[C@@H:62]1[OH:63]", "reacting_atoms": [7, 6], "template_id": "b8752864a144b4d488d51a312d4ebfdc", "template_set": ["bkms", "bkms", "bkms"], "num_examples": 64, "necessary_reagent": "", "template_score": 0.11710555851459503, "rms_molwt": -916.6040795380002, "num_rings": -1, "plausibility": 1, "tforms": ["71d96988ab3623c8d39bf0ee6519c85b", "4b5c01ce1dd3e508649493e134ba9f1c", "b8752864a144b4d488d51a312d4ebfdc"], "rank": 7, "score": -9502.460413955718}, {"smiles": "CCCCC/C=C\\C/C=C\\C/C=C\\CCCCCCC(=O)O[C@H](COC(=O)CCCCCCCCCCCCCCCCCCC)CO[P@@](=O)(O)O[C@H]1[C@@H](O)[C@@H](O)C(O)[C@@H](O)[C@@H]1O", "smiles_split": ["CCCCC/C=C\\C/C=C\\C/C=C\\CCCCCCC(=O)O[C@H](COC(=O)CCCCCCCCCCCCCCCCCCC)CO[P@@](=O)(O)O[C@H]1[C@@H](O)[C@@H](O)C(O)[C@@H](O)[C@@H]1O"], "mapped_smiles": "[CH3:1][CH2:2][CH2:3][CH2:4][CH2:5]/[CH:6]=[CH:7]\\[CH2:8]/[CH:9]=[CH:10]\\[CH2:11]/[CH:12]=[CH:13]\\[CH2:14][CH2:15][CH2:16][CH2:17][CH2:18][CH2:19][C:20](=[O:21])[O:22][C@H:23]([CH2:24][O:25][C:26](=[O:27])[CH2:28][CH2:29][CH2:30][CH2:31][CH2:32][CH2:33][CH2:34][CH2:35][CH2:36][CH2:37][CH2:38][CH2:39][CH2:40][CH2:41][CH2:42][CH2:43][CH2:44][CH2:45][CH3:46])[CH2:47][O:48][P@@:49](=[O:50])([OH:51])[O:52][C@H:53]1[C@@H:54]([OH:55])[C@@H:56]([OH:57])[CH:58]([OH:59])[C@@H:60]([OH:61])[C@@H:62]1[OH:63]", "reacting_atoms": [15, 16], "template_id": "b8752864a144b4d488d51a312d4ebfdc", "template_set": ["bkms", "bkms", "bkms"], "num_examples": 64, "necessary_reagent": "", "template_score": 0.11710555851459503, "rms_molwt": -916.6040795380002, "num_rings": -1, "plausibility": 1, "tforms": ["71d96988ab3623c8d39bf0ee6519c85b", "4b5c01ce1dd3e508649493e134ba9f1c", "b8752864a144b4d488d51a312d4ebfdc"], "rank": 8, "score": -9502.460413955718}, {"smiles": "CCCCC/C=C\\CCCC/C=C\\C/C=C\\CCCC(=O)O[C@H](COC(=O)CCCCCCCCCCCCCCCCCCC)CO[P@@](=O)(O)O[C@H]1[C@@H](O)[C@@H](O)C(O)[C@@H](O)[C@@H]1O", "smiles_split": ["CCCCC/C=C\\CCCC/C=C\\C/C=C\\CCCC(=O)O[C@H](COC(=O)CCCCCCCCCCCCCCCCCCC)CO[P@@](=O)(O)O[C@H]1[C@@H](O)[C@@H](O)C(O)[C@@H](O)[C@@H]1O"], "mapped_smiles": "[CH3:1][CH2:2][CH2:3][CH2:4][CH2:5]/[CH:6]=[CH:7]\\[CH2:8][CH2:9][CH2:10][CH2:11]/[CH:12]=[CH:13]\\[CH2:14]/[CH:15]=[CH:16]\\[CH2:17][CH2:18][CH2:19][C:20](=[O:21])[O:22][C@H:23]([CH2:24][O:25][C:26](=[O:27])[CH2:28][CH2:29][CH2:30][CH2:31][CH2:32][CH2:33][CH2:34][CH2:35][CH2:36][CH2:37][CH2:38][CH2:39][CH2:40][CH2:41][CH2:42][CH2:43][CH2:44][CH2:45][CH3:46])[CH2:47][O:48][P@@:49](=[O:50])([OH:51])[O:52][C@H:53]1[C@@H:54]([OH:55])[C@@H:56]([OH:57])[CH:58]([OH:59])[C@@H:60]([OH:61])[C@@H:62]1[OH:63]", "reacting_atoms": [10, 9], "template_id": "b8752864a144b4d488d51a312d4ebfdc", "template_set": ["bkms", "bkms", "bkms"], "num_examples": 64, "necessary_reagent": "", "template_score": 0.11710555851459503, "rms_molwt": -916.6040795380002, "num_rings": -1, "plausibility": 1, "tforms": ["71d96988ab3623c8d39bf0ee6519c85b", "4b5c01ce1dd3e508649493e134ba9f1c", "b8752864a144b4d488d51a312d4ebfdc"], "rank": 9, "score": -9502.460413955718}, {"smiles": "CCCCCCCCCCCCCCCCCCC(=O)OC[C@H](CO[P@@](=O)(O)O[C@H]1[C@@H](O)[C@@H](OP(=O)(O)O)C(O)[C@@H](O)[C@@H]1O)OC(=O)CCCCCCCCCCCCCCC", "smiles_split": ["CCCCCCCCCCCCCCCCCCC(=O)OC[C@H](CO[P@@](=O)(O)O[C@H]1[C@@H](O)[C@@H](OP(=O)(O)O)C(O)[C@@H](O)[C@@H]1O)OC(=O)CCCCCCCCCCCCCCC"], "mapped_smiles": "[CH3:5][CH2:6][CH2:7][CH2:8][CH2:9][CH2:10][CH2:11][CH2:12][CH2:13][CH2:14][CH2:15][CH2:16][CH2:17][CH2:18][CH2:19][C:20](=[O:21])[O:22][C@H:23]([CH2:24][O:25][C:26](=[O:27])[CH2:28][CH2:29][CH2:30][CH2:31][CH2:32][CH2:33][CH2:34][CH2:35][CH2:36][CH2:37][CH2:38][CH2:39][CH2:40][CH2:41][CH2:42][CH2:43][CH2:44][CH3:45])[CH2:47][O:48][P@@:49](=[O:50])([OH:51])[O:52][C@H:53]1[C@@H:54]([OH:55])[C@@H:56]([O:57][P:901]([OH:900])([OH:902])=[O:903])[CH:58]([OH:59])[C@@H:60]([OH:61])[C@@H:62]1[OH:63]", "reacting_atoms": [57, 56, 16, 15, 13, 12, 10, 9, 7, 6, 5, 45], "template_id": "b0ca3e97727979f446e468798ce10365", "template_set": ["bkms"], "num_examples": 1, "necessary_reagent": "[C].[C]~[C]~[C]~[C]", "template_score": 0.05410856008529663, "rms_molwt": -932.5391099320001, "num_rings": -1, "plausibility": 1, "tforms": ["b0ca3e97727979f446e468798ce10365"], "rank": 10, "score": -20589.605657181408}, {"smiles": "CCCCCCCCCCCCCCCCCCC(=O)OC[C@H](CO[P@@](=O)(O)O[C@@H]1[C@@H](O)[C@H](O)C(OP(=O)(O)O)[C@H](O)[C@@H]1O)OC(=O)CCCCCCCCCCCCCCC", "smiles_split": ["CCCCCCCCCCCCCCCCCCC(=O)OC[C@H](CO[P@@](=O)(O)O[C@@H]1[C@@H](O)[C@H](O)C(OP(=O)(O)O)[C@H](O)[C@@H]1O)OC(=O)CCCCCCCCCCCCCCC"], "mapped_smiles": "[CH3:5][CH2:6][CH2:7][CH2:8][CH2:9][CH2:10][CH2:11][CH2:12][CH2:13][CH2:14][CH2:15][CH2:16][CH2:17][CH2:18][CH2:19][C:20](=[O:21])[O:22][C@H:23]([CH2:24][O:25][C:26](=[O:27])[CH2:28][CH2:29][CH2:30][CH2:31][CH2:32][CH2:33][CH2:34][CH2:35][CH2:36][CH2:37][CH2:38][CH2:39][CH2:40][CH2:41][CH2:42][CH2:43][CH2:44][CH3:45])[CH2:47][O:48][P@@:49](=[O:50])([OH:51])[O:52][C@H:53]1[C@@H:54]([OH:55])[C@@H:56]([OH:57])[CH:58]([O:59][P:901]([OH:900])([OH:902])=[O:903])[C@@H:60]([OH:61])[C@@H:62]1[OH:63]", "reacting_atoms": [59, 16, 15, 13, 12, 10, 9, 7, 6, 5, 45], "template_id": "b0ca3e97727979f446e468798ce10365", "template_set": ["bkms"], "num_examples": 1, "necessary_reagent": "[C].[C]~[C]~[C]~[C]", "template_score": 0.05410856008529663, "rms_molwt": -932.5391099320001, "num_rings": -1, "plausibility": 1, "tforms": ["b0ca3e97727979f446e468798ce10365"], "rank": 11, "score": -20589.605657181408}, {"smiles": "CCCCCCCCCCCCCCCCCCC(=O)OC[C@H](CO[P@@](=O)(O)O[C@H]1[C@@H](OP(=O)(O)O)[C@@H](O)C(O)[C@@H](O)[C@@H]1O)OC(=O)CCCCCCCCCCCCCCC", "smiles_split": ["CCCCCCCCCCCCCCCCCCC(=O)OC[C@H](CO[P@@](=O)(O)O[C@H]1[C@@H](OP(=O)(O)O)[C@@H](O)C(O)[C@@H](O)[C@@H]1O)OC(=O)CCCCCCCCCCCCCCC"], "mapped_smiles": "[CH3:5][CH2:6][CH2:7][CH2:8][CH2:9][CH2:10][CH2:11][CH2:12][CH2:13][CH2:14][CH2:15][CH2:16][CH2:17][CH2:18][CH2:19][C:20](=[O:21])[O:22][C@H:23]([CH2:24][O:25][C:26](=[O:27])[CH2:28][CH2:29][CH2:30][CH2:31][CH2:32][CH2:33][CH2:34][CH2:35][CH2:36][CH2:37][CH2:38][CH2:39][CH2:40][CH2:41][CH2:42][CH2:43][CH2:44][CH3:45])[CH2:47][O:48][P@@:49](=[O:50])([OH:51])[O:52][C@H:53]1[C@@H:54]([O:55][P:901]([OH:900])([OH:902])=[O:903])[C@@H:56]([OH:57])[CH:58]([OH:59])[C@@H:60]([OH:61])[C@@H:62]1[OH:63]", "reacting_atoms": [55, 54, 16, 15, 13, 12, 10, 9, 7, 6, 5, 45], "template_id": "b0ca3e97727979f446e468798ce10365", "template_set": ["bkms"], "num_examples": 1, "necessary_reagent": "[C].[C]~[C]~[C]~[C]", "template_score": 0.05410856008529663, "rms_molwt": -932.5391099320001, "num_rings": -1, "plausibility": 1, "tforms": ["b0ca3e97727979f446e468798ce10365"], "rank": 12, "score": -20589.605657181408}, {"smiles": "CCCCCCCCCCCCCCCCCCC(=O)OC[C@H](CO[P@@](=O)(O)O[C@H]1[C@@H](O)[C@@H](O)C(O)[C@@H](OP(=O)(O)O)[C@@H]1O)OC(=O)CCCCCCCCCCCCCCC", "smiles_split": ["CCCCCCCCCCCCCCCCCCC(=O)OC[C@H](CO[P@@](=O)(O)O[C@H]1[C@@H](O)[C@@H](O)C(O)[C@@H](OP(=O)(O)O)[C@@H]1O)OC(=O)CCCCCCCCCCCCCCC"], "mapped_smiles": "[CH3:5][CH2:6][CH2:7][CH2:8][CH2:9][CH2:10][CH2:11][CH2:12][CH2:13][CH2:14][CH2:15][CH2:16][CH2:17][CH2:18][CH2:19][C:20](=[O:21])[O:22][C@H:23]([CH2:24][O:25][C:26](=[O:27])[CH2:28][CH2:29][CH2:30][CH2:31][CH2:32][CH2:33][CH2:34][CH2:35][CH2:36][CH2:37][CH2:38][CH2:39][CH2:40][CH2:41][CH2:42][CH2:43][CH2:44][CH3:45])[CH2:47][O:48][P@@:49](=[O:50])([OH:51])[O:52][C@H:53]1[C@@H:54]([OH:55])[C@@H:56]([OH:57])[CH:58]([OH:59])[C@@H:60]([O:61][P:901]([OH:900])([OH:902])=[O:903])[C@@H:62]1[OH:63]", "reacting_atoms": [61, 16, 15, 13, 12, 10, 9, 7, 6, 5, 45], "template_id": "b0ca3e97727979f446e468798ce10365", "template_set": ["bkms"], "num_examples": 1, "necessary_reagent": "[C].[C]~[C]~[C]~[C]", "template_score": 0.05410856008529663, "rms_molwt": -932.5391099320001, "num_rings": -1, "plausibility": 1, "tforms": ["b0ca3e97727979f446e468798ce10365"], "rank": 13, "score": -20589.605657181408}, {"smiles": "CCCCCCCCCCCCCCCCCCC(=O)OC[C@H](CO[P@@](=O)(O)O[C@H]1[C@@H](O)[C@@H](O)C(O)[C@@H](O)[C@@H]1OP(=O)(O)O)OC(=O)CCCCCCCCCCCCCCC", "smiles_split": ["CCCCCCCCCCCCCCCCCCC(=O)OC[C@H](CO[P@@](=O)(O)O[C@H]1[C@@H](O)[C@@H](O)C(O)[C@@H](O)[C@@H]1OP(=O)(O)O)OC(=O)CCCCCCCCCCCCCCC"], "mapped_smiles": "[CH3:5][CH2:6][CH2:7][CH2:8][CH2:9][CH2:10][CH2:11][CH2:12][CH2:13][CH2:14][CH2:15][CH2:16][CH2:17][CH2:18][CH2:19][C:20](=[O:21])[O:22][C@H:23]([CH2:24][O:25][C:26](=[O:27])[CH2:28][CH2:29][CH2:30][CH2:31][CH2:32][CH2:33][CH2:34][CH2:35][CH2:36][CH2:37][CH2:38][CH2:39][CH2:40][CH2:41][CH2:42][CH2:43][CH2:44][CH3:45])[CH2:47][O:48][P@@:49](=[O:50])([OH:51])[O:52][C@H:53]1[C@@H:54]([OH:55])[C@@H:56]([OH:57])[CH:58]([OH:59])[C@@H:60]([OH:61])[C@@H:62]1[O:63][P:901]([OH:900])([OH:902])=[O:903]", "reacting_atoms": [63, 16, 15, 13, 12, 10, 9, 7, 6, 5, 45], "template_id": "b0ca3e97727979f446e468798ce10365", "template_set": ["bkms"], "num_examples": 1, "necessary_reagent": "[C].[C]~[C]~[C]~[C]", "template_score": 0.05410856008529663, "rms_molwt": -932.5391099320001, "num_rings": -1, "plausibility": 1, "tforms": ["b0ca3e97727979f446e468798ce10365"], "rank": 14, "score": -20589.605657181408}, {"smiles": "CCCCC/C=C\\C/C=C\\C/C=C\\C/C=C\\CCCC(=O)O[C@H](COC(=O)CCCCCCCCCCCCCCCCCCCCC)CO[P@@](=O)(O)O[C@H]1[C@@H](OP(=O)(O)O)[C@@H](O)C(O)[C@@H](O)[C@@H]1O", "smiles_split": ["CCCCC/C=C\\C/C=C\\C/C=C\\C/C=C\\CCCC(=O)O[C@H](COC(=O)CCCCCCCCCCCCCCCCCCCCC)CO[P@@](=O)(O)O[C@H]1[C@@H](OP(=O)(O)O)[C@@H](O)C(O)[C@@H](O)[C@@H]1O"], "mapped_smiles": "[CH3:1][CH2:2][CH2:3][CH2:4][CH2:5]/[CH:6]=[CH:7]\\[CH2:8]/[CH:9]=[CH:10]\\[CH2:11]/[CH:12]=[CH:13]\\[CH2:14]/[CH:15]=[CH:16]\\[CH2:17][CH2:18][CH2:19][C:20](=[O:21])[O:22][C@H:23]([CH2:24][O:25][C:26](=[O:27])[CH2:28][CH2:29][CH2:30][CH2:31][CH2:32][CH2:33][CH2:34][CH2:35][CH2:36][CH2:37][CH2:38][CH2:39][CH2:40][CH2:41][CH2:42][CH2:43][CH2:44][CH2:45][CH2:46][CH2:901][CH3:900])[CH2:47][O:48][P@@:49](=[O:50])([OH:51])[O:52][C@H:53]1[C@@H:54]([O:55][P:903]([OH:902])([OH:904])=[O:905])[C@@H:56]([OH:57])[CH:58]([OH:59])[C@@H:60]([OH:61])[C@@H:62]1[OH:63]", "reacting_atoms": [46, 55, 54], "template_id": "6ba71a0f38306bb7622b72928a730346", "template_set": ["bkms"], "num_examples": 1, "necessary_reagent": "", "template_score": 0.026922745630145073, "rms_molwt": -1022.5860601240003, "num_rings": -1, "plausibility": 1, "tforms": ["6ba71a0f38306bb7622b72928a730346"], "rank": 15, "score": -46763.84232259336}]}