{"smiles": "CC1=C[C@@H]2O[C@@H]3[C@H](O[C@@H]4O[C@@H](CO)[C@@H](O)[C@@H](O)[C@@H]4O)C[C@@](C)([C@@]34CO4)[C@@]2(CO)[C@@H](O)C1=O", "sfscore": [0.4080102741718292, 0.6504231095314026], "chem_result": [{"smiles": "CC1=C[C@@H]2O[C@@H]3[C@H](O[C@@H]4O[C@@H](CO)[C@@H](O)[C@@H](O)[C@@H]4O)C[C@@](C)([C@@]34CO4)[C@@]2(CO)[C@@H](O)C1=O", "bw_confidence": 0.018842315318976312, "confidence": 0.05413959734346672, "rclass": "7 7.5 7.5.1", "children": [{"smiles": "CC1=C[C@@H]2O[C@@H]3[C@H](O[C@@H]4O[C@@H](CO)[C@@H](O)[C@@H](O)[C@@H]4O)C[C@](C)([C@@]2(CO)C(=O)C1=O)[C@@]31CO1"}, {"smiles": "CO"}, {"smiles": "[BH4-]~[Na+]"}]}, {"smiles": "CC1=C[C@@H]2O[C@@H]3[C@H](O[C@@H]4O[C@@H](CO)[C@@H](O)[C@@H](O)[C@@H]4O)C[C@@](C)([C@@]34CO4)[C@@]2(CO)[C@@H](O)C1=O", "bw_confidence": 0.005501901527172024, "confidence": 0.06356259235912749, "rclass": "11 11.9 11.9", "children": [{"smiles": "CC1=C[C@@H]2O[C@@H]3[C@H](O[C@@H]4O[C@@H](CO)[C@@H](O)[C@@H](O)[C@@H]4O)C[C@@](C)([C@@]34CO4)[C@@]2(CO)[C@@H](O)C1=O~Cl"}, {"smiles": "O"}]}, {"smiles": "CC1=C[C@@H]2O[C@@H]3[C@H](O[C@@H]4O[C@@H](CO)[C@@H](O)[C@@H](O)[C@@H]4O)C[C@@](C)([C@@]34CO4)[C@@]2(CO)[C@@H](O)C1=O", "bw_confidence": 0.005261195766925843, "confidence": 0.004931604567904578, "rclass": "1 1.7 1.7.9", "children": [{"smiles": "CC(=O)OC[C@H]1O[C@H](Br)[C@@H](OC(C)=O)[C@@H](OC(C)=O)[C@@H]1OC(C)=O"}, {"smiles": "CC1=C[C@@H]2O[C@@H]3[C@H](O)C[C@@](C)([C@@]34CO4)[C@@]2(CO)[C@@H](O)C1=O"}]}, {"smiles": "CC1=C[C@@H]2O[C@@H]3[C@H](O[C@@H]4O[C@@H](CO)[C@@H](O)[C@@H](O)[C@@H]4O)C[C@@](C)([C@@]34CO4)[C@@]2(CO)[C@@H](O)C1=O", "bw_confidence": 0.004751643970627335, "confidence": 0.1565185290990202, "rclass": "6 6.3 6.3.17", "children": [{"smiles": "CC1=C[C@@H]2O[C@@H]3[C@H](O[C@@H]4O[C@@H](COC(=O)c5ccccc5)[C@@H](OC(=O)c5ccccc5)[C@@H](OC(=O)c5ccccc5)[C@@H]4OC(=O)c4ccccc4)C[C@@](C)([C@@]34CO4)[C@@]2(CO)[C@@H](O)C1=O"}, {"smiles": "CO"}, {"smiles": "C[O-]~[Na+]"}]}, {"smiles": "CC1=C[C@@H]2O[C@@H]3[C@H](O[C@@H]4O[C@@H](CO)[C@@H](O)[C@@H](O)[C@@H]4O)C[C@@](C)([C@@]34CO4)[C@@]2(CO)[C@@H](O)C1=O", "bw_confidence": 0.0022267640015918577, "confidence": 0.008599940090553315, "rclass": "0 0 0", "children": [{"smiles": "CC1=C[C@@H]2O[C@@H]3[C@H](O[C@@H]4O[C@@H](CO)[C@@H](O)[C@@H](O)[C@@H]4O)C[C@@](C)([C@@]34CO4)[C@@]2(CO)[C@@H](O)C1=O"}, {"smiles": "CO"}, {"smiles": "C[O-]~[Na+]"}]}, {"smiles": "CC1=C[C@@H]2O[C@@H]3[C@H](O[C@@H]4O[C@@H](CO)[C@@H](O)[C@@H](O)[C@@H]4O)C[C@@](C)([C@@]34CO4)[C@@]2(CO)[C@@H](O)C1=O", "bw_confidence": 0.0012247838937663564, "confidence": 0.10969282436264619, "rclass": "6 6.3 6.3.2", "children": [{"smiles": "C1CCOC1"}, {"smiles": "CC1=C[C@@H]2O[C@@H]3[C@H](O[C@@H]4O[C@@H](CO)[C@@H](O)[C@@H](O)[C@@H]4O)C[C@](C)([C@@]2(CO[Si](C)(C)C(C)(C)C)C1=O)[C@@]31CO1"}, {"smiles": "CCCC[N+](CCCC)(CCCC)CCCC~[F-]"}]}, {"smiles": "CC1=C[C@@H]2O[C@@H]3[C@H](O[C@@H]4O[C@@H](CO)[C@@H](O)[C@@H](O)[C@@H]4O)C[C@@](C)([C@@]34CO4)[C@@]2(CO)[C@@H](O)C1=O", "bw_confidence": 0.0009901127745751066, "confidence": 0.03223378778343054, "rclass": "0 0 0", "children": [{"smiles": "CC1=C[C@@H]2O[C@@H]3[C@H](O[C@@H]4O[C@@H](CO)[C@@H](O)[C@@H](O)[C@@H]4O)C[C@](C)([C@@]2(CO)[C@@H](O[C@@H]2O[C@H](CO)[C@@H](O)[C@H](O)[C@H]2O)C1=O)[C@@]31CO1"}, {"smiles": "O"}]}, {"smiles": "CC1=C[C@@H]2O[C@@H]3[C@H](O[C@@H]4O[C@@H](CO)[C@@H](O)[C@@H](O)[C@@H]4O)C[C@@](C)([C@@]34CO4)[C@@]2(CO)[C@@H](O)C1=O", "bw_confidence": 0.0002959606075948532, "confidence": 0.009621111405457022, "rclass": "0 0 0", "children": [{"smiles": "CC1=C[C@@H]2O[C@@H]3[C@H](O[C@@H]4O[C@@H]5CO[C@@H](c6ccccc6)O[C@H]5[C@@H](O)[C@@H]4O)C[C@@](C)([C@@]34CO4)[C@@]2(CO)[C@@H](O)C1=O"}, {"smiles": "CO"}, {"smiles": "C[O-]~[Na+]"}]}, {"smiles": "CC1=C[C@@H]2O[C@@H]3[C@H](O[C@@H]4O[C@@H](CO)[C@@H](O)[C@@H](O)[C@@H]4O)C[C@@](C)([C@@]34CO4)[C@@]2(CO)[C@@H](O)C1=O", "bw_confidence": 7.146847189570936e-05, "confidence": 0.07894037170939774, "rclass": "0 0 0", "children": [{"smiles": "C1CCOC1"}, {"smiles": "CC1=C[C@@H]2O[C@@H]3[C@H](O[C@@H]4O[C@@H](CO)[C@@H](O)[C@@H](O)[C@@H]4O)C[C@](C)([C@@]2(CO)CC1=O)[C@@]31CO1"}, {"smiles": "CCCC[N+](CCCC)(CCCC)CCCC~[F-]"}]}], "chem_bw_confidence_list": [0.018842315318976312, 0.005501901527172024, 0.005261195766925843, 0.004751643970627335, 0.0022267640015918577, 0.0012247838937663564, 0.0009901127745751066, 0.0002959606075948532, 7.146847189570936e-05], "enzy_template_score_list": [0.2065357118844986, 0.2065357118844986, 0.17707015573978424, 0.17707015573978424, 0.17707015573978424, 0.17707015573978424, 0.17707015573978424, 0.17707015573978424, 0.12949176132678986, 0.12949176132678986, 0.12949176132678986, 0.12949176132678986, 0.12949176132678986, 0.12949176132678986, 0.07137152552604675], "enzy_result": [{"smiles": "CC1=C[C@@H]2O[C@@H]3[C@H](O[C@@H]4O[C@@H](C)[C@@H](O)[C@@H](O)[C@@H]4O)C[C@@](C)([C@@]34CO4)[C@@]2(CO)[C@@H](O)C1=O", "smiles_split": ["CC1=C[C@@H]2O[C@@H]3[C@H](O[C@@H]4O[C@@H](C)[C@@H](O)[C@@H](O)[C@@H]4O)C[C@@](C)([C@@]34CO4)[C@@]2(CO)[C@@H](O)C1=O"], "mapped_smiles": "[CH3:1][C:2]1=[CH:3][C@@H:4]2[O:5][C@@H:6]3[C@H:7]([O:8][C@@H:9]4[O:10][C@@H:11]([CH3:12])[C@@H:14]([OH:15])[C@@H:16]([OH:17])[C@@H:18]4[OH:19])[CH2:20][C@@:21]([CH3:22])([C@@:23]34[CH2:24][O:25]4)[C@@:26]2([CH2:27][OH:28])[C@@H:29]([OH:30])[C:31]1=[O:32]", "reacting_atoms": [11, 12], "template_id": "f79f472bf2519c1c739003d134aa74dc", "template_set": ["bkms", "bkms"], "num_examples": 70, "necessary_reagent": "[O]", "template_score": 0.2065357118844986, "rms_molwt": -442.1838971599999, "num_rings": -5, "plausibility": 1, "tforms": ["f79f472bf2519c1c739003d134aa74dc", "aa4cf22afa4a7c1504d397a6a26e22eb"], "rank": 1, "score": -3604.7301880074147}, {"smiles": "CC1=C[C@@H]2O[C@@H]3[C@H](O[C@@H]4O[C@@H](CO)[C@@H](O)[C@@H](O)[C@@H]4O)C[C@](C)([C@@]2(C)[C@@H](O)C1=O)[C@@]31CO1", "smiles_split": ["CC1=C[C@@H]2O[C@@H]3[C@H](O[C@@H]4O[C@@H](CO)[C@@H](O)[C@@H](O)[C@@H]4O)C[C@](C)([C@@]2(C)[C@@H](O)C1=O)[C@@]31CO1"], "mapped_smiles": "[CH3:1][C:2]1=[CH:3][C@@H:4]2[O:5][C@@H:6]3[C@H:7]([O:8][C@@H:9]4[O:10][C@@H:11]([CH2:12][OH:13])[C@@H:14]([OH:15])[C@@H:16]([OH:17])[C@@H:18]4[OH:19])[CH2:20][C@@:21]([CH3:22])([C@@:23]34[CH2:24][O:25]4)[C@@:26]2([CH3:27])[C@@H:29]([OH:30])[C:31]1=[O:32]", "reacting_atoms": [26, 27], "template_id": "f79f472bf2519c1c739003d134aa74dc", "template_set": ["bkms"], "num_examples": 69, "necessary_reagent": "[O]", "template_score": 0.2065357118844986, "rms_molwt": -442.1838971599999, "num_rings": -5, "plausibility": 1, "tforms": ["f79f472bf2519c1c739003d134aa74dc"], "rank": 2, "score": -3604.7301880074147}, {"smiles": "CC1=C[C@@H]2O[C@@H]3[C@H](O[C@@H]4O[C@@H](CO)[C@@H](O)[C@@H](OP(=O)(O)O)[C@@H]4O)C[C@@](C)([C@@]34CO4)[C@@]2(CO)[C@@H](O)C1=O", "smiles_split": ["CC1=C[C@@H]2O[C@@H]3[C@H](O[C@@H]4O[C@@H](CO)[C@@H](O)[C@@H](OP(=O)(O)O)[C@@H]4O)C[C@@](C)([C@@]34CO4)[C@@]2(CO)[C@@H](O)C1=O"], "mapped_smiles": "[CH3:1][C:2]1=[CH:3][C@@H:4]2[O:5][C@@H:6]3[C@H:7]([O:8][C@@H:9]4[O:10][C@@H:11]([CH2:12][OH:13])[C@@H:14]([OH:15])[C@@H:16]([O:17][P:901]([OH:900])([OH:902])=[O:903])[C@@H:18]4[OH:19])[CH2:20][C@@:21]([CH3:22])([C@@:23]34[CH2:24][O:25]4)[C@@:26]2([CH2:27][OH:28])[C@@H:29]([OH:30])[C:31]1=[O:32]", "reacting_atoms": [17, 16], "template_id": "65bf7618263ef0544bfb3455ab5e0cbc", "template_set": ["bkms"], "num_examples": 167, "necessary_reagent": "", "template_score": 0.17707015573978424, "rms_molwt": -538.1451423019998, "num_rings": -5, "plausibility": 1, "tforms": ["65bf7618263ef0544bfb3455ab5e0cbc"], "rank": 3, "score": -4689.125175088098}, {"smiles": "CC1=C[C@@H]2O[C@@H]3[C@H](O[C@@H]4O[C@@H](CO)[C@@H](O)[C@@H](O)[C@@H]4O)C[C@](C)([C@@]2(CO)[C@@H](OP(=O)(O)O)C1=O)[C@@]31CO1", "smiles_split": ["CC1=C[C@@H]2O[C@@H]3[C@H](O[C@@H]4O[C@@H](CO)[C@@H](O)[C@@H](O)[C@@H]4O)C[C@](C)([C@@]2(CO)[C@@H](OP(=O)(O)O)C1=O)[C@@]31CO1"], "mapped_smiles": "[CH3:1][C:2]1=[CH:3][C@@H:4]2[O:5][C@@H:6]3[C@H:7]([O:8][C@@H:9]4[O:10][C@@H:11]([CH2:12][OH:13])[C@@H:14]([OH:15])[C@@H:16]([OH:17])[C@@H:18]4[OH:19])[CH2:20][C@@:21]([CH3:22])([C@@:23]34[CH2:24][O:25]4)[C@@:26]2([CH2:27][OH:28])[C@@H:29]([O:30][P:901]([OH:900])([OH:902])=[O:903])[C:31]1=[O:32]", "reacting_atoms": [30, 29], "template_id": "65bf7618263ef0544bfb3455ab5e0cbc", "template_set": ["bkms"], "num_examples": 167, "necessary_reagent": "", "template_score": 0.17707015573978424, "rms_molwt": -538.1451423019998, "num_rings": -5, "plausibility": 1, "tforms": ["65bf7618263ef0544bfb3455ab5e0cbc"], "rank": 4, "score": -4689.125175088098}, {"smiles": "CC1=C[C@@H]2O[C@@H]3[C@H](O[C@@H]4O[C@@H](CO)[C@@H](O)[C@@H](O)[C@@H]4O)C[C@@](C)([C@@]34CO4)[C@@]2(COP(=O)(O)O)[C@@H](O)C1=O", "smiles_split": ["CC1=C[C@@H]2O[C@@H]3[C@H](O[C@@H]4O[C@@H](CO)[C@@H](O)[C@@H](O)[C@@H]4O)C[C@@](C)([C@@]34CO4)[C@@]2(COP(=O)(O)O)[C@@H](O)C1=O"], "mapped_smiles": "[CH3:1][C:2]1=[CH:3][C@@H:4]2[O:5][C@@H:6]3[C@H:7]([O:8][C@@H:9]4[O:10][C@@H:11]([CH2:12][OH:13])[C@@H:14]([OH:15])[C@@H:16]([OH:17])[C@@H:18]4[OH:19])[CH2:20][C@@:21]([CH3:22])([C@@:23]34[CH2:24][O:25]4)[C@@:26]2([CH2:27][O:28][P:901]([OH:900])([OH:902])=[O:903])[C@@H:29]([OH:30])[C:31]1=[O:32]", "reacting_atoms": [28], "template_id": "65bf7618263ef0544bfb3455ab5e0cbc", "template_set": ["bkms"], "num_examples": 167, "necessary_reagent": "", "template_score": 0.17707015573978424, "rms_molwt": -538.1451423019998, "num_rings": -5, "plausibility": 1, "tforms": ["65bf7618263ef0544bfb3455ab5e0cbc"], "rank": 5, "score": -4689.125175088098}, {"smiles": "CC1=C[C@@H]2O[C@@H]3[C@H](O[C@@H]4O[C@@H](CO)[C@@H](O)[C@@H](O)[C@@H]4OP(=O)(O)O)C[C@@](C)([C@@]34CO4)[C@@]2(CO)[C@@H](O)C1=O", "smiles_split": ["CC1=C[C@@H]2O[C@@H]3[C@H](O[C@@H]4O[C@@H](CO)[C@@H](O)[C@@H](O)[C@@H]4OP(=O)(O)O)C[C@@](C)([C@@]34CO4)[C@@]2(CO)[C@@H](O)C1=O"], "mapped_smiles": "[CH3:1][C:2]1=[CH:3][C@@H:4]2[O:5][C@@H:6]3[C@H:7]([O:8][C@@H:9]4[O:10][C@@H:11]([CH2:12][OH:13])[C@@H:14]([OH:15])[C@@H:16]([OH:17])[C@@H:18]4[O:19][P:901]([OH:900])([OH:902])=[O:903])[CH2:20][C@@:21]([CH3:22])([C@@:23]34[CH2:24][O:25]4)[C@@:26]2([CH2:27][OH:28])[C@@H:29]([OH:30])[C:31]1=[O:32]", "reacting_atoms": [19, 18], "template_id": "65bf7618263ef0544bfb3455ab5e0cbc", "template_set": ["bkms"], "num_examples": 167, "necessary_reagent": "", "template_score": 0.17707015573978424, "rms_molwt": -538.1451423019998, "num_rings": -5, "plausibility": 1, "tforms": ["65bf7618263ef0544bfb3455ab5e0cbc"], "rank": 6, "score": -4689.125175088098}, {"smiles": "CC1=C[C@@H]2O[C@@H]3[C@H](O[C@@H]4O[C@@H](COP(=O)(O)O)[C@@H](O)[C@@H](O)[C@@H]4O)C[C@@](C)([C@@]34CO4)[C@@]2(CO)[C@@H](O)C1=O", "smiles_split": ["CC1=C[C@@H]2O[C@@H]3[C@H](O[C@@H]4O[C@@H](COP(=O)(O)O)[C@@H](O)[C@@H](O)[C@@H]4O)C[C@@](C)([C@@]34CO4)[C@@]2(CO)[C@@H](O)C1=O"], "mapped_smiles": "[CH3:1][C:2]1=[CH:3][C@@H:4]2[O:5][C@@H:6]3[C@H:7]([O:8][C@@H:9]4[O:10][C@@H:11]([CH2:12][O:13][P:901]([OH:900])([OH:902])=[O:903])[C@@H:14]([OH:15])[C@@H:16]([OH:17])[C@@H:18]4[OH:19])[CH2:20][C@@:21]([CH3:22])([C@@:23]34[CH2:24][O:25]4)[C@@:26]2([CH2:27][OH:28])[C@@H:29]([OH:30])[C:31]1=[O:32]", "reacting_atoms": [13], "template_id": "65bf7618263ef0544bfb3455ab5e0cbc", "template_set": ["bkms"], "num_examples": 167, "necessary_reagent": "", "template_score": 0.17707015573978424, "rms_molwt": -538.1451423019998, "num_rings": -5, "plausibility": 1, "tforms": ["65bf7618263ef0544bfb3455ab5e0cbc"], "rank": 7, "score": -4689.125175088098}, {"smiles": "CC1=C[C@@H]2O[C@@H]3[C@H](O[C@@H]4O[C@@H](CO)[C@@H](OP(=O)(O)O)[C@@H](O)[C@@H]4O)C[C@@](C)([C@@]34CO4)[C@@]2(CO)[C@@H](O)C1=O", "smiles_split": ["CC1=C[C@@H]2O[C@@H]3[C@H](O[C@@H]4O[C@@H](CO)[C@@H](OP(=O)(O)O)[C@@H](O)[C@@H]4O)C[C@@](C)([C@@]34CO4)[C@@]2(CO)[C@@H](O)C1=O"], "mapped_smiles": "[CH3:1][C:2]1=[CH:3][C@@H:4]2[O:5][C@@H:6]3[C@H:7]([O:8][C@@H:9]4[O:10][C@@H:11]([CH2:12][OH:13])[C@@H:14]([O:15][P:901]([OH:900])([OH:902])=[O:903])[C@@H:16]([OH:17])[C@@H:18]4[OH:19])[CH2:20][C@@:21]([CH3:22])([C@@:23]34[CH2:24][O:25]4)[C@@:26]2([CH2:27][OH:28])[C@@H:29]([OH:30])[C:31]1=[O:32]", "reacting_atoms": [15, 14], "template_id": "65bf7618263ef0544bfb3455ab5e0cbc", "template_set": ["bkms"], "num_examples": 167, "necessary_reagent": "", "template_score": 0.17707015573978424, "rms_molwt": -538.1451423019998, "num_rings": -5, "plausibility": 1, "tforms": ["65bf7618263ef0544bfb3455ab5e0cbc"], "rank": 8, "score": -4689.125175088098}, {"smiles": "CC(=O)O[C@H]1C(=O)C(C)=C[C@@H]2O[C@@H]3[C@H](O[C@@H]4O[C@@H](CO)[C@@H](O)[C@@H](O)[C@@H]4O)C[C@](C)([C@]21CO)[C@@]31CO1", "smiles_split": ["CC(=O)O[C@H]1C(=O)C(C)=C[C@@H]2O[C@@H]3[C@H](O[C@@H]4O[C@@H](CO)[C@@H](O)[C@@H](O)[C@@H]4O)C[C@](C)([C@]21CO)[C@@]31CO1"], "mapped_smiles": "[CH3:1][C:2]1=[CH:3][C@@H:4]2[O:5][C@@H:6]3[C@H:7]([O:8][C@@H:9]4[O:10][C@@H:11]([CH2:12][OH:13])[C@@H:14]([OH:15])[C@@H:16]([OH:17])[C@@H:18]4[OH:19])[CH2:20][C@@:21]([CH3:22])([C@@:23]34[CH2:24][O:25]4)[C@@:26]2([CH2:27][OH:28])[C@@H:29]([O:30][C:901]([CH3:900])=[O:902])[C:31]1=[O:32]", "reacting_atoms": [30, 29], "template_id": "c4c17358d77559e0452152e0cbfcc087", "template_set": ["bkms"], "num_examples": 34, "necessary_reagent": "", "template_score": 0.12949176132678986, "rms_molwt": -500.18937646399985, "num_rings": -5, "plausibility": 1, "tforms": ["c4c17358d77559e0452152e0cbfcc087"], "rank": 9, "score": -6273.987638509991}, {"smiles": "CC(=O)OC[C@@]12[C@H](C=C(C)C(=O)[C@@H]1O)O[C@@H]1[C@H](O[C@@H]3O[C@@H](CO)[C@@H](O)[C@@H](O)[C@@H]3O)C[C@@]2(C)[C@@]12CO2", "smiles_split": ["CC(=O)OC[C@@]12[C@H](C=C(C)C(=O)[C@@H]1O)O[C@@H]1[C@H](O[C@@H]3O[C@@H](CO)[C@@H](O)[C@@H](O)[C@@H]3O)C[C@@]2(C)[C@@]12CO2"], "mapped_smiles": "[CH3:1][C:2]1=[CH:3][C@@H:4]2[O:5][C@@H:6]3[C@H:7]([O:8][C@@H:9]4[O:10][C@@H:11]([CH2:12][OH:13])[C@@H:14]([OH:15])[C@@H:16]([OH:17])[C@@H:18]4[OH:19])[CH2:20][C@@:21]([CH3:22])([C@@:23]34[CH2:24][O:25]4)[C@@:26]2([CH2:27][O:28][C:901]([CH3:900])=[O:902])[C@@H:29]([OH:30])[C:31]1=[O:32]", "reacting_atoms": [28], "template_id": "c4c17358d77559e0452152e0cbfcc087", "template_set": ["bkms"], "num_examples": 34, "necessary_reagent": "", "template_score": 0.12949176132678986, "rms_molwt": -500.18937646399985, "num_rings": -5, "plausibility": 1, "tforms": ["c4c17358d77559e0452152e0cbfcc087"], "rank": 10, "score": -6273.987638509991}, {"smiles": "CC(=O)O[C@@H]1[C@H](O[C@@H]2C[C@@]3(C)[C@@]4(CO4)[C@@H]2O[C@H]2C=C(C)C(=O)[C@H](O)[C@@]23CO)O[C@@H](CO)[C@@H](O)[C@H]1O", "smiles_split": ["CC(=O)O[C@@H]1[C@H](O[C@@H]2C[C@@]3(C)[C@@]4(CO4)[C@@H]2O[C@H]2C=C(C)C(=O)[C@H](O)[C@@]23CO)O[C@@H](CO)[C@@H](O)[C@H]1O"], "mapped_smiles": "[CH3:1][C:2]1=[CH:3][C@@H:4]2[O:5][C@@H:6]3[C@H:7]([O:8][C@@H:9]4[O:10][C@@H:11]([CH2:12][OH:13])[C@@H:14]([OH:15])[C@@H:16]([OH:17])[C@@H:18]4[O:19][C:901]([CH3:900])=[O:902])[CH2:20][C@@:21]([CH3:22])([C@@:23]34[CH2:24][O:25]4)[C@@:26]2([CH2:27][OH:28])[C@@H:29]([OH:30])[C:31]1=[O:32]", "reacting_atoms": [19, 18], "template_id": "c4c17358d77559e0452152e0cbfcc087", "template_set": ["bkms"], "num_examples": 34, "necessary_reagent": "", "template_score": 0.12949176132678986, "rms_molwt": -500.18937646399985, "num_rings": -5, "plausibility": 1, "tforms": ["c4c17358d77559e0452152e0cbfcc087"], "rank": 11, "score": -6273.987638509991}, {"smiles": "CC(=O)OC[C@@H]1O[C@@H](O[C@@H]2C[C@@]3(C)[C@@]4(CO4)[C@@H]2O[C@H]2C=C(C)C(=O)[C@H](O)[C@@]23CO)[C@@H](O)[C@H](O)[C@@H]1O", "smiles_split": ["CC(=O)OC[C@@H]1O[C@@H](O[C@@H]2C[C@@]3(C)[C@@]4(CO4)[C@@H]2O[C@H]2C=C(C)C(=O)[C@H](O)[C@@]23CO)[C@@H](O)[C@H](O)[C@@H]1O"], "mapped_smiles": "[CH3:1][C:2]1=[CH:3][C@@H:4]2[O:5][C@@H:6]3[C@H:7]([O:8][C@@H:9]4[O:10][C@@H:11]([CH2:12][O:13][C:901]([CH3:900])=[O:902])[C@@H:14]([OH:15])[C@@H:16]([OH:17])[C@@H:18]4[OH:19])[CH2:20][C@@:21]([CH3:22])([C@@:23]34[CH2:24][O:25]4)[C@@:26]2([CH2:27][OH:28])[C@@H:29]([OH:30])[C:31]1=[O:32]", "reacting_atoms": [13], "template_id": "c4c17358d77559e0452152e0cbfcc087", "template_set": ["bkms"], "num_examples": 34, "necessary_reagent": "", "template_score": 0.12949176132678986, "rms_molwt": -500.18937646399985, "num_rings": -5, "plausibility": 1, "tforms": ["c4c17358d77559e0452152e0cbfcc087"], "rank": 12, "score": -6273.987638509991}, {"smiles": "CC(=O)O[C@@H]1[C@H](CO)O[C@@H](O[C@@H]2C[C@@]3(C)[C@@]4(CO4)[C@@H]2O[C@H]2C=C(C)C(=O)[C@H](O)[C@@]23CO)[C@@H](O)[C@@H]1O", "smiles_split": ["CC(=O)O[C@@H]1[C@H](CO)O[C@@H](O[C@@H]2C[C@@]3(C)[C@@]4(CO4)[C@@H]2O[C@H]2C=C(C)C(=O)[C@H](O)[C@@]23CO)[C@@H](O)[C@@H]1O"], "mapped_smiles": "[CH3:1][C:2]1=[CH:3][C@@H:4]2[O:5][C@@H:6]3[C@H:7]([O:8][C@@H:9]4[O:10][C@@H:11]([CH2:12][OH:13])[C@@H:14]([O:15][C:901]([CH3:900])=[O:902])[C@@H:16]([OH:17])[C@@H:18]4[OH:19])[CH2:20][C@@:21]([CH3:22])([C@@:23]34[CH2:24][O:25]4)[C@@:26]2([CH2:27][OH:28])[C@@H:29]([OH:30])[C:31]1=[O:32]", "reacting_atoms": [15, 14], "template_id": "c4c17358d77559e0452152e0cbfcc087", "template_set": ["bkms"], "num_examples": 34, "necessary_reagent": "", "template_score": 0.12949176132678986, "rms_molwt": -500.18937646399985, "num_rings": -5, "plausibility": 1, "tforms": ["c4c17358d77559e0452152e0cbfcc087"], "rank": 13, "score": -6273.987638509991}, {"smiles": "CC(=O)O[C@H]1[C@H](O)[C@H](O[C@@H]2C[C@@]3(C)[C@@]4(CO4)[C@@H]2O[C@H]2C=C(C)C(=O)[C@H](O)[C@@]23CO)O[C@@H](CO)[C@H]1O", "smiles_split": ["CC(=O)O[C@H]1[C@H](O)[C@H](O[C@@H]2C[C@@]3(C)[C@@]4(CO4)[C@@H]2O[C@H]2C=C(C)C(=O)[C@H](O)[C@@]23CO)O[C@@H](CO)[C@H]1O"], "mapped_smiles": "[CH3:1][C:2]1=[CH:3][C@@H:4]2[O:5][C@@H:6]3[C@H:7]([O:8][C@@H:9]4[O:10][C@@H:11]([CH2:12][OH:13])[C@@H:14]([OH:15])[C@@H:16]([O:17][C:901]([CH3:900])=[O:902])[C@@H:18]4[OH:19])[CH2:20][C@@:21]([CH3:22])([C@@:23]34[CH2:24][O:25]4)[C@@:26]2([CH2:27][OH:28])[C@@H:29]([OH:30])[C:31]1=[O:32]", "reacting_atoms": [17, 16], "template_id": "c4c17358d77559e0452152e0cbfcc087", "template_set": ["bkms"], "num_examples": 34, "necessary_reagent": "", "template_score": 0.12949176132678986, "rms_molwt": -500.18937646399985, "num_rings": -5, "plausibility": 1, "tforms": ["c4c17358d77559e0452152e0cbfcc087"], "rank": 14, "score": -6273.987638509991}, {"smiles": "CC1=C[C@@H]2O[C@@H]3[C@H](O[C@@H]4O[C@@H](CO)[C@@H](O)[C@@H](O)[C@@H]4O)C[C@@](C)([C@@]34CO4)[C@@]2(CO)[C@@H](O)C1O", "smiles_split": ["CC1=C[C@@H]2O[C@@H]3[C@H](O[C@@H]4O[C@@H](CO)[C@@H](O)[C@@H](O)[C@@H]4O)C[C@@](C)([C@@]34CO4)[C@@]2(CO)[C@@H](O)C1O"], "mapped_smiles": "CC1=C[C@@H]2O[C@@H]3[C@H](O[C@@H]4O[C@@H](CO)[C@@H](O)[C@@H](O)[C@@H]4O)C[C@@](C)([C@@]34CO4)[C@@]2(CO)[C@@H](O)C1O", "reacting_atoms": [-1], "template_id": "0c7dcd7f9823e2af4e741ccca881c752", "template_set": ["bkms", "bkms", "bkms", "bkms", "bkms"], "num_examples": 195, "necessary_reagent": "", "template_score": 0.07137152552604675, "rms_molwt": -460.1944618439999, "num_rings": -5, "plausibility": 1, "tforms": ["fbea35b37b8a0b8c9ebea8de8eb28297", "35e47acfcf35668ae7c84053bd47bef0", "c4b399cfd6eb731833c5f03b5be817cf", "c3df4b32a4526a4773e382bf5570b10d", "0c7dcd7f9823e2af4e741ccca881c752"], "rank": 15, "score": -10653.30734350383}]}