{"smiles": "O=C(c1ccccc1)c1c(O)cc(O)cc1O[C@@H]1O[C@H](CO)[C@@H](O)[C@H](O)[C@@H]1O", "sfscore": [0.4179578423500061, 0.6364229321479797], "chem_result": [{"smiles": "O=C(c1ccccc1)c1c(O)cc(O)cc1O[C@@H]1O[C@H](CO)[C@@H](O)[C@H](O)[C@@H]1O", "bw_confidence": 0.08737825538583929, "confidence": 0.7456535960042018, "rclass": "6 6.3 6.3.6", "children": [{"smiles": "CC(=O)OC[C@H]1O[C@@H](Oc2cc(OC(C)=O)cc(OC(C)=O)c2C(=O)c2ccccc2)[C@@H](OC(C)=O)[C@@H](OC(C)=O)[C@@H]1OC(C)=O"}, {"smiles": "CO"}, {"smiles": "C[O-]~[Na+]"}]}, {"smiles": "O=C(c1ccccc1)c1c(O)cc(O)cc1O[C@@H]1O[C@H](CO)[C@@H](O)[C@H](O)[C@@H]1O", "bw_confidence": 0.04520394267486867, "confidence": 0.20004477400602996, "rclass": "1 1.7 1.7.9", "children": [{"smiles": "CC(=O)OC[C@H]1O[C@H](Br)[C@@H](OC(C)=O)[C@@H](OC(C)=O)[C@@H]1OC(C)=O"}, {"smiles": "O=C(c1ccccc1)c1c(O)cc(O)cc1O"}]}, {"smiles": "O=C(c1ccccc1)c1c(O)cc(O)cc1O[C@@H]1O[C@H](CO)[C@@H](O)[C@H](O)[C@@H]1O", "bw_confidence": 0.02040037694753823, "confidence": 0.12029991843868824, "rclass": "0 0 0", "children": [{"smiles": "O=C(c1ccccc1)c1c(O)cc(O)cc1O"}, {"smiles": "OC[C@H]1OC(O)[C@@H](O)[C@@H](O)[C@@H]1O"}]}, {"smiles": "O=C(c1ccccc1)c1c(O)cc(O)cc1O[C@@H]1O[C@H](CO)[C@@H](O)[C@H](O)[C@@H]1O", "bw_confidence": 0.015129443723569563, "confidence": 0.2739393462124356, "rclass": "11 11.5 11.5", "children": [{"smiles": "O"}, {"smiles": "O=C(c1ccccc1)c1c(O)cc(O)cc1O[C@@H]1O[C@H](CO)[C@@H](O)[C@H](O)[C@@H]1O"}]}], "chem_bw_confidence_list": [0.08737825538583929, 0.04520394267486867, 0.02040037694753823, 0.015129443723569563], "enzy_template_score_list": [0.44015970826148987, 0.03961057588458061, 0.02453865297138691, 0.028489453718066216, 0.017599178478121758, 0.017599178478121758, 0.017599178478121758, 0.017599178478121758, 0.017599178478121758, 0.01520420890301466, 0.01520420890301466, 0.01520420890301466, 0.01520420890301466, 0.011030090041458607, 0.011030090041458607], "enzy_result": [{"smiles": "O=C(c1ccccc1)c1c(O)cc(O)cc1O.O=c1ccn([C@@H]2O[C@H](COP(=O)(O)OP(=O)(O)OC3O[C@H](CO)[C@@H](O)[C@H](O)[C@@H]3O)[C@@H](O)[C@H]2O)c(=O)[nH]1", "smiles_split": ["O=C(c1ccccc1)c1c(O)cc(O)cc1O", "O=c1ccn([C@@H]2O[C@H](COP(=O)(O)OP(=O)(O)OC3O[C@H](CO)[C@@H](O)[C@H](O)[C@@H]3O)[C@@H](O)[C@H]2O)c(=O)[nH]1"], "mapped_smiles": "[CH:18]1([O:924][P:921]([O:920][P:917]([O:916][CH2:915][C@@H:914]2[C@@H:901]([OH:900])[C@@H:902]([OH:903])[C@H:904]([n:905]3[cH:906][cH:907][c:908](=[O:909])[nH:910][c:911]3=[O:912])[O:913]2)([OH:918])=[O:919])([OH:922])=[O:923])[O:19][C@H:20]([CH2:21][OH:22])[C@@H:23]([OH:24])[C@H:25]([OH:26])[C@@H:27]1[OH:28].[O:1]=[C:2]([c:3]1[cH:4][cH:5][cH:6][cH:7][cH:8]1)[c:9]1[c:10]([OH:11])[cH:12][c:13]([OH:14])[cH:15][c:16]1[OH:17]", "reacting_atoms": [18, 17], "template_id": "86876aa219f979820998315681005c69", "template_set": ["bkms", "bkms"], "num_examples": 6, "necessary_reagent": "", "template_score": 0.44015970826148987, "rms_molwt": -432.0560887845857, "num_rings": -5, "plausibility": 1, "tforms": ["b3c14e9dd551f89283de8ef412aad2f0", "86876aa219f979820998315681005c69"], "rank": 1, "score": -1673.6390226959852}, {"smiles": "O=C(c1ccccc1)c1c(O)cc(O)cc1O.OC[C@H]1O[C@@H](O)[C@@H](O)[C@@H](O)[C@@H]1O", "smiles_split": ["O=C(c1ccccc1)c1c(O)cc(O)cc1O", "OC[C@H]1O[C@@H](O)[C@@H](O)[C@@H](O)[C@@H]1O"], "mapped_smiles": "[O:1]=[C:2]([c:3]1[cH:4][cH:5][cH:6][cH:7][cH:8]1)[c:9]1[c:10]([OH:11])[cH:12][c:13]([OH:14])[cH:15][c:16]1[OH:900].[OH:17][C@@H:18]1[O:19][C@H:20]([CH2:21][OH:22])[C@@H:23]([OH:24])[C@H:25]([OH:26])[C@@H:27]1[OH:28]", "reacting_atoms": [16, 18, 17], "template_id": "1c6c1084e5a3e89058e45fc2016ceb2d", "template_set": ["bkms"], "num_examples": 2, "necessary_reagent": "", "template_score": 0.03961057588458061, "rms_molwt": -206.57863531464338, "num_rings": -3, "plausibility": 1, "tforms": ["1c6c1084e5a3e89058e45fc2016ceb2d"], "rank": 2, "score": -3539.397954715821}, {"smiles": "O=C(c1ccccc1)c1c(O)cc(O)cc1O.OC[C@H]1OC(O)[C@@H](O)[C@@H](O)[C@@H]1O", "smiles_split": ["O=C(c1ccccc1)c1c(O)cc(O)cc1O", "OC[C@H]1OC(O)[C@@H](O)[C@@H](O)[C@@H]1O"], "mapped_smiles": "[CH:18]1([OH:900])[O:19][C@H:20]([CH2:21][OH:22])[C@@H:23]([OH:24])[C@H:25]([OH:26])[C@@H:27]1[OH:28].[O:1]=[C:2]([c:3]1[cH:4][cH:5][cH:6][cH:7][cH:8]1)[c:9]1[c:10]([OH:11])[cH:12][c:13]([OH:14])[cH:15][c:16]1[OH:17]", "reacting_atoms": [18, 17], "template_id": "eee4f3ffeb59c84405247986d3d9b1cb", "template_set": ["bkms", "bkms"], "num_examples": 6, "necessary_reagent": "", "template_score": 0.02453865297138691, "rms_molwt": -206.57863531464338, "num_rings": -3, "plausibility": 1, "tforms": ["eee4f3ffeb59c84405247986d3d9b1cb", "cc4cb191396caa2d9689f115944d93d7"], "rank": 3, "score": -5712.888618395796}, {"smiles": "COc1cc(C(=O)O[C@@H]2O[C@H](CO)[C@@H](O)[C@H](O)[C@@H]2O)ccc1O.O=C(c1ccccc1)c1c(O)cc(O)cc1O", "smiles_split": ["COc1cc(C(=O)O[C@@H]2O[C@H](CO)[C@@H](O)[C@H](O)[C@@H]2O)ccc1O", "O=C(c1ccccc1)c1c(O)cc(O)cc1O"], "mapped_smiles": "[C@@H:18]1([O:907][C:905]([c:904]2[cH:903][c:902]([O:901][CH3:900])[c:910]([OH:911])[cH:909][cH:908]2)=[O:906])[O:19][C@H:20]([CH2:21][OH:22])[C@@H:23]([OH:24])[C@H:25]([OH:26])[C@@H:27]1[OH:28].[O:1]=[C:2]([c:3]1[cH:4][cH:5][cH:6][cH:7][cH:8]1)[c:9]1[c:10]([OH:11])[cH:12][c:13]([OH:14])[cH:15][c:16]1[OH:17]", "reacting_atoms": [18, 17], "template_id": "d8f6474a7d0a0e89f5c09828d7fe612a", "template_set": ["bkms"], "num_examples": 6, "necessary_reagent": "", "template_score": 0.028489453718066216, "rms_molwt": -284.5078247298354, "num_rings": -4, "plausibility": 1, "tforms": ["d8f6474a7d0a0e89f5c09828d7fe612a"], "rank": 4, "score": -14935.027677637258}, {"smiles": "O=C(c1ccccc1)c1c(O[C@@H]2O[C@H](CO)[C@@H](O)[C@H](O)[C@@H]2O)cc(O)c(O)c1O", "smiles_split": ["O=C(c1ccccc1)c1c(O[C@@H]2O[C@H](CO)[C@@H](O)[C@H](O)[C@@H]2O)cc(O)c(O)c1O"], "mapped_smiles": "[O:1]=[C:2]([c:3]1[cH:4][cH:5][cH:6][cH:7][cH:8]1)[c:9]1[c:10]([OH:11])[c:12]([OH:900])[c:13]([OH:14])[cH:15][c:16]1[O:17][C@@H:18]1[O:19][C@H:20]([CH2:21][OH:22])[C@@H:23]([OH:24])[C@H:25]([OH:26])[C@@H:27]1[OH:28]", "reacting_atoms": [12], "template_id": "f53e9cbdf728108a37f743b6e04eb4f2", "template_set": ["bkms"], "num_examples": 56, "necessary_reagent": "", "template_score": 0.017599178478121758, "rms_molwt": -408.1056468399999, "num_rings": -3, "plausibility": 1, "tforms": ["f53e9cbdf728108a37f743b6e04eb4f2"], "rank": 5, "score": -21423.528248162802}, {"smiles": "O=C(c1ccc(O)cc1)c1c(O)cc(O)cc1O[C@@H]1O[C@H](CO)[C@@H](O)[C@H](O)[C@@H]1O", "smiles_split": ["O=C(c1ccc(O)cc1)c1c(O)cc(O)cc1O[C@@H]1O[C@H](CO)[C@@H](O)[C@H](O)[C@@H]1O"], "mapped_smiles": "[O:1]=[C:2]([c:3]1[cH:4][cH:5][c:6]([OH:900])[cH:7][cH:8]1)[c:9]1[c:10]([OH:11])[cH:12][c:13]([OH:14])[cH:15][c:16]1[O:17][C@@H:18]1[O:19][C@H:20]([CH2:21][OH:22])[C@@H:23]([OH:24])[C@H:25]([OH:26])[C@@H:27]1[OH:28]", "reacting_atoms": [6], "template_id": "f53e9cbdf728108a37f743b6e04eb4f2", "template_set": ["bkms"], "num_examples": 56, "necessary_reagent": "", "template_score": 0.017599178478121758, "rms_molwt": -408.1056468399999, "num_rings": -3, "plausibility": 1, "tforms": ["f53e9cbdf728108a37f743b6e04eb4f2"], "rank": 6, "score": -21423.528248162802}, {"smiles": "O=C(c1ccccc1)c1c(O)cc(O)c(O)c1O[C@@H]1O[C@H](CO)[C@@H](O)[C@H](O)[C@@H]1O", "smiles_split": ["O=C(c1ccccc1)c1c(O)cc(O)c(O)c1O[C@@H]1O[C@H](CO)[C@@H](O)[C@H](O)[C@@H]1O"], "mapped_smiles": "[O:1]=[C:2]([c:3]1[cH:4][cH:5][cH:6][cH:7][cH:8]1)[c:9]1[c:10]([OH:11])[cH:12][c:13]([OH:14])[c:15]([OH:900])[c:16]1[O:17][C@@H:18]1[O:19][C@H:20]([CH2:21][OH:22])[C@@H:23]([OH:24])[C@H:25]([OH:26])[C@@H:27]1[OH:28]", "reacting_atoms": [15], "template_id": "f53e9cbdf728108a37f743b6e04eb4f2", "template_set": ["bkms"], "num_examples": 56, "necessary_reagent": "", "template_score": 0.017599178478121758, "rms_molwt": -408.1056468399999, "num_rings": -3, "plausibility": 1, "tforms": ["f53e9cbdf728108a37f743b6e04eb4f2"], "rank": 7, "score": -21423.528248162802}, {"smiles": "O=C(c1ccccc1O)c1c(O)cc(O)cc1O[C@@H]1O[C@H](CO)[C@@H](O)[C@H](O)[C@@H]1O", "smiles_split": ["O=C(c1ccccc1O)c1c(O)cc(O)cc1O[C@@H]1O[C@H](CO)[C@@H](O)[C@H](O)[C@@H]1O"], "mapped_smiles": "[O:1]=[C:2]([c:3]1[cH:4][cH:5][cH:6][cH:7][c:8]1[OH:900])[c:9]1[c:10]([OH:11])[cH:12][c:13]([OH:14])[cH:15][c:16]1[O:17][C@@H:18]1[O:19][C@H:20]([CH2:21][OH:22])[C@@H:23]([OH:24])[C@H:25]([OH:26])[C@@H:27]1[OH:28]", "reacting_atoms": [8], "template_id": "f53e9cbdf728108a37f743b6e04eb4f2", "template_set": ["bkms", "bkms"], "num_examples": 60, "necessary_reagent": "", "template_score": 0.017599178478121758, "rms_molwt": -408.1056468399999, "num_rings": -3, "plausibility": 1, "tforms": ["f53e9cbdf728108a37f743b6e04eb4f2", "83d85e7a585f92eaccf25b635972a3d6"], "rank": 8, "score": -21423.528248162802}, {"smiles": "O=C(c1cccc(O)c1)c1c(O)cc(O)cc1O[C@@H]1O[C@H](CO)[C@@H](O)[C@H](O)[C@@H]1O", "smiles_split": ["O=C(c1cccc(O)c1)c1c(O)cc(O)cc1O[C@@H]1O[C@H](CO)[C@@H](O)[C@H](O)[C@@H]1O"], "mapped_smiles": "[O:1]=[C:2]([c:3]1[cH:4][cH:5][cH:6][c:7]([OH:900])[cH:8]1)[c:9]1[c:10]([OH:11])[cH:12][c:13]([OH:14])[cH:15][c:16]1[O:17][C@@H:18]1[O:19][C@H:20]([CH2:21][OH:22])[C@@H:23]([OH:24])[C@H:25]([OH:26])[C@@H:27]1[OH:28]", "reacting_atoms": [7], "template_id": "f53e9cbdf728108a37f743b6e04eb4f2", "template_set": ["bkms"], "num_examples": 56, "necessary_reagent": "", "template_score": 0.017599178478121758, "rms_molwt": -408.1056468399999, "num_rings": -3, "plausibility": 1, "tforms": ["f53e9cbdf728108a37f743b6e04eb4f2"], "rank": 9, "score": -21423.528248162802}, {"smiles": "O=C(c1ccccc1)c1c(O)cc(O)cc1O[C@@H]1O[C@H](CO)[C@@H](OP(=O)(O)O)[C@H](O)[C@@H]1O", "smiles_split": ["O=C(c1ccccc1)c1c(O)cc(O)cc1O[C@@H]1O[C@H](CO)[C@@H](OP(=O)(O)O)[C@H](O)[C@@H]1O"], "mapped_smiles": "[O:1]=[C:2]([c:3]1[cH:4][cH:5][cH:6][cH:7][cH:8]1)[c:9]1[c:10]([OH:11])[cH:12][c:13]([OH:14])[cH:15][c:16]1[O:17][C@@H:18]1[O:19][C@H:20]([CH2:21][OH:22])[C@@H:23]([O:24][P:901]([OH:900])([OH:902])=[O:903])[C@H:25]([OH:26])[C@@H:27]1[OH:28]", "reacting_atoms": [24, 23], "template_id": "65bf7618263ef0544bfb3455ab5e0cbc", "template_set": ["bkms"], "num_examples": 167, "necessary_reagent": "", "template_score": 0.01520420890301466, "rms_molwt": -472.0770627419999, "num_rings": -3, "plausibility": 1, "tforms": ["65bf7618263ef0544bfb3455ab5e0cbc"], "rank": 10, "score": -28066.939434093092}, {"smiles": "O=C(c1ccccc1)c1c(O)cc(O)cc1O[C@@H]1O[C@H](CO)[C@@H](O)[C@H](O)[C@@H]1OP(=O)(O)O", "smiles_split": ["O=C(c1ccccc1)c1c(O)cc(O)cc1O[C@@H]1O[C@H](CO)[C@@H](O)[C@H](O)[C@@H]1OP(=O)(O)O"], "mapped_smiles": "[O:1]=[C:2]([c:3]1[cH:4][cH:5][cH:6][cH:7][cH:8]1)[c:9]1[c:10]([OH:11])[cH:12][c:13]([OH:14])[cH:15][c:16]1[O:17][C@@H:18]1[O:19][C@H:20]([CH2:21][OH:22])[C@@H:23]([OH:24])[C@H:25]([OH:26])[C@@H:27]1[O:28][P:901]([OH:900])([OH:902])=[O:903]", "reacting_atoms": [28, 27], "template_id": "65bf7618263ef0544bfb3455ab5e0cbc", "template_set": ["bkms"], "num_examples": 167, "necessary_reagent": "", "template_score": 0.01520420890301466, "rms_molwt": -472.0770627419999, "num_rings": -3, "plausibility": 1, "tforms": ["65bf7618263ef0544bfb3455ab5e0cbc"], "rank": 11, "score": -28066.939434093092}, {"smiles": "O=C(c1ccccc1)c1c(O)cc(O)cc1O[C@@H]1O[C@H](COP(=O)(O)O)[C@@H](O)[C@H](O)[C@@H]1O", "smiles_split": ["O=C(c1ccccc1)c1c(O)cc(O)cc1O[C@@H]1O[C@H](COP(=O)(O)O)[C@@H](O)[C@H](O)[C@@H]1O"], "mapped_smiles": "[O:1]=[C:2]([c:3]1[cH:4][cH:5][cH:6][cH:7][cH:8]1)[c:9]1[c:10]([OH:11])[cH:12][c:13]([OH:14])[cH:15][c:16]1[O:17][C@@H:18]1[O:19][C@H:20]([CH2:21][O:22][P:901]([OH:900])([OH:902])=[O:903])[C@@H:23]([OH:24])[C@H:25]([OH:26])[C@@H:27]1[OH:28]", "reacting_atoms": [22], "template_id": "65bf7618263ef0544bfb3455ab5e0cbc", "template_set": ["bkms", "bkms"], "num_examples": 169, "necessary_reagent": "", "template_score": 0.01520420890301466, "rms_molwt": -472.0770627419999, "num_rings": -3, "plausibility": 1, "tforms": ["819c74c76e507baf44c4d3e6ed77777f", "65bf7618263ef0544bfb3455ab5e0cbc"], "rank": 12, "score": -28066.939434093092}, {"smiles": "O=C(c1ccccc1)c1c(O)cc(O)cc1O[C@@H]1O[C@H](CO)[C@@H](O)[C@H](OP(=O)(O)O)[C@@H]1O", "smiles_split": ["O=C(c1ccccc1)c1c(O)cc(O)cc1O[C@@H]1O[C@H](CO)[C@@H](O)[C@H](OP(=O)(O)O)[C@@H]1O"], "mapped_smiles": "[O:1]=[C:2]([c:3]1[cH:4][cH:5][cH:6][cH:7][cH:8]1)[c:9]1[c:10]([OH:11])[cH:12][c:13]([OH:14])[cH:15][c:16]1[O:17][C@@H:18]1[O:19][C@H:20]([CH2:21][OH:22])[C@@H:23]([OH:24])[C@H:25]([O:26][P:901]([OH:900])([OH:902])=[O:903])[C@@H:27]1[OH:28]", "reacting_atoms": [26, 25], "template_id": "65bf7618263ef0544bfb3455ab5e0cbc", "template_set": ["bkms"], "num_examples": 167, "necessary_reagent": "", "template_score": 0.01520420890301466, "rms_molwt": -472.0770627419999, "num_rings": -3, "plausibility": 1, "tforms": ["65bf7618263ef0544bfb3455ab5e0cbc"], "rank": 13, "score": -28066.939434093092}, {"smiles": "O=C(c1ccccc1)c1ccc(O)cc1O[C@@H]1O[C@H](CO)[C@@H](O)[C@H](O)[C@@H]1O", "smiles_split": ["O=C(c1ccccc1)c1ccc(O)cc1O[C@@H]1O[C@H](CO)[C@@H](O)[C@H](O)[C@@H]1O"], "mapped_smiles": "[O:1]=[C:2]([c:3]1[cH:4][cH:5][cH:6][cH:7][cH:8]1)[c:9]1[cH:10][cH:12][c:13]([OH:14])[cH:15][c:16]1[O:17][C@@H:18]1[O:19][C@H:20]([CH2:21][OH:22])[C@@H:23]([OH:24])[C@H:25]([OH:26])[C@@H:27]1[OH:28]", "reacting_atoms": [10], "template_id": "3c2c4cfbcb3bcb992a014c1db6900c8d", "template_set": ["bkms", "bkms"], "num_examples": 217, "necessary_reagent": "[O]", "template_score": 0.011030090041458607, "rms_molwt": -376.1158175999999, "num_rings": -3, "plausibility": 1, "tforms": ["0196ec2e3c18d58f389aba8cf5ab4030", "3c2c4cfbcb3bcb992a014c1db6900c8d"], "rank": 14, "score": -31394.95398326452}, {"smiles": "O=C(c1ccccc1)c1c(O)cccc1O[C@@H]1O[C@H](CO)[C@@H](O)[C@H](O)[C@@H]1O", "smiles_split": ["O=C(c1ccccc1)c1c(O)cccc1O[C@@H]1O[C@H](CO)[C@@H](O)[C@H](O)[C@@H]1O"], "mapped_smiles": "[O:1]=[C:2]([c:3]1[cH:4][cH:5][cH:6][cH:7][cH:8]1)[c:9]1[c:10]([OH:11])[cH:12][cH:13][cH:15][c:16]1[O:17][C@@H:18]1[O:19][C@H:20]([CH2:21][OH:22])[C@@H:23]([OH:24])[C@H:25]([OH:26])[C@@H:27]1[OH:28]", "reacting_atoms": [13], "template_id": "3c2c4cfbcb3bcb992a014c1db6900c8d", "template_set": ["bkms"], "num_examples": 207, "necessary_reagent": "[O]", "template_score": 0.011030090041458607, "rms_molwt": -376.1158175999999, "num_rings": -3, "plausibility": 1, "tforms": ["3c2c4cfbcb3bcb992a014c1db6900c8d"], "rank": 15, "score": -31394.95398326452}]}