{"smiles": "C=C(C)[C@@H]1CC[C@@](C)(O)[C@H]2CC[C@@H](C)[C@H]2C1", "sfscore": [0.43549537658691406, 0.6090944409370422], "chem_result": [{"smiles": "C=C(C)[C@@H]1CC[C@@](C)(O)[C@H]2CC[C@@H](C)[C@H]2C1", "bw_confidence": 0.11271607163639263, "confidence": 0.45958894548838636, "rclass": "3 3.7 3.7.2", "children": [{"smiles": "C1CCOC1"}, {"smiles": "C=C(C)[C@@H]1CCC(=O)[C@H]2CC[C@@H](C)[C@H]2C1"}, {"smiles": "C[Mg]Br"}]}, {"smiles": "C=C(C)[C@@H]1CC[C@@](C)(O)[C@H]2CC[C@@H](C)[C@H]2C1", "bw_confidence": 0.028446828273611686, "confidence": 0.7540567659075106, "rclass": "6 6.3 6.3.4", "children": [{"smiles": "C1CCOC1"}, {"smiles": "C=C(C)[C@@H]1CC[C@@](C)(O[Si](C)(C)C)[C@H]2CC[C@@H](C)[C@H]2C1"}, {"smiles": "CCCC[N+](CCCC)(CCCC)CCCC~[F-]"}]}, {"smiles": "C=C(C)[C@@H]1CC[C@@](C)(O)[C@H]2CC[C@@H](C)[C@H]2C1", "bw_confidence": 0.009496103684273843, "confidence": 0.08149129041839168, "rclass": "9 9.5 9.5.4", "children": [{"smiles": "C[C@@H]1CC[C@H]2[C@@H]1C[C@H](C(C)(C)O)CC[C@@]2(C)O"}, {"smiles": "Cc1ccc(S(=O)(=O)O)cc1"}, {"smiles": "Cc1ccccc1"}]}, {"smiles": "C=C(C)[C@@H]1CC[C@@](C)(O)[C@H]2CC[C@@H](C)[C@H]2C1", "bw_confidence": 0.008017260303081952, "confidence": 0.3326742352528193, "rclass": "7 7.5 7.5.1", "children": [{"smiles": "C=C(C)[C@@H]1CCC(=O)[C@H]2CC[C@@H](C)[C@H]2C1"}, {"smiles": "CCOCC"}, {"smiles": "[Li+]~[AlH4-]"}]}, {"smiles": "C=C(C)[C@@H]1CC[C@@](C)(O)[C@H]2CC[C@@H](C)[C@H]2C1", "bw_confidence": 0.00652815450934558, "confidence": 0.5122951191466116, "rclass": "3 3.9 3.9.77", "children": [{"smiles": "C1CCOC1"}, {"smiles": "C=C(C)[C@@H]1CCC(=O)[C@H]2CC[C@@H](C)[C@H]2C1"}, {"smiles": "[Li]C"}]}, {"smiles": "C=C(C)[C@@H]1CC[C@@](C)(O)[C@H]2CC[C@@H](C)[C@H]2C1", "bw_confidence": 0.0059648266436923385, "confidence": 0.3715756465381385, "rclass": "7 7.9 7.9.4", "children": [{"smiles": "C1CCOC1"}, {"smiles": "C=C(C)[C@@H]1CC[C@@](C)(O)[C@H]2CCC(=O)[C@H]2C1"}, {"smiles": "[Li+]~[AlH4-]"}]}, {"smiles": "C=C(C)[C@@H]1CC[C@@](C)(O)[C@H]2CC[C@@H](C)[C@H]2C1", "bw_confidence": 0.0014780739008170276, "confidence": 0.11610213204839671, "rclass": "11 11.9 11.9", "children": [{"smiles": "C=C(C)[C@@H]1CC[C@@](C)(O)[C@H]2CC[C@@H](C)[C@H]2C1~O=S(=O)(O)O"}, {"smiles": "O"}]}, {"smiles": "C=C(C)[C@@H]1CC[C@@](C)(O)[C@H]2CC[C@@H](C)[C@H]2C1", "bw_confidence": 0.0013570865973982628, "confidence": 0.04776273107138913, "rclass": "11 11.7 11.7", "children": [{"smiles": "C=C(C)[C@@H]1CC[C@@](C)(O)[C@H]2CC[C@@H](C)[C@H]2C1"}, {"smiles": "CC(C)(C)OO"}]}, {"smiles": "C=C(C)[C@@H]1CC[C@@](C)(O)[C@H]2CC[C@@H](C)[C@H]2C1", "bw_confidence": 0.0010796966126769463, "confidence": 0.05399381868019385, "rclass": "7 7.6 7.6.1", "children": [{"smiles": "C=C(C)[C@@H]1CC[C@@](C)(O)[C@H]2CC=C(C)[C@H]2C1"}, {"smiles": "ClCCl"}, {"smiles": "O=C(OO)c1cccc(Cl)c1"}]}, {"smiles": "C=C(C)[C@@H]1CC[C@@](C)(O)[C@H]2CC[C@@H](C)[C@H]2C1", "bw_confidence": 0.00029224627491570665, "confidence": 0.06079917831427465, "rclass": "7 7.2 7.2.1", "children": [{"smiles": "C1CCOC1"}, {"smiles": "C=C(C)[C@@H]1CC[C@@](C)(O)[C@H]2CCC(=O)[C@H]2C1"}]}, {"smiles": "C=C(C)[C@@H]1CC[C@@](C)(O)[C@H]2CC[C@@H](C)[C@H]2C1", "bw_confidence": 0.00026952737411576775, "confidence": 0.030402495616736604, "rclass": "6 6.3 6.3.6", "children": [{"smiles": "C=C(C)[C@@H]1CC[C@@](C)(OC(C)=O)[C@H]2CC[C@@H](C)[C@H]2C1"}, {"smiles": "Cc1ccccc1"}]}], "chem_bw_confidence_list": [0.11271607163639263, 0.028446828273611686, 0.009496103684273843, 0.008017260303081952, 0.00652815450934558, 0.0059648266436923385, 0.0014780739008170276, 0.0013570865973982628, 0.0010796966126769463, 0.00029224627491570665, 0.00026952737411576775], "enzy_template_score_list": [0.10765586048364639, 0.10765586048364639, 0.10765586048364639, 0.04071120545268059, 0.028450870886445045, 0.018452821299433708, 0.018452821299433708, 0.018452821299433708, 0.018308337777853012, 0.018308337777853012, 0.018308337777853012, 0.011104017496109009, 0.011104017496109009, 0.011104017496109009, 0.013285396620631218], "enzy_result": [{"smiles": "C=C(C)[C@@H]1CC[C@@](C)(O)[C@H]2CC[C@@H](CO)[C@H]2C1", "smiles_split": ["C=C(C)[C@@H]1CC[C@@](C)(O)[C@H]2CC[C@@H](CO)[C@H]2C1"], "mapped_smiles": "[CH2:1]=[C:2]([CH3:3])[C@@H:4]1[CH2:5][CH2:6][C@@:7]([CH3:8])([OH:9])[C@H:10]2[CH2:11][CH2:12][C@@H:13]([CH2:14][OH:900])[C@H:15]2[CH2:16]1", "reacting_atoms": [14, 13], "template_id": "c4db9adeb4ad4c2bdb38e6a73be29f53", "template_set": ["bkms"], "num_examples": 14, "necessary_reagent": "", "template_score": 0.10765586048364639, "rms_molwt": -238.193280072, "num_rings": -2, "plausibility": 1, "tforms": ["c4db9adeb4ad4c2bdb38e6a73be29f53"], "rank": 1, "score": -2105.4911729523747}, {"smiles": "C=C(CO)[C@@H]1CC[C@@](C)(O)[C@H]2CC[C@@H](C)[C@H]2C1", "smiles_split": ["C=C(CO)[C@@H]1CC[C@@](C)(O)[C@H]2CC[C@@H](C)[C@H]2C1"], "mapped_smiles": "[CH2:1]=[C:2]([CH2:3][OH:900])[C@@H:4]1[CH2:5][CH2:6][C@@:7]([CH3:8])([OH:9])[C@H:10]2[CH2:11][CH2:12][C@@H:13]([CH3:14])[C@H:15]2[CH2:16]1", "reacting_atoms": [3], "template_id": "c4db9adeb4ad4c2bdb38e6a73be29f53", "template_set": ["bkms"], "num_examples": 14, "necessary_reagent": "", "template_score": 0.10765586048364639, "rms_molwt": -238.193280072, "num_rings": -2, "plausibility": 1, "tforms": ["c4db9adeb4ad4c2bdb38e6a73be29f53"], "rank": 2, "score": -2105.4911729523747}, {"smiles": "C=C(C)[C@@H]1CC[C@](O)(CO)[C@H]2CC[C@@H](C)[C@H]2C1", "smiles_split": ["C=C(C)[C@@H]1CC[C@](O)(CO)[C@H]2CC[C@@H](C)[C@H]2C1"], "mapped_smiles": "[CH2:1]=[C:2]([CH3:3])[C@@H:4]1[CH2:5][CH2:6][C@@:7]([CH2:8][OH:900])([OH:9])[C@H:10]2[CH2:11][CH2:12][C@@H:13]([CH3:14])[C@H:15]2[CH2:16]1", "reacting_atoms": [8, 7], "template_id": "c4db9adeb4ad4c2bdb38e6a73be29f53", "template_set": ["bkms"], "num_examples": 14, "necessary_reagent": "", "template_score": 0.10765586048364639, "rms_molwt": -238.193280072, "num_rings": -2, "plausibility": 1, "tforms": ["c4db9adeb4ad4c2bdb38e6a73be29f53"], "rank": 3, "score": -2105.4911729523747}, {"smiles": "C=C(C)[C@@H]1CC[C@H](C)[C@H]2CC[C@@H](C)[C@H]2C1", "smiles_split": ["C=C(C)[C@@H]1CC[C@H](C)[C@H]2CC[C@@H](C)[C@H]2C1"], "mapped_smiles": "[CH2:1]=[C:2]([CH3:3])[C@@H:4]1[CH2:5][CH2:6][C@H:7]([CH3:8])[C@H:10]2[CH2:11][CH2:12][C@@H:13]([CH3:14])[C@H:15]2[CH2:16]1", "reacting_atoms": [7], "template_id": "1a8c487fe4199d10e08f1c3aff8481f6", "template_set": ["bkms"], "num_examples": 2, "necessary_reagent": "[O]", "template_score": 0.04071120545268059, "rms_molwt": -206.203450832, "num_rings": -2, "plausibility": 1, "tforms": ["1a8c487fe4199d10e08f1c3aff8481f6"], "rank": 4, "score": -5002.857832762142}, {"smiles": "C=C(C)[C@@H]1CCC(C)[C@H]2CC[C@@H](C)[C@H]2C1", "smiles_split": ["C=C(C)[C@@H]1CCC(C)[C@H]2CC[C@@H](C)[C@H]2C1"], "mapped_smiles": "[CH2:1]=[C:2]([CH3:3])[C@@H:4]1[CH2:5][CH2:6][CH:7]([CH3:8])[C@H:10]2[CH2:11][CH2:12][C@@H:13]([CH3:14])[C@H:15]2[CH2:16]1", "reacting_atoms": [7], "template_id": "f9abc1bd49d0c60e5b398fbc3b15b93f", "template_set": ["bkms"], "num_examples": 1, "necessary_reagent": "[O]", "template_score": 0.028450870886445045, "rms_molwt": -206.203450832, "num_rings": -2, "plausibility": 1, "tforms": ["f9abc1bd49d0c60e5b398fbc3b15b93f"], "rank": 5, "score": -6526.069933718355}, {"smiles": "C=C(C)[C@@H]1CC[C@@](C)(O)[C@H]2CC[C@@H](C=O)[C@H]2C1", "smiles_split": ["C=C(C)[C@@H]1CC[C@@](C)(O)[C@H]2CC[C@@H](C=O)[C@H]2C1"], "mapped_smiles": "[CH2:1]=[C:2]([CH3:3])[C@@H:4]1[CH2:5][CH2:6][C@@:7]([CH3:8])([OH:9])[C@H:10]2[CH2:11][CH2:12][C@@H:13]([CH:14]=[O:900])[C@H:15]2[CH2:16]1", "reacting_atoms": [14, 13], "template_id": "3527c2da2742b9ae8713bab63608038d", "template_set": ["bkms"], "num_examples": 2, "necessary_reagent": "", "template_score": 0.018452821299433708, "rms_molwt": -236.177630008, "num_rings": -2, "plausibility": 1, "tforms": ["3527c2da2742b9ae8713bab63608038d"], "rank": 6, "score": -12283.675232462474}, {"smiles": "C=C(C)[C@@H]1CC[C@](O)(C=O)[C@H]2CC[C@@H](C)[C@H]2C1", "smiles_split": ["C=C(C)[C@@H]1CC[C@](O)(C=O)[C@H]2CC[C@@H](C)[C@H]2C1"], "mapped_smiles": "[CH2:1]=[C:2]([CH3:3])[C@@H:4]1[CH2:5][CH2:6][C@@:7]([CH:8]=[O:900])([OH:9])[C@H:10]2[CH2:11][CH2:12][C@@H:13]([CH3:14])[C@H:15]2[CH2:16]1", "reacting_atoms": [8, 7], "template_id": "3527c2da2742b9ae8713bab63608038d", "template_set": ["bkms"], "num_examples": 2, "necessary_reagent": "", "template_score": 0.018452821299433708, "rms_molwt": -236.177630008, "num_rings": -2, "plausibility": 1, "tforms": ["3527c2da2742b9ae8713bab63608038d"], "rank": 7, "score": -12283.675232462474}, {"smiles": "C=C(C=O)[C@@H]1CC[C@@](C)(O)[C@H]2CC[C@@H](C)[C@H]2C1", "smiles_split": ["C=C(C=O)[C@@H]1CC[C@@](C)(O)[C@H]2CC[C@@H](C)[C@H]2C1"], "mapped_smiles": "[CH2:1]=[C:2]([CH:3]=[O:900])[C@@H:4]1[CH2:5][CH2:6][C@@:7]([CH3:8])([OH:9])[C@H:10]2[CH2:11][CH2:12][C@@H:13]([CH3:14])[C@H:15]2[CH2:16]1", "reacting_atoms": [3], "template_id": "3527c2da2742b9ae8713bab63608038d", "template_set": ["bkms"], "num_examples": 2, "necessary_reagent": "", "template_score": 0.018452821299433708, "rms_molwt": -236.177630008, "num_rings": -2, "plausibility": 1, "tforms": ["3527c2da2742b9ae8713bab63608038d"], "rank": 8, "score": -12283.675232462474}, {"smiles": "C=C(C)[C@@H]1CC[C@](O)(COS(=O)(=O)O)[C@H]2CC[C@@H](C)[C@H]2C1", "smiles_split": ["C=C(C)[C@@H]1CC[C@](O)(COS(=O)(=O)O)[C@H]2CC[C@@H](C)[C@H]2C1"], "mapped_smiles": "[CH2:1]=[C:2]([CH3:3])[C@@H:4]1[CH2:5][CH2:6][C@@:7]([CH2:8][O:904][S:901]([OH:900])(=[O:902])=[O:903])([OH:9])[C@H:10]2[CH2:11][CH2:12][C@@H:13]([CH3:14])[C@H:15]2[CH2:16]1", "reacting_atoms": [8, 7], "template_id": "c7e21789fa5431d6266cd11699b748ef", "template_set": ["bkms"], "num_examples": 1, "necessary_reagent": "", "template_score": 0.018308337777853012, "rms_molwt": -318.150094932, "num_rings": -2, "plausibility": 1, "tforms": ["c7e21789fa5431d6266cd11699b748ef"], "rank": 9, "score": -15236.284979376582}, {"smiles": "C=C(C)[C@@H]1CC[C@@](C)(O)[C@H]2CC[C@@H](COS(=O)(=O)O)[C@H]2C1", "smiles_split": ["C=C(C)[C@@H]1CC[C@@](C)(O)[C@H]2CC[C@@H](COS(=O)(=O)O)[C@H]2C1"], "mapped_smiles": "[CH2:1]=[C:2]([CH3:3])[C@@H:4]1[CH2:5][CH2:6][C@@:7]([CH3:8])([OH:9])[C@H:10]2[CH2:11][CH2:12][C@@H:13]([CH2:14][O:904][S:901]([OH:900])(=[O:902])=[O:903])[C@H:15]2[CH2:16]1", "reacting_atoms": [14, 13], "template_id": "c7e21789fa5431d6266cd11699b748ef", "template_set": ["bkms"], "num_examples": 1, "necessary_reagent": "", "template_score": 0.018308337777853012, "rms_molwt": -318.150094932, "num_rings": -2, "plausibility": 1, "tforms": ["c7e21789fa5431d6266cd11699b748ef"], "rank": 10, "score": -15236.284979376582}, {"smiles": "C=C(COS(=O)(=O)O)[C@@H]1CC[C@@](C)(O)[C@H]2CC[C@@H](C)[C@H]2C1", "smiles_split": ["C=C(COS(=O)(=O)O)[C@@H]1CC[C@@](C)(O)[C@H]2CC[C@@H](C)[C@H]2C1"], "mapped_smiles": "[CH2:1]=[C:2]([CH2:3][O:904][S:901]([OH:900])(=[O:902])=[O:903])[C@@H:4]1[CH2:5][CH2:6][C@@:7]([CH3:8])([OH:9])[C@H:10]2[CH2:11][CH2:12][C@@H:13]([CH3:14])[C@H:15]2[CH2:16]1", "reacting_atoms": [3], "template_id": "c7e21789fa5431d6266cd11699b748ef", "template_set": ["bkms"], "num_examples": 1, "necessary_reagent": "", "template_score": 0.018308337777853012, "rms_molwt": -318.150094932, "num_rings": -2, "plausibility": 1, "tforms": ["c7e21789fa5431d6266cd11699b748ef"], "rank": 11, "score": -15236.284979376582}, {"smiles": "C=C(C)[C@@H]1CC[C@](O)(CC=O)[C@H]2CC[C@@H](C)[C@H]2C1", "smiles_split": ["C=C(C)[C@@H]1CC[C@](O)(CC=O)[C@H]2CC[C@@H](C)[C@H]2C1"], "mapped_smiles": "[CH2:1]=[C:2]([CH3:3])[C@@H:4]1[CH2:5][CH2:6][C@@:7]([CH2:8][CH:901]=[O:900])([OH:9])[C@H:10]2[CH2:11][CH2:12][C@@H:13]([CH3:14])[C@H:15]2[CH2:16]1", "reacting_atoms": [8, 7], "template_id": "582aecb34a38ba103c302ec59cd0f7e4", "template_set": ["bkms"], "num_examples": 4, "necessary_reagent": "", "template_score": 0.011104017496109009, "rms_molwt": -250.193280072, "num_rings": -2, "plausibility": 1, "tforms": ["582aecb34a38ba103c302ec59cd0f7e4"], "rank": 12, "score": -21543.368201106376}, {"smiles": "C=C(CC=O)[C@@H]1CC[C@@](C)(O)[C@H]2CC[C@@H](C)[C@H]2C1", "smiles_split": ["C=C(CC=O)[C@@H]1CC[C@@](C)(O)[C@H]2CC[C@@H](C)[C@H]2C1"], "mapped_smiles": "[CH2:1]=[C:2]([CH2:3][CH:901]=[O:900])[C@@H:4]1[CH2:5][CH2:6][C@@:7]([CH3:8])([OH:9])[C@H:10]2[CH2:11][CH2:12][C@@H:13]([CH3:14])[C@H:15]2[CH2:16]1", "reacting_atoms": [3], "template_id": "582aecb34a38ba103c302ec59cd0f7e4", "template_set": ["bkms"], "num_examples": 4, "necessary_reagent": "", "template_score": 0.011104017496109009, "rms_molwt": -250.193280072, "num_rings": -2, "plausibility": 1, "tforms": ["582aecb34a38ba103c302ec59cd0f7e4"], "rank": 13, "score": -21543.368201106376}, {"smiles": "C=C(C)[C@@H]1CC[C@@](C)(O)[C@H]2CC[C@@H](CC=O)[C@H]2C1", "smiles_split": ["C=C(C)[C@@H]1CC[C@@](C)(O)[C@H]2CC[C@@H](CC=O)[C@H]2C1"], "mapped_smiles": "[CH2:1]=[C:2]([CH3:3])[C@@H:4]1[CH2:5][CH2:6][C@@:7]([CH3:8])([OH:9])[C@H:10]2[CH2:11][CH2:12][C@@H:13]([CH2:14][CH:901]=[O:900])[C@H:15]2[CH2:16]1", "reacting_atoms": [14, 13], "template_id": "582aecb34a38ba103c302ec59cd0f7e4", "template_set": ["bkms"], "num_examples": 4, "necessary_reagent": "", "template_score": 0.011104017496109009, "rms_molwt": -250.193280072, "num_rings": -2, "plausibility": 1, "tforms": ["582aecb34a38ba103c302ec59cd0f7e4"], "rank": 14, "score": -21543.368201106376}, {"smiles": "C[C@@H]1CC[C@H]2[C@@H]1C[C@H]([C@@](C)(O)CC(=O)O)CC[C@@]2(C)O", "smiles_split": ["C[C@@H]1CC[C@H]2[C@@H]1C[C@H]([C@@](C)(O)CC(=O)O)CC[C@@]2(C)O"], "mapped_smiles": "[CH2:1]([C@@:2]([CH3:3])([C@@H:4]1[CH2:5][CH2:6][C@@:7]([CH3:8])([OH:9])[C@H:10]2[CH2:11][CH2:12][C@@H:13]([CH3:14])[C@H:15]2[CH2:16]1)[OH:903])[C:901]([OH:900])=[O:902]", "reacting_atoms": [1, 2], "template_id": "9df89d02c909981aa715002d9196a7bd", "template_set": ["bkms"], "num_examples": 2, "necessary_reagent": "", "template_score": 0.013285396620631218, "rms_molwt": -284.198759376, "num_rings": -2, "plausibility": 1, "tforms": ["9df89d02c909981aa715002d9196a7bd"], "rank": 15, "score": -21630.39005155716}]}