{"smiles": "CC/C=C\\C/C=C\\C/C=C\\C/C=C\\CCCCCCC(=O)OC[C@@H](COC(=O)CCCCCCC/C=C\\CCCCCCCC)OC(=O)CCCCCCCCCCCCCCCCCCCCC", "sfscore": [0.4193168580532074, 0.6330499649047852], "chem_result": [{"smiles": "CC/C=C\\C/C=C\\C/C=C\\C/C=C\\CCCCCCC(=O)OC[C@@H](COC(=O)CCCCCCC/C=C\\CCCCCCCC)OC(=O)CCCCCCCCCCCCCCCCCCCCC", "bw_confidence": 0.012455512489862567, "confidence": 0.027958720379701592, "rclass": "11 11.5 11.5", "children": [{"smiles": "CC/C=C\\C/C=C\\C/C=C\\CCCCCCC(=O)OC[C@@H](COC(=O)CCCCCCC/C=C\\CCCCCCC)OC(=O)CCCCCCCCCCCCCCCCCCCCC"}, {"smiles": "ClCCl"}, {"smiles": "O=[Cr](=O)([O-])Cl~c1cc[nH+]cc1"}]}, {"smiles": "CC/C=C\\C/C=C\\C/C=C\\C/C=C\\CCCCCCC(=O)OC[C@@H](COC(=O)CCCCCCC/C=C\\CCCCCCCC)OC(=O)CCCCCCCCCCCCCCCCCCCCC", "bw_confidence": 0.008037861723322723, "confidence": 0.12861793128188406, "rclass": "2 2.6 2.6.2", "children": [{"smiles": "CC/C=C\\C/C=C\\C/C=C\\CCCCCCC(=O)OC[C@H](O)COC(=O)CCCCCCC/C=C\\CCCCCCCC"}, {"smiles": "CCCCCCCCCCCCCCCCCCCCCCCC(=O)O"}]}, {"smiles": "CC/C=C\\C/C=C\\C/C=C\\C/C=C\\CCCCCCC(=O)OC[C@@H](COC(=O)CCCCCCC/C=C\\CCCCCCCC)OC(=O)CCCCCCCCCCCCCCCCCCCCC", "bw_confidence": 0.007051395332287247, "confidence": 0.014573507442956107, "rclass": "11 11.5 11.5", "children": [{"smiles": "CC/C=C\\C/C=C\\C/C=C\\CCCCCCC(=O)OC[C@@H](COC(=O)CCCCCCC/C=C\\CCCCCCCC)OC(=O)CCCCCCCCCCCCCCCCCCCCCCCC"}, {"smiles": "ClCCl"}, {"smiles": "O=C(O)C(F)(F)F"}]}, {"smiles": "CC/C=C\\C/C=C\\C/C=C\\C/C=C\\CCCCCCC(=O)OC[C@@H](COC(=O)CCCCCCC/C=C\\CCCCCCCC)OC(=O)CCCCCCCCCCCCCCCCCCCCC", "bw_confidence": 0.005524789289332753, "confidence": 0.04386871857268169, "rclass": "2 2.6 2.6.2", "children": [{"smiles": "CC/C=C\\C/C=C\\C/C=C\\CCCCCCC(=O)OC[C@H](O)COC(=O)CCCCCCC/C=C\\CCCCCCCC"}, {"smiles": "CC/C=C\\C/C=C\\C/C=C\\CCCCCCC(=O)OC[C@H](O)COC(=O)CCCCCCC/C=C\\CCCCCCCC"}]}, {"smiles": "CC/C=C\\C/C=C\\C/C=C\\C/C=C\\CCCCCCC(=O)OC[C@@H](COC(=O)CCCCCCC/C=C\\CCCCCCCC)OC(=O)CCCCCCCCCCCCCCCCCCCCC", "bw_confidence": 0.004859992761941458, "confidence": 0.34940866713299346, "rclass": "0 0 0", "children": [{"smiles": "C(=NC1CCCCC1)=NC1CCCCC1"}, {"smiles": "CC/C=C\\C/C=C\\C/C=C\\CCCCCCC(=O)O"}, {"smiles": "CN(C)c1ccncc1"}, {"smiles": "ClCCl"}, {"smiles": "OCC(O)CO"}]}, {"smiles": "CC/C=C\\C/C=C\\C/C=C\\C/C=C\\CCCCCCC(=O)OC[C@@H](COC(=O)CCCCCCC/C=C\\CCCCCCCC)OC(=O)CCCCCCCCCCCCCCCCCCCCC", "bw_confidence": 0.0036805066602128966, "confidence": 0.09775276378179426, "rclass": "2 2.6 2.6.2", "children": [{"smiles": "CC/C=C\\C/C=C\\C/C=C\\CCCCCCC(=O)OC[C@H](O)COC(=O)CCCCCCC/C=C\\CCCCCCCC"}, {"smiles": "CCCCCCCCCCCCCCCCCCCCCCC(=O)O"}, {"smiles": "CCN=C=NCCCN(C)C~Cl"}, {"smiles": "CN(C)c1ccncc1"}, {"smiles": "ClCCl"}]}, {"smiles": "CC/C=C\\C/C=C\\C/C=C\\C/C=C\\CCCCCCC(=O)OC[C@@H](COC(=O)CCCCCCC/C=C\\CCCCCCCC)OC(=O)CCCCCCCCCCCCCCCCCCCCC", "bw_confidence": 0.0024322035668693813, "confidence": 0.018982442814610756, "rclass": "0 0 0", "children": [{"smiles": "CC/C=C\\C/C=C\\C/C=C\\C/C=C\\CCCCCCC(=O)O"}, {"smiles": "CC/C=C\\C/C=C\\C/C=C\\CCCCCCC(=O)OC[C@@H](COC(=O)CCCCCCC/C=C\\CCCCCCC)OC(=O)CCCCCCCCCCCCCCCCCCCCC"}]}, {"smiles": "CC/C=C\\C/C=C\\C/C=C\\C/C=C\\CCCCCCC(=O)OC[C@@H](COC(=O)CCCCCCC/C=C\\CCCCCCCC)OC(=O)CCCCCCCCCCCCCCCCCCCCC", "bw_confidence": 0.0006048528685671829, "confidence": 0.050278684700479206, "rclass": "0 0 0", "children": [{"smiles": "CC/C=C\\C/C=C\\C/C=C\\C/C=C\\CCCCCCC(=O)O"}, {"smiles": "CC/C=C\\C/C=C\\C/C=C\\CCCCCCC(=O)OC[C@@H](COC(=O)CCCCCCC/C=C\\CCCCCCC)OC(=O)CCCCCCCC/C=C\\CCCCCCCC"}]}, {"smiles": "CC/C=C\\C/C=C\\C/C=C\\C/C=C\\CCCCCCC(=O)OC[C@@H](COC(=O)CCCCCCC/C=C\\CCCCCCCC)OC(=O)CCCCCCCCCCCCCCCCCCCCC", "bw_confidence": 0.0005179813562561597, "confidence": 0.008588223974255956, "rclass": "0 0 0", "children": [{"smiles": "CC/C=C\\C/C=C\\C/C=C\\CCCCCCC(=O)OC[C@@H](COC(=O)CCCCCCC/C=C\\CCCCCCCC)OC(=O)CCCCCCCCCCCCCCCCCCCCCC"}, {"smiles": "CCN(CC)CC"}, {"smiles": "CN(C)c1ccncc1"}, {"smiles": "ClCCl"}]}, {"smiles": "CC/C=C\\C/C=C\\C/C=C\\C/C=C\\CCCCCCC(=O)OC[C@@H](COC(=O)CCCCCCC/C=C\\CCCCCCCC)OC(=O)CCCCCCCCCCCCCCCCCCCCC", "bw_confidence": 7.047972822275585e-05, "confidence": 0.02256398038101076, "rclass": "11 11.7 11.7", "children": [{"smiles": "CC/C=C\\C/C=C\\C/C=C\\CCCCCCC(=O)OC[C@H](COC(=O)CCCCCCC/C=C\\CCCCCCC)OC(=O)CCCCCCCCCCCCCCCCCCCCCCC"}, {"smiles": "CCCCCCCC/C=C\\CCCCCCCC(=O)OC[C@@H](CO)OC(=O)CCCCCCCCCCCCCCCCCCCCC"}]}, {"smiles": "CC/C=C\\C/C=C\\C/C=C\\C/C=C\\CCCCCCC(=O)OC[C@@H](COC(=O)CCCCCCC/C=C\\CCCCCCCC)OC(=O)CCCCCCCCCCCCCCCCCCCCC", "bw_confidence": 3.654571549101625e-05, "confidence": 0.0767021121914105, "rclass": "7 7.6 7.6.1", "children": [{"smiles": "CC(=O)[O-]~CC(=O)[O-]~[Pb+2]~[Pd]"}, {"smiles": "CC/C=C\\C/C=C\\C/C=C\\C/C=C\\CCCCCCC(=O)OC[C@@H](COC(=O)CCCCCCC/C=C\\CCCCCCCC)OC(=O)CCCCCCC/C=C\\CCCCCCCC"}, {"smiles": "CCOC(C)=O"}]}], "chem_bw_confidence_list": [0.012455512489862567, 0.008037861723322723, 0.007051395332287247, 0.005524789289332753, 0.004859992761941458, 0.0036805066602128966, 0.0024322035668693813, 0.0006048528685671829, 0.0005179813562561597, 7.047972822275585e-05, 3.654571549101625e-05], "enzy_template_score_list": [0.857880175113678, 0.857880175113678, 0.857880175113678, 0.857880175113678, 0.07927566021680832, 0.00823209248483181, 0.00823209248483181, 0.00823209248483181, 0.00823209248483181, 0.00823209248483181, 0.00823209248483181, 0.00823209248483181, 0.00823209248483181, 0.00823209248483181, 0.00823209248483181], "enzy_result": [{"smiles": "CC/C=C\\C/C=C\\C/C=C\\CCCCCCCCCC(=O)OC[C@@H](COC(=O)CCCCCCC/C=C\\CCCCCCCC)OC(=O)CCCCCCCCCCCCCCCCCCCCC", "smiles_split": ["CC/C=C\\C/C=C\\C/C=C\\CCCCCCCCCC(=O)OC[C@@H](COC(=O)CCCCCCC/C=C\\CCCCCCCC)OC(=O)CCCCCCCCCCCCCCCCCCCCC"], "mapped_smiles": "[CH3:1][CH2:2]/[CH:3]=[CH:4]\\[CH2:5]/[CH:6]=[CH:7]\\[CH2:8]/[CH:9]=[CH:10]\\[CH2:11][CH2:12][CH2:13][CH2:14][CH2:15][CH2:16][CH2:17][CH2:18][CH2:19][C:20](=[O:21])[O:22][CH2:23][C@@H:24]([CH2:25][O:26][C:27](=[O:28])[CH2:29][CH2:30][CH2:31][CH2:32][CH2:33][CH2:34][CH2:35]/[CH:36]=[CH:37]\\[CH2:38][CH2:39][CH2:40][CH2:41][CH2:42][CH2:43][CH2:44][CH3:45])[O:46][C:47](=[O:48])[CH2:49][CH2:50][CH2:51][CH2:52][CH2:53][CH2:54][CH2:55][CH2:56][CH2:57][CH2:58][CH2:59][CH2:60][CH2:61][CH2:62][CH2:63][CH2:64][CH2:65][CH2:66][CH2:67][CH2:68][CH3:69]", "reacting_atoms": [12, 13], "template_id": "b8752864a144b4d488d51a312d4ebfdc", "template_set": ["bkms", "bkms", "bkms"], "num_examples": 64, "necessary_reagent": "", "template_score": 0.857880175113678, "rms_molwt": -966.861541368, "num_rings": 0, "plausibility": 1, "tforms": ["71d96988ab3623c8d39bf0ee6519c85b", "4b5c01ce1dd3e508649493e134ba9f1c", "b8752864a144b4d488d51a312d4ebfdc"], "rank": 1, "score": -1338.5483502174775}, {"smiles": "CC/C=C\\CCCC/C=C\\C/C=C\\CCCCCCC(=O)OC[C@@H](COC(=O)CCCCCCC/C=C\\CCCCCCCC)OC(=O)CCCCCCCCCCCCCCCCCCCCC", "smiles_split": ["CC/C=C\\CCCC/C=C\\C/C=C\\CCCCCCC(=O)OC[C@@H](COC(=O)CCCCCCC/C=C\\CCCCCCCC)OC(=O)CCCCCCCCCCCCCCCCCCCCC"], "mapped_smiles": "[CH3:1][CH2:2]/[CH:3]=[CH:4]\\[CH2:5][CH2:6][CH2:7][CH2:8]/[CH:9]=[CH:10]\\[CH2:11]/[CH:12]=[CH:13]\\[CH2:14][CH2:15][CH2:16][CH2:17][CH2:18][CH2:19][C:20](=[O:21])[O:22][CH2:23][C@@H:24]([CH2:25][O:26][C:27](=[O:28])[CH2:29][CH2:30][CH2:31][CH2:32][CH2:33][CH2:34][CH2:35]/[CH:36]=[CH:37]\\[CH2:38][CH2:39][CH2:40][CH2:41][CH2:42][CH2:43][CH2:44][CH3:45])[O:46][C:47](=[O:48])[CH2:49][CH2:50][CH2:51][CH2:52][CH2:53][CH2:54][CH2:55][CH2:56][CH2:57][CH2:58][CH2:59][CH2:60][CH2:61][CH2:62][CH2:63][CH2:64][CH2:65][CH2:66][CH2:67][CH2:68][CH3:69]", "reacting_atoms": [7, 6], "template_id": "b8752864a144b4d488d51a312d4ebfdc", "template_set": ["bkms", "bkms", "bkms"], "num_examples": 64, "necessary_reagent": "", "template_score": 0.857880175113678, "rms_molwt": -966.861541368, "num_rings": 0, "plausibility": 1, "tforms": ["71d96988ab3623c8d39bf0ee6519c85b", "4b5c01ce1dd3e508649493e134ba9f1c", "b8752864a144b4d488d51a312d4ebfdc"], "rank": 2, "score": -1338.5483502174775}, {"smiles": "CC/C=C\\C/C=C\\CCCC/C=C\\CCCCCCC(=O)OC[C@@H](COC(=O)CCCCCCC/C=C\\CCCCCCCC)OC(=O)CCCCCCCCCCCCCCCCCCCCC", "smiles_split": ["CC/C=C\\C/C=C\\CCCC/C=C\\CCCCCCC(=O)OC[C@@H](COC(=O)CCCCCCC/C=C\\CCCCCCCC)OC(=O)CCCCCCCCCCCCCCCCCCCCC"], "mapped_smiles": "[CH3:1][CH2:2]/[CH:3]=[CH:4]\\[CH2:5]/[CH:6]=[CH:7]\\[CH2:8][CH2:9][CH2:10][CH2:11]/[CH:12]=[CH:13]\\[CH2:14][CH2:15][CH2:16][CH2:17][CH2:18][CH2:19][C:20](=[O:21])[O:22][CH2:23][C@@H:24]([CH2:25][O:26][C:27](=[O:28])[CH2:29][CH2:30][CH2:31][CH2:32][CH2:33][CH2:34][CH2:35]/[CH:36]=[CH:37]\\[CH2:38][CH2:39][CH2:40][CH2:41][CH2:42][CH2:43][CH2:44][CH3:45])[O:46][C:47](=[O:48])[CH2:49][CH2:50][CH2:51][CH2:52][CH2:53][CH2:54][CH2:55][CH2:56][CH2:57][CH2:58][CH2:59][CH2:60][CH2:61][CH2:62][CH2:63][CH2:64][CH2:65][CH2:66][CH2:67][CH2:68][CH3:69]", "reacting_atoms": [10, 9], "template_id": "b8752864a144b4d488d51a312d4ebfdc", "template_set": ["bkms", "bkms", "bkms"], "num_examples": 64, "necessary_reagent": "", "template_score": 0.857880175113678, "rms_molwt": -966.861541368, "num_rings": 0, "plausibility": 1, "tforms": ["71d96988ab3623c8d39bf0ee6519c85b", "4b5c01ce1dd3e508649493e134ba9f1c", "b8752864a144b4d488d51a312d4ebfdc"], "rank": 3, "score": -1338.5483502174775}, {"smiles": "CCCCC/C=C\\C/C=C\\C/C=C\\CCCCCCC(=O)OC[C@@H](COC(=O)CCCCCCC/C=C\\CCCCCCCC)OC(=O)CCCCCCCCCCCCCCCCCCCCC", "smiles_split": ["CCCCC/C=C\\C/C=C\\C/C=C\\CCCCCCC(=O)OC[C@@H](COC(=O)CCCCCCC/C=C\\CCCCCCCC)OC(=O)CCCCCCCCCCCCCCCCCCCCC"], "mapped_smiles": "[CH3:1][CH2:2][CH2:3][CH2:4][CH2:5]/[CH:6]=[CH:7]\\[CH2:8]/[CH:9]=[CH:10]\\[CH2:11]/[CH:12]=[CH:13]\\[CH2:14][CH2:15][CH2:16][CH2:17][CH2:18][CH2:19][C:20](=[O:21])[O:22][CH2:23][C@@H:24]([CH2:25][O:26][C:27](=[O:28])[CH2:29][CH2:30][CH2:31][CH2:32][CH2:33][CH2:34][CH2:35]/[CH:36]=[CH:37]\\[CH2:38][CH2:39][CH2:40][CH2:41][CH2:42][CH2:43][CH2:44][CH3:45])[O:46][C:47](=[O:48])[CH2:49][CH2:50][CH2:51][CH2:52][CH2:53][CH2:54][CH2:55][CH2:56][CH2:57][CH2:58][CH2:59][CH2:60][CH2:61][CH2:62][CH2:63][CH2:64][CH2:65][CH2:66][CH2:67][CH2:68][CH3:69]", "reacting_atoms": [4, 3], "template_id": "b8752864a144b4d488d51a312d4ebfdc", "template_set": ["bkms", "bkms", "bkms"], "num_examples": 64, "necessary_reagent": "", "template_score": 0.857880175113678, "rms_molwt": -966.861541368, "num_rings": 0, "plausibility": 1, "tforms": ["71d96988ab3623c8d39bf0ee6519c85b", "4b5c01ce1dd3e508649493e134ba9f1c", "b8752864a144b4d488d51a312d4ebfdc"], "rank": 4, "score": -1338.5483502174775}, {"smiles": "CC/C=C\\C/C=C\\C/C=C\\C/C=C\\CCCCCCC(=O)OC[C@@H](COC(=O)CCCCCCCCCCCCCCCCC)OC(=O)CCCCCCCCCCCCCCCCCCCCC", "smiles_split": ["CC/C=C\\C/C=C\\C/C=C\\C/C=C\\CCCCCCC(=O)OC[C@@H](COC(=O)CCCCCCCCCCCCCCCCC)OC(=O)CCCCCCCCCCCCCCCCCCCCC"], "mapped_smiles": "[CH3:1][CH2:2]/[CH:3]=[CH:4]\\[CH2:5]/[CH:6]=[CH:7]\\[CH2:8]/[CH:9]=[CH:10]\\[CH2:11]/[CH:12]=[CH:13]\\[CH2:14][CH2:15][CH2:16][CH2:17][CH2:18][CH2:19][C:20](=[O:21])[O:22][CH2:23][C@@H:24]([CH2:25][O:26][C:27](=[O:28])[CH2:29][CH2:30][CH2:31][CH2:32][CH2:33][CH2:34][CH2:35][CH2:36][CH2:37][CH2:38][CH2:39][CH2:40][CH2:41][CH2:42][CH2:43][CH2:44][CH3:45])[O:46][C:47](=[O:48])[CH2:49][CH2:50][CH2:51][CH2:52][CH2:53][CH2:54][CH2:55][CH2:56][CH2:57][CH2:58][CH2:59][CH2:60][CH2:61][CH2:62][CH2:63][CH2:64][CH2:65][CH2:66][CH2:67][CH2:68][CH3:69]", "reacting_atoms": [37, 36], "template_id": "4b5c01ce1dd3e508649493e134ba9f1c", "template_set": ["bkms"], "num_examples": 15, "necessary_reagent": "", "template_score": 0.07927566021680832, "rms_molwt": -966.861541368, "num_rings": 0, "plausibility": 1, "tforms": ["4b5c01ce1dd3e508649493e134ba9f1c"], "rank": 5, "score": -14485.077638485875}, {"smiles": "CC/C=C\\C/C=C\\C/C=C\\C/C=C\\CCCCCCC(=O)OC[C@@H](COC(=O)CCCCCCCC1C(=O)OC1CCCCCCCC)OC(=O)CCCCCCCCCCCCCCCCCCCCC", "smiles_split": ["CC/C=C\\C/C=C\\C/C=C\\C/C=C\\CCCCCCC(=O)OC[C@@H](COC(=O)CCCCCCCC1C(=O)OC1CCCCCCCC)OC(=O)CCCCCCCCCCCCCCCCCCCCC"], "mapped_smiles": "[CH3:1][CH2:2]/[CH:3]=[CH:4]\\[CH2:5]/[CH:6]=[CH:7]\\[CH2:8]/[CH:9]=[CH:10]\\[CH2:11]/[CH:12]=[CH:13]\\[CH2:14][CH2:15][CH2:16][CH2:17][CH2:18][CH2:19][C:20](=[O:21])[O:22][CH2:23][C@@H:24]([CH2:25][O:26][C:27](=[O:28])[CH2:29][CH2:30][CH2:31][CH2:32][CH2:33][CH2:34][CH2:35][CH:36]1[CH:37]([CH2:38][CH2:39][CH2:40][CH2:41][CH2:42][CH2:43][CH2:44][CH3:45])[O:902][C:901]1=[O:900])[O:46][C:47](=[O:48])[CH2:49][CH2:50][CH2:51][CH2:52][CH2:53][CH2:54][CH2:55][CH2:56][CH2:57][CH2:58][CH2:59][CH2:60][CH2:61][CH2:62][CH2:63][CH2:64][CH2:65][CH2:66][CH2:67][CH2:68][CH3:69]", "reacting_atoms": [37, 36], "template_id": "95b167a4e5e2cf14a7f1b2c6fb174cb0", "template_set": ["bkms"], "num_examples": 4, "necessary_reagent": "", "template_score": 0.00823209248483181, "rms_molwt": -1008.835720544, "num_rings": -1, "plausibility": 1, "tforms": ["95b167a4e5e2cf14a7f1b2c6fb174cb0"], "rank": 6, "score": -149643.66838202774}, {"smiles": "CC/C=C\\CC1OC(=O)C1C/C=C\\C/C=C\\CCCCCCC(=O)OC[C@@H](COC(=O)CCCCCCC/C=C\\CCCCCCCC)OC(=O)CCCCCCCCCCCCCCCCCCCCC", "smiles_split": ["CC/C=C\\CC1OC(=O)C1C/C=C\\C/C=C\\CCCCCCC(=O)OC[C@@H](COC(=O)CCCCCCC/C=C\\CCCCCCCC)OC(=O)CCCCCCCCCCCCCCCCCCCCC"], "mapped_smiles": "[CH3:1][CH2:2]/[CH:3]=[CH:4]\\[CH2:5][CH:6]1[CH:7]([CH2:8]/[CH:9]=[CH:10]\\[CH2:11]/[CH:12]=[CH:13]\\[CH2:14][CH2:15][CH2:16][CH2:17][CH2:18][CH2:19][C:20](=[O:21])[O:22][CH2:23][C@@H:24]([CH2:25][O:26][C:27](=[O:28])[CH2:29][CH2:30][CH2:31][CH2:32][CH2:33][CH2:34][CH2:35]/[CH:36]=[CH:37]\\[CH2:38][CH2:39][CH2:40][CH2:41][CH2:42][CH2:43][CH2:44][CH3:45])[O:46][C:47](=[O:48])[CH2:49][CH2:50][CH2:51][CH2:52][CH2:53][CH2:54][CH2:55][CH2:56][CH2:57][CH2:58][CH2:59][CH2:60][CH2:61][CH2:62][CH2:63][CH2:64][CH2:65][CH2:66][CH2:67][CH2:68][CH3:69])[C:901](=[O:900])[O:902]1", "reacting_atoms": [6, 7], "template_id": "95b167a4e5e2cf14a7f1b2c6fb174cb0", "template_set": ["bkms"], "num_examples": 4, "necessary_reagent": "", "template_score": 0.00823209248483181, "rms_molwt": -1008.835720544, "num_rings": -1, "plausibility": 1, "tforms": ["95b167a4e5e2cf14a7f1b2c6fb174cb0"], "rank": 7, "score": -149643.66838202774}, {"smiles": "CC/C=C\\C/C=C\\C/C=C\\C/C=C\\CCCCCCC(=O)OC[C@@H](COC(=O)CCCCCCCC1OC(=O)C1CCCCCCCC)OC(=O)CCCCCCCCCCCCCCCCCCCCC", "smiles_split": ["CC/C=C\\C/C=C\\C/C=C\\C/C=C\\CCCCCCC(=O)OC[C@@H](COC(=O)CCCCCCCC1OC(=O)C1CCCCCCCC)OC(=O)CCCCCCCCCCCCCCCCCCCCC"], "mapped_smiles": "[CH3:1][CH2:2]/[CH:3]=[CH:4]\\[CH2:5]/[CH:6]=[CH:7]\\[CH2:8]/[CH:9]=[CH:10]\\[CH2:11]/[CH:12]=[CH:13]\\[CH2:14][CH2:15][CH2:16][CH2:17][CH2:18][CH2:19][C:20](=[O:21])[O:22][CH2:23][C@@H:24]([CH2:25][O:26][C:27](=[O:28])[CH2:29][CH2:30][CH2:31][CH2:32][CH2:33][CH2:34][CH2:35][CH:36]1[CH:37]([CH2:38][CH2:39][CH2:40][CH2:41][CH2:42][CH2:43][CH2:44][CH3:45])[C:901](=[O:900])[O:902]1)[O:46][C:47](=[O:48])[CH2:49][CH2:50][CH2:51][CH2:52][CH2:53][CH2:54][CH2:55][CH2:56][CH2:57][CH2:58][CH2:59][CH2:60][CH2:61][CH2:62][CH2:63][CH2:64][CH2:65][CH2:66][CH2:67][CH2:68][CH3:69]", "reacting_atoms": [36, 37], "template_id": "95b167a4e5e2cf14a7f1b2c6fb174cb0", "template_set": ["bkms"], "num_examples": 4, "necessary_reagent": "", "template_score": 0.00823209248483181, "rms_molwt": -1008.835720544, "num_rings": -1, "plausibility": 1, "tforms": ["95b167a4e5e2cf14a7f1b2c6fb174cb0"], "rank": 8, "score": -149643.66838202774}, {"smiles": "CC/C=C\\C/C=C\\C/C=C\\CC1OC(=O)C1CCCCCCC(=O)OC[C@@H](COC(=O)CCCCCCC/C=C\\CCCCCCCC)OC(=O)CCCCCCCCCCCCCCCCCCCCC", "smiles_split": ["CC/C=C\\C/C=C\\C/C=C\\CC1OC(=O)C1CCCCCCC(=O)OC[C@@H](COC(=O)CCCCCCC/C=C\\CCCCCCCC)OC(=O)CCCCCCCCCCCCCCCCCCCCC"], "mapped_smiles": "[CH3:1][CH2:2]/[CH:3]=[CH:4]\\[CH2:5]/[CH:6]=[CH:7]\\[CH2:8]/[CH:9]=[CH:10]\\[CH2:11][CH:12]1[CH:13]([CH2:14][CH2:15][CH2:16][CH2:17][CH2:18][CH2:19][C:20](=[O:21])[O:22][CH2:23][C@@H:24]([CH2:25][O:26][C:27](=[O:28])[CH2:29][CH2:30][CH2:31][CH2:32][CH2:33][CH2:34][CH2:35]/[CH:36]=[CH:37]\\[CH2:38][CH2:39][CH2:40][CH2:41][CH2:42][CH2:43][CH2:44][CH3:45])[O:46][C:47](=[O:48])[CH2:49][CH2:50][CH2:51][CH2:52][CH2:53][CH2:54][CH2:55][CH2:56][CH2:57][CH2:58][CH2:59][CH2:60][CH2:61][CH2:62][CH2:63][CH2:64][CH2:65][CH2:66][CH2:67][CH2:68][CH3:69])[C:901](=[O:900])[O:902]1", "reacting_atoms": [12, 13], "template_id": "95b167a4e5e2cf14a7f1b2c6fb174cb0", "template_set": ["bkms"], "num_examples": 4, "necessary_reagent": "", "template_score": 0.00823209248483181, "rms_molwt": -1008.835720544, "num_rings": -1, "plausibility": 1, "tforms": ["95b167a4e5e2cf14a7f1b2c6fb174cb0"], "rank": 9, "score": -149643.66838202774}, {"smiles": "CCCCCCCC/C=C\\CCCCCCCC(=O)OC[C@H](COC(=O)CCCCCC/C=C\\C/C=C\\C/C=C\\CC1OC(=O)C1CC)OC(=O)CCCCCCCCCCCCCCCCCCCCC", "smiles_split": ["CCCCCCCC/C=C\\CCCCCCCC(=O)OC[C@H](COC(=O)CCCCCC/C=C\\C/C=C\\C/C=C\\CC1OC(=O)C1CC)OC(=O)CCCCCCCCCCCCCCCCCCCCC"], "mapped_smiles": "[CH3:1][CH2:2][CH:3]1[CH:4]([CH2:5]/[CH:6]=[CH:7]\\[CH2:8]/[CH:9]=[CH:10]\\[CH2:11]/[CH:12]=[CH:13]\\[CH2:14][CH2:15][CH2:16][CH2:17][CH2:18][CH2:19][C:20](=[O:21])[O:22][CH2:23][C@@H:24]([CH2:25][O:26][C:27](=[O:28])[CH2:29][CH2:30][CH2:31][CH2:32][CH2:33][CH2:34][CH2:35]/[CH:36]=[CH:37]\\[CH2:38][CH2:39][CH2:40][CH2:41][CH2:42][CH2:43][CH2:44][CH3:45])[O:46][C:47](=[O:48])[CH2:49][CH2:50][CH2:51][CH2:52][CH2:53][CH2:54][CH2:55][CH2:56][CH2:57][CH2:58][CH2:59][CH2:60][CH2:61][CH2:62][CH2:63][CH2:64][CH2:65][CH2:66][CH2:67][CH2:68][CH3:69])[O:902][C:901]1=[O:900]", "reacting_atoms": [4, 3], "template_id": "95b167a4e5e2cf14a7f1b2c6fb174cb0", "template_set": ["bkms"], "num_examples": 4, "necessary_reagent": "", "template_score": 0.00823209248483181, "rms_molwt": -1008.835720544, "num_rings": -1, "plausibility": 1, "tforms": ["95b167a4e5e2cf14a7f1b2c6fb174cb0"], "rank": 10, "score": -149643.66838202774}, {"smiles": "CC/C=C\\C/C=C\\CC1C(=O)OC1C/C=C\\CCCCCCC(=O)OC[C@@H](COC(=O)CCCCCCC/C=C\\CCCCCCCC)OC(=O)CCCCCCCCCCCCCCCCCCCCC", "smiles_split": ["CC/C=C\\C/C=C\\CC1C(=O)OC1C/C=C\\CCCCCCC(=O)OC[C@@H](COC(=O)CCCCCCC/C=C\\CCCCCCCC)OC(=O)CCCCCCCCCCCCCCCCCCCCC"], "mapped_smiles": "[CH3:1][CH2:2]/[CH:3]=[CH:4]\\[CH2:5]/[CH:6]=[CH:7]\\[CH2:8][CH:9]1[CH:10]([CH2:11]/[CH:12]=[CH:13]\\[CH2:14][CH2:15][CH2:16][CH2:17][CH2:18][CH2:19][C:20](=[O:21])[O:22][CH2:23][C@@H:24]([CH2:25][O:26][C:27](=[O:28])[CH2:29][CH2:30][CH2:31][CH2:32][CH2:33][CH2:34][CH2:35]/[CH:36]=[CH:37]\\[CH2:38][CH2:39][CH2:40][CH2:41][CH2:42][CH2:43][CH2:44][CH3:45])[O:46][C:47](=[O:48])[CH2:49][CH2:50][CH2:51][CH2:52][CH2:53][CH2:54][CH2:55][CH2:56][CH2:57][CH2:58][CH2:59][CH2:60][CH2:61][CH2:62][CH2:63][CH2:64][CH2:65][CH2:66][CH2:67][CH2:68][CH3:69])[O:902][C:901]1=[O:900]", "reacting_atoms": [10, 9], "template_id": "95b167a4e5e2cf14a7f1b2c6fb174cb0", "template_set": ["bkms"], "num_examples": 4, "necessary_reagent": "", "template_score": 0.00823209248483181, "rms_molwt": -1008.835720544, "num_rings": -1, "plausibility": 1, "tforms": ["95b167a4e5e2cf14a7f1b2c6fb174cb0"], "rank": 11, "score": -149643.66838202774}, {"smiles": "CC/C=C\\CC1C(=O)OC1C/C=C\\C/C=C\\CCCCCCC(=O)OC[C@@H](COC(=O)CCCCCCC/C=C\\CCCCCCCC)OC(=O)CCCCCCCCCCCCCCCCCCCCC", "smiles_split": ["CC/C=C\\CC1C(=O)OC1C/C=C\\C/C=C\\CCCCCCC(=O)OC[C@@H](COC(=O)CCCCCCC/C=C\\CCCCCCCC)OC(=O)CCCCCCCCCCCCCCCCCCCCC"], "mapped_smiles": "[CH3:1][CH2:2]/[CH:3]=[CH:4]\\[CH2:5][CH:6]1[CH:7]([CH2:8]/[CH:9]=[CH:10]\\[CH2:11]/[CH:12]=[CH:13]\\[CH2:14][CH2:15][CH2:16][CH2:17][CH2:18][CH2:19][C:20](=[O:21])[O:22][CH2:23][C@@H:24]([CH2:25][O:26][C:27](=[O:28])[CH2:29][CH2:30][CH2:31][CH2:32][CH2:33][CH2:34][CH2:35]/[CH:36]=[CH:37]\\[CH2:38][CH2:39][CH2:40][CH2:41][CH2:42][CH2:43][CH2:44][CH3:45])[O:46][C:47](=[O:48])[CH2:49][CH2:50][CH2:51][CH2:52][CH2:53][CH2:54][CH2:55][CH2:56][CH2:57][CH2:58][CH2:59][CH2:60][CH2:61][CH2:62][CH2:63][CH2:64][CH2:65][CH2:66][CH2:67][CH2:68][CH3:69])[O:902][C:901]1=[O:900]", "reacting_atoms": [7, 6], "template_id": "95b167a4e5e2cf14a7f1b2c6fb174cb0", "template_set": ["bkms"], "num_examples": 4, "necessary_reagent": "", "template_score": 0.00823209248483181, "rms_molwt": -1008.835720544, "num_rings": -1, "plausibility": 1, "tforms": ["95b167a4e5e2cf14a7f1b2c6fb174cb0"], "rank": 12, "score": -149643.66838202774}, {"smiles": "CC/C=C\\C/C=C\\CC1OC(=O)C1C/C=C\\CCCCCCC(=O)OC[C@@H](COC(=O)CCCCCCC/C=C\\CCCCCCCC)OC(=O)CCCCCCCCCCCCCCCCCCCCC", "smiles_split": ["CC/C=C\\C/C=C\\CC1OC(=O)C1C/C=C\\CCCCCCC(=O)OC[C@@H](COC(=O)CCCCCCC/C=C\\CCCCCCCC)OC(=O)CCCCCCCCCCCCCCCCCCCCC"], "mapped_smiles": "[CH3:1][CH2:2]/[CH:3]=[CH:4]\\[CH2:5]/[CH:6]=[CH:7]\\[CH2:8][CH:9]1[CH:10]([CH2:11]/[CH:12]=[CH:13]\\[CH2:14][CH2:15][CH2:16][CH2:17][CH2:18][CH2:19][C:20](=[O:21])[O:22][CH2:23][C@@H:24]([CH2:25][O:26][C:27](=[O:28])[CH2:29][CH2:30][CH2:31][CH2:32][CH2:33][CH2:34][CH2:35]/[CH:36]=[CH:37]\\[CH2:38][CH2:39][CH2:40][CH2:41][CH2:42][CH2:43][CH2:44][CH3:45])[O:46][C:47](=[O:48])[CH2:49][CH2:50][CH2:51][CH2:52][CH2:53][CH2:54][CH2:55][CH2:56][CH2:57][CH2:58][CH2:59][CH2:60][CH2:61][CH2:62][CH2:63][CH2:64][CH2:65][CH2:66][CH2:67][CH2:68][CH3:69])[C:901](=[O:900])[O:902]1", "reacting_atoms": [9, 10], "template_id": "95b167a4e5e2cf14a7f1b2c6fb174cb0", "template_set": ["bkms"], "num_examples": 4, "necessary_reagent": "", "template_score": 0.00823209248483181, "rms_molwt": -1008.835720544, "num_rings": -1, "plausibility": 1, "tforms": ["95b167a4e5e2cf14a7f1b2c6fb174cb0"], "rank": 13, "score": -149643.66838202774}, {"smiles": "CCCCCCCC/C=C\\CCCCCCCC(=O)OC[C@H](COC(=O)CCCCCC/C=C\\C/C=C\\C/C=C\\CC1C(=O)OC1CC)OC(=O)CCCCCCCCCCCCCCCCCCCCC", "smiles_split": ["CCCCCCCC/C=C\\CCCCCCCC(=O)OC[C@H](COC(=O)CCCCCC/C=C\\C/C=C\\C/C=C\\CC1C(=O)OC1CC)OC(=O)CCCCCCCCCCCCCCCCCCCCC"], "mapped_smiles": "[CH3:1][CH2:2][CH:3]1[CH:4]([CH2:5]/[CH:6]=[CH:7]\\[CH2:8]/[CH:9]=[CH:10]\\[CH2:11]/[CH:12]=[CH:13]\\[CH2:14][CH2:15][CH2:16][CH2:17][CH2:18][CH2:19][C:20](=[O:21])[O:22][CH2:23][C@@H:24]([CH2:25][O:26][C:27](=[O:28])[CH2:29][CH2:30][CH2:31][CH2:32][CH2:33][CH2:34][CH2:35]/[CH:36]=[CH:37]\\[CH2:38][CH2:39][CH2:40][CH2:41][CH2:42][CH2:43][CH2:44][CH3:45])[O:46][C:47](=[O:48])[CH2:49][CH2:50][CH2:51][CH2:52][CH2:53][CH2:54][CH2:55][CH2:56][CH2:57][CH2:58][CH2:59][CH2:60][CH2:61][CH2:62][CH2:63][CH2:64][CH2:65][CH2:66][CH2:67][CH2:68][CH3:69])[C:901](=[O:900])[O:902]1", "reacting_atoms": [3, 4], "template_id": "95b167a4e5e2cf14a7f1b2c6fb174cb0", "template_set": ["bkms"], "num_examples": 4, "necessary_reagent": "", "template_score": 0.00823209248483181, "rms_molwt": -1008.835720544, "num_rings": -1, "plausibility": 1, "tforms": ["95b167a4e5e2cf14a7f1b2c6fb174cb0"], "rank": 14, "score": -149643.66838202774}, {"smiles": "CC/C=C\\C/C=C\\C/C=C\\CC1C(=O)OC1CCCCCCC(=O)OC[C@@H](COC(=O)CCCCCCC/C=C\\CCCCCCCC)OC(=O)CCCCCCCCCCCCCCCCCCCCC", "smiles_split": ["CC/C=C\\C/C=C\\C/C=C\\CC1C(=O)OC1CCCCCCC(=O)OC[C@@H](COC(=O)CCCCCCC/C=C\\CCCCCCCC)OC(=O)CCCCCCCCCCCCCCCCCCCCC"], "mapped_smiles": "[CH3:1][CH2:2]/[CH:3]=[CH:4]\\[CH2:5]/[CH:6]=[CH:7]\\[CH2:8]/[CH:9]=[CH:10]\\[CH2:11][CH:12]1[CH:13]([CH2:14][CH2:15][CH2:16][CH2:17][CH2:18][CH2:19][C:20](=[O:21])[O:22][CH2:23][C@@H:24]([CH2:25][O:26][C:27](=[O:28])[CH2:29][CH2:30][CH2:31][CH2:32][CH2:33][CH2:34][CH2:35]/[CH:36]=[CH:37]\\[CH2:38][CH2:39][CH2:40][CH2:41][CH2:42][CH2:43][CH2:44][CH3:45])[O:46][C:47](=[O:48])[CH2:49][CH2:50][CH2:51][CH2:52][CH2:53][CH2:54][CH2:55][CH2:56][CH2:57][CH2:58][CH2:59][CH2:60][CH2:61][CH2:62][CH2:63][CH2:64][CH2:65][CH2:66][CH2:67][CH2:68][CH3:69])[O:902][C:901]1=[O:900]", "reacting_atoms": [13, 12], "template_id": "95b167a4e5e2cf14a7f1b2c6fb174cb0", "template_set": ["bkms"], "num_examples": 4, "necessary_reagent": "", "template_score": 0.00823209248483181, "rms_molwt": -1008.835720544, "num_rings": -1, "plausibility": 1, "tforms": ["95b167a4e5e2cf14a7f1b2c6fb174cb0"], "rank": 15, "score": -149643.66838202774}]}