{"smiles": "C/C(=N\\OC(=O)C1CCCCC1)c1nccs1", "sfscore": [0.6274895668029785, 0.36819538474082947], "chem_result": [{"smiles": "C/C(=N\\OC(=O)C1CCCCC1)c1nccs1", "bw_confidence": 0.18553054604107058, "confidence": 0.6149653981187516, "rclass": "6 6.5 6.5.13", "children": [{"smiles": "C/C(=N\\OC(=O)C1CCCCC1)c1nc([Si](C)(C)C)cs1"}, {"smiles": "C1CCOC1"}, {"smiles": "CCCC[N+](CCCC)(CCCC)CCCC~[F-]"}]}, {"smiles": "C/C(=N\\OC(=O)C1CCCCC1)c1nccs1", "bw_confidence": 0.17309697891763945, "confidence": 0.9584663651674948, "rclass": "0 0 0", "children": [{"smiles": "C/C(=N\\O)c1nccs1"}, {"smiles": "CCN(CC)CC"}, {"smiles": "ClCCl"}, {"smiles": "O=C(Cl)C1CCCCC1"}]}, {"smiles": "C/C(=N\\OC(=O)C1CCCCC1)c1nccs1", "bw_confidence": 0.12605066037905732, "confidence": 0.9566949541550516, "rclass": "0 0 0", "children": [{"smiles": "C/C(=N\\O)c1nccs1"}, {"smiles": "O=C(Cl)C1CCCCC1"}]}, {"smiles": "C/C(=N\\OC(=O)C1CCCCC1)c1nccs1", "bw_confidence": 0.12417917855888132, "confidence": 0.5394233957178912, "rclass": "1 1.2 1.2.6", "children": [{"smiles": "CC(=O)c1nccs1"}, {"smiles": "O=C(ON~Cl)C1CCCCC1"}]}, {"smiles": "C/C(=N\\OC(=O)C1CCCCC1)c1nccs1", "bw_confidence": 0.02265295760248776, "confidence": 0.4041650480725894, "rclass": "0 0 0", "children": [{"smiles": "C/C(=N\\O)c1nccs1"}, {"smiles": "CC(=NOC(=O)C1CCCCC1)c1nccs1"}]}, {"smiles": "C/C(=N\\OC(=O)C1CCCCC1)c1nccs1", "bw_confidence": 0.019869955972127585, "confidence": 0.47157498455858754, "rclass": "7 7.6 7.6.1", "children": [{"smiles": "C/C(=N\\OC(=O)C1CC=CCC1)c1nccs1"}, {"smiles": "CCOC(C)=O"}, {"smiles": "[Pd]"}]}, {"smiles": "C/C(=N\\OC(=O)C1CCCCC1)c1nccs1", "bw_confidence": 0.017231140057971828, "confidence": 0.2635840244816285, "rclass": "11 11.5 11.5", "children": [{"smiles": "C/C(=N\\OC(=O)C1CCCCC1)c1nccs1"}, {"smiles": "ClCCl"}, {"smiles": "O=[Mn]=O"}]}, {"smiles": "C/C(=N\\OC(=O)C1CCCCC1)c1nccs1", "bw_confidence": 0.0011305173083040574, "confidence": 0.05178080294712128, "rclass": "9 9.7 9.7.194", "children": [{"smiles": "C/C(=N\\OC(=O)C1CCCCC1)c1nc(C(=O)O)cs1"}, {"smiles": "CCN(CC)CC"}, {"smiles": "ClCCl"}]}], "chem_bw_confidence_list": [0.18553054604107058, 0.17309697891763945, 0.12605066037905732, 0.12417917855888132, 0.02265295760248776, 0.019869955972127585, 0.017231140057971828, 0.0011305173083040574], "enzy_template_score_list": [0.0011517576640471816, 0.0009408192709088326, 0.0007557849166914821, 0.0014764789957553148, 0.0010968013666570187], "enzy_result": [{"smiles": "C/C(=N\\OC(=O)C1=CCCCC1)c1nccs1", "smiles_split": ["C/C(=N\\OC(=O)C1=CCCCC1)c1nccs1"], "mapped_smiles": "[CH3:1]/[C:2](=[N:3]\\[O:4][C:5](=[O:6])[C:7]1=[CH:12][CH2:11][CH2:10][CH2:9][CH2:8]1)[c:13]1[n:14][cH:15][cH:16][s:17]1", "reacting_atoms": [12, 7], "template_id": "6eccff25585d196a4c03c23e9aa9f8a4", "template_set": ["bkms"], "num_examples": 3, "necessary_reagent": "", "template_score": 0.0011517576640471816, "rms_molwt": -250.077598688, "num_rings": -2, "plausibility": 1, "tforms": ["6eccff25585d196a4c03c23e9aa9f8a4"], "rank": 1, "score": -134474.92867853385}, {"smiles": "C/C(=N\\OC(=O)C1CCCCC1)c1scc[n+]1[O-]", "smiles_split": ["C/C(=N\\OC(=O)C1CCCCC1)c1scc[n+]1[O-]"], "mapped_smiles": "[CH3:1]/[C:2](=[N:3]\\[O:4][C:5](=[O:6])[CH:7]1[CH2:8][CH2:9][CH2:10][CH2:11][CH2:12]1)[c:13]1[n+:14]([O-:900])[cH:15][cH:16][s:17]1", "reacting_atoms": [14], "template_id": "c35e1f506c64bd7357725fbec7e2cc3f", "template_set": ["bkms"], "num_examples": 2, "necessary_reagent": "", "template_score": 0.0009408192709088326, "rms_molwt": -268.088163372, "num_rings": -2, "plausibility": 1, "tforms": ["c35e1f506c64bd7357725fbec7e2cc3f"], "rank": 2, "score": -177964.04513616502}, {"smiles": "C/C(=N\\OC(=O)C1CCCCC1)c1scc[n+]1O", "smiles_split": ["C/C(=N\\OC(=O)C1CCCCC1)c1scc[n+]1O"], "mapped_smiles": "[CH3:1]/[C:2](=[N:3]\\[O:4][C:5](=[O:6])[CH:7]1[CH2:8][CH2:9][CH2:10][CH2:11][CH2:12]1)[c:13]1[n+:14]([OH:900])[cH:15][cH:16][s:17]1", "reacting_atoms": [14], "template_id": "7206b6168da58aff3c4d111020115705", "template_set": ["bkms"], "num_examples": 2, "necessary_reagent": "", "template_score": 0.0007557849166914821, "rms_molwt": -269.09543982409, "num_rings": -2, "plausibility": 1, "tforms": ["7206b6168da58aff3c4d111020115705"], "rank": 3, "score": -221533.93048109813}, {"smiles": "C/C(=N\\OC(=O)C1CCCCC1)c1scc[n+]1[C@@H]1O[C@H](COP(=O)(O)O)[C@@H](O)[C@H]1O", "smiles_split": ["C/C(=N\\OC(=O)C1CCCCC1)c1scc[n+]1[C@@H]1O[C@H](COP(=O)(O)O)[C@@H](O)[C@H]1O"], "mapped_smiles": "[CH3:1]/[C:2](=[N:3]\\[O:4][C:5](=[O:6])[CH:7]1[CH2:8][CH2:9][CH2:10][CH2:11][CH2:12]1)[c:13]1[n+:14]([C@@H:910]2[O:909][C@H:902]([CH2:903][O:904][P:905]([OH:906])([OH:907])=[O:908])[C@@H:901]([OH:900])[C@H:911]2[OH:912])[cH:15][cH:16][s:17]1", "reacting_atoms": [14], "template_id": "8486c35461f2d0aa2c13d731d8178365", "template_set": ["bkms"], "num_examples": 1, "necessary_reagent": "", "template_score": 0.0014764789957553148, "rms_molwt": -465.10911446208985, "num_rings": -3, "plausibility": 1, "tforms": ["8486c35461f2d0aa2c13d731d8178365"], "rank": 4, "score": -268961.7721204752}, {"smiles": "C/C(=N\\OC(=O)C1CCCCC1)c1scc[n+]1[C@@H]1O[C@H](CO)[C@@H](O)[C@H]1O", "smiles_split": ["C/C(=N\\OC(=O)C1CCCCC1)c1scc[n+]1[C@@H]1O[C@H](CO)[C@@H](O)[C@H]1O"], "mapped_smiles": "[CH3:1]/[C:2](=[N:3]\\[O:4][C:5](=[O:6])[CH:7]1[CH2:8][CH2:9][CH2:10][CH2:11][CH2:12]1)[c:13]1[n+:14]([C@@H:904]2[O:903][C@H:902]([CH2:901][OH:900])[C@@H:907]([OH:908])[C@H:905]2[OH:906])[cH:15][cH:16][s:17]1", "reacting_atoms": [14], "template_id": "c8c1e0f12d69dd6cd880b6433450730f", "template_set": ["bkms"], "num_examples": 2, "necessary_reagent": "", "template_score": 0.0010968013666570187, "rms_molwt": -385.14278394008994, "num_rings": -3, "plausibility": 1, "tforms": ["c8c1e0f12d69dd6cd880b6433450730f"], "rank": 5, "score": -304186.24332829117}]}