{"smiles": "CCCCCC/C=C\\CCCCCCCC(=O)OC[C@H](COC(=O)CCCCCCC/C=C\\CCCCCCCC)OC(=O)CCCCCCCCCCCCCCC", "sfscore": [0.428882896900177, 0.6190893650054932], "chem_result": [{"smiles": "CCCCCC/C=C\\CCCCCCCC(=O)OC[C@H](COC(=O)CCCCCCC/C=C\\CCCCCCCC)OC(=O)CCCCCCCCCCCCCCC", "bw_confidence": 0.0325043655930801, "confidence": 0.0073695932723500555, "rclass": "11 11.5 11.5", "children": [{"smiles": "CCCCCC/C=C\\CCCCCCCC(=O)OC[C@H](COC(=O)CCCCCCC/C=C\\CCCCCCCC)OC(=O)CCCCCCCCCCCCCC"}, {"smiles": "ClCCl"}, {"smiles": "O=[Cr](=O)([O-])Cl~c1cc[nH+]cc1"}]}, {"smiles": "CCCCCC/C=C\\CCCCCCCC(=O)OC[C@H](COC(=O)CCCCCCC/C=C\\CCCCCCCC)OC(=O)CCCCCCCCCCCCCCC", "bw_confidence": 0.016667945333518695, "confidence": 0.29453385462440435, "rclass": "0 0 0", "children": [{"smiles": "C(=NC1CCCCC1)=NC1CCCCC1"}, {"smiles": "CCCCCC/C=C\\CCCCCCCC(=O)O"}, {"smiles": "CN(C)c1ccncc1"}, {"smiles": "ClCCl"}, {"smiles": "OCC(O)CO"}]}, {"smiles": "CCCCCC/C=C\\CCCCCCCC(=O)OC[C@H](COC(=O)CCCCCCC/C=C\\CCCCCCCC)OC(=O)CCCCCCCCCCCCCCC", "bw_confidence": 0.011128401153380705, "confidence": 0.016244934589777826, "rclass": "11 11.5 11.5", "children": [{"smiles": "CCCCCC/C=C\\CCCCCCCC(=O)OC[C@H](COC(=O)CCCCCCC/C=C\\CCCCCCCC)OC(=O)CCCCCCCCCCCCCCCC"}, {"smiles": "ClCCl"}, {"smiles": "O=C(O)C(F)(F)F"}]}, {"smiles": "CCCCCC/C=C\\CCCCCCCC(=O)OC[C@H](COC(=O)CCCCCCC/C=C\\CCCCCCCC)OC(=O)CCCCCCCCCCCCCCC", "bw_confidence": 0.006603597861902436, "confidence": 0.0614957406089179, "rclass": "0 0 0", "children": [{"smiles": "CCCCCC/C=C\\CCCCCCCC(=O)OC[C@@H](O)COC(=O)CCCCCCC/C=C\\CCCCCCCC"}, {"smiles": "ClCCl"}]}, {"smiles": "CCCCCC/C=C\\CCCCCCCC(=O)OC[C@H](COC(=O)CCCCCCC/C=C\\CCCCCCCC)OC(=O)CCCCCCCCCCCCCCC", "bw_confidence": 0.00541153729316933, "confidence": 0.21456867203472754, "rclass": "2 2.6 2.6.9", "children": [{"smiles": "C(=NC1CCCCC1)=NC1CCCCC1"}, {"smiles": "CCCCCC/C=C\\CCCCCCCC(=O)OC[C@H](CO)OC(=O)CCCCCCCCCCCCCCC"}, {"smiles": "CCCCCCCCCCCCCCCC(=O)O"}, {"smiles": "CN(C)c1ccncc1"}, {"smiles": "ClCCl"}]}, {"smiles": "CCCCCC/C=C\\CCCCCCCC(=O)OC[C@H](COC(=O)CCCCCCC/C=C\\CCCCCCCC)OC(=O)CCCCCCCCCCCCCCC", "bw_confidence": 0.003880202399516915, "confidence": 0.006937960173072485, "rclass": "0 0 0", "children": [{"smiles": "CCCCCC/C=C\\CCCCCCCC(=O)OC[C@H](COC(=O)CCCCCCC/C=C\\CCCCCCCC)OC(=O)CCCCCCCCCCCCCCC"}, {"smiles": "CN(C)c1ccncc1"}, {"smiles": "ClCCl"}]}, {"smiles": "CCCCCC/C=C\\CCCCCCCC(=O)OC[C@H](COC(=O)CCCCCCC/C=C\\CCCCCCCC)OC(=O)CCCCCCCCCCCCCCC", "bw_confidence": 0.0016776851406288668, "confidence": 0.008396041244814394, "rclass": "0 0 0", "children": [{"smiles": "CCCCCC/C=C\\CCCCCCCC(=O)OC[C@H](COC(=O)CCCCCCC/C=C\\CCCCCCCC)OC(=O)CCCCCCCCCCCCC"}, {"smiles": "CCCCCCCCCCCCCCCCC(=O)O"}]}, {"smiles": "CCCCCC/C=C\\CCCCCCCC(=O)OC[C@H](COC(=O)CCCCCCC/C=C\\CCCCCCCC)OC(=O)CCCCCCCCCCCCCCC", "bw_confidence": 0.001134061324668035, "confidence": 0.0627140329203841, "rclass": "2 2.6 2.6.1", "children": [{"smiles": "CCCCCC/C=C\\CCCCCCCC(=O)OC[C@@H](O)COC(=O)CCCCCCC/C=C\\CCCCCCCC"}, {"smiles": "CCCCCCCCCCCCCCCCCC(=O)Cl"}, {"smiles": "CCN(CC)CC"}, {"smiles": "ClCCl"}]}, {"smiles": "CCCCCC/C=C\\CCCCCCCC(=O)OC[C@H](COC(=O)CCCCCCC/C=C\\CCCCCCCC)OC(=O)CCCCCCCCCCCCCCC", "bw_confidence": 0.0010002955867889438, "confidence": 0.020157235547024106, "rclass": "11 11.7 11.7", "children": [{"smiles": "CCCCCC/C=C\\CCCCCCCC(=O)OC[C@H](COC(=O)CCCCCCC/C=C\\CCCCCCCC)OC(=O)CCCCCCCCCCCCC"}, {"smiles": "CCCCCCCC/C=C\\CCCCCCCC(=O)OC[C@@H](COC(=O)CCCCCCCCCCCCCCCCC)OC(=O)CCCCCCCCCCCCCC"}]}, {"smiles": "CCCCCC/C=C\\CCCCCCCC(=O)OC[C@H](COC(=O)CCCCCCC/C=C\\CCCCCCCC)OC(=O)CCCCCCCCCCCCCCC", "bw_confidence": 0.0009010390712752582, "confidence": 0.019443489291504665, "rclass": "11 11.7 11.7", "children": [{"smiles": "CCCCCC/C=C\\CCCCCCCC(=O)OC[C@H](COC(=O)CCCCCCC/C=C\\CCCCCCCC)OC(=O)CCCCCCCCCCCCCC"}, {"smiles": "CCCCCCCC/C=C\\CCCCCCCC(=O)OC[C@@H](COC(=O)CCCCCCCCCCCCCCCC)OC(=O)CCCCCCCCCCCCCC"}]}, {"smiles": "CCCCCC/C=C\\CCCCCCCC(=O)OC[C@H](COC(=O)CCCCCCC/C=C\\CCCCCCCC)OC(=O)CCCCCCCCCCCCCCC", "bw_confidence": 0.00023936623114478896, "confidence": 0.14741019759079085, "rclass": "7 7.6 7.6.1", "children": [{"smiles": "CC(=O)[O-]~CC(=O)[O-]~[Pb+2]~[Pd]"}, {"smiles": "CCCCCC/C=C\\CCCCCCCC(=O)OC[C@H](COC(=O)CCCCCCC/C=C\\CCCCCCCC)OC(=O)CCCCCCCC/C=C\\CCCCCCCC"}]}, {"smiles": "CCCCCC/C=C\\CCCCCCCC(=O)OC[C@H](COC(=O)CCCCCCC/C=C\\CCCCCCCC)OC(=O)CCCCCCCCCCCCCCC", "bw_confidence": 0.00018044048490042157, "confidence": 0.01884054541303751, "rclass": "11 11.7 11.7", "children": [{"smiles": "CCCCCC/C=C\\CCCCCCCC(=O)OC[C@H](COC(=O)CCCCCCC/C=C\\CCCCCCCC)OC(=O)CCCCCCCCCCCCCCC"}, {"smiles": "CCCCCCCC/C=C\\CCCCCCCC(=O)OC[C@@H](COC(=O)CCCCCCCCCCCCCCCCC)OC(=O)CCCCCCCCCCCCCC"}]}], "chem_bw_confidence_list": [0.0325043655930801, 0.016667945333518695, 0.011128401153380705, 0.006603597861902436, 0.00541153729316933, 0.003880202399516915, 0.0016776851406288668, 0.001134061324668035, 0.0010002955867889438, 0.0009010390712752582, 0.00023936623114478896, 0.00018044048490042157], "enzy_template_score_list": [0.3870805501937866, 0.3870805501937866, 0.3870805501937866, 0.1567683070898056, 0.1567683070898056, 0.01183115504682064, 0.01183115504682064, 0.01183115504682064, 0.01183115504682064, 0.005172012373805046, 0.005172012373805046, 0.005172012373805046, 0.004872929770499468, 0.004872929770499468, 0.004872929770499468], "enzy_result": [{"smiles": "CCCCCC/C=C\\CCCCCCCC(=O)OC[C@@H](O)COC(=O)CCCCCCC/C=C\\CCCCCCCC.CCCCCCCCCCCCCCCC(=O)SCCNC(=O)CCNC(=O)[C@H](O)C(C)(C)COP(=O)(O)OP(=O)(O)OC[C@H]1O[C@@H](n2cnc3c(N)ncnc32)[C@H](O)[C@@H]1OP(=O)(O)O", "smiles_split": ["CCCCCC/C=C\\CCCCCCCC(=O)OC[C@@H](O)COC(=O)CCCCCCC/C=C\\CCCCCCCC", "CCCCCCCCCCCCCCCC(=O)SCCNC(=O)CCNC(=O)[C@H](O)C(C)(C)COP(=O)(O)OP(=O)(O)OC[C@H]1O[C@@H](n2cnc3c(N)ncnc32)[C@H](O)[C@@H]1OP(=O)(O)O"], "mapped_smiles": "[C:43](=[O:44])([CH2:45][CH2:46][CH2:47][CH2:48][CH2:49][CH2:50][CH2:51][CH2:52][CH2:53][CH2:54][CH2:55][CH2:56][CH2:57][CH2:58][CH3:59])[S:947][CH2:946][CH2:945][NH:944][C:942]([CH2:941][CH2:940][NH:939][C:937]([C@@H:935]([C:901]([CH3:900])([CH3:902])[CH2:903][O:904][P:905]([OH:906])(=[O:907])[O:908][P:909]([OH:910])(=[O:911])[O:912][CH2:913][C@H:914]1[O:915][C@@H:916]([n:917]2[cH:918][n:919][c:920]3[c:921]([NH2:922])[n:923][cH:924][n:925][c:926]23)[C@H:927]([OH:928])[C@@H:929]1[O:930][P:931]([OH:932])([OH:933])=[O:934])[OH:936])=[O:938])=[O:943].[CH3:1][CH2:2][CH2:3][CH2:4][CH2:5][CH2:6]/[CH:7]=[CH:8]\\[CH2:9][CH2:10][CH2:11][CH2:12][CH2:13][CH2:14][CH2:15][C:16](=[O:17])[O:18][CH2:19][C@H:20]([CH2:21][O:22][C:23](=[O:24])[CH2:25][CH2:26][CH2:27][CH2:28][CH2:29][CH2:30][CH2:31]/[CH:32]=[CH:33]\\[CH2:34][CH2:35][CH2:36][CH2:37][CH2:38][CH2:39][CH2:40][CH3:41])[OH:42]", "reacting_atoms": [43, 42], "template_id": "4f507fe3c79f4d542f14417d7122ff5c", "template_set": ["bkms"], "num_examples": 31, "necessary_reagent": "", "template_score": 0.3870805501937866, "rms_molwt": -825.1613408947638, "num_rings": -3, "plausibility": 1, "tforms": ["4f507fe3c79f4d542f14417d7122ff5c"], "rank": 1, "score": -4277.2907732090625}, {"smiles": "CCCCCC/C=C\\CCCCCCCC(=O)SCCNC(=O)CCNC(=O)[C@H](O)C(C)(C)COP(=O)(O)OP(=O)(O)OC[C@H]1O[C@@H](n2cnc3c(N)ncnc32)[C@H](O)[C@@H]1OP(=O)(O)O.CCCCCCCC/C=C\\CCCCCCCC(=O)OC[C@@H](CO)OC(=O)CCCCCCCCCCCCCCC", "smiles_split": ["CCCCCC/C=C\\CCCCCCCC(=O)SCCNC(=O)CCNC(=O)[C@H](O)C(C)(C)COP(=O)(O)OP(=O)(O)OC[C@H]1O[C@@H](n2cnc3c(N)ncnc32)[C@H](O)[C@@H]1OP(=O)(O)O", "CCCCCCCC/C=C\\CCCCCCCC(=O)OC[C@@H](CO)OC(=O)CCCCCCCCCCCCCCC"], "mapped_smiles": "[CH3:1][CH2:2][CH2:3][CH2:4][CH2:5][CH2:6]/[CH:7]=[CH:8]\\[CH2:9][CH2:10][CH2:11][CH2:12][CH2:13][CH2:14][CH2:15][C:16](=[O:17])[S:947][CH2:946][CH2:945][NH:944][C:942]([CH2:941][CH2:940][NH:939][C:937]([C@@H:935]([C:901]([CH3:900])([CH3:902])[CH2:903][O:904][P:905]([OH:906])(=[O:907])[O:908][P:909]([OH:910])(=[O:911])[O:912][CH2:913][C@H:914]1[O:915][C@@H:916]([n:917]2[cH:918][n:919][c:920]3[c:921]([NH2:922])[n:923][cH:924][n:925][c:926]23)[C@H:927]([OH:928])[C@@H:929]1[O:930][P:931]([OH:932])([OH:933])=[O:934])[OH:936])=[O:938])=[O:943].[OH:18][CH2:19][C@H:20]([CH2:21][O:22][C:23](=[O:24])[CH2:25][CH2:26][CH2:27][CH2:28][CH2:29][CH2:30][CH2:31]/[CH:32]=[CH:33]\\[CH2:34][CH2:35][CH2:36][CH2:37][CH2:38][CH2:39][CH2:40][CH3:41])[O:42][C:43](=[O:44])[CH2:45][CH2:46][CH2:47][CH2:48][CH2:49][CH2:50][CH2:51][CH2:52][CH2:53][CH2:54][CH2:55][CH2:56][CH2:57][CH2:58][CH3:59]", "reacting_atoms": [16, 18], "template_id": "4f507fe3c79f4d542f14417d7122ff5c", "template_set": ["bkms"], "num_examples": 31, "necessary_reagent": "", "template_score": 0.3870805501937866, "rms_molwt": -824.6594230405987, "num_rings": -3, "plausibility": 1, "tforms": ["4f507fe3c79f4d542f14417d7122ff5c"], "rank": 2, "score": -4277.2907732090625}, {"smiles": "CCCCCC/C=C\\CCCCCCCC(=O)OC[C@H](CO)OC(=O)CCCCCCCCCCCCCCC.CCCCCCCC/C=C\\CCCCCCCC(=O)SCCNC(=O)CCNC(=O)[C@H](O)C(C)(C)COP(=O)(O)OP(=O)(O)OC[C@H]1O[C@@H](n2cnc3c(N)ncnc32)[C@H](O)[C@@H]1OP(=O)(O)O", "smiles_split": ["CCCCCC/C=C\\CCCCCCCC(=O)OC[C@H](CO)OC(=O)CCCCCCCCCCCCCCC", "CCCCCCCC/C=C\\CCCCCCCC(=O)SCCNC(=O)CCNC(=O)[C@H](O)C(C)(C)COP(=O)(O)OP(=O)(O)OC[C@H]1O[C@@H](n2cnc3c(N)ncnc32)[C@H](O)[C@@H]1OP(=O)(O)O"], "mapped_smiles": "[C:23](=[O:24])([CH2:25][CH2:26][CH2:27][CH2:28][CH2:29][CH2:30][CH2:31]/[CH:32]=[CH:33]\\[CH2:34][CH2:35][CH2:36][CH2:37][CH2:38][CH2:39][CH2:40][CH3:41])[S:947][CH2:946][CH2:945][NH:944][C:942]([CH2:941][CH2:940][NH:939][C:937]([C@@H:935]([C:901]([CH3:900])([CH3:902])[CH2:903][O:904][P:905]([OH:906])(=[O:907])[O:908][P:909]([OH:910])(=[O:911])[O:912][CH2:913][C@H:914]1[O:915][C@@H:916]([n:917]2[cH:918][n:919][c:920]3[c:921]([NH2:922])[n:923][cH:924][n:925][c:926]23)[C@H:927]([OH:928])[C@@H:929]1[O:930][P:931]([OH:932])([OH:933])=[O:934])[OH:936])=[O:938])=[O:943].[CH3:1][CH2:2][CH2:3][CH2:4][CH2:5][CH2:6]/[CH:7]=[CH:8]\\[CH2:9][CH2:10][CH2:11][CH2:12][CH2:13][CH2:14][CH2:15][C:16](=[O:17])[O:18][CH2:19][C@H:20]([CH2:21][OH:22])[O:42][C:43](=[O:44])[CH2:45][CH2:46][CH2:47][CH2:48][CH2:49][CH2:50][CH2:51][CH2:52][CH2:53][CH2:54][CH2:55][CH2:56][CH2:57][CH2:58][CH3:59]", "reacting_atoms": [23, 22], "template_id": "4f507fe3c79f4d542f14417d7122ff5c", "template_set": ["bkms"], "num_examples": 31, "necessary_reagent": "", "template_score": 0.3870805501937866, "rms_molwt": -832.0506635299639, "num_rings": -3, "plausibility": 1, "tforms": ["4f507fe3c79f4d542f14417d7122ff5c"], "rank": 3, "score": -4303.967316651009}, {"smiles": "CCCCCC/C=C\\CCCCCCCC(=O)OC[C@H](COC(=O)CCCCCCCCCCCCCCCCC)OC(=O)CCCCCCCCCCCCCCC", "smiles_split": ["CCCCCC/C=C\\CCCCCCCC(=O)OC[C@H](COC(=O)CCCCCCCCCCCCCCCCC)OC(=O)CCCCCCCCCCCCCCC"], "mapped_smiles": "[CH3:1][CH2:2][CH2:3][CH2:4][CH2:5][CH2:6]/[CH:7]=[CH:8]\\[CH2:9][CH2:10][CH2:11][CH2:12][CH2:13][CH2:14][CH2:15][C:16](=[O:17])[O:18][CH2:19][C@H:20]([CH2:21][O:22][C:23](=[O:24])[CH2:25][CH2:26][CH2:27][CH2:28][CH2:29][CH2:30][CH2:31][CH2:32][CH2:33][CH2:34][CH2:35][CH2:36][CH2:37][CH2:38][CH2:39][CH2:40][CH3:41])[O:42][C:43](=[O:44])[CH2:45][CH2:46][CH2:47][CH2:48][CH2:49][CH2:50][CH2:51][CH2:52][CH2:53][CH2:54][CH2:55][CH2:56][CH2:57][CH2:58][CH3:59]", "reacting_atoms": [33, 32], "template_id": "4b5c01ce1dd3e508649493e134ba9f1c", "template_set": ["bkms"], "num_examples": 15, "necessary_reagent": "", "template_score": 0.1567683070898056, "rms_molwt": -832.7519909199999, "num_rings": 0, "plausibility": 1, "tforms": ["4b5c01ce1dd3e508649493e134ba9f1c"], "rank": 4, "score": -5794.380350922128}, {"smiles": "CCCCCCCC/C=C\\CCCCCCCC(=O)OC[C@@H](COC(=O)CCCCCCCCCCCCCCC)OC(=O)CCCCCCCCCCCCCCC", "smiles_split": ["CCCCCCCC/C=C\\CCCCCCCC(=O)OC[C@@H](COC(=O)CCCCCCCCCCCCCCC)OC(=O)CCCCCCCCCCCCCCC"], "mapped_smiles": "[CH3:1][CH2:2][CH2:3][CH2:4][CH2:5][CH2:6][CH2:7][CH2:8][CH2:9][CH2:10][CH2:11][CH2:12][CH2:13][CH2:14][CH2:15][C:16](=[O:17])[O:18][CH2:19][C@H:20]([CH2:21][O:22][C:23](=[O:24])[CH2:25][CH2:26][CH2:27][CH2:28][CH2:29][CH2:30][CH2:31]/[CH:32]=[CH:33]\\[CH2:34][CH2:35][CH2:36][CH2:37][CH2:38][CH2:39][CH2:40][CH3:41])[O:42][C:43](=[O:44])[CH2:45][CH2:46][CH2:47][CH2:48][CH2:49][CH2:50][CH2:51][CH2:52][CH2:53][CH2:54][CH2:55][CH2:56][CH2:57][CH2:58][CH3:59]", "reacting_atoms": [8, 7], "template_id": "4b5c01ce1dd3e508649493e134ba9f1c", "template_set": ["bkms"], "num_examples": 15, "necessary_reagent": "", "template_score": 0.1567683070898056, "rms_molwt": -832.7519909199999, "num_rings": 0, "plausibility": 1, "tforms": ["4b5c01ce1dd3e508649493e134ba9f1c"], "rank": 5, "score": -5794.380350922128}, {"smiles": "CCCCCCCC/C=C\\CCCCCCCC(=O)OC[C@@H](COC(=O)CCCCCCCC1C(=O)OC1CCCCCC)OC(=O)CCCCCCCCCCCCCCC", "smiles_split": ["CCCCCCCC/C=C\\CCCCCCCC(=O)OC[C@@H](COC(=O)CCCCCCCC1C(=O)OC1CCCCCC)OC(=O)CCCCCCCCCCCCCCC"], "mapped_smiles": "[CH3:1][CH2:2][CH2:3][CH2:4][CH2:5][CH2:6][CH:7]1[CH:8]([CH2:9][CH2:10][CH2:11][CH2:12][CH2:13][CH2:14][CH2:15][C:16](=[O:17])[O:18][CH2:19][C@H:20]([CH2:21][O:22][C:23](=[O:24])[CH2:25][CH2:26][CH2:27][CH2:28][CH2:29][CH2:30][CH2:31]/[CH:32]=[CH:33]\\[CH2:34][CH2:35][CH2:36][CH2:37][CH2:38][CH2:39][CH2:40][CH3:41])[O:42][C:43](=[O:44])[CH2:45][CH2:46][CH2:47][CH2:48][CH2:49][CH2:50][CH2:51][CH2:52][CH2:53][CH2:54][CH2:55][CH2:56][CH2:57][CH2:58][CH3:59])[C:901](=[O:900])[O:902]1", "reacting_atoms": [7, 8], "template_id": "95b167a4e5e2cf14a7f1b2c6fb174cb0", "template_set": ["bkms"], "num_examples": 4, "necessary_reagent": "", "template_score": 0.01183115504682064, "rms_molwt": -874.726170096, "num_rings": -1, "plausibility": 1, "tforms": ["95b167a4e5e2cf14a7f1b2c6fb174cb0"], "rank": 6, "score": -83371.14782740772}, {"smiles": "CCCCCCCC/C=C\\CCCCCCCC(=O)OC[C@@H](COC(=O)CCCCCCCC1OC(=O)C1CCCCCC)OC(=O)CCCCCCCCCCCCCCC", "smiles_split": ["CCCCCCCC/C=C\\CCCCCCCC(=O)OC[C@@H](COC(=O)CCCCCCCC1OC(=O)C1CCCCCC)OC(=O)CCCCCCCCCCCCCCC"], "mapped_smiles": "[CH3:1][CH2:2][CH2:3][CH2:4][CH2:5][CH2:6][CH:7]1[CH:8]([CH2:9][CH2:10][CH2:11][CH2:12][CH2:13][CH2:14][CH2:15][C:16](=[O:17])[O:18][CH2:19][C@H:20]([CH2:21][O:22][C:23](=[O:24])[CH2:25][CH2:26][CH2:27][CH2:28][CH2:29][CH2:30][CH2:31]/[CH:32]=[CH:33]\\[CH2:34][CH2:35][CH2:36][CH2:37][CH2:38][CH2:39][CH2:40][CH3:41])[O:42][C:43](=[O:44])[CH2:45][CH2:46][CH2:47][CH2:48][CH2:49][CH2:50][CH2:51][CH2:52][CH2:53][CH2:54][CH2:55][CH2:56][CH2:57][CH2:58][CH3:59])[O:902][C:901]1=[O:900]", "reacting_atoms": [8, 7], "template_id": "95b167a4e5e2cf14a7f1b2c6fb174cb0", "template_set": ["bkms"], "num_examples": 4, "necessary_reagent": "", "template_score": 0.01183115504682064, "rms_molwt": -874.726170096, "num_rings": -1, "plausibility": 1, "tforms": ["95b167a4e5e2cf14a7f1b2c6fb174cb0"], "rank": 7, "score": -83371.14782740772}, {"smiles": "CCCCCC/C=C\\CCCCCCCC(=O)OC[C@H](COC(=O)CCCCCCCC1OC(=O)C1CCCCCCCC)OC(=O)CCCCCCCCCCCCCCC", "smiles_split": ["CCCCCC/C=C\\CCCCCCCC(=O)OC[C@H](COC(=O)CCCCCCCC1OC(=O)C1CCCCCCCC)OC(=O)CCCCCCCCCCCCCCC"], "mapped_smiles": "[CH3:1][CH2:2][CH2:3][CH2:4][CH2:5][CH2:6]/[CH:7]=[CH:8]\\[CH2:9][CH2:10][CH2:11][CH2:12][CH2:13][CH2:14][CH2:15][C:16](=[O:17])[O:18][CH2:19][C@H:20]([CH2:21][O:22][C:23](=[O:24])[CH2:25][CH2:26][CH2:27][CH2:28][CH2:29][CH2:30][CH2:31][CH:32]1[CH:33]([CH2:34][CH2:35][CH2:36][CH2:37][CH2:38][CH2:39][CH2:40][CH3:41])[C:901](=[O:900])[O:902]1)[O:42][C:43](=[O:44])[CH2:45][CH2:46][CH2:47][CH2:48][CH2:49][CH2:50][CH2:51][CH2:52][CH2:53][CH2:54][CH2:55][CH2:56][CH2:57][CH2:58][CH3:59]", "reacting_atoms": [32, 33], "template_id": "95b167a4e5e2cf14a7f1b2c6fb174cb0", "template_set": ["bkms"], "num_examples": 4, "necessary_reagent": "", "template_score": 0.01183115504682064, "rms_molwt": -874.726170096, "num_rings": -1, "plausibility": 1, "tforms": ["95b167a4e5e2cf14a7f1b2c6fb174cb0"], "rank": 8, "score": -83371.14782740772}, {"smiles": "CCCCCC/C=C\\CCCCCCCC(=O)OC[C@H](COC(=O)CCCCCCCC1C(=O)OC1CCCCCCCC)OC(=O)CCCCCCCCCCCCCCC", "smiles_split": ["CCCCCC/C=C\\CCCCCCCC(=O)OC[C@H](COC(=O)CCCCCCCC1C(=O)OC1CCCCCCCC)OC(=O)CCCCCCCCCCCCCCC"], "mapped_smiles": "[CH3:1][CH2:2][CH2:3][CH2:4][CH2:5][CH2:6]/[CH:7]=[CH:8]\\[CH2:9][CH2:10][CH2:11][CH2:12][CH2:13][CH2:14][CH2:15][C:16](=[O:17])[O:18][CH2:19][C@H:20]([CH2:21][O:22][C:23](=[O:24])[CH2:25][CH2:26][CH2:27][CH2:28][CH2:29][CH2:30][CH2:31][CH:32]1[CH:33]([CH2:34][CH2:35][CH2:36][CH2:37][CH2:38][CH2:39][CH2:40][CH3:41])[O:902][C:901]1=[O:900])[O:42][C:43](=[O:44])[CH2:45][CH2:46][CH2:47][CH2:48][CH2:49][CH2:50][CH2:51][CH2:52][CH2:53][CH2:54][CH2:55][CH2:56][CH2:57][CH2:58][CH3:59]", "reacting_atoms": [33, 32], "template_id": "95b167a4e5e2cf14a7f1b2c6fb174cb0", "template_set": ["bkms"], "num_examples": 4, "necessary_reagent": "", "template_score": 0.01183115504682064, "rms_molwt": -874.726170096, "num_rings": -1, "plausibility": 1, "tforms": ["95b167a4e5e2cf14a7f1b2c6fb174cb0"], "rank": 9, "score": -83371.14782740772}, {"smiles": "CCCCCC/C=C\\CCCCCCCC(=O)OC[C@H](COC(=O)CCCCCCC/C=C\\CCCCCCCC)OC(=O)/C=C/CCCCCCCCCCCCC", "smiles_split": ["CCCCCC/C=C\\CCCCCCCC(=O)OC[C@H](COC(=O)CCCCCCC/C=C\\CCCCCCCC)OC(=O)/C=C/CCCCCCCCCCCCC"], "mapped_smiles": "[CH3:1][CH2:2][CH2:3][CH2:4][CH2:5][CH2:6]/[CH:7]=[CH:8]\\[CH2:9][CH2:10][CH2:11][CH2:12][CH2:13][CH2:14][CH2:15][C:16](=[O:17])[O:18][CH2:19][C@H:20]([CH2:21][O:22][C:23](=[O:24])[CH2:25][CH2:26][CH2:27][CH2:28][CH2:29][CH2:30][CH2:31]/[CH:32]=[CH:33]\\[CH2:34][CH2:35][CH2:36][CH2:37][CH2:38][CH2:39][CH2:40][CH3:41])[O:42][C:43](=[O:44])/[CH:45]=[CH:46]/[CH2:47][CH2:48][CH2:49][CH2:50][CH2:51][CH2:52][CH2:53][CH2:54][CH2:55][CH2:56][CH2:57][CH2:58][CH3:59]", "reacting_atoms": [46, 45], "template_id": "6a329a59196f1e14316bb332fed40a15", "template_set": ["bkms", "bkms"], "num_examples": 26, "necessary_reagent": "", "template_score": 0.005172012373805046, "rms_molwt": -828.7206907919999, "num_rings": 0, "plausibility": 1, "tforms": ["a6b14edb1da18d74714adbb4a8d12fca", "6a329a59196f1e14316bb332fed40a15"], "rank": 10, "score": -175632.83546056267}, {"smiles": "CCCCCC/C=C\\CCCCCCCC(=O)OC[C@H](COC(=O)/C=C/CCCCC/C=C\\CCCCCCCC)OC(=O)CCCCCCCCCCCCCCC", "smiles_split": ["CCCCCC/C=C\\CCCCCCCC(=O)OC[C@H](COC(=O)/C=C/CCCCC/C=C\\CCCCCCCC)OC(=O)CCCCCCCCCCCCCCC"], "mapped_smiles": "[CH3:1][CH2:2][CH2:3][CH2:4][CH2:5][CH2:6]/[CH:7]=[CH:8]\\[CH2:9][CH2:10][CH2:11][CH2:12][CH2:13][CH2:14][CH2:15][C:16](=[O:17])[O:18][CH2:19][C@H:20]([CH2:21][O:22][C:23](=[O:24])/[CH:25]=[CH:26]/[CH2:27][CH2:28][CH2:29][CH2:30][CH2:31]/[CH:32]=[CH:33]\\[CH2:34][CH2:35][CH2:36][CH2:37][CH2:38][CH2:39][CH2:40][CH3:41])[O:42][C:43](=[O:44])[CH2:45][CH2:46][CH2:47][CH2:48][CH2:49][CH2:50][CH2:51][CH2:52][CH2:53][CH2:54][CH2:55][CH2:56][CH2:57][CH2:58][CH3:59]", "reacting_atoms": [26, 25], "template_id": "6a329a59196f1e14316bb332fed40a15", "template_set": ["bkms", "bkms"], "num_examples": 26, "necessary_reagent": "", "template_score": 0.005172012373805046, "rms_molwt": -828.7206907919999, "num_rings": 0, "plausibility": 1, "tforms": ["a6b14edb1da18d74714adbb4a8d12fca", "6a329a59196f1e14316bb332fed40a15"], "rank": 11, "score": -175632.83546056267}, {"smiles": "CCCCCC/C=C\\CCCCC/C=C/C(=O)OC[C@H](COC(=O)CCCCCCC/C=C\\CCCCCCCC)OC(=O)CCCCCCCCCCCCCCC", "smiles_split": ["CCCCCC/C=C\\CCCCC/C=C/C(=O)OC[C@H](COC(=O)CCCCCCC/C=C\\CCCCCCCC)OC(=O)CCCCCCCCCCCCCCC"], "mapped_smiles": "[CH3:1][CH2:2][CH2:3][CH2:4][CH2:5][CH2:6]/[CH:7]=[CH:8]\\[CH2:9][CH2:10][CH2:11][CH2:12][CH2:13]/[CH:14]=[CH:15]/[C:16](=[O:17])[O:18][CH2:19][C@H:20]([CH2:21][O:22][C:23](=[O:24])[CH2:25][CH2:26][CH2:27][CH2:28][CH2:29][CH2:30][CH2:31]/[CH:32]=[CH:33]\\[CH2:34][CH2:35][CH2:36][CH2:37][CH2:38][CH2:39][CH2:40][CH3:41])[O:42][C:43](=[O:44])[CH2:45][CH2:46][CH2:47][CH2:48][CH2:49][CH2:50][CH2:51][CH2:52][CH2:53][CH2:54][CH2:55][CH2:56][CH2:57][CH2:58][CH3:59]", "reacting_atoms": [14, 15], "template_id": "6a329a59196f1e14316bb332fed40a15", "template_set": ["bkms", "bkms"], "num_examples": 26, "necessary_reagent": "", "template_score": 0.005172012373805046, "rms_molwt": -828.7206907919999, "num_rings": 0, "plausibility": 1, "tforms": ["a6b14edb1da18d74714adbb4a8d12fca", "6a329a59196f1e14316bb332fed40a15"], "rank": 12, "score": -175632.83546056267}, {"smiles": "CCCCCCCC/C=C\\CCCCCCCC(=O)OC[C@@H](COC(=O)CCCCCCCC[C@H](O)CCCCCC)OC(=O)CCCCCCCCCCCCCCC", "smiles_split": ["CCCCCCCC/C=C\\CCCCCCCC(=O)OC[C@@H](COC(=O)CCCCCCCC[C@H](O)CCCCCC)OC(=O)CCCCCCCCCCCCCCC"], "mapped_smiles": "[CH3:1][CH2:2][CH2:3][CH2:4][CH2:5][CH2:6][C@H:7]([CH2:8][CH2:9][CH2:10][CH2:11][CH2:12][CH2:13][CH2:14][CH2:15][C:16](=[O:17])[O:18][CH2:19][C@H:20]([CH2:21][O:22][C:23](=[O:24])[CH2:25][CH2:26][CH2:27][CH2:28][CH2:29][CH2:30][CH2:31]/[CH:32]=[CH:33]\\[CH2:34][CH2:35][CH2:36][CH2:37][CH2:38][CH2:39][CH2:40][CH3:41])[O:42][C:43](=[O:44])[CH2:45][CH2:46][CH2:47][CH2:48][CH2:49][CH2:50][CH2:51][CH2:52][CH2:53][CH2:54][CH2:55][CH2:56][CH2:57][CH2:58][CH3:59])[OH:900]", "reacting_atoms": [7, 8], "template_id": "1ec8f596930c9a226f51fbd1da30461c", "template_set": ["bkms"], "num_examples": 1, "necessary_reagent": "", "template_score": 0.004872929770499468, "rms_molwt": -848.74690554, "num_rings": 0, "plausibility": 1, "tforms": ["1ec8f596930c9a226f51fbd1da30461c"], "rank": 13, "score": -192392.67694056794}, {"smiles": "CCCCCCCC/C=C\\CCCCCCCC(=O)OC[C@@H](COC(=O)CCCCCCC[C@@H](O)CCCCCCC)OC(=O)CCCCCCCCCCCCCCC", "smiles_split": ["CCCCCCCC/C=C\\CCCCCCCC(=O)OC[C@@H](COC(=O)CCCCCCC[C@@H](O)CCCCCCC)OC(=O)CCCCCCCCCCCCCCC"], "mapped_smiles": "[CH3:1][CH2:2][CH2:3][CH2:4][CH2:5][CH2:6][CH2:7][C@@H:8]([CH2:9][CH2:10][CH2:11][CH2:12][CH2:13][CH2:14][CH2:15][C:16](=[O:17])[O:18][CH2:19][C@H:20]([CH2:21][O:22][C:23](=[O:24])[CH2:25][CH2:26][CH2:27][CH2:28][CH2:29][CH2:30][CH2:31]/[CH:32]=[CH:33]\\[CH2:34][CH2:35][CH2:36][CH2:37][CH2:38][CH2:39][CH2:40][CH3:41])[O:42][C:43](=[O:44])[CH2:45][CH2:46][CH2:47][CH2:48][CH2:49][CH2:50][CH2:51][CH2:52][CH2:53][CH2:54][CH2:55][CH2:56][CH2:57][CH2:58][CH3:59])[OH:900]", "reacting_atoms": [8, 7], "template_id": "1ec8f596930c9a226f51fbd1da30461c", "template_set": ["bkms"], "num_examples": 1, "necessary_reagent": "", "template_score": 0.004872929770499468, "rms_molwt": -848.74690554, "num_rings": 0, "plausibility": 1, "tforms": ["1ec8f596930c9a226f51fbd1da30461c"], "rank": 14, "score": -192392.67694056794}, {"smiles": "CCCCCC/C=C\\CCCCCCCC(=O)OC[C@H](COC(=O)CCCCCCC[C@@H](O)CCCCCCCCC)OC(=O)CCCCCCCCCCCCCCC", "smiles_split": ["CCCCCC/C=C\\CCCCCCCC(=O)OC[C@H](COC(=O)CCCCCCC[C@@H](O)CCCCCCCCC)OC(=O)CCCCCCCCCCCCCCC"], "mapped_smiles": "[CH3:1][CH2:2][CH2:3][CH2:4][CH2:5][CH2:6]/[CH:7]=[CH:8]\\[CH2:9][CH2:10][CH2:11][CH2:12][CH2:13][CH2:14][CH2:15][C:16](=[O:17])[O:18][CH2:19][C@H:20]([CH2:21][O:22][C:23](=[O:24])[CH2:25][CH2:26][CH2:27][CH2:28][CH2:29][CH2:30][CH2:31][C@H:32]([CH2:33][CH2:34][CH2:35][CH2:36][CH2:37][CH2:38][CH2:39][CH2:40][CH3:41])[OH:900])[O:42][C:43](=[O:44])[CH2:45][CH2:46][CH2:47][CH2:48][CH2:49][CH2:50][CH2:51][CH2:52][CH2:53][CH2:54][CH2:55][CH2:56][CH2:57][CH2:58][CH3:59]", "reacting_atoms": [32, 33], "template_id": "1ec8f596930c9a226f51fbd1da30461c", "template_set": ["bkms"], "num_examples": 1, "necessary_reagent": "", "template_score": 0.004872929770499468, "rms_molwt": -848.74690554, "num_rings": 0, "plausibility": 1, "tforms": ["1ec8f596930c9a226f51fbd1da30461c"], "rank": 15, "score": -192392.67694056794}]}