{"smiles": "COc1cc2c(cc1O)C(=O)[C@@H](CC1CCN(Cc3ccccc3)CC1)C2", "sfscore": [0.6073666214942932, 0.38822633028030396], "chem_result": [{"smiles": "COc1cc2c(cc1O)C(=O)[C@@H](CC1CCN(Cc3ccccc3)CC1)C2", "bw_confidence": 0.067638978824449, "confidence": 0.11579826188647997, "rclass": "5 5.1 5.1.6", "children": [{"smiles": "COc1cc2c(cc1O)C(=O)[C@@H](CC1CCNCC1)C2"}, {"smiles": "Cl"}]}, {"smiles": "COc1cc2c(cc1O)C(=O)[C@@H](CC1CCN(Cc3ccccc3)CC1)C2", "bw_confidence": 0.04082817572324155, "confidence": 0.8400873948869597, "rclass": "6 6.3 6.3.7", "children": [{"smiles": "BrB(Br)Br"}, {"smiles": "COc1cc2c(cc1OC)C(=O)[C@@H](CC1CCN(Cc3ccccc3)CC1)C2"}, {"smiles": "ClCCl"}]}, {"smiles": "COc1cc2c(cc1O)C(=O)[C@@H](CC1CCN(Cc3ccccc3)CC1)C2", "bw_confidence": 0.025422920746987092, "confidence": 0.4524494129776961, "rclass": "7 7.6 7.6.1", "children": [{"smiles": "COc1cc2c(cc1O)C(=O)/C(=C/C1CCN(Cc3ccccc3)CC1)C2"}, {"smiles": "[H][H]"}, {"smiles": "[Pd]"}]}, {"smiles": "COc1cc2c(cc1O)C(=O)[C@@H](CC1CCN(Cc3ccccc3)CC1)C2", "bw_confidence": 0.02290637534593662, "confidence": 0.8210001326320371, "rclass": "1 1.6 1.6.2", "children": [{"smiles": "BrCc1ccccc1"}, {"smiles": "COc1cc2c(cc1O)C(=O)[C@@H](CC1CCNCC1)C2"}]}, {"smiles": "COc1cc2c(cc1O)C(=O)[C@@H](CC1CCN(Cc3ccccc3)CC1)C2", "bw_confidence": 0.020288940813071678, "confidence": 0.28755744056929156, "rclass": "0 0 0", "children": [{"smiles": "COc1ccc2c(c1)C[C@@H](CC1CCN(Cc3ccccc3)CC1)C2=O"}, {"smiles": "COc1ccc2c(c1)C[C@@H](CC1CCN(Cc3ccccc3)CC1)C2=O"}]}, {"smiles": "COc1cc2c(cc1O)C(=O)[C@@H](CC1CCN(Cc3ccccc3)CC1)C2", "bw_confidence": 0.01857962221916625, "confidence": 0.8894198694475336, "rclass": "9 9.7 9.7.173", "children": [{"smiles": "COc1cc2c(cc1N)C(=O)[C@@H](CC1CCN(Cc3ccccc3)CC1)C2"}, {"smiles": "O"}, {"smiles": "O=N[O-]~[Na+]"}, {"smiles": "O=S(=O)(O)O"}]}, {"smiles": "COc1cc2c(cc1O)C(=O)[C@@H](CC1CCN(Cc3ccccc3)CC1)C2", "bw_confidence": 0.014982578651979248, "confidence": 0.9457063084155365, "rclass": "3 3.11 3.11.91", "children": [{"smiles": "BrCC1CCN(Cc2ccccc2)CC1"}, {"smiles": "COc1cc2c(cc1O)C(=O)CC2"}]}, {"smiles": "COc1cc2c(cc1O)C(=O)[C@@H](CC1CCN(Cc3ccccc3)CC1)C2", "bw_confidence": 0.014214877816575728, "confidence": 0.8835978486500282, "rclass": "11 11.9 11.9", "children": [{"smiles": "COc1cc2c(cc1O)C(=O)[C@@H](CC1CCN(Cc3ccccc3)CC1)C2~Cl"}, {"smiles": "O"}, {"smiles": "[OH-]~[Na+]"}]}, {"smiles": "COc1cc2c(cc1O)C(=O)[C@@H](CC1CCN(Cc3ccccc3)CC1)C2", "bw_confidence": 0.00961993702506111, "confidence": 0.5748123765119679, "rclass": "0 0 0", "children": [{"smiles": "COc1ccc(C[C@H](CC2CCN(Cc3ccccc3)CC2)C(=O)O)cc1O"}, {"smiles": "O=P(O)(O)O"}]}, {"smiles": "COc1cc2c(cc1O)C(=O)[C@@H](CC1CCN(Cc3ccccc3)CC1)C2", "bw_confidence": 0.005046972826484168, "confidence": 0.8636180459807793, "rclass": "8 8.1 8.1.10", "children": [{"smiles": "COc1cc2c(cc1O)C[C@@H](CC1CCN(Cc3ccccc3)CC1)[C@H]2O"}, {"smiles": "ClCCl"}, {"smiles": "O=[Cr](=O)([O-])Cl~c1cc[nH+]cc1"}]}, {"smiles": "COc1cc2c(cc1O)C(=O)[C@@H](CC1CCN(Cc3ccccc3)CC1)C2", "bw_confidence": 0.003979457014090394, "confidence": 0.41930704183876305, "rclass": "0 0 0", "children": [{"smiles": "COc1cc(C[C@H](CC2CCN(Cc3ccccc3)CC2)C(=O)O)ccc1O"}, {"smiles": "O=S(=O)(O)O"}]}], "chem_bw_confidence_list": [0.067638978824449, 0.04082817572324155, 0.025422920746987092, 0.02290637534593662, 0.020288940813071678, 0.01857962221916625, 0.014982578651979248, 0.014214877816575728, 0.00961993702506111, 0.005046972826484168, 0.003979457014090394], "enzy_template_score_list": [0.3123513162136078, 0.23911698162555695, 0.23911698162555695, 0.23911698162555695, 0.23911698162555695, 0.23911698162555695, 0.09871372580528259, 0.025369146838784218, 0.025369146838784218, 0.025369146838784218, 0.025369146838784218, 0.025369146838784218, 0.026376746594905853, 0.026376746594905853, 0.026376746594905853], "enzy_result": [{"smiles": "O=C1c2cc(O)c(O)cc2C[C@@H]1CC1CCN(Cc2ccccc2)CC1", "smiles_split": ["O=C1c2cc(O)c(O)cc2C[C@@H]1CC1CCN(Cc2ccccc2)CC1"], "mapped_smiles": "[OH:2][c:3]1[cH:4][c:5]2[c:6]([cH:7][c:8]1[OH:9])[C:10](=[O:11])[C@@H:12]([CH2:13][CH:14]1[CH2:15][CH2:16][N:17]([CH2:18][c:19]3[cH:20][cH:21][cH:22][cH:23][cH:24]3)[CH2:25][CH2:26]1)[CH2:27]2", "reacting_atoms": [2], "template_id": "e0e2b378d623262efad3f5cff831b758", "template_set": ["bkms"], "num_examples": 223, "necessary_reagent": "[C]", "template_score": 0.3123513162136078, "rms_molwt": -351.18344366, "num_rings": -4, "plausibility": 1, "tforms": ["e0e2b378d623262efad3f5cff831b758"], "rank": 1, "score": -959.7263585836903}, {"smiles": "COc1c(O)cc2c(c1O)C[C@H](CC1CCN(Cc3ccccc3)CC1)C2=O", "smiles_split": ["COc1c(O)cc2c(c1O)C[C@H](CC1CCN(Cc3ccccc3)CC1)C2=O"], "mapped_smiles": "[CH3:1][O:2][c:3]1[c:4]([OH:900])[c:5]2[c:6]([cH:7][c:8]1[OH:9])[C:10](=[O:11])[C@@H:12]([CH2:13][CH:14]1[CH2:15][CH2:16][N:17]([CH2:18][c:19]3[cH:20][cH:21][cH:22][cH:23][cH:24]3)[CH2:25][CH2:26]1)[CH2:27]2", "reacting_atoms": [4], "template_id": "f53e9cbdf728108a37f743b6e04eb4f2", "template_set": ["bkms"], "num_examples": 56, "necessary_reagent": "", "template_score": 0.23911698162555695, "rms_molwt": -381.194008344, "num_rings": -4, "plausibility": 1, "tforms": ["f53e9cbdf728108a37f743b6e04eb4f2"], "rank": 2, "score": -1379.8556723068516}, {"smiles": "COc1cc2c(cc1O)C(=O)[C@@H](CC1CCN(Cc3ccccc3O)CC1)C2", "smiles_split": ["COc1cc2c(cc1O)C(=O)[C@@H](CC1CCN(Cc3ccccc3O)CC1)C2"], "mapped_smiles": "[CH3:1][O:2][c:3]1[cH:4][c:5]2[c:6]([cH:7][c:8]1[OH:9])[C:10](=[O:11])[C@@H:12]([CH2:13][CH:14]1[CH2:15][CH2:16][N:17]([CH2:18][c:19]3[cH:20][cH:21][cH:22][cH:23][c:24]3[OH:900])[CH2:25][CH2:26]1)[CH2:27]2", "reacting_atoms": [24], "template_id": "f53e9cbdf728108a37f743b6e04eb4f2", "template_set": ["bkms"], "num_examples": 56, "necessary_reagent": "", "template_score": 0.23911698162555695, "rms_molwt": -381.194008344, "num_rings": -4, "plausibility": 1, "tforms": ["f53e9cbdf728108a37f743b6e04eb4f2"], "rank": 3, "score": -1379.8556723068516}, {"smiles": "COc1cc2c(cc1O)C(=O)[C@@H](CC1CCN(Cc3ccc(O)cc3)CC1)C2", "smiles_split": ["COc1cc2c(cc1O)C(=O)[C@@H](CC1CCN(Cc3ccc(O)cc3)CC1)C2"], "mapped_smiles": "[CH3:1][O:2][c:3]1[cH:4][c:5]2[c:6]([cH:7][c:8]1[OH:9])[C:10](=[O:11])[C@@H:12]([CH2:13][CH:14]1[CH2:15][CH2:16][N:17]([CH2:18][c:19]3[cH:20][cH:21][c:22]([OH:900])[cH:23][cH:24]3)[CH2:25][CH2:26]1)[CH2:27]2", "reacting_atoms": [22], "template_id": "f53e9cbdf728108a37f743b6e04eb4f2", "template_set": ["bkms"], "num_examples": 56, "necessary_reagent": "", "template_score": 0.23911698162555695, "rms_molwt": -381.194008344, "num_rings": -4, "plausibility": 1, "tforms": ["f53e9cbdf728108a37f743b6e04eb4f2"], "rank": 4, "score": -1379.8556723068516}, {"smiles": "COc1cc2c(c(O)c1O)C(=O)[C@@H](CC1CCN(Cc3ccccc3)CC1)C2", "smiles_split": ["COc1cc2c(c(O)c1O)C(=O)[C@@H](CC1CCN(Cc3ccccc3)CC1)C2"], "mapped_smiles": "[CH3:1][O:2][c:3]1[cH:4][c:5]2[c:6]([c:7]([OH:900])[c:8]1[OH:9])[C:10](=[O:11])[C@@H:12]([CH2:13][CH:14]1[CH2:15][CH2:16][N:17]([CH2:18][c:19]3[cH:20][cH:21][cH:22][cH:23][cH:24]3)[CH2:25][CH2:26]1)[CH2:27]2", "reacting_atoms": [7], "template_id": "f53e9cbdf728108a37f743b6e04eb4f2", "template_set": ["bkms"], "num_examples": 56, "necessary_reagent": "", "template_score": 0.23911698162555695, "rms_molwt": -381.194008344, "num_rings": -4, "plausibility": 1, "tforms": ["f53e9cbdf728108a37f743b6e04eb4f2"], "rank": 5, "score": -1379.8556723068516}, {"smiles": "COc1cc2c(cc1O)C(=O)[C@@H](CC1CCN(Cc3cccc(O)c3)CC1)C2", "smiles_split": ["COc1cc2c(cc1O)C(=O)[C@@H](CC1CCN(Cc3cccc(O)c3)CC1)C2"], "mapped_smiles": "[CH3:1][O:2][c:3]1[cH:4][c:5]2[c:6]([cH:7][c:8]1[OH:9])[C:10](=[O:11])[C@@H:12]([CH2:13][CH:14]1[CH2:15][CH2:16][N:17]([CH2:18][c:19]3[cH:20][cH:21][cH:22][c:23]([OH:900])[cH:24]3)[CH2:25][CH2:26]1)[CH2:27]2", "reacting_atoms": [23], "template_id": "f53e9cbdf728108a37f743b6e04eb4f2", "template_set": ["bkms"], "num_examples": 56, "necessary_reagent": "", "template_score": 0.23911698162555695, "rms_molwt": -381.194008344, "num_rings": -4, "plausibility": 1, "tforms": ["f53e9cbdf728108a37f743b6e04eb4f2"], "rank": 6, "score": -1379.8556723068516}, {"smiles": "COc1ccc2c(c1)C[C@H](CC1CCN(Cc3ccccc3)CC1)C2=O", "smiles_split": ["COc1ccc2c(c1)C[C@H](CC1CCN(Cc3ccccc3)CC1)C2=O"], "mapped_smiles": "[CH3:1][O:2][c:3]1[cH:4][c:5]2[c:6]([cH:7][cH:8]1)[C:10](=[O:11])[C@@H:12]([CH2:13][CH:14]1[CH2:15][CH2:16][N:17]([CH2:18][c:19]3[cH:20][cH:21][cH:22][cH:23][cH:24]3)[CH2:25][CH2:26]1)[CH2:27]2", "reacting_atoms": [8], "template_id": "3c2c4cfbcb3bcb992a014c1db6900c8d", "template_set": ["bkms", "bkms"], "num_examples": 210, "necessary_reagent": "[O]", "template_score": 0.09871372580528259, "rms_molwt": -349.204179104, "num_rings": -4, "plausibility": 1, "tforms": ["3c2c4cfbcb3bcb992a014c1db6900c8d", "124695a65419161b77d066b44670e1cd"], "rank": 7, "score": -3036.7792205495552}, {"smiles": "COc1c(O)cc2c(c1Cl)C[C@H](CC1CCN(Cc3ccccc3)CC1)C2=O", "smiles_split": ["COc1c(O)cc2c(c1Cl)C[C@H](CC1CCN(Cc3ccccc3)CC1)C2=O"], "mapped_smiles": "[CH3:1][O:2][c:3]1[c:4]([Cl:900])[c:5]2[c:6]([cH:7][c:8]1[OH:9])[C:10](=[O:11])[C@@H:12]([CH2:13][CH:14]1[CH2:15][CH2:16][N:17]([CH2:18][c:19]3[cH:20][cH:21][cH:22][cH:23][cH:24]3)[CH2:25][CH2:26]1)[CH2:27]2", "reacting_atoms": [4], "template_id": "13444016d1e7c68bbdf8f2aa3af2798d", "template_set": ["bkms"], "num_examples": 9, "necessary_reagent": "", "template_score": 0.025369146838784218, "rms_molwt": -399.16012137199994, "num_rings": -4, "plausibility": 1, "tforms": ["13444016d1e7c68bbdf8f2aa3af2798d"], "rank": 8, "score": -13005.834430998555}, {"smiles": "COc1cc2c(c(Cl)c1O)C(=O)[C@@H](CC1CCN(Cc3ccccc3)CC1)C2", "smiles_split": ["COc1cc2c(c(Cl)c1O)C(=O)[C@@H](CC1CCN(Cc3ccccc3)CC1)C2"], "mapped_smiles": "[CH3:1][O:2][c:3]1[cH:4][c:5]2[c:6]([c:7]([Cl:900])[c:8]1[OH:9])[C:10](=[O:11])[C@@H:12]([CH2:13][CH:14]1[CH2:15][CH2:16][N:17]([CH2:18][c:19]3[cH:20][cH:21][cH:22][cH:23][cH:24]3)[CH2:25][CH2:26]1)[CH2:27]2", "reacting_atoms": [7], "template_id": "13444016d1e7c68bbdf8f2aa3af2798d", "template_set": ["bkms"], "num_examples": 9, "necessary_reagent": "", "template_score": 0.025369146838784218, "rms_molwt": -399.160121372, "num_rings": -4, "plausibility": 1, "tforms": ["13444016d1e7c68bbdf8f2aa3af2798d"], "rank": 9, "score": -13005.834430998555}, {"smiles": "COc1cc2c(cc1O)C(=O)[C@@H](CC1CCN(Cc3ccc(Cl)cc3)CC1)C2", "smiles_split": ["COc1cc2c(cc1O)C(=O)[C@@H](CC1CCN(Cc3ccc(Cl)cc3)CC1)C2"], "mapped_smiles": "[CH3:1][O:2][c:3]1[cH:4][c:5]2[c:6]([cH:7][c:8]1[OH:9])[C:10](=[O:11])[C@@H:12]([CH2:13][CH:14]1[CH2:15][CH2:16][N:17]([CH2:18][c:19]3[cH:20][cH:21][c:22]([Cl:900])[cH:23][cH:24]3)[CH2:25][CH2:26]1)[CH2:27]2", "reacting_atoms": [22], "template_id": "13444016d1e7c68bbdf8f2aa3af2798d", "template_set": ["bkms"], "num_examples": 9, "necessary_reagent": "", "template_score": 0.025369146838784218, "rms_molwt": -399.160121372, "num_rings": -4, "plausibility": 1, "tforms": ["13444016d1e7c68bbdf8f2aa3af2798d"], "rank": 10, "score": -13005.834430998555}, {"smiles": "COc1cc2c(cc1O)C(=O)[C@@H](CC1CCN(Cc3cccc(Cl)c3)CC1)C2", "smiles_split": ["COc1cc2c(cc1O)C(=O)[C@@H](CC1CCN(Cc3cccc(Cl)c3)CC1)C2"], "mapped_smiles": "[CH3:1][O:2][c:3]1[cH:4][c:5]2[c:6]([cH:7][c:8]1[OH:9])[C:10](=[O:11])[C@@H:12]([CH2:13][CH:14]1[CH2:15][CH2:16][N:17]([CH2:18][c:19]3[cH:20][cH:21][cH:22][c:23]([Cl:900])[cH:24]3)[CH2:25][CH2:26]1)[CH2:27]2", "reacting_atoms": [23], "template_id": "13444016d1e7c68bbdf8f2aa3af2798d", "template_set": ["bkms"], "num_examples": 9, "necessary_reagent": "", "template_score": 0.025369146838784218, "rms_molwt": -399.160121372, "num_rings": -4, "plausibility": 1, "tforms": ["13444016d1e7c68bbdf8f2aa3af2798d"], "rank": 11, "score": -13005.834430998555}, {"smiles": "COc1cc2c(cc1O)C(=O)[C@@H](CC1CCN(Cc3ccccc3Cl)CC1)C2", "smiles_split": ["COc1cc2c(cc1O)C(=O)[C@@H](CC1CCN(Cc3ccccc3Cl)CC1)C2"], "mapped_smiles": "[CH3:1][O:2][c:3]1[cH:4][c:5]2[c:6]([cH:7][c:8]1[OH:9])[C:10](=[O:11])[C@@H:12]([CH2:13][CH:14]1[CH2:15][CH2:16][N:17]([CH2:18][c:19]3[cH:20][cH:21][cH:22][cH:23][c:24]3[Cl:900])[CH2:25][CH2:26]1)[CH2:27]2", "reacting_atoms": [24], "template_id": "13444016d1e7c68bbdf8f2aa3af2798d", "template_set": ["bkms"], "num_examples": 9, "necessary_reagent": "", "template_score": 0.025369146838784218, "rms_molwt": -399.160121372, "num_rings": -4, "plausibility": 1, "tforms": ["13444016d1e7c68bbdf8f2aa3af2798d"], "rank": 12, "score": -13005.834430998555}, {"smiles": "COc1c(O)cc2c(c1C(=O)O)C[C@H](CC1CCN(Cc3ccccc3)CC1)C2=O", "smiles_split": ["COc1c(O)cc2c(c1C(=O)O)C[C@H](CC1CCN(Cc3ccccc3)CC1)C2=O"], "mapped_smiles": "[CH3:1][O:2][c:3]1[c:4]([C:901]([OH:900])=[O:902])[c:5]2[c:6]([cH:7][c:8]1[OH:9])[C:10](=[O:11])[C@@H:12]([CH2:13][CH:14]1[CH2:15][CH2:16][N:17]([CH2:18][c:19]3[cH:20][cH:21][cH:22][cH:23][cH:24]3)[CH2:25][CH2:26]1)[CH2:27]2", "reacting_atoms": [4], "template_id": "7b224edf0386a32c82063499cfe171fd", "template_set": ["bkms"], "num_examples": 23, "necessary_reagent": "", "template_score": 0.026376746594905853, "rms_molwt": -409.18892296399997, "num_rings": -4, "plausibility": 1, "tforms": ["7b224edf0386a32c82063499cfe171fd"], "rank": 13, "score": -13733.926957267204}, {"smiles": "COc1cc2c(cc1O)C(=O)[C@@H](CC1CCN(Cc3ccccc3C(=O)O)CC1)C2", "smiles_split": ["COc1cc2c(cc1O)C(=O)[C@@H](CC1CCN(Cc3ccccc3C(=O)O)CC1)C2"], "mapped_smiles": "[CH3:1][O:2][c:3]1[cH:4][c:5]2[c:6]([cH:7][c:8]1[OH:9])[C:10](=[O:11])[C@@H:12]([CH2:13][CH:14]1[CH2:15][CH2:16][N:17]([CH2:18][c:19]3[cH:20][cH:21][cH:22][cH:23][c:24]3[C:901]([OH:900])=[O:902])[CH2:25][CH2:26]1)[CH2:27]2", "reacting_atoms": [24], "template_id": "7b224edf0386a32c82063499cfe171fd", "template_set": ["bkms"], "num_examples": 23, "necessary_reagent": "", "template_score": 0.026376746594905853, "rms_molwt": -409.18892296399997, "num_rings": -4, "plausibility": 1, "tforms": ["7b224edf0386a32c82063499cfe171fd"], "rank": 14, "score": -13733.926957267204}, {"smiles": "COc1cc2c(cc1O)C(=O)[C@@H](CC1CCN(Cc3cccc(C(=O)O)c3)CC1)C2", "smiles_split": ["COc1cc2c(cc1O)C(=O)[C@@H](CC1CCN(Cc3cccc(C(=O)O)c3)CC1)C2"], "mapped_smiles": "[CH3:1][O:2][c:3]1[cH:4][c:5]2[c:6]([cH:7][c:8]1[OH:9])[C:10](=[O:11])[C@@H:12]([CH2:13][CH:14]1[CH2:15][CH2:16][N:17]([CH2:18][c:19]3[cH:20][cH:21][cH:22][c:23]([C:901]([OH:900])=[O:902])[cH:24]3)[CH2:25][CH2:26]1)[CH2:27]2", "reacting_atoms": [23], "template_id": "7b224edf0386a32c82063499cfe171fd", "template_set": ["bkms"], "num_examples": 23, "necessary_reagent": "", "template_score": 0.026376746594905853, "rms_molwt": -409.18892296399997, "num_rings": -4, "plausibility": 1, "tforms": ["7b224edf0386a32c82063499cfe171fd"], "rank": 15, "score": -13733.926957267204}]}