{"smiles": "Nc1nc(N)c(O[C@@H]2O[C@@H](CO)[C@@H](O)[C@@H](O)[C@@H]2O)c(=O)[nH]1", "sfscore": [0.41831424832344055, 0.6358345746994019], "chem_result": [{"smiles": "Nc1nc(N)c(O[C@@H]2O[C@@H](CO)[C@@H](O)[C@@H](O)[C@@H]2O)c(=O)[nH]1", "bw_confidence": 0.039633360148529834, "confidence": 0.5297909411447437, "rclass": "6 6.3 6.3.6", "children": [{"smiles": "CC(=O)OC[C@@H]1O[C@@H](Oc2c(N)nc(N)[nH]c2=O)[C@@H](OC(C)=O)[C@H](OC(C)=O)[C@@H]1OC(C)=O"}, {"smiles": "CO"}, {"smiles": "C[O-]~[Na+]"}]}, {"smiles": "Nc1nc(N)c(O[C@@H]2O[C@@H](CO)[C@@H](O)[C@@H](O)[C@@H]2O)c(=O)[nH]1", "bw_confidence": 0.013916917439745389, "confidence": 0.9037720480304139, "rclass": "6 6.3 6.3.6", "children": [{"smiles": "CC(=O)OC[C@H]1O[C@@H](Oc2c(N)nc(N)[nH]c2=O)[C@@H](OC(C)=O)[C@@H](OC(C)=O)[C@@H]1OC(C)=O"}, {"smiles": "CO"}, {"smiles": "C[O-]~[Na+]"}]}, {"smiles": "Nc1nc(N)c(O[C@@H]2O[C@@H](CO)[C@@H](O)[C@@H](O)[C@@H]2O)c(=O)[nH]1", "bw_confidence": 0.010522120614148013, "confidence": 0.15101772115652823, "rclass": "4 4.2 4.2.20", "children": [{"smiles": "Nc1nc(N)c(O)c(=O)[nH]1"}, {"smiles": "O=C[C@H](O)[C@@H](O)[C@H](O)[C@H](O)CO"}]}, {"smiles": "Nc1nc(N)c(O[C@@H]2O[C@@H](CO)[C@@H](O)[C@@H](O)[C@@H]2O)c(=O)[nH]1", "bw_confidence": 0.010193493160300974, "confidence": 0.36755685634173574, "rclass": "11 11.9 11.9", "children": [{"smiles": "Nc1nc(N)[nH](~O)c(=O)c1O[C@@H]1O[C@@H](CO)[C@@H](O)[C@@H](O)[C@@H]1O"}, {"smiles": "O"}]}, {"smiles": "Nc1nc(N)c(O[C@@H]2O[C@@H](CO)[C@@H](O)[C@@H](O)[C@@H]2O)c(=O)[nH]1", "bw_confidence": 0.007120380044052882, "confidence": 0.19291494143962085, "rclass": "1 1.7 1.7.9", "children": [{"smiles": "Nc1nc(N)c(O)c(=O)[nH]1"}, {"smiles": "OC[C@H]1O[C@H](Br)[C@@H](O)[C@H](O)[C@@H]1O"}]}, {"smiles": "Nc1nc(N)c(O[C@@H]2O[C@@H](CO)[C@@H](O)[C@@H](O)[C@@H]2O)c(=O)[nH]1", "bw_confidence": 0.0068013902273836154, "confidence": 0.9292537960228513, "rclass": "0 0 0", "children": [{"smiles": "CO"}, {"smiles": "COc1nc(N)nc(N)c1O[C@@H]1O[C@H](COC(C)=O)[C@@H](OC(C)=O)[C@H](OC(C)=O)[C@@H]1OC(C)=O"}, {"smiles": "C[O-]~[Na+]"}]}, {"smiles": "Nc1nc(N)c(O[C@@H]2O[C@@H](CO)[C@@H](O)[C@@H](O)[C@@H]2O)c(=O)[nH]1", "bw_confidence": 0.006661321330889563, "confidence": 0.7705272269812039, "rclass": "0 0 0", "children": [{"smiles": "CC(=O)OC[C@H]1O[C@@H](Oc2c(N)nc(N)nc2O)[C@@H](OC(C)=O)[C@@H](OC(C)=O)[C@@H]1OC(C)=O"}, {"smiles": "CO"}, {"smiles": "C[O-]~[Na+]"}]}, {"smiles": "Nc1nc(N)c(O[C@@H]2O[C@@H](CO)[C@@H](O)[C@@H](O)[C@@H]2O)c(=O)[nH]1", "bw_confidence": 0.004646452876964377, "confidence": 0.3207251376618567, "rclass": "11 11.5 11.5", "children": [{"smiles": "N"}, {"smiles": "Nc1nc(=O)c(O[C@@H]2O[C@@H](CO)[C@@H](O)[C@@H](O)[C@@H]2O)c(N)[nH]1"}]}, {"smiles": "Nc1nc(N)c(O[C@@H]2O[C@@H](CO)[C@@H](O)[C@@H](O)[C@@H]2O)c(=O)[nH]1", "bw_confidence": 0.004334240701664449, "confidence": 0.8323084606812693, "rclass": "6 6.3 6.3.6", "children": [{"smiles": "CC(=O)OC[C@@H]1O[C@@H](Oc2c(N)nc(N)[nH]c2=O)[C@@H](OC(C)=O)[C@@H](OC(C)=O)[C@@H]1OC(C)=O"}, {"smiles": "CO"}, {"smiles": "C[O-]~[Na+]"}]}], "chem_bw_confidence_list": [0.039633360148529834, 0.013916917439745389, 0.010522120614148013, 0.010193493160300974, 0.007120380044052882, 0.0068013902273836154, 0.006661321330889563, 0.004646452876964377, 0.004334240701664449], "enzy_template_score_list": [0.3466043770313263, 0.3466043770313263, 0.3466043770313263, 0.3466043770313263, 0.19545438885688782, 0.19545438885688782, 0.19545438885688782, 0.05914599448442459, 0.05914599448442459, 0.05914599448442459, 0.028314176946878433, 0.028314176946878433, 0.028314176946878433, 0.03185651823878288, 0.03185651823878288], "enzy_result": [{"smiles": "Nc1nc(N)c(O[C@@H]2O[C@@H](COP(=O)(O)O)[C@@H](O)[C@@H](O)[C@@H]2O)c(=O)[nH]1", "smiles_split": ["Nc1nc(N)c(O[C@@H]2O[C@@H](COP(=O)(O)O)[C@@H](O)[C@@H](O)[C@@H]2O)c(=O)[nH]1"], "mapped_smiles": "[NH2:1][c:2]1[n:3][c:4]([NH2:5])[c:6]([O:7][C@@H:8]2[O:9][C@@H:10]([CH2:11][O:12][P:901]([OH:900])([OH:902])=[O:903])[C@@H:13]([OH:14])[C@@H:15]([OH:16])[C@@H:17]2[OH:18])[c:19](=[O:20])[nH:21]1", "reacting_atoms": [12], "template_id": "65bf7618263ef0544bfb3455ab5e0cbc", "template_set": ["bkms"], "num_examples": 167, "necessary_reagent": "", "template_score": 0.3466043770313263, "rms_molwt": -384.068229374, "num_rings": -2, "plausibility": 1, "tforms": ["65bf7618263ef0544bfb3455ab5e0cbc"], "rank": 1, "score": -907.9427708100079}, {"smiles": "Nc1nc(N)c(O[C@@H]2O[C@@H](CO)[C@@H](O)[C@@H](O)[C@@H]2OP(=O)(O)O)c(=O)[nH]1", "smiles_split": ["Nc1nc(N)c(O[C@@H]2O[C@@H](CO)[C@@H](O)[C@@H](O)[C@@H]2OP(=O)(O)O)c(=O)[nH]1"], "mapped_smiles": "[NH2:1][c:2]1[n:3][c:4]([NH2:5])[c:6]([O:7][C@@H:8]2[O:9][C@@H:10]([CH2:11][OH:12])[C@@H:13]([OH:14])[C@@H:15]([OH:16])[C@@H:17]2[O:18][P:901]([OH:900])([OH:902])=[O:903])[c:19](=[O:20])[nH:21]1", "reacting_atoms": [18, 17], "template_id": "65bf7618263ef0544bfb3455ab5e0cbc", "template_set": ["bkms"], "num_examples": 167, "necessary_reagent": "", "template_score": 0.3466043770313263, "rms_molwt": -384.06822937399994, "num_rings": -2, "plausibility": 1, "tforms": ["65bf7618263ef0544bfb3455ab5e0cbc"], "rank": 2, "score": -907.9427708100079}, {"smiles": "Nc1nc(N)c(O[C@@H]2O[C@@H](CO)[C@@H](OP(=O)(O)O)[C@@H](O)[C@@H]2O)c(=O)[nH]1", "smiles_split": ["Nc1nc(N)c(O[C@@H]2O[C@@H](CO)[C@@H](OP(=O)(O)O)[C@@H](O)[C@@H]2O)c(=O)[nH]1"], "mapped_smiles": "[NH2:1][c:2]1[n:3][c:4]([NH2:5])[c:6]([O:7][C@@H:8]2[O:9][C@@H:10]([CH2:11][OH:12])[C@@H:13]([O:14][P:901]([OH:900])([OH:902])=[O:903])[C@@H:15]([OH:16])[C@@H:17]2[OH:18])[c:19](=[O:20])[nH:21]1", "reacting_atoms": [14, 13], "template_id": "65bf7618263ef0544bfb3455ab5e0cbc", "template_set": ["bkms"], "num_examples": 167, "necessary_reagent": "", "template_score": 0.3466043770313263, "rms_molwt": -384.06822937399994, "num_rings": -2, "plausibility": 1, "tforms": ["65bf7618263ef0544bfb3455ab5e0cbc"], "rank": 3, "score": -907.9427708100079}, {"smiles": "Nc1nc(N)c(O[C@@H]2O[C@@H](CO)[C@@H](O)[C@@H](OP(=O)(O)O)[C@@H]2O)c(=O)[nH]1", "smiles_split": ["Nc1nc(N)c(O[C@@H]2O[C@@H](CO)[C@@H](O)[C@@H](OP(=O)(O)O)[C@@H]2O)c(=O)[nH]1"], "mapped_smiles": "[NH2:1][c:2]1[n:3][c:4]([NH2:5])[c:6]([O:7][C@@H:8]2[O:9][C@@H:10]([CH2:11][OH:12])[C@@H:13]([OH:14])[C@@H:15]([O:16][P:901]([OH:900])([OH:902])=[O:903])[C@@H:17]2[OH:18])[c:19](=[O:20])[nH:21]1", "reacting_atoms": [16, 15], "template_id": "65bf7618263ef0544bfb3455ab5e0cbc", "template_set": ["bkms"], "num_examples": 167, "necessary_reagent": "", "template_score": 0.3466043770313263, "rms_molwt": -384.06822937399994, "num_rings": -2, "plausibility": 1, "tforms": ["65bf7618263ef0544bfb3455ab5e0cbc"], "rank": 4, "score": -907.9427708100079}, {"smiles": "Nc1nc(N)c(O[C@@H]2O[C@@H](CO)[C@@H](O)[C@@H](O)C2=O)c(=O)[nH]1", "smiles_split": ["Nc1nc(N)c(O[C@@H]2O[C@@H](CO)[C@@H](O)[C@@H](O)C2=O)c(=O)[nH]1"], "mapped_smiles": "[NH2:1][c:2]1[n:3][c:4]([NH2:5])[c:6]([O:7][C@@H:8]2[O:9][C@@H:10]([CH2:11][OH:12])[C@@H:13]([OH:14])[C@@H:15]([OH:16])[C:17]2=[O:18])[c:19](=[O:20])[nH:21]1", "reacting_atoms": [17, 8, 18], "template_id": "60c9970b3a1fdbabacebd3bd8eba0f23", "template_set": ["bkms", "bkms", "bkms", "bkms"], "num_examples": 90, "necessary_reagent": "", "template_score": 0.19545438885688782, "rms_molwt": -302.086248788, "num_rings": -2, "plausibility": 1, "tforms": ["b590ea2ff6ab89045dfb94642c36bddd", "60c9970b3a1fdbabacebd3bd8eba0f23", "d207e8971f46bf66249602d3b3e93b2c", "9d1cf9bfb3c450506eb1b20829d1d1cc"], "rank": 5, "score": -1223.63646599904}, {"smiles": "Nc1nc(N)c(O[C@@H]2O[C@@H](CO)C(=O)[C@@H](O)[C@@H]2O)c(=O)[nH]1", "smiles_split": ["Nc1nc(N)c(O[C@@H]2O[C@@H](CO)C(=O)[C@@H](O)[C@@H]2O)c(=O)[nH]1"], "mapped_smiles": "[NH2:1][c:2]1[n:3][c:4]([NH2:5])[c:6]([O:7][C@@H:8]2[O:9][C@@H:10]([CH2:11][OH:12])[C:13](=[O:14])[C@@H:15]([OH:16])[C@@H:17]2[OH:18])[c:19](=[O:20])[nH:21]1", "reacting_atoms": [15, 13, 14], "template_id": "60c9970b3a1fdbabacebd3bd8eba0f23", "template_set": ["bkms", "bkms", "bkms", "bkms"], "num_examples": 90, "necessary_reagent": "", "template_score": 0.19545438885688782, "rms_molwt": -302.086248788, "num_rings": -2, "plausibility": 1, "tforms": ["b590ea2ff6ab89045dfb94642c36bddd", "60c9970b3a1fdbabacebd3bd8eba0f23", "d207e8971f46bf66249602d3b3e93b2c", "9d1cf9bfb3c450506eb1b20829d1d1cc"], "rank": 6, "score": -1223.63646599904}, {"smiles": "Nc1nc(N)c(O[C@@H]2O[C@@H](CO)[C@@H](O)C(=O)[C@@H]2O)c(=O)[nH]1", "smiles_split": ["Nc1nc(N)c(O[C@@H]2O[C@@H](CO)[C@@H](O)C(=O)[C@@H]2O)c(=O)[nH]1"], "mapped_smiles": "[NH2:1][c:2]1[n:3][c:4]([NH2:5])[c:6]([O:7][C@@H:8]2[O:9][C@@H:10]([CH2:11][OH:12])[C@@H:13]([OH:14])[C:15](=[O:16])[C@@H:17]2[OH:18])[c:19](=[O:20])[nH:21]1", "reacting_atoms": [17, 15, 16], "template_id": "60c9970b3a1fdbabacebd3bd8eba0f23", "template_set": ["bkms", "bkms", "bkms", "bkms"], "num_examples": 90, "necessary_reagent": "", "template_score": 0.19545438885688782, "rms_molwt": -302.086248788, "num_rings": -2, "plausibility": 1, "tforms": ["b590ea2ff6ab89045dfb94642c36bddd", "60c9970b3a1fdbabacebd3bd8eba0f23", "d207e8971f46bf66249602d3b3e93b2c", "9d1cf9bfb3c450506eb1b20829d1d1cc"], "rank": 7, "score": -1223.63646599904}, {"smiles": "Nc1nc(N)c(O[C@H]2C[C@H](O)[C@H](O)[C@H](CO)O2)c(=O)[nH]1", "smiles_split": ["Nc1nc(N)c(O[C@H]2C[C@H](O)[C@H](O)[C@H](CO)O2)c(=O)[nH]1"], "mapped_smiles": "[NH2:1][c:2]1[n:3][c:4]([NH2:5])[c:6]([O:7][C@@H:8]2[O:9][C@@H:10]([CH2:11][OH:12])[C@@H:13]([OH:14])[C@@H:15]([OH:16])[CH2:17]2)[c:19](=[O:20])[nH:21]1", "reacting_atoms": [17, 8], "template_id": "1e88af05e222f852e6c6826cd2d6b4d5", "template_set": ["bkms", "bkms", "bkms"], "num_examples": 112, "necessary_reagent": "[O]", "template_score": 0.05914599448442459, "rms_molwt": -288.106984232, "num_rings": -2, "plausibility": 1, "tforms": ["9f387abf2274fc73429ecccd1b168e7b", "a034de99c75fe18016182f108d443d26", "1e88af05e222f852e6c6826cd2d6b4d5"], "rank": 8, "score": -3830.8997698288777}, {"smiles": "Nc1nc(N)c(O[C@@H]2O[C@@H](CO)C[C@@H](O)[C@@H]2O)c(=O)[nH]1", "smiles_split": ["Nc1nc(N)c(O[C@@H]2O[C@@H](CO)C[C@@H](O)[C@@H]2O)c(=O)[nH]1"], "mapped_smiles": "[NH2:1][c:2]1[n:3][c:4]([NH2:5])[c:6]([O:7][C@@H:8]2[O:9][C@@H:10]([CH2:11][OH:12])[CH2:13][C@@H:15]([OH:16])[C@@H:17]2[OH:18])[c:19](=[O:20])[nH:21]1", "reacting_atoms": [15, 13], "template_id": "1e88af05e222f852e6c6826cd2d6b4d5", "template_set": ["bkms", "bkms", "bkms"], "num_examples": 112, "necessary_reagent": "[O]", "template_score": 0.05914599448442459, "rms_molwt": -288.106984232, "num_rings": -2, "plausibility": 1, "tforms": ["9f387abf2274fc73429ecccd1b168e7b", "a034de99c75fe18016182f108d443d26", "1e88af05e222f852e6c6826cd2d6b4d5"], "rank": 9, "score": -3830.8997698288777}, {"smiles": "Nc1nc(N)c(O[C@@H]2O[C@@H](CO)[C@@H](O)C[C@@H]2O)c(=O)[nH]1", "smiles_split": ["Nc1nc(N)c(O[C@@H]2O[C@@H](CO)[C@@H](O)C[C@@H]2O)c(=O)[nH]1"], "mapped_smiles": "[NH2:1][c:2]1[n:3][c:4]([NH2:5])[c:6]([O:7][C@@H:8]2[O:9][C@@H:10]([CH2:11][OH:12])[C@@H:13]([OH:14])[CH2:15][C@@H:17]2[OH:18])[c:19](=[O:20])[nH:21]1", "reacting_atoms": [17, 15], "template_id": "1e88af05e222f852e6c6826cd2d6b4d5", "template_set": ["bkms", "bkms", "bkms"], "num_examples": 112, "necessary_reagent": "[O]", "template_score": 0.05914599448442459, "rms_molwt": -288.106984232, "num_rings": -2, "plausibility": 1, "tforms": ["9f387abf2274fc73429ecccd1b168e7b", "a034de99c75fe18016182f108d443d26", "1e88af05e222f852e6c6826cd2d6b4d5"], "rank": 10, "score": -3830.8997698288777}, {"smiles": "C[C@]1(O)[C@H](Oc2c(N)nc(N)[nH]c2=O)O[C@@H](CO)[C@@H](O)[C@H]1O", "smiles_split": ["C[C@]1(O)[C@H](Oc2c(N)nc(N)[nH]c2=O)O[C@@H](CO)[C@@H](O)[C@H]1O"], "mapped_smiles": "[NH2:1][c:2]1[n:3][c:4]([NH2:5])[c:6]([O:7][C@@H:8]2[O:9][C@@H:10]([CH2:11][OH:12])[C@@H:13]([OH:14])[C@@H:15]([OH:16])[C@:17]2([OH:18])[CH3:900])[c:19](=[O:20])[nH:21]1", "reacting_atoms": [17, 8, 15], "template_id": "e9640667fae0c701600b4ac0123028fc", "template_set": ["bkms"], "num_examples": 1, "necessary_reagent": "", "template_score": 0.028314176946878433, "rms_molwt": -318.117548916, "num_rings": -2, "plausibility": 1, "tforms": ["e9640667fae0c701600b4ac0123028fc"], "rank": 11, "score": -9573.834068972126}, {"smiles": "C[C@]1(O)[C@H](CO)O[C@@H](Oc2c(N)nc(N)[nH]c2=O)[C@@H](O)[C@@H]1O", "smiles_split": ["C[C@]1(O)[C@H](CO)O[C@@H](Oc2c(N)nc(N)[nH]c2=O)[C@@H](O)[C@@H]1O"], "mapped_smiles": "[NH2:1][c:2]1[n:3][c:4]([NH2:5])[c:6]([O:7][C@@H:8]2[O:9][C@@H:10]([CH2:11][OH:12])[C@@:13]([OH:14])([CH3:900])[C@@H:15]([OH:16])[C@@H:17]2[OH:18])[c:19](=[O:20])[nH:21]1", "reacting_atoms": [13], "template_id": "e9640667fae0c701600b4ac0123028fc", "template_set": ["bkms"], "num_examples": 1, "necessary_reagent": "", "template_score": 0.028314176946878433, "rms_molwt": -318.117548916, "num_rings": -2, "plausibility": 1, "tforms": ["e9640667fae0c701600b4ac0123028fc"], "rank": 12, "score": -9573.834068972126}, {"smiles": "C[C@@]1(O)[C@H](O)[C@H](Oc2c(N)nc(N)[nH]c2=O)O[C@@H](CO)[C@H]1O", "smiles_split": ["C[C@@]1(O)[C@H](O)[C@H](Oc2c(N)nc(N)[nH]c2=O)O[C@@H](CO)[C@H]1O"], "mapped_smiles": "[NH2:1][c:2]1[n:3][c:4]([NH2:5])[c:6]([O:7][C@@H:8]2[O:9][C@@H:10]([CH2:11][OH:12])[C@@H:13]([OH:14])[C@@:15]([OH:16])([CH3:900])[C@@H:17]2[OH:18])[c:19](=[O:20])[nH:21]1", "reacting_atoms": [15], "template_id": "e9640667fae0c701600b4ac0123028fc", "template_set": ["bkms"], "num_examples": 1, "necessary_reagent": "", "template_score": 0.028314176946878433, "rms_molwt": -318.117548916, "num_rings": -2, "plausibility": 1, "tforms": ["e9640667fae0c701600b4ac0123028fc"], "rank": 13, "score": -9573.834068972126}, {"smiles": "Nc1nc(N)c(O[C@@H]2O[C@@H](COP(=O)(O)OP(=O)(O)OP(=O)(O)O)[C@@H](O)[C@@H](O)[C@@H]2O)c(=O)[nH]1", "smiles_split": ["Nc1nc(N)c(O[C@@H]2O[C@@H](COP(=O)(O)OP(=O)(O)OP(=O)(O)O)[C@@H](O)[C@@H](O)[C@@H]2O)c(=O)[nH]1"], "mapped_smiles": "[NH2:1][c:2]1[n:3][c:4]([NH2:5])[c:6]([O:7][C@@H:8]2[O:9][C@@H:10]([CH2:11][O:12][P:909]([O:908][P:905]([O:904][P:901]([OH:900])([OH:902])=[O:903])([OH:906])=[O:907])([OH:910])=[O:911])[C@@H:13]([OH:14])[C@@H:15]([OH:16])[C@@H:17]2[OH:18])[c:19](=[O:20])[nH:21]1", "reacting_atoms": [12], "template_id": "cdc8a5d9acd3dc2b947ff6759f4d4ed9", "template_set": ["bkms"], "num_examples": 3, "necessary_reagent": "", "template_score": 0.03185651823878288, "rms_molwt": -544.0008904179997, "num_rings": -2, "plausibility": 1, "tforms": ["cdc8a5d9acd3dc2b947ff6759f4d4ed9"], "rank": 14, "score": -13932.40999538581}, {"smiles": "Nc1nc(N)c(O[C@@H]2O[C@@H](CO)[C@@H](O)[C@@H](O)[C@@H]2OP(=O)(O)OP(=O)(O)OP(=O)(O)O)c(=O)[nH]1", "smiles_split": ["Nc1nc(N)c(O[C@@H]2O[C@@H](CO)[C@@H](O)[C@@H](O)[C@@H]2OP(=O)(O)OP(=O)(O)OP(=O)(O)O)c(=O)[nH]1"], "mapped_smiles": "[NH2:1][c:2]1[n:3][c:4]([NH2:5])[c:6]([O:7][C@@H:8]2[O:9][C@@H:10]([CH2:11][OH:12])[C@@H:13]([OH:14])[C@@H:15]([OH:16])[C@@H:17]2[O:18][P:909]([O:908][P:905]([O:904][P:901]([OH:900])([OH:902])=[O:903])([OH:906])=[O:907])([OH:910])=[O:911])[c:19](=[O:20])[nH:21]1", "reacting_atoms": [18, 17], "template_id": "cdc8a5d9acd3dc2b947ff6759f4d4ed9", "template_set": ["bkms"], "num_examples": 3, "necessary_reagent": "", "template_score": 0.03185651823878288, "rms_molwt": -544.0008904179997, "num_rings": -2, "plausibility": 1, "tforms": ["cdc8a5d9acd3dc2b947ff6759f4d4ed9"], "rank": 15, "score": -13932.40999538581}]}