{"smiles": "CC/C=C\\C/C=C\\C/C=C\\C/C=C\\C/C=C\\C/C=C\\CCC(=O)OC[C@@H](COC(=O)CCCCCCCCC/C=C\\CCCCCCCC)OC(=O)CCCCCCCCCCC/C=C\\CCCCCCCC", "sfscore": [0.4165845513343811, 0.6374709010124207], "chem_result": [{"smiles": "CC/C=C\\C/C=C\\C/C=C\\C/C=C\\C/C=C\\C/C=C\\CCC(=O)OC[C@@H](COC(=O)CCCCCCCCC/C=C\\CCCCCCCC)OC(=O)CCCCCCCCCCC/C=C\\CCCCCCCC", "bw_confidence": 0.016123981112263316, "confidence": 0.11837722324206248, "rclass": "11 11.5 11.5", "children": [{"smiles": "CC/C=C\\C/C=C\\C/C=C\\C/C=C\\C/C=C\\C/C=C\\CCC(=O)OC[C@@H](COC(=O)CCCCCCCCC/C=C\\CCCCCCCC)OC(=O)CCCCCCCCCC/C=C\\CCCCCCCC"}, {"smiles": "ClCCl"}, {"smiles": "O=[Cr](=O)([O-])Cl~c1cc[nH+]cc1"}]}, {"smiles": "CC/C=C\\C/C=C\\C/C=C\\C/C=C\\C/C=C\\C/C=C\\CCC(=O)OC[C@@H](COC(=O)CCCCCCCCC/C=C\\CCCCCCCC)OC(=O)CCCCCCCCCCC/C=C\\CCCCCCCC", "bw_confidence": 0.014050837177252497, "confidence": 0.04291653662023573, "rclass": "11 11.5 11.5", "children": [{"smiles": "CC/C=C\\C/C=C\\C/C=C\\C/C=C\\C/C=C\\C/C=C\\CCC(=O)OC[C@H](COC(=O)CCCCCCCCC/C=C\\CCCCCCCC)OC(=O)CCCCCCCCCC/C=C\\CCCCCCCC"}]}, {"smiles": "CC/C=C\\C/C=C\\C/C=C\\C/C=C\\C/C=C\\C/C=C\\CCC(=O)OC[C@@H](COC(=O)CCCCCCCCC/C=C\\CCCCCCCC)OC(=O)CCCCCCCCCCC/C=C\\CCCCCCCC", "bw_confidence": 0.010667108047485262, "confidence": 0.15720678126486698, "rclass": "2 2.6 2.6.2", "children": [{"smiles": "CC/C=C\\C/C=C\\C/C=C\\C/C=C\\C/C=C\\C/C=C\\CCC(=O)OC[C@@H](CO)OC(=O)CCCCCCCCC/C=C\\CCCCCCCC"}, {"smiles": "CCCCCCCC/C=C\\CCCCCCCCC(=O)O"}]}, {"smiles": "CC/C=C\\C/C=C\\C/C=C\\C/C=C\\C/C=C\\C/C=C\\CCC(=O)OC[C@@H](COC(=O)CCCCCCCCC/C=C\\CCCCCCCC)OC(=O)CCCCCCCCCCC/C=C\\CCCCCCCC", "bw_confidence": 0.008799055395379715, "confidence": 0.4181606246293855, "rclass": "2 2.6 2.6.2", "children": [{"smiles": "CC/C=C\\C/C=C\\C/C=C\\C/C=C\\C/C=C\\C/C=C\\CCC(=O)OC[C@@H](CO)OC(=O)CCCCCCCCC/C=C\\CCCCCCCC"}, {"smiles": "CCCCCCCC/C=C\\CCCCCCCCCC(=O)O"}, {"smiles": "CCN=C=NCCCN(C)C~Cl"}, {"smiles": "CN(C)c1ccncc1"}, {"smiles": "ClCCl"}]}, {"smiles": "CC/C=C\\C/C=C\\C/C=C\\C/C=C\\C/C=C\\C/C=C\\CCC(=O)OC[C@@H](COC(=O)CCCCCCCCC/C=C\\CCCCCCCC)OC(=O)CCCCCCCCCCC/C=C\\CCCCCCCC", "bw_confidence": 0.007474180538330268, "confidence": 0.07554171353329829, "rclass": "0 0 0", "children": [{"smiles": "CC/C=C\\C/C=C\\C/C=C\\C/C=C\\C/C=C\\C/C=C\\CCC(=O)OC[C@@H](COC(=O)CCCCCCCCC/C=C\\CCCCCCCC)OC(=O)CCCCCCCCCC/C=C\\CCCCCCCC"}, {"smiles": "ClCCl"}, {"smiles": "O=C(O)C(F)(F)F"}]}, {"smiles": "CC/C=C\\C/C=C\\C/C=C\\C/C=C\\C/C=C\\C/C=C\\CCC(=O)OC[C@@H](COC(=O)CCCCCCCCC/C=C\\CCCCCCCC)OC(=O)CCCCCCCCCCC/C=C\\CCCCCCCC", "bw_confidence": 0.007284655354448786, "confidence": 0.019091727615856747, "rclass": "0 0 0", "children": [{"smiles": "CC/C=C\\C/C=C\\C/C=C\\C/C=C\\C/C=C\\C/C=C\\CCC(=O)O"}, {"smiles": "CC/C=C\\C/C=C\\C/C=C\\C/C=C\\C/C=C\\C/C=C\\CCC(=O)OC[C@@H](COC(=O)CCCCCCCCC/C=C\\CCCCCCCC)OC(=O)CCCCCCCCC/C=C\\CCCCCCCC"}]}, {"smiles": "CC/C=C\\C/C=C\\C/C=C\\C/C=C\\C/C=C\\C/C=C\\CCC(=O)OC[C@@H](COC(=O)CCCCCCCCC/C=C\\CCCCCCCC)OC(=O)CCCCCCCCCCC/C=C\\CCCCCCCC", "bw_confidence": 0.004999386972557407, "confidence": 0.1111759224701031, "rclass": "11 11.5 11.5", "children": [{"smiles": "CC/C=C\\C/C=C\\C/C=C\\C/C=C\\C/C=C\\C/C=C\\CCC(=O)OC[C@@H](COC(=O)CCCCCCCCC/C=C\\CCCCCCCC)OC(=O)CCCCCCCCCC/C=C\\CCCCCCCC"}, {"smiles": "ClCCl"}]}, {"smiles": "CC/C=C\\C/C=C\\C/C=C\\C/C=C\\C/C=C\\C/C=C\\CCC(=O)OC[C@@H](COC(=O)CCCCCCCCC/C=C\\CCCCCCCC)OC(=O)CCCCCCCCCCC/C=C\\CCCCCCCC", "bw_confidence": 0.0048835483541053515, "confidence": 0.11550537587640408, "rclass": "0 0 0", "children": [{"smiles": "C(=NC1CCCCC1)=NC1CCCCC1"}, {"smiles": "CC/C=C\\C/C=C\\C/C=C\\C/C=C\\C/C=C\\CCC(=O)O"}, {"smiles": "CCCCCCCC/C=C\\CCCCCCCCCC(=O)OC[C@H](O)CO"}, {"smiles": "CN(C)c1ccncc1"}, {"smiles": "ClCCl"}]}, {"smiles": "CC/C=C\\C/C=C\\C/C=C\\C/C=C\\C/C=C\\C/C=C\\CCC(=O)OC[C@@H](COC(=O)CCCCCCCCC/C=C\\CCCCCCCC)OC(=O)CCCCCCCCCCC/C=C\\CCCCCCCC", "bw_confidence": 0.003963967153575572, "confidence": 0.46077516627441173, "rclass": "2 2.6 2.6.9", "children": [{"smiles": "C(=NC1CCCCC1)=NC1CCCCC1"}, {"smiles": "CC/C=C\\C/C=C\\C/C=C\\C/C=C\\C/C=C\\C/C=C\\CCC(=O)OC[C@H](O)COC(=O)CCCCCCCCC/C=C\\CCCCCCCC"}, {"smiles": "CCCCCCCC/C=C\\CCCCCCCCCC(=O)O"}, {"smiles": "CN(C)c1ccncc1"}, {"smiles": "ClCCl"}]}, {"smiles": "CC/C=C\\C/C=C\\C/C=C\\C/C=C\\C/C=C\\C/C=C\\CCC(=O)OC[C@@H](COC(=O)CCCCCCCCC/C=C\\CCCCCCCC)OC(=O)CCCCCCCCCCC/C=C\\CCCCCCCC", "bw_confidence": 0.003205075663790971, "confidence": 0.15118349106001405, "rclass": "11 11.5 11.5", "children": [{"smiles": "CC/C=C\\C/C=C\\C/C=C\\C/C=C\\C/C=C\\C/C=C\\CCC(=O)OC[C@@H](COC(=O)CCCCCCCCC/C=C\\CCCCCCCC)OC(=O)CCCCCCCCCC/C=C\\CCCCCCCC"}, {"smiles": "CCN(CC)CC"}, {"smiles": "CS(=O)(=O)Cl"}, {"smiles": "ClCCl"}]}, {"smiles": "CC/C=C\\C/C=C\\C/C=C\\C/C=C\\C/C=C\\C/C=C\\CCC(=O)OC[C@@H](COC(=O)CCCCCCCCC/C=C\\CCCCCCCC)OC(=O)CCCCCCCCCCC/C=C\\CCCCCCCC", "bw_confidence": 0.0011983501997891255, "confidence": 0.01967969159640134, "rclass": "0 0 0", "children": [{"smiles": "CC/C=C\\C/C=C\\C/C=C\\C/C=C\\C/C=C\\C/C=C\\CCC(=O)O"}, {"smiles": "CC/C=C\\C/C=C\\C/C=C\\C/C=C\\C/C=C\\C/C=C\\CCC(=O)OC[C@H](COC(=O)CCCCCCCCC/C=C\\CCCCCCCC)OC(=O)CCCCCCCCCC/C=C\\CCCCCCCC"}]}, {"smiles": "CC/C=C\\C/C=C\\C/C=C\\C/C=C\\C/C=C\\C/C=C\\CCC(=O)OC[C@@H](COC(=O)CCCCCCCCC/C=C\\CCCCCCCC)OC(=O)CCCCCCCCCCC/C=C\\CCCCCCCC", "bw_confidence": 0.00021547224471567605, "confidence": 0.07917415221400131, "rclass": "6 6.3 6.3.1", "children": [{"smiles": "CC(=O)[O-]~CC(=O)[O-]~[Pb+2]~[Pd]"}, {"smiles": "CC/C=C\\C/C=C\\C/C=C\\C/C=C\\C/C=C\\C/C=C\\CCC(=O)OC[C@@H](COC(=O)CCCCCCCCC/C=C\\CCCCCCCC)OC(=O)CCCCCCCCCC/C=C\\CCCCCCCC"}]}], "chem_bw_confidence_list": [0.016123981112263316, 0.014050837177252497, 0.010667108047485262, 0.008799055395379715, 0.007474180538330268, 0.007284655354448786, 0.004999386972557407, 0.0048835483541053515, 0.003963967153575572, 0.003205075663790971, 0.0011983501997891255, 0.00021547224471567605], "enzy_template_score_list": [0.8827532529830933, 0.8827532529830933, 0.8827532529830933, 0.8827532529830933, 0.8827532529830933, 0.8827532529830933, 0.05350721627473831, 0.05350721627473831, 0.00917809922248125, 0.00917809922248125, 0.00917809922248125, 0.005548147950321436, 0.005548147950321436, 0.005548147950321436, 0.005548147950321436], "enzy_result": [{"smiles": "CC/C=C\\C/C=C\\C/C=C\\CCCC/C=C\\C/C=C\\CCC(=O)OC[C@@H](COC(=O)CCCCCCCCC/C=C\\CCCCCCCC)OC(=O)CCCCCCCCCCC/C=C\\CCCCCCCC", "smiles_split": ["CC/C=C\\C/C=C\\C/C=C\\CCCC/C=C\\C/C=C\\CCC(=O)OC[C@@H](COC(=O)CCCCCCCCC/C=C\\CCCCCCCC)OC(=O)CCCCCCCCCCC/C=C\\CCCCCCCC"], "mapped_smiles": "[CH3:1][CH2:2]/[CH:3]=[CH:4]\\[CH2:5]/[CH:6]=[CH:7]\\[CH2:8]/[CH:9]=[CH:10]\\[CH2:11][CH2:12][CH2:13][CH2:14]/[CH:15]=[CH:16]\\[CH2:17]/[CH:18]=[CH:19]\\[CH2:20][CH2:21][C:22](=[O:23])[O:24][CH2:25][C@@H:26]([CH2:27][O:28][C:29](=[O:30])[CH2:31][CH2:32][CH2:33][CH2:34][CH2:35][CH2:36][CH2:37][CH2:38][CH2:39]/[CH:40]=[CH:41]\\[CH2:42][CH2:43][CH2:44][CH2:45][CH2:46][CH2:47][CH2:48][CH3:49])[O:50][C:51](=[O:52])[CH2:53][CH2:54][CH2:55][CH2:56][CH2:57][CH2:58][CH2:59][CH2:60][CH2:61][CH2:62][CH2:63]/[CH:64]=[CH:65]\\[CH2:66][CH2:67][CH2:68][CH2:69][CH2:70][CH2:71][CH2:72][CH3:73]", "reacting_atoms": [13, 12], "template_id": "b8752864a144b4d488d51a312d4ebfdc", "template_set": ["bkms", "bkms", "bkms"], "num_examples": 64, "necessary_reagent": "", "template_score": 0.8827532529830933, "rms_molwt": -1016.877191432, "num_rings": 0, "plausibility": 1, "tforms": ["71d96988ab3623c8d39bf0ee6519c85b", "4b5c01ce1dd3e508649493e134ba9f1c", "b8752864a144b4d488d51a312d4ebfdc"], "rank": 1, "score": -1415.372350760727}, {"smiles": "CC/C=C\\C/C=C\\CCCC/C=C\\C/C=C\\C/C=C\\CCC(=O)OC[C@@H](COC(=O)CCCCCCCCC/C=C\\CCCCCCCC)OC(=O)CCCCCCCCCCC/C=C\\CCCCCCCC", "smiles_split": ["CC/C=C\\C/C=C\\CCCC/C=C\\C/C=C\\C/C=C\\CCC(=O)OC[C@@H](COC(=O)CCCCCCCCC/C=C\\CCCCCCCC)OC(=O)CCCCCCCCCCC/C=C\\CCCCCCCC"], "mapped_smiles": "[CH3:1][CH2:2]/[CH:3]=[CH:4]\\[CH2:5]/[CH:6]=[CH:7]\\[CH2:8][CH2:9][CH2:10][CH2:11]/[CH:12]=[CH:13]\\[CH2:14]/[CH:15]=[CH:16]\\[CH2:17]/[CH:18]=[CH:19]\\[CH2:20][CH2:21][C:22](=[O:23])[O:24][CH2:25][C@@H:26]([CH2:27][O:28][C:29](=[O:30])[CH2:31][CH2:32][CH2:33][CH2:34][CH2:35][CH2:36][CH2:37][CH2:38][CH2:39]/[CH:40]=[CH:41]\\[CH2:42][CH2:43][CH2:44][CH2:45][CH2:46][CH2:47][CH2:48][CH3:49])[O:50][C:51](=[O:52])[CH2:53][CH2:54][CH2:55][CH2:56][CH2:57][CH2:58][CH2:59][CH2:60][CH2:61][CH2:62][CH2:63]/[CH:64]=[CH:65]\\[CH2:66][CH2:67][CH2:68][CH2:69][CH2:70][CH2:71][CH2:72][CH3:73]", "reacting_atoms": [10, 9], "template_id": "b8752864a144b4d488d51a312d4ebfdc", "template_set": ["bkms", "bkms", "bkms"], "num_examples": 64, "necessary_reagent": "", "template_score": 0.8827532529830933, "rms_molwt": -1016.877191432, "num_rings": 0, "plausibility": 1, "tforms": ["71d96988ab3623c8d39bf0ee6519c85b", "4b5c01ce1dd3e508649493e134ba9f1c", "b8752864a144b4d488d51a312d4ebfdc"], "rank": 2, "score": -1415.372350760727}, {"smiles": "CC/C=C\\CCCC/C=C\\C/C=C\\C/C=C\\C/C=C\\CCC(=O)OC[C@@H](COC(=O)CCCCCCCCC/C=C\\CCCCCCCC)OC(=O)CCCCCCCCCCC/C=C\\CCCCCCCC", "smiles_split": ["CC/C=C\\CCCC/C=C\\C/C=C\\C/C=C\\C/C=C\\CCC(=O)OC[C@@H](COC(=O)CCCCCCCCC/C=C\\CCCCCCCC)OC(=O)CCCCCCCCCCC/C=C\\CCCCCCCC"], "mapped_smiles": "[CH3:1][CH2:2]/[CH:3]=[CH:4]\\[CH2:5][CH2:6][CH2:7][CH2:8]/[CH:9]=[CH:10]\\[CH2:11]/[CH:12]=[CH:13]\\[CH2:14]/[CH:15]=[CH:16]\\[CH2:17]/[CH:18]=[CH:19]\\[CH2:20][CH2:21][C:22](=[O:23])[O:24][CH2:25][C@@H:26]([CH2:27][O:28][C:29](=[O:30])[CH2:31][CH2:32][CH2:33][CH2:34][CH2:35][CH2:36][CH2:37][CH2:38][CH2:39]/[CH:40]=[CH:41]\\[CH2:42][CH2:43][CH2:44][CH2:45][CH2:46][CH2:47][CH2:48][CH3:49])[O:50][C:51](=[O:52])[CH2:53][CH2:54][CH2:55][CH2:56][CH2:57][CH2:58][CH2:59][CH2:60][CH2:61][CH2:62][CH2:63]/[CH:64]=[CH:65]\\[CH2:66][CH2:67][CH2:68][CH2:69][CH2:70][CH2:71][CH2:72][CH3:73]", "reacting_atoms": [7, 6], "template_id": "b8752864a144b4d488d51a312d4ebfdc", "template_set": ["bkms", "bkms", "bkms"], "num_examples": 64, "necessary_reagent": "", "template_score": 0.8827532529830933, "rms_molwt": -1016.877191432, "num_rings": 0, "plausibility": 1, "tforms": ["71d96988ab3623c8d39bf0ee6519c85b", "4b5c01ce1dd3e508649493e134ba9f1c", "b8752864a144b4d488d51a312d4ebfdc"], "rank": 3, "score": -1415.372350760727}, {"smiles": "CC/C=C\\C/C=C\\C/C=C\\C/C=C\\CCCC/C=C\\CCC(=O)OC[C@@H](COC(=O)CCCCCCCCC/C=C\\CCCCCCCC)OC(=O)CCCCCCCCCCC/C=C\\CCCCCCCC", "smiles_split": ["CC/C=C\\C/C=C\\C/C=C\\C/C=C\\CCCC/C=C\\CCC(=O)OC[C@@H](COC(=O)CCCCCCCCC/C=C\\CCCCCCCC)OC(=O)CCCCCCCCCCC/C=C\\CCCCCCCC"], "mapped_smiles": "[CH3:1][CH2:2]/[CH:3]=[CH:4]\\[CH2:5]/[CH:6]=[CH:7]\\[CH2:8]/[CH:9]=[CH:10]\\[CH2:11]/[CH:12]=[CH:13]\\[CH2:14][CH2:15][CH2:16][CH2:17]/[CH:18]=[CH:19]\\[CH2:20][CH2:21][C:22](=[O:23])[O:24][CH2:25][C@@H:26]([CH2:27][O:28][C:29](=[O:30])[CH2:31][CH2:32][CH2:33][CH2:34][CH2:35][CH2:36][CH2:37][CH2:38][CH2:39]/[CH:40]=[CH:41]\\[CH2:42][CH2:43][CH2:44][CH2:45][CH2:46][CH2:47][CH2:48][CH3:49])[O:50][C:51](=[O:52])[CH2:53][CH2:54][CH2:55][CH2:56][CH2:57][CH2:58][CH2:59][CH2:60][CH2:61][CH2:62][CH2:63]/[CH:64]=[CH:65]\\[CH2:66][CH2:67][CH2:68][CH2:69][CH2:70][CH2:71][CH2:72][CH3:73]", "reacting_atoms": [16, 15], "template_id": "b8752864a144b4d488d51a312d4ebfdc", "template_set": ["bkms", "bkms", "bkms"], "num_examples": 64, "necessary_reagent": "", "template_score": 0.8827532529830933, "rms_molwt": -1016.877191432, "num_rings": 0, "plausibility": 1, "tforms": ["71d96988ab3623c8d39bf0ee6519c85b", "4b5c01ce1dd3e508649493e134ba9f1c", "b8752864a144b4d488d51a312d4ebfdc"], "rank": 4, "score": -1415.372350760727}, {"smiles": "CCCCC/C=C\\C/C=C\\C/C=C\\C/C=C\\C/C=C\\CCC(=O)OC[C@@H](COC(=O)CCCCCCCCC/C=C\\CCCCCCCC)OC(=O)CCCCCCCCCCC/C=C\\CCCCCCCC", "smiles_split": ["CCCCC/C=C\\C/C=C\\C/C=C\\C/C=C\\C/C=C\\CCC(=O)OC[C@@H](COC(=O)CCCCCCCCC/C=C\\CCCCCCCC)OC(=O)CCCCCCCCCCC/C=C\\CCCCCCCC"], "mapped_smiles": "[CH3:1][CH2:2][CH2:3][CH2:4][CH2:5]/[CH:6]=[CH:7]\\[CH2:8]/[CH:9]=[CH:10]\\[CH2:11]/[CH:12]=[CH:13]\\[CH2:14]/[CH:15]=[CH:16]\\[CH2:17]/[CH:18]=[CH:19]\\[CH2:20][CH2:21][C:22](=[O:23])[O:24][CH2:25][C@@H:26]([CH2:27][O:28][C:29](=[O:30])[CH2:31][CH2:32][CH2:33][CH2:34][CH2:35][CH2:36][CH2:37][CH2:38][CH2:39]/[CH:40]=[CH:41]\\[CH2:42][CH2:43][CH2:44][CH2:45][CH2:46][CH2:47][CH2:48][CH3:49])[O:50][C:51](=[O:52])[CH2:53][CH2:54][CH2:55][CH2:56][CH2:57][CH2:58][CH2:59][CH2:60][CH2:61][CH2:62][CH2:63]/[CH:64]=[CH:65]\\[CH2:66][CH2:67][CH2:68][CH2:69][CH2:70][CH2:71][CH2:72][CH3:73]", "reacting_atoms": [4, 3], "template_id": "b8752864a144b4d488d51a312d4ebfdc", "template_set": ["bkms", "bkms", "bkms"], "num_examples": 64, "necessary_reagent": "", "template_score": 0.8827532529830933, "rms_molwt": -1016.877191432, "num_rings": 0, "plausibility": 1, "tforms": ["71d96988ab3623c8d39bf0ee6519c85b", "4b5c01ce1dd3e508649493e134ba9f1c", "b8752864a144b4d488d51a312d4ebfdc"], "rank": 5, "score": -1415.372350760727}, {"smiles": "CC/C=C\\C/C=C\\C/C=C\\C/C=C\\C/C=C\\CCCCCC(=O)OC[C@@H](COC(=O)CCCCCCCCC/C=C\\CCCCCCCC)OC(=O)CCCCCCCCCCC/C=C\\CCCCCCCC", "smiles_split": ["CC/C=C\\C/C=C\\C/C=C\\C/C=C\\C/C=C\\CCCCCC(=O)OC[C@@H](COC(=O)CCCCCCCCC/C=C\\CCCCCCCC)OC(=O)CCCCCCCCCCC/C=C\\CCCCCCCC"], "mapped_smiles": "[CH3:1][CH2:2]/[CH:3]=[CH:4]\\[CH2:5]/[CH:6]=[CH:7]\\[CH2:8]/[CH:9]=[CH:10]\\[CH2:11]/[CH:12]=[CH:13]\\[CH2:14]/[CH:15]=[CH:16]\\[CH2:17][CH2:18][CH2:19][CH2:20][CH2:21][C:22](=[O:23])[O:24][CH2:25][C@@H:26]([CH2:27][O:28][C:29](=[O:30])[CH2:31][CH2:32][CH2:33][CH2:34][CH2:35][CH2:36][CH2:37][CH2:38][CH2:39]/[CH:40]=[CH:41]\\[CH2:42][CH2:43][CH2:44][CH2:45][CH2:46][CH2:47][CH2:48][CH3:49])[O:50][C:51](=[O:52])[CH2:53][CH2:54][CH2:55][CH2:56][CH2:57][CH2:58][CH2:59][CH2:60][CH2:61][CH2:62][CH2:63]/[CH:64]=[CH:65]\\[CH2:66][CH2:67][CH2:68][CH2:69][CH2:70][CH2:71][CH2:72][CH3:73]", "reacting_atoms": [18, 19], "template_id": "b8752864a144b4d488d51a312d4ebfdc", "template_set": ["bkms", "bkms", "bkms"], "num_examples": 64, "necessary_reagent": "", "template_score": 0.8827532529830933, "rms_molwt": -1016.877191432, "num_rings": 0, "plausibility": 1, "tforms": ["71d96988ab3623c8d39bf0ee6519c85b", "4b5c01ce1dd3e508649493e134ba9f1c", "b8752864a144b4d488d51a312d4ebfdc"], "rank": 6, "score": -1415.372350760727}, {"smiles": "CC/C=C\\C/C=C\\C/C=C\\C/C=C\\C/C=C\\C/C=C\\CCC(=O)OC[C@@H](COC(=O)CCCCCCCCCCCCCCCCCCC)OC(=O)CCCCCCCCCCC/C=C\\CCCCCCCC", "smiles_split": ["CC/C=C\\C/C=C\\C/C=C\\C/C=C\\C/C=C\\C/C=C\\CCC(=O)OC[C@@H](COC(=O)CCCCCCCCCCCCCCCCCCC)OC(=O)CCCCCCCCCCC/C=C\\CCCCCCCC"], "mapped_smiles": "[CH3:1][CH2:2]/[CH:3]=[CH:4]\\[CH2:5]/[CH:6]=[CH:7]\\[CH2:8]/[CH:9]=[CH:10]\\[CH2:11]/[CH:12]=[CH:13]\\[CH2:14]/[CH:15]=[CH:16]\\[CH2:17]/[CH:18]=[CH:19]\\[CH2:20][CH2:21][C:22](=[O:23])[O:24][CH2:25][C@@H:26]([CH2:27][O:28][C:29](=[O:30])[CH2:31][CH2:32][CH2:33][CH2:34][CH2:35][CH2:36][CH2:37][CH2:38][CH2:39][CH2:40][CH2:41][CH2:42][CH2:43][CH2:44][CH2:45][CH2:46][CH2:47][CH2:48][CH3:49])[O:50][C:51](=[O:52])[CH2:53][CH2:54][CH2:55][CH2:56][CH2:57][CH2:58][CH2:59][CH2:60][CH2:61][CH2:62][CH2:63]/[CH:64]=[CH:65]\\[CH2:66][CH2:67][CH2:68][CH2:69][CH2:70][CH2:71][CH2:72][CH3:73]", "reacting_atoms": [41, 40], "template_id": "4b5c01ce1dd3e508649493e134ba9f1c", "template_set": ["bkms"], "num_examples": 15, "necessary_reagent": "", "template_score": 0.05350721627473831, "rms_molwt": -1016.877191432, "num_rings": 0, "plausibility": 1, "tforms": ["4b5c01ce1dd3e508649493e134ba9f1c"], "rank": 7, "score": -23350.58023577718}, {"smiles": "CC/C=C\\C/C=C\\C/C=C\\C/C=C\\C/C=C\\C/C=C\\CCC(=O)OC[C@@H](COC(=O)CCCCCCCCC/C=C\\CCCCCCCC)OC(=O)CCCCCCCCCCCCCCCCCCCCC", "smiles_split": ["CC/C=C\\C/C=C\\C/C=C\\C/C=C\\C/C=C\\C/C=C\\CCC(=O)OC[C@@H](COC(=O)CCCCCCCCC/C=C\\CCCCCCCC)OC(=O)CCCCCCCCCCCCCCCCCCCCC"], "mapped_smiles": "[CH3:1][CH2:2]/[CH:3]=[CH:4]\\[CH2:5]/[CH:6]=[CH:7]\\[CH2:8]/[CH:9]=[CH:10]\\[CH2:11]/[CH:12]=[CH:13]\\[CH2:14]/[CH:15]=[CH:16]\\[CH2:17]/[CH:18]=[CH:19]\\[CH2:20][CH2:21][C:22](=[O:23])[O:24][CH2:25][C@@H:26]([CH2:27][O:28][C:29](=[O:30])[CH2:31][CH2:32][CH2:33][CH2:34][CH2:35][CH2:36][CH2:37][CH2:38][CH2:39]/[CH:40]=[CH:41]\\[CH2:42][CH2:43][CH2:44][CH2:45][CH2:46][CH2:47][CH2:48][CH3:49])[O:50][C:51](=[O:52])[CH2:53][CH2:54][CH2:55][CH2:56][CH2:57][CH2:58][CH2:59][CH2:60][CH2:61][CH2:62][CH2:63][CH2:64][CH2:65][CH2:66][CH2:67][CH2:68][CH2:69][CH2:70][CH2:71][CH2:72][CH3:73]", "reacting_atoms": [65, 64], "template_id": "4b5c01ce1dd3e508649493e134ba9f1c", "template_set": ["bkms"], "num_examples": 15, "necessary_reagent": "", "template_score": 0.05350721627473831, "rms_molwt": -1016.877191432, "num_rings": 0, "plausibility": 1, "tforms": ["4b5c01ce1dd3e508649493e134ba9f1c"], "rank": 8, "score": -23350.58023577718}, {"smiles": "CC/C=C\\C/C=C\\C/C=C\\C/C=C\\C/C=C\\C/C=C\\CCC(=O)OC[C@@H](CO)OC(=O)CCCCCCCCCCC/C=C\\CCCCCCCC.CCCCCCCC/C=C\\CCCCCCCCCC(=O)SCCNC(=O)CCNC(=O)[C@H](O)C(C)(C)COP(=O)(O)OP(=O)(O)OC[C@H]1O[C@@H](n2cnc3c(N)ncnc32)[C@H](O)[C@@H]1OP(=O)(O)O", "smiles_split": ["CC/C=C\\C/C=C\\C/C=C\\C/C=C\\C/C=C\\C/C=C\\CCC(=O)OC[C@@H](CO)OC(=O)CCCCCCCCCCC/C=C\\CCCCCCCC", "CCCCCCCC/C=C\\CCCCCCCCCC(=O)SCCNC(=O)CCNC(=O)[C@H](O)C(C)(C)COP(=O)(O)OP(=O)(O)OC[C@H]1O[C@@H](n2cnc3c(N)ncnc32)[C@H](O)[C@@H]1OP(=O)(O)O"], "mapped_smiles": "[C:29](=[O:30])([CH2:31][CH2:32][CH2:33][CH2:34][CH2:35][CH2:36][CH2:37][CH2:38][CH2:39]/[CH:40]=[CH:41]\\[CH2:42][CH2:43][CH2:44][CH2:45][CH2:46][CH2:47][CH2:48][CH3:49])[S:947][CH2:946][CH2:945][NH:944][C:942]([CH2:941][CH2:940][NH:939][C:937]([C@@H:935]([C:901]([CH3:900])([CH3:902])[CH2:903][O:904][P:905]([OH:906])(=[O:907])[O:908][P:909]([OH:910])(=[O:911])[O:912][CH2:913][C@H:914]1[O:915][C@@H:916]([n:917]2[cH:918][n:919][c:920]3[c:921]([NH2:922])[n:923][cH:924][n:925][c:926]23)[C@H:927]([OH:928])[C@@H:929]1[O:930][P:931]([OH:932])([OH:933])=[O:934])[OH:936])=[O:938])=[O:943].[CH3:1][CH2:2]/[CH:3]=[CH:4]\\[CH2:5]/[CH:6]=[CH:7]\\[CH2:8]/[CH:9]=[CH:10]\\[CH2:11]/[CH:12]=[CH:13]\\[CH2:14]/[CH:15]=[CH:16]\\[CH2:17]/[CH:18]=[CH:19]\\[CH2:20][CH2:21][C:22](=[O:23])[O:24][CH2:25][C@@H:26]([CH2:27][OH:28])[O:50][C:51](=[O:52])[CH2:53][CH2:54][CH2:55][CH2:56][CH2:57][CH2:58][CH2:59][CH2:60][CH2:61][CH2:62][CH2:63]/[CH:64]=[CH:65]\\[CH2:66][CH2:67][CH2:68][CH2:69][CH2:70][CH2:71][CH2:72][CH3:73]", "reacting_atoms": [29, 28], "template_id": "4f507fe3c79f4d542f14417d7122ff5c", "template_set": ["bkms"], "num_examples": 31, "necessary_reagent": "", "template_score": 0.00917809922248125, "rms_molwt": -906.763478811264, "num_rings": -3, "plausibility": 1, "tforms": ["4f507fe3c79f4d542f14417d7122ff5c"], "rank": 9, "score": -213491.81903232646}, {"smiles": "CC/C=C\\C/C=C\\C/C=C\\C/C=C\\C/C=C\\C/C=C\\CCC(=O)SCCNC(=O)CCNC(=O)[C@H](O)C(C)(C)COP(=O)(O)OP(=O)(O)OC[C@H]1O[C@@H](n2cnc3c(N)ncnc32)[C@H](O)[C@@H]1OP(=O)(O)O.CCCCCCCC/C=C\\CCCCCCCCCCCC(=O)O[C@@H](CO)COC(=O)CCCCCCCCC/C=C\\CCCCCCCC", "smiles_split": ["CC/C=C\\C/C=C\\C/C=C\\C/C=C\\C/C=C\\C/C=C\\CCC(=O)SCCNC(=O)CCNC(=O)[C@H](O)C(C)(C)COP(=O)(O)OP(=O)(O)OC[C@H]1O[C@@H](n2cnc3c(N)ncnc32)[C@H](O)[C@@H]1OP(=O)(O)O", "CCCCCCCC/C=C\\CCCCCCCCCCCC(=O)O[C@@H](CO)COC(=O)CCCCCCCCC/C=C\\CCCCCCCC"], "mapped_smiles": "[CH3:1][CH2:2]/[CH:3]=[CH:4]\\[CH2:5]/[CH:6]=[CH:7]\\[CH2:8]/[CH:9]=[CH:10]\\[CH2:11]/[CH:12]=[CH:13]\\[CH2:14]/[CH:15]=[CH:16]\\[CH2:17]/[CH:18]=[CH:19]\\[CH2:20][CH2:21][C:22](=[O:23])[S:947][CH2:946][CH2:945][NH:944][C:942]([CH2:941][CH2:940][NH:939][C:937]([C@@H:935]([C:901]([CH3:900])([CH3:902])[CH2:903][O:904][P:905]([OH:906])(=[O:907])[O:908][P:909]([OH:910])(=[O:911])[O:912][CH2:913][C@H:914]1[O:915][C@@H:916]([n:917]2[cH:918][n:919][c:920]3[c:921]([NH2:922])[n:923][cH:924][n:925][c:926]23)[C@H:927]([OH:928])[C@@H:929]1[O:930][P:931]([OH:932])([OH:933])=[O:934])[OH:936])=[O:938])=[O:943].[OH:24][CH2:25][C@@H:26]([CH2:27][O:28][C:29](=[O:30])[CH2:31][CH2:32][CH2:33][CH2:34][CH2:35][CH2:36][CH2:37][CH2:38][CH2:39]/[CH:40]=[CH:41]\\[CH2:42][CH2:43][CH2:44][CH2:45][CH2:46][CH2:47][CH2:48][CH3:49])[O:50][C:51](=[O:52])[CH2:53][CH2:54][CH2:55][CH2:56][CH2:57][CH2:58][CH2:59][CH2:60][CH2:61][CH2:62][CH2:63]/[CH:64]=[CH:65]\\[CH2:66][CH2:67][CH2:68][CH2:69][CH2:70][CH2:71][CH2:72][CH3:73]", "reacting_atoms": [22, 24], "template_id": "4f507fe3c79f4d542f14417d7122ff5c", "template_set": ["bkms"], "num_examples": 31, "necessary_reagent": "", "template_score": 0.00917809922248125, "rms_molwt": -910.2686578912935, "num_rings": -3, "plausibility": 1, "tforms": ["4f507fe3c79f4d542f14417d7122ff5c"], "rank": 10, "score": -214292.77905903652}, {"smiles": "CC/C=C\\C/C=C\\C/C=C\\C/C=C\\C/C=C\\C/C=C\\CCC(=O)OC[C@H](O)COC(=O)CCCCCCCCC/C=C\\CCCCCCCC.CCCCCCCC/C=C\\CCCCCCCCCCCC(=O)SCCNC(=O)CCNC(=O)[C@H](O)C(C)(C)COP(=O)(O)OP(=O)(O)OC[C@H]1O[C@@H](n2cnc3c(N)ncnc32)[C@H](O)[C@@H]1OP(=O)(O)O", "smiles_split": ["CC/C=C\\C/C=C\\C/C=C\\C/C=C\\C/C=C\\C/C=C\\CCC(=O)OC[C@H](O)COC(=O)CCCCCCCCC/C=C\\CCCCCCCC", "CCCCCCCC/C=C\\CCCCCCCCCCCC(=O)SCCNC(=O)CCNC(=O)[C@H](O)C(C)(C)COP(=O)(O)OP(=O)(O)OC[C@H]1O[C@@H](n2cnc3c(N)ncnc32)[C@H](O)[C@@H]1OP(=O)(O)O"], "mapped_smiles": "[C:51](=[O:52])([CH2:53][CH2:54][CH2:55][CH2:56][CH2:57][CH2:58][CH2:59][CH2:60][CH2:61][CH2:62][CH2:63]/[CH:64]=[CH:65]\\[CH2:66][CH2:67][CH2:68][CH2:69][CH2:70][CH2:71][CH2:72][CH3:73])[S:947][CH2:946][CH2:945][NH:944][C:942]([CH2:941][CH2:940][NH:939][C:937]([C@@H:935]([C:901]([CH3:900])([CH3:902])[CH2:903][O:904][P:905]([OH:906])(=[O:907])[O:908][P:909]([OH:910])(=[O:911])[O:912][CH2:913][C@H:914]1[O:915][C@@H:916]([n:917]2[cH:918][n:919][c:920]3[c:921]([NH2:922])[n:923][cH:924][n:925][c:926]23)[C@H:927]([OH:928])[C@@H:929]1[O:930][P:931]([OH:932])([OH:933])=[O:934])[OH:936])=[O:938])=[O:943].[CH3:1][CH2:2]/[CH:3]=[CH:4]\\[CH2:5]/[CH:6]=[CH:7]\\[CH2:8]/[CH:9]=[CH:10]\\[CH2:11]/[CH:12]=[CH:13]\\[CH2:14]/[CH:15]=[CH:16]\\[CH2:17]/[CH:18]=[CH:19]\\[CH2:20][CH2:21][C:22](=[O:23])[O:24][CH2:25][C@@H:26]([CH2:27][O:28][C:29](=[O:30])[CH2:31][CH2:32][CH2:33][CH2:34][CH2:35][CH2:36][CH2:37][CH2:38][CH2:39]/[CH:40]=[CH:41]\\[CH2:42][CH2:43][CH2:44][CH2:45][CH2:46][CH2:47][CH2:48][CH3:49])[OH:50]", "reacting_atoms": [51, 50], "template_id": "4f507fe3c79f4d542f14417d7122ff5c", "template_set": ["bkms"], "num_examples": 31, "necessary_reagent": "", "template_score": 0.00917809922248125, "rms_molwt": -912.3852780309917, "num_rings": -3, "plausibility": 1, "tforms": ["4f507fe3c79f4d542f14417d7122ff5c"], "rank": 11, "score": -214292.77905903652}, {"smiles": "CC/C=C\\C/C=C\\C[C@H]1OC(=O)[C@H]1C/C=C\\C/C=C\\C/C=C\\CCC(=O)OC[C@@H](COC(=O)CCCCCCCCC/C=C\\CCCCCCCC)OC(=O)CCCCCCCCCCC/C=C\\CCCCCCCC", "smiles_split": ["CC/C=C\\C/C=C\\C[C@H]1OC(=O)[C@H]1C/C=C\\C/C=C\\C/C=C\\CCC(=O)OC[C@@H](COC(=O)CCCCCCCCC/C=C\\CCCCCCCC)OC(=O)CCCCCCCCCCC/C=C\\CCCCCCCC"], "mapped_smiles": "[CH3:1][CH2:2]/[CH:3]=[CH:4]\\[CH2:5]/[CH:6]=[CH:7]\\[CH2:8][C@@H:9]1[C@H:10]([CH2:11]/[CH:12]=[CH:13]\\[CH2:14]/[CH:15]=[CH:16]\\[CH2:17]/[CH:18]=[CH:19]\\[CH2:20][CH2:21][C:22](=[O:23])[O:24][CH2:25][C@@H:26]([CH2:27][O:28][C:29](=[O:30])[CH2:31][CH2:32][CH2:33][CH2:34][CH2:35][CH2:36][CH2:37][CH2:38][CH2:39]/[CH:40]=[CH:41]\\[CH2:42][CH2:43][CH2:44][CH2:45][CH2:46][CH2:47][CH2:48][CH3:49])[O:50][C:51](=[O:52])[CH2:53][CH2:54][CH2:55][CH2:56][CH2:57][CH2:58][CH2:59][CH2:60][CH2:61][CH2:62][CH2:63]/[CH:64]=[CH:65]\\[CH2:66][CH2:67][CH2:68][CH2:69][CH2:70][CH2:71][CH2:72][CH3:73])[C:901](=[O:900])[O:902]1", "reacting_atoms": [9, 10], "template_id": "94845711804a0b9ebbe62b6d7d359b72", "template_set": ["bkms"], "num_examples": 1, "necessary_reagent": "", "template_score": 0.005548147950321436, "rms_molwt": -1058.851370608, "num_rings": -1, "plausibility": 1, "tforms": ["94845711804a0b9ebbe62b6d7d359b72"], "rank": 12, "score": -243523.6570715616}, {"smiles": "CC/C=C\\C/C=C\\C[C@@H]1C(=O)O[C@@H]1C/C=C\\C/C=C\\C/C=C\\CCC(=O)OC[C@@H](COC(=O)CCCCCCCCC/C=C\\CCCCCCCC)OC(=O)CCCCCCCCCCC/C=C\\CCCCCCCC", "smiles_split": ["CC/C=C\\C/C=C\\C[C@@H]1C(=O)O[C@@H]1C/C=C\\C/C=C\\C/C=C\\CCC(=O)OC[C@@H](COC(=O)CCCCCCCCC/C=C\\CCCCCCCC)OC(=O)CCCCCCCCCCC/C=C\\CCCCCCCC"], "mapped_smiles": "[CH3:1][CH2:2]/[CH:3]=[CH:4]\\[CH2:5]/[CH:6]=[CH:7]\\[CH2:8][C@H:9]1[C@@H:10]([CH2:11]/[CH:12]=[CH:13]\\[CH2:14]/[CH:15]=[CH:16]\\[CH2:17]/[CH:18]=[CH:19]\\[CH2:20][CH2:21][C:22](=[O:23])[O:24][CH2:25][C@@H:26]([CH2:27][O:28][C:29](=[O:30])[CH2:31][CH2:32][CH2:33][CH2:34][CH2:35][CH2:36][CH2:37][CH2:38][CH2:39]/[CH:40]=[CH:41]\\[CH2:42][CH2:43][CH2:44][CH2:45][CH2:46][CH2:47][CH2:48][CH3:49])[O:50][C:51](=[O:52])[CH2:53][CH2:54][CH2:55][CH2:56][CH2:57][CH2:58][CH2:59][CH2:60][CH2:61][CH2:62][CH2:63]/[CH:64]=[CH:65]\\[CH2:66][CH2:67][CH2:68][CH2:69][CH2:70][CH2:71][CH2:72][CH3:73])[O:902][C:901]1=[O:900]", "reacting_atoms": [10, 9], "template_id": "94845711804a0b9ebbe62b6d7d359b72", "template_set": ["bkms"], "num_examples": 1, "necessary_reagent": "", "template_score": 0.005548147950321436, "rms_molwt": -1058.851370608, "num_rings": -1, "plausibility": 1, "tforms": ["94845711804a0b9ebbe62b6d7d359b72"], "rank": 13, "score": -243523.6570715616}, {"smiles": "CC/C=C\\C/C=C\\C/C=C\\C[C@H]1OC(=O)[C@H]1C/C=C\\C/C=C\\CCC(=O)OC[C@@H](COC(=O)CCCCCCCCC/C=C\\CCCCCCCC)OC(=O)CCCCCCCCCCC/C=C\\CCCCCCCC", "smiles_split": ["CC/C=C\\C/C=C\\C/C=C\\C[C@H]1OC(=O)[C@H]1C/C=C\\C/C=C\\CCC(=O)OC[C@@H](COC(=O)CCCCCCCCC/C=C\\CCCCCCCC)OC(=O)CCCCCCCCCCC/C=C\\CCCCCCCC"], "mapped_smiles": "[CH3:1][CH2:2]/[CH:3]=[CH:4]\\[CH2:5]/[CH:6]=[CH:7]\\[CH2:8]/[CH:9]=[CH:10]\\[CH2:11][C@@H:12]1[C@H:13]([CH2:14]/[CH:15]=[CH:16]\\[CH2:17]/[CH:18]=[CH:19]\\[CH2:20][CH2:21][C:22](=[O:23])[O:24][CH2:25][C@@H:26]([CH2:27][O:28][C:29](=[O:30])[CH2:31][CH2:32][CH2:33][CH2:34][CH2:35][CH2:36][CH2:37][CH2:38][CH2:39]/[CH:40]=[CH:41]\\[CH2:42][CH2:43][CH2:44][CH2:45][CH2:46][CH2:47][CH2:48][CH3:49])[O:50][C:51](=[O:52])[CH2:53][CH2:54][CH2:55][CH2:56][CH2:57][CH2:58][CH2:59][CH2:60][CH2:61][CH2:62][CH2:63]/[CH:64]=[CH:65]\\[CH2:66][CH2:67][CH2:68][CH2:69][CH2:70][CH2:71][CH2:72][CH3:73])[C:901](=[O:900])[O:902]1", "reacting_atoms": [12, 13], "template_id": "94845711804a0b9ebbe62b6d7d359b72", "template_set": ["bkms"], "num_examples": 1, "necessary_reagent": "", "template_score": 0.005548147950321436, "rms_molwt": -1058.851370608, "num_rings": -1, "plausibility": 1, "tforms": ["94845711804a0b9ebbe62b6d7d359b72"], "rank": 14, "score": -243523.6570715616}, {"smiles": "CC/C=C\\C/C=C\\C/C=C\\C/C=C\\C[C@@H]1C(=O)O[C@@H]1C/C=C\\CCC(=O)OC[C@@H](COC(=O)CCCCCCCCC/C=C\\CCCCCCCC)OC(=O)CCCCCCCCCCC/C=C\\CCCCCCCC", "smiles_split": ["CC/C=C\\C/C=C\\C/C=C\\C/C=C\\C[C@@H]1C(=O)O[C@@H]1C/C=C\\CCC(=O)OC[C@@H](COC(=O)CCCCCCCCC/C=C\\CCCCCCCC)OC(=O)CCCCCCCCCCC/C=C\\CCCCCCCC"], "mapped_smiles": "[CH3:1][CH2:2]/[CH:3]=[CH:4]\\[CH2:5]/[CH:6]=[CH:7]\\[CH2:8]/[CH:9]=[CH:10]\\[CH2:11]/[CH:12]=[CH:13]\\[CH2:14][C@H:15]1[C@@H:16]([CH2:17]/[CH:18]=[CH:19]\\[CH2:20][CH2:21][C:22](=[O:23])[O:24][CH2:25][C@@H:26]([CH2:27][O:28][C:29](=[O:30])[CH2:31][CH2:32][CH2:33][CH2:34][CH2:35][CH2:36][CH2:37][CH2:38][CH2:39]/[CH:40]=[CH:41]\\[CH2:42][CH2:43][CH2:44][CH2:45][CH2:46][CH2:47][CH2:48][CH3:49])[O:50][C:51](=[O:52])[CH2:53][CH2:54][CH2:55][CH2:56][CH2:57][CH2:58][CH2:59][CH2:60][CH2:61][CH2:62][CH2:63]/[CH:64]=[CH:65]\\[CH2:66][CH2:67][CH2:68][CH2:69][CH2:70][CH2:71][CH2:72][CH3:73])[O:902][C:901]1=[O:900]", "reacting_atoms": [16, 15], "template_id": "94845711804a0b9ebbe62b6d7d359b72", "template_set": ["bkms"], "num_examples": 1, "necessary_reagent": "", "template_score": 0.005548147950321436, "rms_molwt": -1058.851370608, "num_rings": -1, "plausibility": 1, "tforms": ["94845711804a0b9ebbe62b6d7d359b72"], "rank": 15, "score": -243523.6570715616}]}