{"smiles": "CCCC/C=C\\C/C=C\\CCCCCCCCCC(=O)OC[C@@H](COC(=O)CCCCCC/C=C\\C/C=C\\C/C=C\\CCCCC)OC(=O)CCCCCCCCCCCCCCCCCCC", "sfscore": [0.4253726005554199, 0.6242411136627197], "chem_result": [{"smiles": "CCCC/C=C\\C/C=C\\CCCCCCCCCC(=O)OC[C@@H](COC(=O)CCCCCC/C=C\\C/C=C\\C/C=C\\CCCCC)OC(=O)CCCCCCCCCCCCCCCCCCC", "bw_confidence": 0.027179362452129454, "confidence": 0.004010972371079136, "rclass": "11 11.5 11.5", "children": [{"smiles": "CCCC/C=C\\C/C=C\\CCCCCCCCCC(=O)OC[C@@H](COC(=O)CCCCCC/C=C\\C/C=C\\CCCCC)OC(=O)CCCCCCCCCCCCCCCCCCC"}, {"smiles": "ClCCl"}, {"smiles": "O=[Cr](=O)([O-])Cl~c1cc[nH+]cc1"}]}, {"smiles": "CCCC/C=C\\C/C=C\\CCCCCCCCCC(=O)OC[C@@H](COC(=O)CCCCCC/C=C\\C/C=C\\C/C=C\\CCCCC)OC(=O)CCCCCCCCCCCCCCCCCCC", "bw_confidence": 0.010586498546481114, "confidence": 0.018940779135383376, "rclass": "2 2.6 2.6.2", "children": [{"smiles": "CCCC/C=C\\C/C=C\\CCCCCCCCCC(=O)OC[C@H](O)COC(=O)CCCCCC/C=C\\C/C=C\\CCCCC"}, {"smiles": "CCCCCCCCCCCCCCCCCCCCCC(=O)O"}]}, {"smiles": "CCCC/C=C\\C/C=C\\CCCCCCCCCC(=O)OC[C@@H](COC(=O)CCCCCC/C=C\\C/C=C\\C/C=C\\CCCCC)OC(=O)CCCCCCCCCCCCCCCCCCC", "bw_confidence": 0.009322264456397417, "confidence": 0.0013489954162631155, "rclass": "11 11.5 11.5", "children": [{"smiles": "CCCC/C=C\\C/C=C\\CCCCCCCCCC(=O)OC[C@@H](COC(=O)CCCCCC/C=C\\C/C=C\\CCCCC)OC(=O)CCCCCCCCCCCCCCCCCCCCC"}, {"smiles": "ClCCl"}, {"smiles": "O=C(O)C(F)(F)F"}]}, {"smiles": "CCCC/C=C\\C/C=C\\CCCCCCCCCC(=O)OC[C@@H](COC(=O)CCCCCC/C=C\\C/C=C\\C/C=C\\CCCCC)OC(=O)CCCCCCCCCCCCCCCCCCC", "bw_confidence": 0.007092224627151551, "confidence": 0.06406347209049873, "rclass": "2 2.6 2.6.2", "children": [{"smiles": "CCCC/C=C\\C/C=C\\CCCCCCCCCC(=O)OC[C@H](O)COC(=O)CCCCCC/C=C\\C/C=C\\CCCCC"}, {"smiles": "CCCCC/C=C\\C/C=C\\CCCCCCCC(=O)OC[C@@H](O)COC(=O)CCCCCCCCCCCCCCCCCCCC"}]}, {"smiles": "CCCC/C=C\\C/C=C\\CCCCCCCCCC(=O)OC[C@@H](COC(=O)CCCCCC/C=C\\C/C=C\\C/C=C\\CCCCC)OC(=O)CCCCCCCCCCCCCCCCCCC", "bw_confidence": 0.005243851438571035, "confidence": 0.47581403981879056, "rclass": "0 0 0", "children": [{"smiles": "CCCC/C=C\\C/C=C\\CCCCCCCCCC(=O)O"}, {"smiles": "CCN=C=NCCCN(C)C~Cl"}, {"smiles": "CN(C)c1ccncc1"}, {"smiles": "ClCCl"}, {"smiles": "OCC(O)CO"}]}, {"smiles": "CCCC/C=C\\C/C=C\\CCCCCCCCCC(=O)OC[C@@H](COC(=O)CCCCCC/C=C\\C/C=C\\C/C=C\\CCCCC)OC(=O)CCCCCCCCCCCCCCCCCCC", "bw_confidence": 0.002537985457174641, "confidence": 0.025290542385756645, "rclass": "0 0 0", "children": [{"smiles": "CCCC/C=C\\C/C=C\\CCCCCCCCCC(=O)OC[C@@H](COC(=O)CCCCCC/C=C\\C/C=C\\CCCCC)OC(=O)CCCCCCCCCCCCCCCCCCC"}, {"smiles": "CCCCC/C=C\\C/C=C\\CCCCCCCC(=O)O"}]}, {"smiles": "CCCC/C=C\\C/C=C\\CCCCCCCCCC(=O)OC[C@@H](COC(=O)CCCCCC/C=C\\C/C=C\\C/C=C\\CCCCC)OC(=O)CCCCCCCCCCCCCCCCCCC", "bw_confidence": 0.002199738666310076, "confidence": 0.004266942794855898, "rclass": "0 0 0", "children": [{"smiles": "CCCC/C=C\\C/C=C\\CCCCCCCCCC(=O)OC[C@@H](COC(=O)CCCCCC/C=C\\C/C=C\\CCCCC)OC(=O)CCCCCCCCCCCCCCCCCCCC"}, {"smiles": "CN(C)c1ccncc1"}, {"smiles": "ClCCl"}]}, {"smiles": "CCCC/C=C\\C/C=C\\CCCCCCCCCC(=O)OC[C@@H](COC(=O)CCCCCC/C=C\\C/C=C\\C/C=C\\CCCCC)OC(=O)CCCCCCCCCCCCCCCCCCC", "bw_confidence": 0.001711628013768288, "confidence": 0.03297432902761716, "rclass": "2 2.6 2.6.2", "children": [{"smiles": "CCCC/C=C\\C/C=C\\CCCCCCCCCC(=O)OC[C@@H](CO)OC(=O)CCCCCCCCCCCCCCCCCCC"}, {"smiles": "CCCCC/C=C\\C/C=C\\CCCCCCCC(=O)OC[C@@H](O)COC(=O)CCCCCC/C=C\\C/C=C\\CCCCC"}]}, {"smiles": "CCCC/C=C\\C/C=C\\CCCCCCCCCC(=O)OC[C@@H](COC(=O)CCCCCC/C=C\\C/C=C\\C/C=C\\CCCCC)OC(=O)CCCCCCCCCCCCCCCCCCC", "bw_confidence": 0.0006095034877851782, "confidence": 0.03333265609392163, "rclass": "2 2.6 2.6.2", "children": [{"smiles": "CCCC/C=C\\C/C=C\\CCCCCCCCCC(=O)OC[C@@H](CO)OC(=O)CCCCCCCCCCCCCCCCCCCC"}, {"smiles": "CCCCC/C=C\\C/C=C\\CCCCCCCC(=O)OC[C@@H](O)COC(=O)CCCCCC/C=C\\C/C=C\\CCCCC"}]}, {"smiles": "CCCC/C=C\\C/C=C\\CCCCCCCCCC(=O)OC[C@@H](COC(=O)CCCCCC/C=C\\C/C=C\\C/C=C\\CCCCC)OC(=O)CCCCCCCCCCCCCCCCCCC", "bw_confidence": 0.0005058605037866073, "confidence": 0.03257728617644793, "rclass": "7 7.9 7.9.8", "children": [{"smiles": "CC(=O)[O-]~CC(=O)[O-]~[Pb+2]~[Pd]"}, {"smiles": "CCCCC#CC/C=C\\CCCCCCCCCC(=O)OC[C@@H](COC(=O)CCCCCC/C=C\\C/C=C\\CCCCC)OC(=O)CCCCCCCCCCCCCCCCCCC"}]}, {"smiles": "CCCC/C=C\\C/C=C\\CCCCCCCCCC(=O)OC[C@@H](COC(=O)CCCCCC/C=C\\C/C=C\\C/C=C\\CCCCC)OC(=O)CCCCCCCCCCCCCCCCCCC", "bw_confidence": 0.00016620134845406887, "confidence": 0.022430573115442883, "rclass": "11 11.7 11.7", "children": [{"smiles": "CCCC/C=C\\C/C=C\\CCCCCCCCCC(=O)OC[C@H](COC(=O)CCCCCC/C=C\\C/C=C\\CCCCC)OC(=O)CCCCCCCCCCCCCCCCCCCC"}, {"smiles": "CCCCC/C=C\\C/C=C\\CCCCCCCC(=O)OC[C@H](COC(=O)CCCCCC/C=C\\C/C=C\\CCCCC)OC(=O)CCCCCCCCCCCCCCCCCCCC"}]}, {"smiles": "CCCC/C=C\\C/C=C\\CCCCCCCCCC(=O)OC[C@@H](COC(=O)CCCCCC/C=C\\C/C=C\\C/C=C\\CCCCC)OC(=O)CCCCCCCCCCCCCCCCCCC", "bw_confidence": 0.00012098245341153754, "confidence": 0.021293618974343606, "rclass": "11 11.7 11.7", "children": [{"smiles": "CCCC/C=C\\C/C=C\\CCCCCCCCCC(=O)OC[C@@H](COC(=O)CCCCCC/C=C\\C/C=C\\CCCCC)OC(=O)CCCCCCCCCCCCCCCCCCC"}, {"smiles": "CCCCC/C=C\\C/C=C\\CCCCCCCC(=O)OCC(COC(=O)CCCCCCC/C=C\\C/C=C\\CCCCC)OC(=O)CCCCCCCCCCCCCCCCCCCC"}]}], "chem_bw_confidence_list": [0.027179362452129454, 0.010586498546481114, 0.009322264456397417, 0.007092224627151551, 0.005243851438571035, 0.002537985457174641, 0.002199738666310076, 0.001711628013768288, 0.0006095034877851782, 0.0005058605037866073, 0.00016620134845406887, 0.00012098245341153754], "enzy_template_score_list": [0.6037676930427551, 0.6037676930427551, 0.6037676930427551, 0.6037676930427551, 0.6037676930427551, 0.074124775826931, 0.074124775826931, 0.074124775826931, 0.024000316858291626, 0.024000316858291626, 0.024000316858291626, 0.024000316858291626, 0.024000316858291626, 0.024000316858291626, 0.024000316858291626], "enzy_result": [{"smiles": "CCCC/C=C\\C/C=C\\CCCCCCCCCC(=O)OC[C@@H](COC(=O)CCCCCCCCC/C=C\\C/C=C\\CCCCC)OC(=O)CCCCCCCCCCCCCCCCCCC", "smiles_split": ["CCCC/C=C\\C/C=C\\CCCCCCCCCC(=O)OC[C@@H](COC(=O)CCCCCCCCC/C=C\\C/C=C\\CCCCC)OC(=O)CCCCCCCCCCCCCCCCCCC"], "mapped_smiles": "[CH3:1][CH2:2][CH2:3][CH2:4]/[CH:5]=[CH:6]\\[CH2:7]/[CH:8]=[CH:9]\\[CH2:10][CH2:11][CH2:12][CH2:13][CH2:14][CH2:15][CH2:16][CH2:17][CH2:18][C:19](=[O:20])[O:21][CH2:22][C@@H:23]([CH2:24][O:25][C:26](=[O:27])[CH2:28][CH2:29][CH2:30][CH2:31][CH2:32][CH2:33][CH2:34][CH2:35][CH2:36]/[CH:37]=[CH:38]\\[CH2:39]/[CH:40]=[CH:41]\\[CH2:42][CH2:43][CH2:44][CH2:45][CH3:46])[O:47][C:48](=[O:49])[CH2:50][CH2:51][CH2:52][CH2:53][CH2:54][CH2:55][CH2:56][CH2:57][CH2:58][CH2:59][CH2:60][CH2:61][CH2:62][CH2:63][CH2:64][CH2:65][CH2:66][CH2:67][CH3:68]", "reacting_atoms": [35, 34], "template_id": "b8752864a144b4d488d51a312d4ebfdc", "template_set": ["bkms", "bkms", "bkms"], "num_examples": 64, "necessary_reagent": "", "template_score": 0.6037676930427551, "rms_molwt": -952.8458913039999, "num_rings": 0, "plausibility": 1, "tforms": ["71d96988ab3623c8d39bf0ee6519c85b", "4b5c01ce1dd3e508649493e134ba9f1c", "b8752864a144b4d488d51a312d4ebfdc"], "rank": 1, "score": -1860.7897426675415}, {"smiles": "CCCC/C=C\\C/C=C\\CCCCCCCCCC(=O)OC[C@@H](COC(=O)CCCCCC/C=C\\C/C=C\\CCCCCCCC)OC(=O)CCCCCCCCCCCCCCCCCCC", "smiles_split": ["CCCC/C=C\\C/C=C\\CCCCCCCCCC(=O)OC[C@@H](COC(=O)CCCCCC/C=C\\C/C=C\\CCCCCCCC)OC(=O)CCCCCCCCCCCCCCCCCCC"], "mapped_smiles": "[CH3:1][CH2:2][CH2:3][CH2:4]/[CH:5]=[CH:6]\\[CH2:7]/[CH:8]=[CH:9]\\[CH2:10][CH2:11][CH2:12][CH2:13][CH2:14][CH2:15][CH2:16][CH2:17][CH2:18][C:19](=[O:20])[O:21][CH2:22][C@@H:23]([CH2:24][O:25][C:26](=[O:27])[CH2:28][CH2:29][CH2:30][CH2:31][CH2:32][CH2:33]/[CH:34]=[CH:35]\\[CH2:36]/[CH:37]=[CH:38]\\[CH2:39][CH2:40][CH2:41][CH2:42][CH2:43][CH2:44][CH2:45][CH3:46])[O:47][C:48](=[O:49])[CH2:50][CH2:51][CH2:52][CH2:53][CH2:54][CH2:55][CH2:56][CH2:57][CH2:58][CH2:59][CH2:60][CH2:61][CH2:62][CH2:63][CH2:64][CH2:65][CH2:66][CH2:67][CH3:68]", "reacting_atoms": [40, 41], "template_id": "b8752864a144b4d488d51a312d4ebfdc", "template_set": ["bkms", "bkms", "bkms"], "num_examples": 64, "necessary_reagent": "", "template_score": 0.6037676930427551, "rms_molwt": -952.8458913039999, "num_rings": 0, "plausibility": 1, "tforms": ["71d96988ab3623c8d39bf0ee6519c85b", "4b5c01ce1dd3e508649493e134ba9f1c", "b8752864a144b4d488d51a312d4ebfdc"], "rank": 2, "score": -1860.7897426675415}, {"smiles": "CCCC/C=C\\CCCCCCCCCCCCC(=O)OC[C@@H](COC(=O)CCCCCC/C=C\\C/C=C\\C/C=C\\CCCCC)OC(=O)CCCCCCCCCCCCCCCCCCC", "smiles_split": ["CCCC/C=C\\CCCCCCCCCCCCC(=O)OC[C@@H](COC(=O)CCCCCC/C=C\\C/C=C\\C/C=C\\CCCCC)OC(=O)CCCCCCCCCCCCCCCCCCC"], "mapped_smiles": "[CH3:1][CH2:2][CH2:3][CH2:4]/[CH:5]=[CH:6]\\[CH2:7][CH2:8][CH2:9][CH2:10][CH2:11][CH2:12][CH2:13][CH2:14][CH2:15][CH2:16][CH2:17][CH2:18][C:19](=[O:20])[O:21][CH2:22][C@@H:23]([CH2:24][O:25][C:26](=[O:27])[CH2:28][CH2:29][CH2:30][CH2:31][CH2:32][CH2:33]/[CH:34]=[CH:35]\\[CH2:36]/[CH:37]=[CH:38]\\[CH2:39]/[CH:40]=[CH:41]\\[CH2:42][CH2:43][CH2:44][CH2:45][CH3:46])[O:47][C:48](=[O:49])[CH2:50][CH2:51][CH2:52][CH2:53][CH2:54][CH2:55][CH2:56][CH2:57][CH2:58][CH2:59][CH2:60][CH2:61][CH2:62][CH2:63][CH2:64][CH2:65][CH2:66][CH2:67][CH3:68]", "reacting_atoms": [8, 9], "template_id": "b8752864a144b4d488d51a312d4ebfdc", "template_set": ["bkms", "bkms", "bkms"], "num_examples": 64, "necessary_reagent": "", "template_score": 0.6037676930427551, "rms_molwt": -952.8458913039999, "num_rings": 0, "plausibility": 1, "tforms": ["71d96988ab3623c8d39bf0ee6519c85b", "4b5c01ce1dd3e508649493e134ba9f1c", "b8752864a144b4d488d51a312d4ebfdc"], "rank": 3, "score": -1860.7897426675415}, {"smiles": "CCCCC/C=C\\C/C=C\\C/C=C\\CCCCCCC(=O)OC[C@H](COC(=O)CCCCCCCCC/C=C\\CCCCCCC)OC(=O)CCCCCCCCCCCCCCCCCCC", "smiles_split": ["CCCCC/C=C\\C/C=C\\C/C=C\\CCCCCCC(=O)OC[C@H](COC(=O)CCCCCCCCC/C=C\\CCCCCCC)OC(=O)CCCCCCCCCCCCCCCCCCC"], "mapped_smiles": "[CH3:1][CH2:2][CH2:3][CH2:4][CH2:5][CH2:6][CH2:7]/[CH:8]=[CH:9]\\[CH2:10][CH2:11][CH2:12][CH2:13][CH2:14][CH2:15][CH2:16][CH2:17][CH2:18][C:19](=[O:20])[O:21][CH2:22][C@@H:23]([CH2:24][O:25][C:26](=[O:27])[CH2:28][CH2:29][CH2:30][CH2:31][CH2:32][CH2:33]/[CH:34]=[CH:35]\\[CH2:36]/[CH:37]=[CH:38]\\[CH2:39]/[CH:40]=[CH:41]\\[CH2:42][CH2:43][CH2:44][CH2:45][CH3:46])[O:47][C:48](=[O:49])[CH2:50][CH2:51][CH2:52][CH2:53][CH2:54][CH2:55][CH2:56][CH2:57][CH2:58][CH2:59][CH2:60][CH2:61][CH2:62][CH2:63][CH2:64][CH2:65][CH2:66][CH2:67][CH3:68]", "reacting_atoms": [6, 5], "template_id": "b8752864a144b4d488d51a312d4ebfdc", "template_set": ["bkms", "bkms", "bkms"], "num_examples": 64, "necessary_reagent": "", "template_score": 0.6037676930427551, "rms_molwt": -952.8458913039999, "num_rings": 0, "plausibility": 1, "tforms": ["71d96988ab3623c8d39bf0ee6519c85b", "4b5c01ce1dd3e508649493e134ba9f1c", "b8752864a144b4d488d51a312d4ebfdc"], "rank": 4, "score": -1860.7897426675415}, {"smiles": "CCCC/C=C\\C/C=C\\CCCCCCCCCC(=O)OC[C@@H](COC(=O)CCCCCC/C=C\\CCCC/C=C\\CCCCC)OC(=O)CCCCCCCCCCCCCCCCCCC", "smiles_split": ["CCCC/C=C\\C/C=C\\CCCCCCCCCC(=O)OC[C@@H](COC(=O)CCCCCC/C=C\\CCCC/C=C\\CCCCC)OC(=O)CCCCCCCCCCCCCCCCCCC"], "mapped_smiles": "[CH3:1][CH2:2][CH2:3][CH2:4]/[CH:5]=[CH:6]\\[CH2:7]/[CH:8]=[CH:9]\\[CH2:10][CH2:11][CH2:12][CH2:13][CH2:14][CH2:15][CH2:16][CH2:17][CH2:18][C:19](=[O:20])[O:21][CH2:22][C@@H:23]([CH2:24][O:25][C:26](=[O:27])[CH2:28][CH2:29][CH2:30][CH2:31][CH2:32][CH2:33]/[CH:34]=[CH:35]\\[CH2:36][CH2:37][CH2:38][CH2:39]/[CH:40]=[CH:41]\\[CH2:42][CH2:43][CH2:44][CH2:45][CH3:46])[O:47][C:48](=[O:49])[CH2:50][CH2:51][CH2:52][CH2:53][CH2:54][CH2:55][CH2:56][CH2:57][CH2:58][CH2:59][CH2:60][CH2:61][CH2:62][CH2:63][CH2:64][CH2:65][CH2:66][CH2:67][CH3:68]", "reacting_atoms": [38, 37], "template_id": "b8752864a144b4d488d51a312d4ebfdc", "template_set": ["bkms", "bkms", "bkms"], "num_examples": 64, "necessary_reagent": "", "template_score": 0.6037676930427551, "rms_molwt": -952.8458913039999, "num_rings": 0, "plausibility": 1, "tforms": ["71d96988ab3623c8d39bf0ee6519c85b", "4b5c01ce1dd3e508649493e134ba9f1c", "b8752864a144b4d488d51a312d4ebfdc"], "rank": 5, "score": -1860.7897426675415}, {"smiles": "CCCC/C=C\\C/C=C\\CCCCCCCCCC(=O)SCCNC(=O)CCNC(=O)[C@H](O)C(C)(C)COP(=O)(O)OP(=O)(O)OC[C@H]1O[C@@H](n2cnc3c(N)ncnc32)[C@H](O)[C@@H]1OP(=O)(O)O.CCCCC/C=C\\C/C=C\\C/C=C\\CCCCCCC(=O)OC[C@H](CO)OC(=O)CCCCCCCCCCCCCCCCCCC", "smiles_split": ["CCCC/C=C\\C/C=C\\CCCCCCCCCC(=O)SCCNC(=O)CCNC(=O)[C@H](O)C(C)(C)COP(=O)(O)OP(=O)(O)OC[C@H]1O[C@@H](n2cnc3c(N)ncnc32)[C@H](O)[C@@H]1OP(=O)(O)O", "CCCCC/C=C\\C/C=C\\C/C=C\\CCCCCCC(=O)OC[C@H](CO)OC(=O)CCCCCCCCCCCCCCCCCCC"], "mapped_smiles": "[CH3:1][CH2:2][CH2:3][CH2:4]/[CH:5]=[CH:6]\\[CH2:7]/[CH:8]=[CH:9]\\[CH2:10][CH2:11][CH2:12][CH2:13][CH2:14][CH2:15][CH2:16][CH2:17][CH2:18][C:19](=[O:20])[S:947][CH2:946][CH2:945][NH:944][C:942]([CH2:941][CH2:940][NH:939][C:937]([C@@H:935]([C:901]([CH3:900])([CH3:902])[CH2:903][O:904][P:905]([OH:906])(=[O:907])[O:908][P:909]([OH:910])(=[O:911])[O:912][CH2:913][C@H:914]1[O:915][C@@H:916]([n:917]2[cH:918][n:919][c:920]3[c:921]([NH2:922])[n:923][cH:924][n:925][c:926]23)[C@H:927]([OH:928])[C@@H:929]1[O:930][P:931]([OH:932])([OH:933])=[O:934])[OH:936])=[O:938])=[O:943].[OH:21][CH2:22][C@@H:23]([CH2:24][O:25][C:26](=[O:27])[CH2:28][CH2:29][CH2:30][CH2:31][CH2:32][CH2:33]/[CH:34]=[CH:35]\\[CH2:36]/[CH:37]=[CH:38]\\[CH2:39]/[CH:40]=[CH:41]\\[CH2:42][CH2:43][CH2:44][CH2:45][CH3:46])[O:47][C:48](=[O:49])[CH2:50][CH2:51][CH2:52][CH2:53][CH2:54][CH2:55][CH2:56][CH2:57][CH2:58][CH2:59][CH2:60][CH2:61][CH2:62][CH2:63][CH2:64][CH2:65][CH2:66][CH2:67][CH3:68]", "reacting_atoms": [19, 21], "template_id": "4f507fe3c79f4d542f14417d7122ff5c", "template_set": ["bkms"], "num_examples": 31, "necessary_reagent": "", "template_score": 0.074124775826931, "rms_molwt": -878.5402683279431, "num_rings": -3, "plausibility": 1, "tforms": ["4f507fe3c79f4d542f14417d7122ff5c"], "rank": 6, "score": -24954.848895339153}, {"smiles": "CCCC/C=C\\C/C=C\\CCCCCCCCCC(=O)OC[C@H](O)COC(=O)CCCCCC/C=C\\C/C=C\\C/C=C\\CCCCC.CCCCCCCCCCCCCCCCCCCC(=O)SCCNC(=O)CCNC(=O)[C@H](O)C(C)(C)COP(=O)(O)OP(=O)(O)OC[C@H]1O[C@@H](n2cnc3c(N)ncnc32)[C@H](O)[C@@H]1OP(=O)(O)O", "smiles_split": ["CCCC/C=C\\C/C=C\\CCCCCCCCCC(=O)OC[C@H](O)COC(=O)CCCCCC/C=C\\C/C=C\\C/C=C\\CCCCC", "CCCCCCCCCCCCCCCCCCCC(=O)SCCNC(=O)CCNC(=O)[C@H](O)C(C)(C)COP(=O)(O)OP(=O)(O)OC[C@H]1O[C@@H](n2cnc3c(N)ncnc32)[C@H](O)[C@@H]1OP(=O)(O)O"], "mapped_smiles": "[C:48](=[O:49])([CH2:50][CH2:51][CH2:52][CH2:53][CH2:54][CH2:55][CH2:56][CH2:57][CH2:58][CH2:59][CH2:60][CH2:61][CH2:62][CH2:63][CH2:64][CH2:65][CH2:66][CH2:67][CH3:68])[S:947][CH2:946][CH2:945][NH:944][C:942]([CH2:941][CH2:940][NH:939][C:937]([C@@H:935]([C:901]([CH3:900])([CH3:902])[CH2:903][O:904][P:905]([OH:906])(=[O:907])[O:908][P:909]([OH:910])(=[O:911])[O:912][CH2:913][C@H:914]1[O:915][C@@H:916]([n:917]2[cH:918][n:919][c:920]3[c:921]([NH2:922])[n:923][cH:924][n:925][c:926]23)[C@H:927]([OH:928])[C@@H:929]1[O:930][P:931]([OH:932])([OH:933])=[O:934])[OH:936])=[O:938])=[O:943].[CH3:1][CH2:2][CH2:3][CH2:4]/[CH:5]=[CH:6]\\[CH2:7]/[CH:8]=[CH:9]\\[CH2:10][CH2:11][CH2:12][CH2:13][CH2:14][CH2:15][CH2:16][CH2:17][CH2:18][C:19](=[O:20])[O:21][CH2:22][C@@H:23]([CH2:24][O:25][C:26](=[O:27])[CH2:28][CH2:29][CH2:30][CH2:31][CH2:32][CH2:33]/[CH:34]=[CH:35]\\[CH2:36]/[CH:37]=[CH:38]\\[CH2:39]/[CH:40]=[CH:41]\\[CH2:42][CH2:43][CH2:44][CH2:45][CH3:46])[OH:47]", "reacting_atoms": [48, 47], "template_id": "4f507fe3c79f4d542f14417d7122ff5c", "template_set": ["bkms"], "num_examples": 31, "necessary_reagent": "", "template_score": 0.074124775826931, "rms_molwt": -882.5043741264544, "num_rings": -3, "plausibility": 1, "tforms": ["4f507fe3c79f4d542f14417d7122ff5c"], "rank": 7, "score": -25010.881243492724}, {"smiles": "CCCC/C=C\\C/C=C\\CCCCCCCCCC(=O)OC[C@@H](CO)OC(=O)CCCCCCCCCCCCCCCCCCC.CCCCC/C=C\\C/C=C\\C/C=C\\CCCCCCC(=O)SCCNC(=O)CCNC(=O)[C@H](O)C(C)(C)COP(=O)(O)OP(=O)(O)OC[C@H]1O[C@@H](n2cnc3c(N)ncnc32)[C@H](O)[C@@H]1OP(=O)(O)O", "smiles_split": ["CCCC/C=C\\C/C=C\\CCCCCCCCCC(=O)OC[C@@H](CO)OC(=O)CCCCCCCCCCCCCCCCCCC", "CCCCC/C=C\\C/C=C\\C/C=C\\CCCCCCC(=O)SCCNC(=O)CCNC(=O)[C@H](O)C(C)(C)COP(=O)(O)OP(=O)(O)OC[C@H]1O[C@@H](n2cnc3c(N)ncnc32)[C@H](O)[C@@H]1OP(=O)(O)O"], "mapped_smiles": "[C:26](=[O:27])([CH2:28][CH2:29][CH2:30][CH2:31][CH2:32][CH2:33]/[CH:34]=[CH:35]\\[CH2:36]/[CH:37]=[CH:38]\\[CH2:39]/[CH:40]=[CH:41]\\[CH2:42][CH2:43][CH2:44][CH2:45][CH3:46])[S:947][CH2:946][CH2:945][NH:944][C:942]([CH2:941][CH2:940][NH:939][C:937]([C@@H:935]([C:901]([CH3:900])([CH3:902])[CH2:903][O:904][P:905]([OH:906])(=[O:907])[O:908][P:909]([OH:910])(=[O:911])[O:912][CH2:913][C@H:914]1[O:915][C@@H:916]([n:917]2[cH:918][n:919][c:920]3[c:921]([NH2:922])[n:923][cH:924][n:925][c:926]23)[C@H:927]([OH:928])[C@@H:929]1[O:930][P:931]([OH:932])([OH:933])=[O:934])[OH:936])=[O:938])=[O:943].[CH3:1][CH2:2][CH2:3][CH2:4]/[CH:5]=[CH:6]\\[CH2:7]/[CH:8]=[CH:9]\\[CH2:10][CH2:11][CH2:12][CH2:13][CH2:14][CH2:15][CH2:16][CH2:17][CH2:18][C:19](=[O:20])[O:21][CH2:22][C@@H:23]([CH2:24][OH:25])[O:47][C:48](=[O:49])[CH2:50][CH2:51][CH2:52][CH2:53][CH2:54][CH2:55][CH2:56][CH2:57][CH2:58][CH2:59][CH2:60][CH2:61][CH2:62][CH2:63][CH2:64][CH2:65][CH2:66][CH2:67][CH3:68]", "reacting_atoms": [26, 25], "template_id": "4f507fe3c79f4d542f14417d7122ff5c", "template_set": ["bkms"], "num_examples": 31, "necessary_reagent": "", "template_score": 0.074124775826931, "rms_molwt": -881.1369418324567, "num_rings": -3, "plausibility": 1, "tforms": ["4f507fe3c79f4d542f14417d7122ff5c"], "rank": 8, "score": -25010.881243492724}, {"smiles": "CCCC/C=C\\CC1C(=O)OC1CCCCCCCCCC(=O)OC[C@@H](COC(=O)CCCCCC/C=C\\C/C=C\\C/C=C\\CCCCC)OC(=O)CCCCCCCCCCCCCCCCCCC", "smiles_split": ["CCCC/C=C\\CC1C(=O)OC1CCCCCCCCCC(=O)OC[C@@H](COC(=O)CCCCCC/C=C\\C/C=C\\C/C=C\\CCCCC)OC(=O)CCCCCCCCCCCCCCCCCCC"], "mapped_smiles": "[CH3:1][CH2:2][CH2:3][CH2:4]/[CH:5]=[CH:6]\\[CH2:7][CH:8]1[CH:9]([CH2:10][CH2:11][CH2:12][CH2:13][CH2:14][CH2:15][CH2:16][CH2:17][CH2:18][C:19](=[O:20])[O:21][CH2:22][C@@H:23]([CH2:24][O:25][C:26](=[O:27])[CH2:28][CH2:29][CH2:30][CH2:31][CH2:32][CH2:33]/[CH:34]=[CH:35]\\[CH2:36]/[CH:37]=[CH:38]\\[CH2:39]/[CH:40]=[CH:41]\\[CH2:42][CH2:43][CH2:44][CH2:45][CH3:46])[O:47][C:48](=[O:49])[CH2:50][CH2:51][CH2:52][CH2:53][CH2:54][CH2:55][CH2:56][CH2:57][CH2:58][CH2:59][CH2:60][CH2:61][CH2:62][CH2:63][CH2:64][CH2:65][CH2:66][CH2:67][CH3:68])[O:902][C:901]1=[O:900]", "reacting_atoms": [9, 8], "template_id": "95b167a4e5e2cf14a7f1b2c6fb174cb0", "template_set": ["bkms"], "num_examples": 4, "necessary_reagent": "", "template_score": 0.024000316858291626, "rms_molwt": -994.82007048, "num_rings": -1, "plausibility": 1, "tforms": ["95b167a4e5e2cf14a7f1b2c6fb174cb0"], "rank": 9, "score": -50270.72246232519}, {"smiles": "CCCCC/C=C\\C/C=C\\C/C=C\\CCCCCCC(=O)OC[C@H](COC(=O)CCCCCCCCC/C=C\\CC1C(=O)OC1CCCC)OC(=O)CCCCCCCCCCCCCCCCCCC", "smiles_split": ["CCCCC/C=C\\C/C=C\\C/C=C\\CCCCCCC(=O)OC[C@H](COC(=O)CCCCCCCCC/C=C\\CC1C(=O)OC1CCCC)OC(=O)CCCCCCCCCCCCCCCCCCC"], "mapped_smiles": "[CH3:1][CH2:2][CH2:3][CH2:4][CH:5]1[CH:6]([CH2:7]/[CH:8]=[CH:9]\\[CH2:10][CH2:11][CH2:12][CH2:13][CH2:14][CH2:15][CH2:16][CH2:17][CH2:18][C:19](=[O:20])[O:21][CH2:22][C@@H:23]([CH2:24][O:25][C:26](=[O:27])[CH2:28][CH2:29][CH2:30][CH2:31][CH2:32][CH2:33]/[CH:34]=[CH:35]\\[CH2:36]/[CH:37]=[CH:38]\\[CH2:39]/[CH:40]=[CH:41]\\[CH2:42][CH2:43][CH2:44][CH2:45][CH3:46])[O:47][C:48](=[O:49])[CH2:50][CH2:51][CH2:52][CH2:53][CH2:54][CH2:55][CH2:56][CH2:57][CH2:58][CH2:59][CH2:60][CH2:61][CH2:62][CH2:63][CH2:64][CH2:65][CH2:66][CH2:67][CH3:68])[C:901](=[O:900])[O:902]1", "reacting_atoms": [5, 6], "template_id": "95b167a4e5e2cf14a7f1b2c6fb174cb0", "template_set": ["bkms"], "num_examples": 4, "necessary_reagent": "", "template_score": 0.024000316858291626, "rms_molwt": -994.82007048, "num_rings": -1, "plausibility": 1, "tforms": ["95b167a4e5e2cf14a7f1b2c6fb174cb0"], "rank": 10, "score": -50270.72246232519}, {"smiles": "CCCC/C=C\\C/C=C\\CCCCCCCCCC(=O)OC[C@@H](COC(=O)CCCCCC/C=C\\CC1OC(=O)C1C/C=C\\CCCCC)OC(=O)CCCCCCCCCCCCCCCCCCC", "smiles_split": ["CCCC/C=C\\C/C=C\\CCCCCCCCCC(=O)OC[C@@H](COC(=O)CCCCCC/C=C\\CC1OC(=O)C1C/C=C\\CCCCC)OC(=O)CCCCCCCCCCCCCCCCCCC"], "mapped_smiles": "[CH3:1][CH2:2][CH2:3][CH2:4]/[CH:5]=[CH:6]\\[CH2:7]/[CH:8]=[CH:9]\\[CH2:10][CH2:11][CH2:12][CH2:13][CH2:14][CH2:15][CH2:16][CH2:17][CH2:18][C:19](=[O:20])[O:21][CH2:22][C@@H:23]([CH2:24][O:25][C:26](=[O:27])[CH2:28][CH2:29][CH2:30][CH2:31][CH2:32][CH2:33]/[CH:34]=[CH:35]\\[CH2:36][CH:37]1[CH:38]([CH2:39]/[CH:40]=[CH:41]\\[CH2:42][CH2:43][CH2:44][CH2:45][CH3:46])[C:901](=[O:900])[O:902]1)[O:47][C:48](=[O:49])[CH2:50][CH2:51][CH2:52][CH2:53][CH2:54][CH2:55][CH2:56][CH2:57][CH2:58][CH2:59][CH2:60][CH2:61][CH2:62][CH2:63][CH2:64][CH2:65][CH2:66][CH2:67][CH3:68]", "reacting_atoms": [37, 38], "template_id": "95b167a4e5e2cf14a7f1b2c6fb174cb0", "template_set": ["bkms"], "num_examples": 4, "necessary_reagent": "", "template_score": 0.024000316858291626, "rms_molwt": -994.82007048, "num_rings": -1, "plausibility": 1, "tforms": ["95b167a4e5e2cf14a7f1b2c6fb174cb0"], "rank": 11, "score": -50270.72246232519}, {"smiles": "CCCC/C=C\\CC1OC(=O)C1CCCCCCCCCC(=O)OC[C@@H](COC(=O)CCCCCC/C=C\\C/C=C\\C/C=C\\CCCCC)OC(=O)CCCCCCCCCCCCCCCCCCC", "smiles_split": ["CCCC/C=C\\CC1OC(=O)C1CCCCCCCCCC(=O)OC[C@@H](COC(=O)CCCCCC/C=C\\C/C=C\\C/C=C\\CCCCC)OC(=O)CCCCCCCCCCCCCCCCCCC"], "mapped_smiles": "[CH3:1][CH2:2][CH2:3][CH2:4]/[CH:5]=[CH:6]\\[CH2:7][CH:8]1[CH:9]([CH2:10][CH2:11][CH2:12][CH2:13][CH2:14][CH2:15][CH2:16][CH2:17][CH2:18][C:19](=[O:20])[O:21][CH2:22][C@@H:23]([CH2:24][O:25][C:26](=[O:27])[CH2:28][CH2:29][CH2:30][CH2:31][CH2:32][CH2:33]/[CH:34]=[CH:35]\\[CH2:36]/[CH:37]=[CH:38]\\[CH2:39]/[CH:40]=[CH:41]\\[CH2:42][CH2:43][CH2:44][CH2:45][CH3:46])[O:47][C:48](=[O:49])[CH2:50][CH2:51][CH2:52][CH2:53][CH2:54][CH2:55][CH2:56][CH2:57][CH2:58][CH2:59][CH2:60][CH2:61][CH2:62][CH2:63][CH2:64][CH2:65][CH2:66][CH2:67][CH3:68])[C:901](=[O:900])[O:902]1", "reacting_atoms": [8, 9], "template_id": "95b167a4e5e2cf14a7f1b2c6fb174cb0", "template_set": ["bkms"], "num_examples": 4, "necessary_reagent": "", "template_score": 0.024000316858291626, "rms_molwt": -994.82007048, "num_rings": -1, "plausibility": 1, "tforms": ["95b167a4e5e2cf14a7f1b2c6fb174cb0"], "rank": 12, "score": -50270.72246232519}, {"smiles": "CCCC/C=C\\C/C=C\\CCCCCCCCCC(=O)OC[C@@H](COC(=O)CCCCCC/C=C\\CC1C(=O)OC1C/C=C\\CCCCC)OC(=O)CCCCCCCCCCCCCCCCCCC", "smiles_split": ["CCCC/C=C\\C/C=C\\CCCCCCCCCC(=O)OC[C@@H](COC(=O)CCCCCC/C=C\\CC1C(=O)OC1C/C=C\\CCCCC)OC(=O)CCCCCCCCCCCCCCCCCCC"], "mapped_smiles": "[CH3:1][CH2:2][CH2:3][CH2:4]/[CH:5]=[CH:6]\\[CH2:7]/[CH:8]=[CH:9]\\[CH2:10][CH2:11][CH2:12][CH2:13][CH2:14][CH2:15][CH2:16][CH2:17][CH2:18][C:19](=[O:20])[O:21][CH2:22][C@@H:23]([CH2:24][O:25][C:26](=[O:27])[CH2:28][CH2:29][CH2:30][CH2:31][CH2:32][CH2:33]/[CH:34]=[CH:35]\\[CH2:36][CH:37]1[CH:38]([CH2:39]/[CH:40]=[CH:41]\\[CH2:42][CH2:43][CH2:44][CH2:45][CH3:46])[O:902][C:901]1=[O:900])[O:47][C:48](=[O:49])[CH2:50][CH2:51][CH2:52][CH2:53][CH2:54][CH2:55][CH2:56][CH2:57][CH2:58][CH2:59][CH2:60][CH2:61][CH2:62][CH2:63][CH2:64][CH2:65][CH2:66][CH2:67][CH3:68]", "reacting_atoms": [38, 37], "template_id": "95b167a4e5e2cf14a7f1b2c6fb174cb0", "template_set": ["bkms"], "num_examples": 4, "necessary_reagent": "", "template_score": 0.024000316858291626, "rms_molwt": -994.82007048, "num_rings": -1, "plausibility": 1, "tforms": ["95b167a4e5e2cf14a7f1b2c6fb174cb0"], "rank": 13, "score": -50270.72246232519}, {"smiles": "CCCC/C=C\\C/C=C\\CCCCCCCCCC(=O)OC[C@@H](COC(=O)CCCCCC/C=C\\C/C=C\\CC1C(=O)OC1CCCCC)OC(=O)CCCCCCCCCCCCCCCCCCC", "smiles_split": ["CCCC/C=C\\C/C=C\\CCCCCCCCCC(=O)OC[C@@H](COC(=O)CCCCCC/C=C\\C/C=C\\CC1C(=O)OC1CCCCC)OC(=O)CCCCCCCCCCCCCCCCCCC"], "mapped_smiles": "[CH3:1][CH2:2][CH2:3][CH2:4]/[CH:5]=[CH:6]\\[CH2:7]/[CH:8]=[CH:9]\\[CH2:10][CH2:11][CH2:12][CH2:13][CH2:14][CH2:15][CH2:16][CH2:17][CH2:18][C:19](=[O:20])[O:21][CH2:22][C@@H:23]([CH2:24][O:25][C:26](=[O:27])[CH2:28][CH2:29][CH2:30][CH2:31][CH2:32][CH2:33]/[CH:34]=[CH:35]\\[CH2:36]/[CH:37]=[CH:38]\\[CH2:39][CH:40]1[CH:41]([CH2:42][CH2:43][CH2:44][CH2:45][CH3:46])[O:902][C:901]1=[O:900])[O:47][C:48](=[O:49])[CH2:50][CH2:51][CH2:52][CH2:53][CH2:54][CH2:55][CH2:56][CH2:57][CH2:58][CH2:59][CH2:60][CH2:61][CH2:62][CH2:63][CH2:64][CH2:65][CH2:66][CH2:67][CH3:68]", "reacting_atoms": [41, 40], "template_id": "95b167a4e5e2cf14a7f1b2c6fb174cb0", "template_set": ["bkms"], "num_examples": 4, "necessary_reagent": "", "template_score": 0.024000316858291626, "rms_molwt": -994.82007048, "num_rings": -1, "plausibility": 1, "tforms": ["95b167a4e5e2cf14a7f1b2c6fb174cb0"], "rank": 14, "score": -50270.72246232519}, {"smiles": "CCCCC/C=C\\C/C=C\\C/C=C\\CCCCCCC(=O)OC[C@H](COC(=O)CCCCCCCCC/C=C\\CC1OC(=O)C1CCCC)OC(=O)CCCCCCCCCCCCCCCCCCC", "smiles_split": ["CCCCC/C=C\\C/C=C\\C/C=C\\CCCCCCC(=O)OC[C@H](COC(=O)CCCCCCCCC/C=C\\CC1OC(=O)C1CCCC)OC(=O)CCCCCCCCCCCCCCCCCCC"], "mapped_smiles": "[CH3:1][CH2:2][CH2:3][CH2:4][CH:5]1[CH:6]([CH2:7]/[CH:8]=[CH:9]\\[CH2:10][CH2:11][CH2:12][CH2:13][CH2:14][CH2:15][CH2:16][CH2:17][CH2:18][C:19](=[O:20])[O:21][CH2:22][C@@H:23]([CH2:24][O:25][C:26](=[O:27])[CH2:28][CH2:29][CH2:30][CH2:31][CH2:32][CH2:33]/[CH:34]=[CH:35]\\[CH2:36]/[CH:37]=[CH:38]\\[CH2:39]/[CH:40]=[CH:41]\\[CH2:42][CH2:43][CH2:44][CH2:45][CH3:46])[O:47][C:48](=[O:49])[CH2:50][CH2:51][CH2:52][CH2:53][CH2:54][CH2:55][CH2:56][CH2:57][CH2:58][CH2:59][CH2:60][CH2:61][CH2:62][CH2:63][CH2:64][CH2:65][CH2:66][CH2:67][CH3:68])[O:902][C:901]1=[O:900]", "reacting_atoms": [6, 5], "template_id": "95b167a4e5e2cf14a7f1b2c6fb174cb0", "template_set": ["bkms"], "num_examples": 4, "necessary_reagent": "", "template_score": 0.024000316858291626, "rms_molwt": -994.82007048, "num_rings": -1, "plausibility": 1, "tforms": ["95b167a4e5e2cf14a7f1b2c6fb174cb0"], "rank": 15, "score": -50270.72246232519}]}