{"smiles": "CC1=C2CC[C@@](C)(O)[C@@H]2[C@@H]2[C@@H](CC1)C2(C)C", "sfscore": [0.5079352855682373, 0.5116603374481201], "chem_result": [{"smiles": "CC1=C2CC[C@@](C)(O)[C@@H]2[C@@H]2[C@@H](CC1)C2(C)C", "bw_confidence": 0.10380242548458098, "confidence": 0.22614493504176852, "rclass": "3 3.7 3.7.2", "children": [{"smiles": "C1CCOC1"}, {"smiles": "CC1=C2CCC(=O)[C@@H]2[C@@H]2[C@@H](CC1)C2(C)C"}, {"smiles": "C[Mg]Br"}]}, {"smiles": "CC1=C2CC[C@@](C)(O)[C@@H]2[C@@H]2[C@@H](CC1)C2(C)C", "bw_confidence": 0.0228429537856893, "confidence": 0.4771875716079119, "rclass": "6 6.3 6.3.4", "children": [{"smiles": "C1CCOC1"}, {"smiles": "CC1=C2CC[C@@](C)(O[Si](C)(C)C)[C@@H]2[C@@H]2[C@@H](CC1)C2(C)C"}, {"smiles": "CCCC[N+](CCCC)(CCCC)CCCC~[F-]"}]}, {"smiles": "CC1=C2CC[C@@](C)(O)[C@@H]2[C@@H]2[C@@H](CC1)C2(C)C", "bw_confidence": 0.007153011754941327, "confidence": 0.13633924863228217, "rclass": "0 0 0", "children": [{"smiles": "C1CCOC1"}, {"smiles": "CC1=C2CCC(=O)[C@@H]2[C@@H]2[C@@H](CC1)C2(C)C"}, {"smiles": "[Li+]~[AlH4-]"}]}, {"smiles": "CC1=C2CC[C@@](C)(O)[C@@H]2[C@@H]2[C@@H](CC1)C2(C)C", "bw_confidence": 0.0062901017116626795, "confidence": 0.246196442731466, "rclass": "3 3.7 3.7.2", "children": [{"smiles": "CC1=C2CCC(=O)[C@@H]2[C@@H]2[C@@H](CC1)C2(C)C"}, {"smiles": "C[Mg]Br"}]}, {"smiles": "CC1=C2CC[C@@](C)(O)[C@@H]2[C@@H]2[C@@H](CC1)C2(C)C", "bw_confidence": 0.002633891397009279, "confidence": 0.06631460955328752, "rclass": "11 11.5 11.5", "children": [{"smiles": "CC1=C2CC[C@@](C)(O)[C@@H]2[C@@H]2[C@@H](CC1)C2(C)C"}, {"smiles": "O=S(=O)(O)O"}]}, {"smiles": "CC1=C2CC[C@@](C)(O)[C@@H]2[C@@H]2[C@@H](CC1)C2(C)C", "bw_confidence": 0.001872100890514218, "confidence": 0.019127164539121364, "rclass": "11 11.7 11.7", "children": [{"smiles": "CC1=C2CC[C@@](C)(O)[C@@H]2[C@@H]2[C@@H](CC1)C2(C)C"}, {"smiles": "CC1=C2CC[C@@](C)(O)[C@@H]2[C@@H]2[C@@H](CC1)C2(C)C"}]}, {"smiles": "CC1=C2CC[C@@](C)(O)[C@@H]2[C@@H]2[C@@H](CC1)C2(C)C", "bw_confidence": 0.0014549454853690661, "confidence": 0.15659215404503257, "rclass": "7 7.5 7.5.1", "children": [{"smiles": "CC1=C2CCC(=O)[C@@H]2[C@@H]2[C@@H](CC1)C2(C)C"}, {"smiles": "CCOCC"}, {"smiles": "[Li+]~[AlH4-]"}]}, {"smiles": "CC1=C2CC[C@@](C)(O)[C@@H]2[C@@H]2[C@@H](CC1)C2(C)C", "bw_confidence": 0.0009953335303496192, "confidence": 0.020978731713927966, "rclass": "10 10.4 10.4.3", "children": [{"smiles": "CC1=C[C@H]2C(=C(C)CC[C@@H]3[C@@H]2C3(C)C)CC1"}, {"smiles": "O=C(OO)c1cccc(Cl)c1"}]}, {"smiles": "CC1=C2CC[C@@](C)(O)[C@@H]2[C@@H]2[C@@H](CC1)C2(C)C", "bw_confidence": 0.0005824148628806789, "confidence": 0.01586449017858037, "rclass": "8 8.8 8.8.11", "children": [{"smiles": "CC1=C2CC[C@H](C)[C@@H]2[C@@H]2[C@@H](CC1)C2(C)C"}, {"smiles": "ClCCl"}, {"smiles": "O=C(OO)c1cccc(Cl)c1"}]}, {"smiles": "CC1=C2CC[C@@](C)(O)[C@@H]2[C@@H]2[C@@H](CC1)C2(C)C", "bw_confidence": 0.00013913459569545725, "confidence": 0.01039587022595836, "rclass": "11 11.7 11.7", "children": [{"smiles": "CC1=C2CCC(=O)[C@@H]2[C@@H]2[C@@H](CC1)C2(C)C"}, {"smiles": "CC1=C2CC[C@@](C)(O)[C@@H]2[C@@H]2[C@@H](CC1)C2(C)C"}]}], "chem_bw_confidence_list": [0.10380242548458098, 0.0228429537856893, 0.007153011754941327, 0.0062901017116626795, 0.002633891397009279, 0.001872100890514218, 0.0014549454853690661, 0.0009953335303496192, 0.0005824148628806789, 0.00013913459569545725], "enzy_template_score_list": [0.043627332895994186, 0.02235419675707817, 0.06104252114892006, 0.0289805606007576, 0.013509060256183147, 0.010487787425518036, 0.010487787425518036, 0.01117456704378128, 0.008295763283967972, 0.008295763283967972, 0.008295763283967972, 0.008295763283967972, 0.011459185741841793, 0.006135414820164442, 0.007292172405868769], "enzy_result": [{"smiles": "CC(=O)O[C@]1(C)CCC2=C(C)CC[C@@H]3[C@@H]([C@H]21)C3(C)C", "smiles_split": ["CC(=O)O[C@]1(C)CCC2=C(C)CC[C@@H]3[C@@H]([C@H]21)C3(C)C"], "mapped_smiles": "[CH3:1][C:2]1=[C:3]2[CH2:4][CH2:5][C@@:6]([CH3:7])([O:8][C:901]([CH3:900])=[O:902])[C@@H:9]2[C@@H:10]2[C@@H:11]([CH2:12][CH2:13]1)[C:14]2([CH3:15])[CH3:16]", "reacting_atoms": [8], "template_id": "c4c17358d77559e0452152e0cbfcc087", "template_set": ["bkms"], "num_examples": 34, "necessary_reagent": "", "template_score": 0.043627332895994186, "rms_molwt": -262.193280072, "num_rings": -3, "plausibility": 1, "tforms": ["c4c17358d77559e0452152e0cbfcc087"], "rank": 1, "score": -5604.52152824653}, {"smiles": "CC1=C2CCC(C)[C@@H]2[C@@H]2[C@@H](CC1)C2(C)C", "smiles_split": ["CC1=C2CCC(C)[C@@H]2[C@@H]2[C@@H](CC1)C2(C)C"], "mapped_smiles": "[CH3:1][C:2]1=[C:3]2[CH2:4][CH2:5][CH:6]([CH3:7])[C@@H:9]2[C@@H:10]2[C@@H:11]([CH2:12][CH2:13]1)[C:14]2([CH3:15])[CH3:16]", "reacting_atoms": [6], "template_id": "f9abc1bd49d0c60e5b398fbc3b15b93f", "template_set": ["bkms"], "num_examples": 1, "necessary_reagent": "[O]", "template_score": 0.02235419675707817, "rms_molwt": -204.187800768, "num_rings": -3, "plausibility": 1, "tforms": ["f9abc1bd49d0c60e5b398fbc3b15b93f"], "rank": 2, "score": -8144.406571424083}, {"smiles": "CC1=C2CC[C@@](C)(O[C@@H]3O[C@H](CO)[C@@H](O)[C@H](O)[C@H]3O)[C@@H]2[C@@H]2[C@@H](CC1)C2(C)C", "smiles_split": ["CC1=C2CC[C@@](C)(O[C@@H]3O[C@H](CO)[C@@H](O)[C@H](O)[C@H]3O)[C@@H]2[C@@H]2[C@@H](CC1)C2(C)C"], "mapped_smiles": "[CH3:1][C:2]1=[C:3]2[CH2:4][CH2:5][C@@:6]([CH3:7])([O:8][C@@H:904]3[O:903][C@H:902]([CH2:901][OH:900])[C@@H:909]([OH:910])[C@H:907]([OH:908])[C@H:905]3[OH:906])[C@@H:9]2[C@@H:10]2[C@@H:11]([CH2:12][CH2:13]1)[C:14]2([CH3:15])[CH3:16]", "reacting_atoms": [8], "template_id": "b6e0cd700179bb80791b33730d6bcae3", "template_set": ["bkms"], "num_examples": 42, "necessary_reagent": "", "template_score": 0.06104252114892006, "rms_molwt": -382.235538808, "num_rings": -4, "plausibility": 1, "tforms": ["b6e0cd700179bb80791b33730d6bcae3"], "rank": 3, "score": -8607.300302548632}, {"smiles": "CC1=C2CC[C@@](C)(OP(=O)(O)O)[C@@H]2[C@@H]2[C@@H](CC1)C2(C)C", "smiles_split": ["CC1=C2CC[C@@](C)(OP(=O)(O)O)[C@@H]2[C@@H]2[C@@H](CC1)C2(C)C"], "mapped_smiles": "[CH3:1][C:2]1=[C:3]2[CH2:4][CH2:5][C@@:6]([CH3:7])([O:8][P:901]([OH:900])([OH:902])=[O:903])[C@@H:9]2[C@@H:10]2[C@@H:11]([CH2:12][CH2:13]1)[C:14]2([CH3:15])[CH3:16]", "reacting_atoms": [8], "template_id": "65bf7618263ef0544bfb3455ab5e0cbc", "template_set": ["bkms"], "num_examples": 167, "necessary_reagent": "", "template_score": 0.0289805606007576, "rms_molwt": -300.14904591000004, "num_rings": -3, "plausibility": 1, "tforms": ["65bf7618263ef0544bfb3455ab5e0cbc"], "rank": 4, "score": -8894.15523501905}, {"smiles": "CC1=C2C=CC(C)[C@@H]2[C@@H]2[C@@H](CC1)C2(C)C", "smiles_split": ["CC1=C2C=CC(C)[C@@H]2[C@@H]2[C@@H](CC1)C2(C)C"], "mapped_smiles": "[CH3:1][C:2]1=[C:3]2[CH:4]=[CH:5][CH:6]([CH3:7])[C@@H:9]2[C@@H:10]2[C@@H:11]([CH2:12][CH2:13]1)[C:14]2([CH3:15])[CH3:16]", "reacting_atoms": [4, 5, 6, 9], "template_id": "c9e4df557fdae971fbb8fa181ebd06f6", "template_set": ["bkms"], "num_examples": 1, "necessary_reagent": "[O]", "template_score": 0.013509060256183147, "rms_molwt": -202.172150704, "num_rings": -3, "plausibility": 1, "tforms": ["c9e4df557fdae971fbb8fa181ebd06f6"], "rank": 5, "score": -13477.004581715748}, {"smiles": "CC1=CC[C@@H]2[C@@H]([C@@H]3C1CC[C@@]3(C)O)C2(C)C", "smiles_split": ["CC1=CC[C@@H]2[C@@H]([C@@H]3C1CC[C@@]3(C)O)C2(C)C"], "mapped_smiles": "CC1=CC[C@@H]2[C@@H]([C@@H]3C1CC[C@@]3(C)O)C2(C)C", "reacting_atoms": [-1], "template_id": "c51c43ee792d469c9677cf66a69449e7", "template_set": ["bkms", "bkms"], "num_examples": 4, "necessary_reagent": "", "template_score": 0.010487787425518036, "rms_molwt": -220.182715388, "num_rings": -3, "plausibility": 1, "tforms": ["2471e24a55d57a96bf8c5d8d5d187af3", "c51c43ee792d469c9677cf66a69449e7"], "rank": 6, "score": -19725.05335850794}, {"smiles": "CC1CC[C@@H]2[C@@H]([C@@H]3C1=CC[C@@]3(C)O)C2(C)C", "smiles_split": ["CC1CC[C@@H]2[C@@H]([C@@H]3C1=CC[C@@]3(C)O)C2(C)C"], "mapped_smiles": "CC1CC[C@@H]2[C@@H]([C@@H]3C1=CC[C@@]3(C)O)C2(C)C", "reacting_atoms": [-1], "template_id": "c51c43ee792d469c9677cf66a69449e7", "template_set": ["bkms", "bkms"], "num_examples": 4, "necessary_reagent": "", "template_score": 0.010487787425518036, "rms_molwt": -220.182715388, "num_rings": -3, "plausibility": 1, "tforms": ["2471e24a55d57a96bf8c5d8d5d187af3", "c51c43ee792d469c9677cf66a69449e7"], "rank": 7, "score": -19725.05335850794}, {"smiles": "CC1=C2CC[C@@](C)(OS(=O)(=O)O)[C@@H]2[C@@H]2[C@@H](CC1)C2(C)C", "smiles_split": ["CC1=C2CC[C@@](C)(OS(=O)(=O)O)[C@@H]2[C@@H]2[C@@H](CC1)C2(C)C"], "mapped_smiles": "[CH3:1][C:2]1=[C:3]2[CH2:4][CH2:5][C@@:6]([CH3:7])([O:8][S:901]([OH:900])(=[O:902])=[O:903])[C@@H:9]2[C@@H:10]2[C@@H:11]([CH2:12][CH2:13]1)[C:14]2([CH3:15])[CH3:16]", "reacting_atoms": [8], "template_id": "bbfc6fa9ad5814e0fe812bc0c523ea3c", "template_set": ["bkms"], "num_examples": 15, "necessary_reagent": "", "template_score": 0.01117456704378128, "rms_molwt": -300.139530248, "num_rings": -3, "plausibility": 1, "tforms": ["bbfc6fa9ad5814e0fe812bc0c523ea3c"], "rank": 8, "score": -23066.451144920095}, {"smiles": "CC1=C2C(O)C[C@@](C)(O)[C@@H]2[C@@H]2[C@@H](CC1)C2(C)C", "smiles_split": ["CC1=C2C(O)C[C@@](C)(O)[C@@H]2[C@@H]2[C@@H](CC1)C2(C)C"], "mapped_smiles": "CC1=C2C(O)C[C@@](C)(O)[C@@H]2[C@@H]2[C@@H](CC1)C2(C)C", "reacting_atoms": [-1], "template_id": "81213fb75e46892b9fa5f6321771952e", "template_set": ["bkms", "bkms", "bkms"], "num_examples": 30, "necessary_reagent": "", "template_score": 0.008295763283967972, "rms_molwt": -236.177630008, "num_rings": -3, "plausibility": 1, "tforms": ["30e9d56bde10fbb0c5513016c230904e", "81213fb75e46892b9fa5f6321771952e", "19859b775fcd1996c7213b40cc4bafbb"], "rank": 9, "score": -26405.9798180806}, {"smiles": "CC1=C2CC(O)[C@@](C)(O)[C@@H]2[C@@H]2[C@@H](CC1)C2(C)C", "smiles_split": ["CC1=C2CC(O)[C@@](C)(O)[C@@H]2[C@@H]2[C@@H](CC1)C2(C)C"], "mapped_smiles": "CC1=C2CC(O)[C@@](C)(O)[C@@H]2[C@@H]2[C@@H](CC1)C2(C)C", "reacting_atoms": [-1], "template_id": "81213fb75e46892b9fa5f6321771952e", "template_set": ["bkms", "bkms", "bkms"], "num_examples": 30, "necessary_reagent": "", "template_score": 0.008295763283967972, "rms_molwt": -236.177630008, "num_rings": -3, "plausibility": 1, "tforms": ["30e9d56bde10fbb0c5513016c230904e", "81213fb75e46892b9fa5f6321771952e", "19859b775fcd1996c7213b40cc4bafbb"], "rank": 10, "score": -26405.9798180806}, {"smiles": "CC1=C2CC[C@@](C)(O)[C@@H]2[C@@H]2[C@@H](C(O)C1)C2(C)C", "smiles_split": ["CC1=C2CC[C@@](C)(O)[C@@H]2[C@@H]2[C@@H](C(O)C1)C2(C)C"], "mapped_smiles": "CC1=C2CC[C@@](C)(O)[C@@H]2[C@@H]2[C@@H](C(O)C1)C2(C)C", "reacting_atoms": [-1], "template_id": "81213fb75e46892b9fa5f6321771952e", "template_set": ["bkms", "bkms", "bkms"], "num_examples": 30, "necessary_reagent": "", "template_score": 0.008295763283967972, "rms_molwt": -236.177630008, "num_rings": -3, "plausibility": 1, "tforms": ["30e9d56bde10fbb0c5513016c230904e", "81213fb75e46892b9fa5f6321771952e", "19859b775fcd1996c7213b40cc4bafbb"], "rank": 11, "score": -26405.9798180806}, {"smiles": "CC1=C2CC[C@@](C)(O)[C@@H]2[C@@H]2[C@@H](CC1O)C2(C)C", "smiles_split": ["CC1=C2CC[C@@](C)(O)[C@@H]2[C@@H]2[C@@H](CC1O)C2(C)C"], "mapped_smiles": "CC1=C2CC[C@@](C)(O)[C@@H]2[C@@H]2[C@@H](CC1O)C2(C)C", "reacting_atoms": [-1], "template_id": "81213fb75e46892b9fa5f6321771952e", "template_set": ["bkms", "bkms", "bkms"], "num_examples": 30, "necessary_reagent": "", "template_score": 0.008295763283967972, "rms_molwt": -236.177630008, "num_rings": -3, "plausibility": 1, "tforms": ["30e9d56bde10fbb0c5513016c230904e", "81213fb75e46892b9fa5f6321771952e", "19859b775fcd1996c7213b40cc4bafbb"], "rank": 12, "score": -26405.9798180806}, {"smiles": "CC1=C2CC[C@@](C)(OP(=O)(O)OP(=O)(O)O)[C@@H]2[C@@H]2[C@@H](CC1)C2(C)C", "smiles_split": ["CC1=C2CC[C@@](C)(OP(=O)(O)OP(=O)(O)O)[C@@H]2[C@@H]2[C@@H](CC1)C2(C)C"], "mapped_smiles": "[CH3:1][C:2]1=[C:3]2[CH2:4][CH2:5][C@@:6]([CH3:7])([O:8][P:905]([O:904][P:901]([OH:900])([OH:902])=[O:903])([OH:906])=[O:907])[C@@H:9]2[C@@H:10]2[C@@H:11]([CH2:12][CH2:13]1)[C:14]2([CH3:15])[CH3:16]", "reacting_atoms": [8], "template_id": "4533f70e906e83f5f904b2229b486cf1", "template_set": ["bkms"], "num_examples": 6, "necessary_reagent": "", "template_score": 0.011459185741841793, "rms_molwt": -380.11537643199995, "num_rings": -3, "plausibility": 1, "tforms": ["4533f70e906e83f5f904b2229b486cf1"], "rank": 13, "score": -27403.620899659592}, {"smiles": "CC1=CCC2=C(C)CC[C@@H]3[C@@H]([C@@H]12)C3(C)C", "smiles_split": ["CC1=CCC2=C(C)CC[C@@H]3[C@@H]([C@@H]12)C3(C)C"], "mapped_smiles": "[CH3:1][C:2]1=[C:3]2[CH2:4][CH:5]=[C:6]([CH3:7])[C@@H:9]2[C@@H:10]2[C@@H:11]([CH2:12][CH2:13]1)[C:14]2([CH3:15])[CH3:16]", "reacting_atoms": [6, 5], "template_id": "bfdfc8dd3ffb8d45a3b2ca487fce5bc8", "template_set": ["bkms"], "num_examples": 1, "necessary_reagent": "[O]", "template_score": 0.006135414820164442, "rms_molwt": -202.172150704, "num_rings": -3, "plausibility": 1, "tforms": ["bfdfc8dd3ffb8d45a3b2ca487fce5bc8"], "rank": 14, "score": -29673.896925257082}, {"smiles": "CC1=C2CC[C@](O)(CO)[C@@H]2[C@@H]2[C@@H](CC1)C2(C)C", "smiles_split": ["CC1=C2CC[C@](O)(CO)[C@@H]2[C@@H]2[C@@H](CC1)C2(C)C"], "mapped_smiles": "[CH3:1][C:2]1=[C:3]2[CH2:4][CH2:5][C@@:6]([CH2:7][OH:900])([OH:8])[C@@H:9]2[C@@H:10]2[C@@H:11]([CH2:12][CH2:13]1)[C:14]2([CH3:15])[CH3:16]", "reacting_atoms": [7, 6], "template_id": "c4db9adeb4ad4c2bdb38e6a73be29f53", "template_set": ["bkms"], "num_examples": 14, "necessary_reagent": "", "template_score": 0.007292172405868769, "rms_molwt": -236.177630008, "num_rings": -3, "plausibility": 1, "tforms": ["c4db9adeb4ad4c2bdb38e6a73be29f53"], "rank": 15, "score": -30040.123252672107}]}