{"smiles": "COc1cc(O)c(C(=O)O[C@@H]2C[C@@]3(C)C2=C(CO)[C@H](O)[C@H]2CC(C)(C)C[C@H]23)c(C)c1Cl", "sfscore": [0.49589985609054565, 0.5263903141021729], "chem_result": [{"smiles": "COc1cc(O)c(C(=O)O[C@@H]2C[C@@]3(C)C2=C(CO)[C@H](O)[C@H]2CC(C)(C)C[C@H]23)c(C)c1Cl", "bw_confidence": 0.16752794267244517, "confidence": 0.22121633110464398, "rclass": "7 7.9 7.9.1", "children": [{"smiles": "CO"}, {"smiles": "COc1cc(O)c(C(=O)O[C@@H]2C[C@@]3(C)C2=C(C=O)[C@H](O)[C@H]2CC(C)(C)C[C@H]23)c(C)c1Cl"}, {"smiles": "[BH4-]~[Na+]"}]}, {"smiles": "COc1cc(O)c(C(=O)O[C@@H]2C[C@@]3(C)C2=C(CO)[C@H](O)[C@H]2CC(C)(C)C[C@H]23)c(C)c1Cl", "bw_confidence": 0.05146369596706675, "confidence": 0.08590476895689994, "rclass": "6 6.3 6.3.2", "children": [{"smiles": "C1CCOC1"}, {"smiles": "CCCC[N+](CCCC)(CCCC)CCCC~[F-]"}, {"smiles": "COc1cc(O)c(C(=O)O[C@@H]2C[C@@]3(C)C2=C(CO[Si](C)(C)C(C)(C)C)[C@H](O[Si](C)(C)C(C)(C)C)[C@H]2CC(C)(C)C[C@H]23)c(C)c1Cl"}]}, {"smiles": "COc1cc(O)c(C(=O)O[C@@H]2C[C@@]3(C)C2=C(CO)[C@H](O)[C@H]2CC(C)(C)C[C@H]23)c(C)c1Cl", "bw_confidence": 0.026697600634316997, "confidence": 0.05151774870850695, "rclass": "10 10.1 10.1.2", "children": [{"smiles": "CC#N"}, {"smiles": "COc1cc(C)c(C(=O)O[C@@H]2C[C@@]3(C)C2=C(CO)[C@H](O)[C@H]2CC(C)(C)C[C@H]23)c(O)c1"}, {"smiles": "O=C1CCC(=O)N1Cl"}]}, {"smiles": "COc1cc(O)c(C(=O)O[C@@H]2C[C@@]3(C)C2=C(CO)[C@H](O)[C@H]2CC(C)(C)C[C@H]23)c(C)c1Cl", "bw_confidence": 0.018608406711614386, "confidence": 0.09079874269945448, "rclass": "1 1.7 1.7.4", "children": [{"smiles": "CC(C)=O"}, {"smiles": "CI"}, {"smiles": "Cc1c(Cl)c(O)cc(O)c1C(=O)O[C@@H]1C[C@@]2(C)C1=C(CO)[C@H](O)[C@H]1CC(C)(C)C[C@H]12"}, {"smiles": "O=C([O-])[O-]~[K+]~[K+]"}]}, {"smiles": "COc1cc(O)c(C(=O)O[C@@H]2C[C@@]3(C)C2=C(CO)[C@H](O)[C@H]2CC(C)(C)C[C@H]23)c(C)c1Cl", "bw_confidence": 0.01342029727966462, "confidence": 0.01336176932563085, "rclass": "8 8.8 8.8.11", "children": [{"smiles": "COc1cc(O)c(C(=O)O[C@@H]2C[C@@]3(C)C2=C(C)[C@H](O)[C@H]2CC(C)(C)C[C@H]23)c(C)c1Cl"}, {"smiles": "ClCCl"}, {"smiles": "O=C(OO)c1cccc(Cl)c1"}]}, {"smiles": "COc1cc(O)c(C(=O)O[C@@H]2C[C@@]3(C)C2=C(CO)[C@H](O)[C@H]2CC(C)(C)C[C@H]23)c(C)c1Cl", "bw_confidence": 0.012960783914450958, "confidence": 0.01241274034005814, "rclass": "11 11.5 11.5", "children": [{"smiles": "CO"}, {"smiles": "COc1cc(O)c(C(=O)O[C@@H]2C[C@@]3(C)C2=C(CO)[C@H](O)[C@H]2CC(C)(C)C[C@H]23)c(C)c1Cl"}]}, {"smiles": "COc1cc(O)c(C(=O)O[C@@H]2C[C@@]3(C)C2=C(CO)[C@H](O)[C@H]2CC(C)(C)C[C@H]23)c(C)c1Cl", "bw_confidence": 0.004932822832810411, "confidence": 0.037218579298781765, "rclass": "1 1.2 1.2.10", "children": [{"smiles": "C=O"}, {"smiles": "COc1cc(O)c(C(=O)O[C@@H]2C[C@@]3(C)C2=C(CO)[C@H](O)[C@H]2CC(C)(C)C[C@H]23)c(C)c1Cl"}]}, {"smiles": "COc1cc(O)c(C(=O)O[C@@H]2C[C@@]3(C)C2=C(CO)[C@H](O)[C@H]2CC(C)(C)C[C@H]23)c(C)c1Cl", "bw_confidence": 0.0029925218107357664, "confidence": 0.2302116446878747, "rclass": "0 0 0", "children": [{"smiles": "C1CCOC1"}, {"smiles": "CCCC[N+](CCCC)(CCCC)CCCC~[F-]"}, {"smiles": "COc1cc(O)c(C(=O)O[C@@H]2C[C@@]3(C)C2=C(CO[Si](c2ccccc2)(c2ccccc2)C(C)(C)C)[C@H](O[Si](C)(C)C(C)(C)C)[C@H]2CC(C)(C)C[C@H]23)c(C)c1Cl"}]}, {"smiles": "COc1cc(O)c(C(=O)O[C@@H]2C[C@@]3(C)C2=C(CO)[C@H](O)[C@H]2CC(C)(C)C[C@H]23)c(C)c1Cl", "bw_confidence": 0.0027651476670642492, "confidence": 0.17878932407645512, "rclass": "9 9.7 9.7.326", "children": [{"smiles": "COc1cc(O)c(C(=O)O[C@@H]2C[C@@]3(C)C2=C(COC(C)(C)C)[C@H](O)[C@H]2CC(C)(C)C[C@H]23)c(C)c1Cl"}, {"smiles": "ClCCl"}, {"smiles": "O=C(O)C(F)(F)F"}]}, {"smiles": "COc1cc(O)c(C(=O)O[C@@H]2C[C@@]3(C)C2=C(CO)[C@H](O)[C@H]2CC(C)(C)C[C@H]23)c(C)c1Cl", "bw_confidence": 0.0003779499612400168, "confidence": 0.029919754361442598, "rclass": "7 7.9 7.9.1", "children": [{"smiles": "COc1cc(O)c(C(=O)O[C@@H]2C[C@]3(C)CC3=C(C=O)[C@H](O)[C@H]3CC(C)(C)C[C@@H]32)c(C)c1Cl"}, {"smiles": "ClCCl"}, {"smiles": "O=C(OO)c1cccc(Cl)c1"}]}], "chem_bw_confidence_list": [0.16752794267244517, 0.05146369596706675, 0.026697600634316997, 0.018608406711614386, 0.01342029727966462, 0.012960783914450958, 0.004932822832810411, 0.0029925218107357664, 0.0027651476670642492, 0.0003779499612400168], "enzy_template_score_list": [0.28473779559135437, 0.12434796988964081, 0.14134351909160614, 0.14134351909160614, 0.07778146862983704, 0.08945725858211517, 0.08945725858211517, 0.01216224767267704, 0.02127641998231411, 0.02127641998231411, 0.011044449172914028, 0.011044449172914028, 0.009508567862212658, 0.008679226972162724, 0.006854756735265255], "enzy_result": [{"smiles": "COc1cc(C)c(C(=O)O[C@@H]2C[C@@]3(C)C2=C(CO)[C@H](O)[C@H]2CC(C)(C)C[C@H]23)c(O)c1", "smiles_split": ["COc1cc(C)c(C(=O)O[C@@H]2C[C@@]3(C)C2=C(CO)[C@H](O)[C@H]2CC(C)(C)C[C@H]23)c(O)c1"], "mapped_smiles": "[CH3:1][O:2][c:3]1[cH:4][c:5]([OH:6])[c:7]([C:8](=[O:9])[O:10][C@@H:11]2[CH2:12][C@@:13]3([CH3:14])[C:15]2=[C:16]([CH2:17][OH:18])[C@H:19]([OH:20])[C@H:21]2[CH2:22][C:23]([CH3:24])([CH3:25])[CH2:26][C@@H:27]32)[c:28]([CH3:29])[cH:30]1", "reacting_atoms": [30], "template_id": "23052e1ade7c53ea09cfec88d8cf66d2", "template_set": ["bkms"], "num_examples": 20, "necessary_reagent": "[Cl]", "template_score": 0.28473779559135437, "rms_molwt": -416.21988874399995, "num_rings": -4, "plausibility": 1, "tforms": ["23052e1ade7c53ea09cfec88d8cf66d2"], "rank": 1, "score": -1497.8893132130497}, {"smiles": "Cc1c(Cl)c(O)cc(O)c1C(=O)O[C@@H]1C[C@@]2(C)C1=C(CO)[C@H](O)[C@H]1CC(C)(C)C[C@H]12", "smiles_split": ["Cc1c(Cl)c(O)cc(O)c1C(=O)O[C@@H]1C[C@@]2(C)C1=C(CO)[C@H](O)[C@H]1CC(C)(C)C[C@H]12"], "mapped_smiles": "[OH:2][c:3]1[cH:4][c:5]([OH:6])[c:7]([C:8](=[O:9])[O:10][C@@H:11]2[CH2:12][C@@:13]3([CH3:14])[C:15]2=[C:16]([CH2:17][OH:18])[C@H:19]([OH:20])[C@H:21]2[CH2:22][C:23]([CH3:24])([CH3:25])[CH2:26][C@@H:27]32)[c:28]([CH3:29])[c:30]1[Cl:31]", "reacting_atoms": [2], "template_id": "e0e2b378d623262efad3f5cff831b758", "template_set": ["bkms"], "num_examples": 223, "necessary_reagent": "[C]", "template_score": 0.12434796988964081, "rms_molwt": -436.165266328, "num_rings": -4, "plausibility": 1, "tforms": ["e0e2b378d623262efad3f5cff831b758"], "rank": 2, "score": -3429.9369862061812}, {"smiles": "COc1cc(O)c(C(=O)O[C@@H]2C[C@@]3(C)C2=C(CO)[C@H](OC(C)=O)[C@H]2CC(C)(C)C[C@H]23)c(C)c1Cl", "smiles_split": ["COc1cc(O)c(C(=O)O[C@@H]2C[C@@]3(C)C2=C(CO)[C@H](OC(C)=O)[C@H]2CC(C)(C)C[C@H]23)c(C)c1Cl"], "mapped_smiles": "[CH3:1][O:2][c:3]1[cH:4][c:5]([OH:6])[c:7]([C:8](=[O:9])[O:10][C@@H:11]2[CH2:12][C@@:13]3([CH3:14])[C:15]2=[C:16]([CH2:17][OH:18])[C@H:19]([O:20][C:901]([CH3:900])=[O:902])[C@H:21]2[CH2:22][C:23]([CH3:24])([CH3:25])[CH2:26][C@@H:27]32)[c:28]([CH3:29])[c:30]1[Cl:31]", "reacting_atoms": [20, 19], "template_id": "c4c17358d77559e0452152e0cbfcc087", "template_set": ["bkms", "bkms"], "num_examples": 36, "necessary_reagent": "", "template_score": 0.14134351909160614, "rms_molwt": -492.191481076, "num_rings": -4, "plausibility": 1, "tforms": ["b839ed501b7f44ff8ed8a0b448d586e2", "c4c17358d77559e0452152e0cbfcc087"], "rank": 3, "score": -3490.6226942796707}, {"smiles": "COc1cc(O)c(C(=O)O[C@@H]2C[C@@]3(C)C2=C(COC(C)=O)[C@H](O)[C@H]2CC(C)(C)C[C@H]23)c(C)c1Cl", "smiles_split": ["COc1cc(O)c(C(=O)O[C@@H]2C[C@@]3(C)C2=C(COC(C)=O)[C@H](O)[C@H]2CC(C)(C)C[C@H]23)c(C)c1Cl"], "mapped_smiles": "[CH3:1][O:2][c:3]1[cH:4][c:5]([OH:6])[c:7]([C:8](=[O:9])[O:10][C@@H:11]2[CH2:12][C@@:13]3([CH3:14])[C:15]2=[C:16]([CH2:17][O:18][C:901]([CH3:900])=[O:902])[C@H:19]([OH:20])[C@H:21]2[CH2:22][C:23]([CH3:24])([CH3:25])[CH2:26][C@@H:27]32)[c:28]([CH3:29])[c:30]1[Cl:31]", "reacting_atoms": [18], "template_id": "c4c17358d77559e0452152e0cbfcc087", "template_set": ["bkms", "bkms"], "num_examples": 36, "necessary_reagent": "", "template_score": 0.14134351909160614, "rms_molwt": -492.191481076, "num_rings": -4, "plausibility": 1, "tforms": ["b839ed501b7f44ff8ed8a0b448d586e2", "c4c17358d77559e0452152e0cbfcc087"], "rank": 4, "score": -3490.6226942796707}, {"smiles": "COc1ccc(C(=O)O[C@@H]2C[C@@]3(C)C2=C(CO)[C@H](O)[C@H]2CC(C)(C)C[C@H]23)c(C)c1Cl", "smiles_split": ["COc1ccc(C(=O)O[C@@H]2C[C@@]3(C)C2=C(CO)[C@H](O)[C@H]2CC(C)(C)C[C@H]23)c(C)c1Cl"], "mapped_smiles": "[CH3:1][O:2][c:3]1[cH:4][cH:5][c:7]([C:8](=[O:9])[O:10][C@@H:11]2[CH2:12][C@@:13]3([CH3:14])[C:15]2=[C:16]([CH2:17][OH:18])[C@H:19]([OH:20])[C@H:21]2[CH2:22][C:23]([CH3:24])([CH3:25])[CH2:26][C@@H:27]32)[c:28]([CH3:29])[c:30]1[Cl:31]", "reacting_atoms": [5], "template_id": "3c2c4cfbcb3bcb992a014c1db6900c8d", "template_set": ["bkms", "bkms"], "num_examples": 217, "necessary_reagent": "[O]", "template_score": 0.07778146862983704, "rms_molwt": -434.18600177200005, "num_rings": -4, "plausibility": 1, "tforms": ["0196ec2e3c18d58f389aba8cf5ab4030", "3c2c4cfbcb3bcb992a014c1db6900c8d"], "rank": 5, "score": -5483.3845207253335}, {"smiles": "COc1cc(O)c(C(=O)O[C@@H]2C[C@@]3(C)C2=C(COP(=O)(O)O)[C@H](O)[C@H]2CC(C)(C)C[C@H]23)c(C)c1Cl", "smiles_split": ["COc1cc(O)c(C(=O)O[C@@H]2C[C@@]3(C)C2=C(COP(=O)(O)O)[C@H](O)[C@H]2CC(C)(C)C[C@H]23)c(C)c1Cl"], "mapped_smiles": "[CH3:1][O:2][c:3]1[cH:4][c:5]([OH:6])[c:7]([C:8](=[O:9])[O:10][C@@H:11]2[CH2:12][C@@:13]3([CH3:14])[C:15]2=[C:16]([CH2:17][O:18][P:901]([OH:900])([OH:902])=[O:903])[C@H:19]([OH:20])[C@H:21]2[CH2:22][C:23]([CH3:24])([CH3:25])[CH2:26][C@@H:27]32)[c:28]([CH3:29])[c:30]1[Cl:31]", "reacting_atoms": [18], "template_id": "65bf7618263ef0544bfb3455ab5e0cbc", "template_set": ["bkms", "bkms"], "num_examples": 169, "necessary_reagent": "", "template_score": 0.08945725858211517, "rms_molwt": -530.1472469139999, "num_rings": -4, "plausibility": 1, "tforms": ["26954dcab0a6eac29963c197752559e2", "65bf7618263ef0544bfb3455ab5e0cbc"], "rank": 6, "score": -5712.199987985846}, {"smiles": "COc1cc(O)c(C(=O)O[C@@H]2C[C@@]3(C)C2=C(CO)[C@H](OP(=O)(O)O)[C@H]2CC(C)(C)C[C@H]23)c(C)c1Cl", "smiles_split": ["COc1cc(O)c(C(=O)O[C@@H]2C[C@@]3(C)C2=C(CO)[C@H](OP(=O)(O)O)[C@H]2CC(C)(C)C[C@H]23)c(C)c1Cl"], "mapped_smiles": "[CH3:1][O:2][c:3]1[cH:4][c:5]([OH:6])[c:7]([C:8](=[O:9])[O:10][C@@H:11]2[CH2:12][C@@:13]3([CH3:14])[C:15]2=[C:16]([CH2:17][OH:18])[C@H:19]([O:20][P:901]([OH:900])([OH:902])=[O:903])[C@H:21]2[CH2:22][C:23]([CH3:24])([CH3:25])[CH2:26][C@@H:27]32)[c:28]([CH3:29])[c:30]1[Cl:31]", "reacting_atoms": [20, 19], "template_id": "65bf7618263ef0544bfb3455ab5e0cbc", "template_set": ["bkms", "bkms"], "num_examples": 169, "necessary_reagent": "", "template_score": 0.08945725858211517, "rms_molwt": -530.147246914, "num_rings": -4, "plausibility": 1, "tforms": ["26954dcab0a6eac29963c197752559e2", "65bf7618263ef0544bfb3455ab5e0cbc"], "rank": 7, "score": -5712.199987985846}, {"smiles": "COc1cc(O)c(C(=O)O[C@@H]2C[C@@]3(C)C2=C(CO)[C@H](O)[C@H]2CC(C)(C)C[C@H]23)cc1Cl", "smiles_split": ["COc1cc(O)c(C(=O)O[C@@H]2C[C@@]3(C)C2=C(CO)[C@H](O)[C@H]2CC(C)(C)C[C@H]23)cc1Cl"], "mapped_smiles": "[CH3:1][O:2][c:3]1[cH:4][c:5]([OH:6])[c:7]([C:8](=[O:9])[O:10][C@@H:11]2[CH2:12][C@@:13]3([CH3:14])[C:15]2=[C:16]([CH2:17][OH:18])[C@H:19]([OH:20])[C@H:21]2[CH2:22][C:23]([CH3:24])([CH3:25])[CH2:26][C@@H:27]32)[cH:28][c:30]1[Cl:31]", "reacting_atoms": [28], "template_id": "d37633c1e39f33600ccddbb73a63542a", "template_set": ["bkms", "bkms"], "num_examples": 30, "necessary_reagent": "[C]", "template_score": 0.01216224767267704, "rms_molwt": -436.16526632800003, "num_rings": -4, "plausibility": 1, "tforms": ["d37633c1e39f33600ccddbb73a63542a", "478a445f0ffd6e46ff092b7d0a624fa1"], "rank": 8, "score": -35067.99997522605}, {"smiles": "COc1cc(O)c(C(=O)O[C@@H]2C[C@@]3(C)C2=C(CO)[C@H](O[C@@H]2O[C@H](CO)[C@@H](O)[C@H](O)[C@H]2O)[C@H]2CC(C)(C)C[C@H]23)c(C)c1Cl", "smiles_split": ["COc1cc(O)c(C(=O)O[C@@H]2C[C@@]3(C)C2=C(CO)[C@H](O[C@@H]2O[C@H](CO)[C@@H](O)[C@H](O)[C@H]2O)[C@H]2CC(C)(C)C[C@H]23)c(C)c1Cl"], "mapped_smiles": "[CH3:1][O:2][c:3]1[cH:4][c:5]([OH:6])[c:7]([C:8](=[O:9])[O:10][C@@H:11]2[CH2:12][C@@:13]3([CH3:14])[C:15]2=[C:16]([CH2:17][OH:18])[C@H:19]([O:20][C@@H:904]2[O:903][C@H:902]([CH2:901][OH:900])[C@@H:909]([OH:910])[C@H:907]([OH:908])[C@H:905]2[OH:906])[C@H:21]2[CH2:22][C:23]([CH3:24])([CH3:25])[CH2:26][C@@H:27]32)[c:28]([CH3:29])[c:30]1[Cl:31]", "reacting_atoms": [20, 19], "template_id": "b6e0cd700179bb80791b33730d6bcae3", "template_set": ["bkms"], "num_examples": 42, "necessary_reagent": "", "template_score": 0.02127641998231411, "rms_molwt": -612.2337398119998, "num_rings": -5, "plausibility": 1, "tforms": ["b6e0cd700179bb80791b33730d6bcae3"], "rank": 9, "score": -38878.78220495454}, {"smiles": "COc1cc(O)c(C(=O)O[C@@H]2C[C@@]3(C)C2=C(CO[C@@H]2O[C@H](CO)[C@@H](O)[C@H](O)[C@H]2O)[C@H](O)[C@H]2CC(C)(C)C[C@H]23)c(C)c1Cl", "smiles_split": ["COc1cc(O)c(C(=O)O[C@@H]2C[C@@]3(C)C2=C(CO[C@@H]2O[C@H](CO)[C@@H](O)[C@H](O)[C@H]2O)[C@H](O)[C@H]2CC(C)(C)C[C@H]23)c(C)c1Cl"], "mapped_smiles": "[CH3:1][O:2][c:3]1[cH:4][c:5]([OH:6])[c:7]([C:8](=[O:9])[O:10][C@@H:11]2[CH2:12][C@@:13]3([CH3:14])[C:15]2=[C:16]([CH2:17][O:18][C@@H:904]2[O:903][C@H:902]([CH2:901][OH:900])[C@@H:909]([OH:910])[C@H:907]([OH:908])[C@H:905]2[OH:906])[C@H:19]([OH:20])[C@H:21]2[CH2:22][C:23]([CH3:24])([CH3:25])[CH2:26][C@@H:27]32)[c:28]([CH3:29])[c:30]1[Cl:31]", "reacting_atoms": [18], "template_id": "b6e0cd700179bb80791b33730d6bcae3", "template_set": ["bkms"], "num_examples": 42, "necessary_reagent": "", "template_score": 0.02127641998231411, "rms_molwt": -612.2337398119998, "num_rings": -5, "plausibility": 1, "tforms": ["b6e0cd700179bb80791b33730d6bcae3"], "rank": 10, "score": -38878.78220495454}, {"smiles": "COCC1=C2[C@H](OC(=O)c3c(O)cc(OC)c(Cl)c3C)C[C@]2(C)[C@@H]2CC(C)(C)C[C@@H]2[C@H]1O", "smiles_split": ["COCC1=C2[C@H](OC(=O)c3c(O)cc(OC)c(Cl)c3C)C[C@]2(C)[C@@H]2CC(C)(C)C[C@@H]2[C@H]1O"], "mapped_smiles": "[CH3:1][O:2][c:3]1[cH:4][c:5]([OH:6])[c:7]([C:8](=[O:9])[O:10][C@@H:11]2[CH2:12][C@@:13]3([CH3:14])[C:15]2=[C:16]([CH2:17][O:18][CH3:900])[C@H:19]([OH:20])[C@H:21]2[CH2:22][C:23]([CH3:24])([CH3:25])[CH2:26][C@@H:27]32)[c:28]([CH3:29])[c:30]1[Cl:31]", "reacting_atoms": [18], "template_id": "a090a3516f516a1ef9b165a0c4bf67c4", "template_set": ["bkms"], "num_examples": 5, "necessary_reagent": "", "template_score": 0.011044449172914028, "rms_molwt": -464.19656645599997, "num_rings": -4, "plausibility": 1, "tforms": ["a090a3516f516a1ef9b165a0c4bf67c4"], "rank": 11, "score": -41551.26537899243}, {"smiles": "COc1cc(O)c(C(=O)O[C@@H]2C[C@@]3(C)C2=C(CO)[C@H](OC)[C@H]2CC(C)(C)C[C@H]23)c(C)c1Cl", "smiles_split": ["COc1cc(O)c(C(=O)O[C@@H]2C[C@@]3(C)C2=C(CO)[C@H](OC)[C@H]2CC(C)(C)C[C@H]23)c(C)c1Cl"], "mapped_smiles": "[CH3:1][O:2][c:3]1[cH:4][c:5]([OH:6])[c:7]([C:8](=[O:9])[O:10][C@@H:11]2[CH2:12][C@@:13]3([CH3:14])[C:15]2=[C:16]([CH2:17][OH:18])[C@H:19]([O:20][CH3:900])[C@H:21]2[CH2:22][C:23]([CH3:24])([CH3:25])[CH2:26][C@@H:27]32)[c:28]([CH3:29])[c:30]1[Cl:31]", "reacting_atoms": [20, 19], "template_id": "a090a3516f516a1ef9b165a0c4bf67c4", "template_set": ["bkms"], "num_examples": 5, "necessary_reagent": "", "template_score": 0.011044449172914028, "rms_molwt": -464.196566456, "num_rings": -4, "plausibility": 1, "tforms": ["a090a3516f516a1ef9b165a0c4bf67c4"], "rank": 12, "score": -41551.26537899243}, {"smiles": "COc1cc(OC)c(C(=O)O[C@@H]2C[C@@]3(C)C2=C(CO)[C@H](O)[C@H]2CC(C)(C)C[C@H]23)c(C)c1Cl", "smiles_split": ["COc1cc(OC)c(C(=O)O[C@@H]2C[C@@]3(C)C2=C(CO)[C@H](O)[C@H]2CC(C)(C)C[C@H]23)c(C)c1Cl"], "mapped_smiles": "[CH3:1][O:2][c:3]1[cH:4][c:5]([O:6][CH3:900])[c:7]([C:8](=[O:9])[O:10][C@@H:11]2[CH2:12][C@@:13]3([CH3:14])[C:15]2=[C:16]([CH2:17][OH:18])[C@H:19]([OH:20])[C@H:21]2[CH2:22][C:23]([CH3:24])([CH3:25])[CH2:26][C@@H:27]32)[c:28]([CH3:29])[c:30]1[Cl:31]", "reacting_atoms": [6], "template_id": "c11dbf440d2e73a73293e1875c2ee134", "template_set": ["bkms"], "num_examples": 59, "necessary_reagent": "", "template_score": 0.009508567862212658, "rms_molwt": -464.196566456, "num_rings": -4, "plausibility": 1, "tforms": ["c11dbf440d2e73a73293e1875c2ee134"], "rank": 13, "score": -48262.87672324137}, {"smiles": "Cc1c(Cl)c(OC(C)C)cc(O)c1C(=O)O[C@@H]1C[C@@]2(C)C1=C(CO)[C@H](O)[C@H]1CC(C)(C)C[C@H]12", "smiles_split": ["Cc1c(Cl)c(OC(C)C)cc(O)c1C(=O)O[C@@H]1C[C@@]2(C)C1=C(CO)[C@H](O)[C@H]1CC(C)(C)C[C@H]12"], "mapped_smiles": "[CH:1]([O:2][c:3]1[cH:4][c:5]([OH:6])[c:7]([C:8](=[O:9])[O:10][C@@H:11]2[CH2:12][C@@:13]3([CH3:14])[C:15]2=[C:16]([CH2:17][OH:18])[C@H:19]([OH:20])[C@H:21]2[CH2:22][C:23]([CH3:24])([CH3:25])[CH2:26][C@@H:27]32)[c:28]([CH3:29])[c:30]1[Cl:31])([CH3:900])[CH3:901]", "reacting_atoms": [1], "template_id": "94aa6093dbbc5a8d11f127a6c1ec9b94", "template_set": ["bkms"], "num_examples": 1, "necessary_reagent": "", "template_score": 0.008679226972162724, "rms_molwt": -478.21221651999997, "num_rings": -4, "plausibility": 1, "tforms": ["94aa6093dbbc5a8d11f127a6c1ec9b94"], "rank": 14, "score": -54845.12650484666}, {"smiles": "COc1cc(O)c(C(=O)O[C@@H]2C[C@@]3(C)C2=C(COS(=O)(=O)O)[C@H](O)[C@H]2CC(C)(C)C[C@H]23)c(C)c1Cl", "smiles_split": ["COc1cc(O)c(C(=O)O[C@@H]2C[C@@]3(C)C2=C(COS(=O)(=O)O)[C@H](O)[C@H]2CC(C)(C)C[C@H]23)c(C)c1Cl"], "mapped_smiles": "[CH3:1][O:2][c:3]1[cH:4][c:5]([OH:6])[c:7]([C:8](=[O:9])[O:10][C@@H:11]2[CH2:12][C@@:13]3([CH3:14])[C:15]2=[C:16]([CH2:17][O:18][S:901]([OH:900])(=[O:902])=[O:903])[C@H:19]([OH:20])[C@H:21]2[CH2:22][C:23]([CH3:24])([CH3:25])[CH2:26][C@@H:27]32)[c:28]([CH3:29])[c:30]1[Cl:31]", "reacting_atoms": [18], "template_id": "bbfc6fa9ad5814e0fe812bc0c523ea3c", "template_set": ["bkms"], "num_examples": 15, "necessary_reagent": "", "template_score": 0.006854756735265255, "rms_molwt": -530.1377312519999, "num_rings": -4, "plausibility": 1, "tforms": ["bbfc6fa9ad5814e0fe812bc0c523ea3c"], "rank": 15, "score": -74546.44579421842}]}