{"smiles": "COc1cc(C=O)ccc1OCC(=O)N1CCCCC1", "sfscore": [0.6109023094177246, 0.3869229853153229], "chem_result": [{"smiles": "COc1cc(C=O)ccc1OCC(=O)N1CCCCC1", "bw_confidence": 0.22420246808384797, "confidence": 0.9876218013777933, "rclass": "8 8.1 8.1.4", "children": [{"smiles": "COc1cc(CO)ccc1OCC(=O)N1CCCCC1"}, {"smiles": "ClCCl"}, {"smiles": "O=[Mn]=O"}]}, {"smiles": "COc1cc(C=O)ccc1OCC(=O)N1CCCCC1", "bw_confidence": 0.1585262220746974, "confidence": 0.9620847514579222, "rclass": "1 1.7 1.7.9", "children": [{"smiles": "CN(C)C=O"}, {"smiles": "COc1cc(C=O)ccc1O"}, {"smiles": "O=C(CCl)N1CCCCC1"}, {"smiles": "O=C([O-])[O-]~[K+]~[K+]"}]}, {"smiles": "COc1cc(C=O)ccc1OCC(=O)N1CCCCC1", "bw_confidence": 0.10501650080161033, "confidence": 0.5478430014974411, "rclass": "2 2.1 2.1.2", "children": [{"smiles": "C1CCNCC1"}, {"smiles": "COc1cc(C=O)ccc1OCC(=O)O"}]}, {"smiles": "COc1cc(C=O)ccc1OCC(=O)N1CCCCC1", "bw_confidence": 0.10358183000392418, "confidence": 0.788979234573561, "rclass": "3 3.9 3.9.55", "children": [{"smiles": "COC(Cl)Cl"}, {"smiles": "COc1ccccc1OCC(=O)N1CCCCC1"}, {"smiles": "ClCCl"}, {"smiles": "Cl[Ti](Cl)(Cl)Cl"}]}, {"smiles": "COc1cc(C=O)ccc1OCC(=O)N1CCCCC1", "bw_confidence": 0.08354684998366138, "confidence": 0.9750375239336088, "rclass": "6 6.5 6.5.2", "children": [{"smiles": "C1CCOC1"}, {"smiles": "COc1cc(C2OCCO2)ccc1OCC(=O)N1CCCCC1"}, {"smiles": "Cl"}]}, {"smiles": "COc1cc(C=O)ccc1OCC(=O)N1CCCCC1", "bw_confidence": 0.054125310199288075, "confidence": 0.4629031684309252, "rclass": "9 9.7 9.7.182", "children": [{"smiles": "CC(C)C[AlH]CC(C)C"}, {"smiles": "COc1cc(C#N)ccc1OCC(=O)N1CCCCC1"}, {"smiles": "ClCCl"}]}, {"smiles": "COc1cc(C=O)ccc1OCC(=O)N1CCCCC1", "bw_confidence": 0.036644048562728467, "confidence": 0.7233320457834449, "rclass": "10 10.4 10.4.1", "children": [{"smiles": "COc1ccccc1OCC(=O)N1CCCCC1"}, {"smiles": "ClCCl"}, {"smiles": "Cl[Ti](Cl)(Cl)Cl"}]}, {"smiles": "COc1cc(C=O)ccc1OCC(=O)N1CCCCC1", "bw_confidence": 0.03615435123263155, "confidence": 0.5228007505774449, "rclass": "7 7.6 7.6.1", "children": [{"smiles": "CO"}, {"smiles": "COc1cc(C=O)ccc1OCC(=O)N1CC=CCC1"}, {"smiles": "[Pd]"}]}, {"smiles": "COc1cc(C=O)ccc1OCC(=O)N1CCCCC1", "bw_confidence": 0.017205794542263928, "confidence": 0.30408190834545673, "rclass": "11 11.9 11.9", "children": [{"smiles": "C1CCNCC1"}, {"smiles": "COc1cc(C=O)ccc1OCC(=O)N1CCCCC1~Cl"}]}], "chem_bw_confidence_list": [0.22420246808384797, 0.1585262220746974, 0.10501650080161033, 0.10358183000392418, 0.08354684998366138, 0.054125310199288075, 0.036644048562728467, 0.03615435123263155, 0.017205794542263928], "enzy_template_score_list": [0.9056572318077087, 0.047641903162002563, 0.024042390286922455, 0.007099946029484272, 7.79320762376301e-05, 5.858474878550624e-07, 0.002403783844783902, 0.0020642385352402925, 0.0020642385352402925, 0.0020642385352402925, 0.0015941343735903502, 0.0008878899388946593, 0.00043321968405507505, 0.001895149820484221, 0.0003209106798749417], "enzy_result": [{"smiles": "O=Cc1ccc(OCC(=O)N2CCCCC2)c(O)c1", "smiles_split": ["O=Cc1ccc(OCC(=O)N2CCCCC2)c(O)c1"], "mapped_smiles": "[OH:2][c:3]1[cH:4][c:5]([CH:6]=[O:7])[cH:8][cH:9][c:10]1[O:11][CH2:12][C:13](=[O:14])[N:15]1[CH2:16][CH2:17][CH2:18][CH2:19][CH2:20]1", "reacting_atoms": [2], "template_id": "e0e2b378d623262efad3f5cff831b758", "template_set": ["bkms"], "num_examples": 223, "necessary_reagent": "[C]", "template_score": 0.9056572318077087, "rms_molwt": -263.115758024, "num_rings": -2, "plausibility": 1, "tforms": ["e0e2b378d623262efad3f5cff831b758"], "rank": 1, "score": -200.22486647547262}, {"smiles": "COc1cc(CO)ccc1OCC(=O)N1CCCCC1", "smiles_split": ["COc1cc(CO)ccc1OCC(=O)N1CCCCC1"], "mapped_smiles": "[CH3:1][O:2][c:3]1[cH:4][c:5]([CH2:6][OH:7])[cH:8][cH:9][c:10]1[O:11][CH2:12][C:13](=[O:14])[N:15]1[CH2:16][CH2:17][CH2:18][CH2:19][CH2:20]1", "reacting_atoms": [7, 6], "template_id": "754a309c7f0af04f5923718481c8c9fb", "template_set": ["bkms"], "num_examples": 24, "necessary_reagent": "", "template_score": 0.047641903162002563, "rms_molwt": -279.147058152, "num_rings": -2, "plausibility": 1, "tforms": ["754a309c7f0af04f5923718481c8c9fb"], "rank": 2, "score": -4063.2796720655874}, {"smiles": "COc1cc(C(=O)O)ccc1OCC(=O)N1CCCCC1", "smiles_split": ["COc1cc(C(=O)O)ccc1OCC(=O)N1CCCCC1"], "mapped_smiles": "[CH3:1][O:2][c:3]1[cH:4][c:5]([C:6](=[O:7])[OH:900])[cH:8][cH:9][c:10]1[O:11][CH2:12][C:13](=[O:14])[N:15]1[CH2:16][CH2:17][CH2:18][CH2:19][CH2:20]1", "reacting_atoms": [6], "template_id": "bb50ce99497714684a631b776af5bc3d", "template_set": ["bkms"], "num_examples": 14, "necessary_reagent": "", "template_score": 0.024042390286922455, "rms_molwt": -293.12632270800003, "num_rings": -2, "plausibility": 1, "tforms": ["bb50ce99497714684a631b776af5bc3d"], "rank": 3, "score": -8616.660622031792}, {"smiles": "COc1cc(CN)ccc1OCC(=O)N1CCCCC1", "smiles_split": ["COc1cc(CN)ccc1OCC(=O)N1CCCCC1"], "mapped_smiles": "[CH3:1][O:2][c:3]1[cH:4][c:5]([CH2:6][NH2:900])[cH:8][cH:9][c:10]1[O:11][CH2:12][C:13](=[O:14])[N:15]1[CH2:16][CH2:17][CH2:18][CH2:19][CH2:20]1", "reacting_atoms": [6], "template_id": "755471420b0be4e2979307f887898107", "template_set": ["bkms"], "num_examples": 5, "necessary_reagent": "[O]", "template_score": 0.007099946029484272, "rms_molwt": -278.163042564, "num_rings": -2, "plausibility": 1, "tforms": ["755471420b0be4e2979307f887898107"], "rank": 4, "score": -27406.176870729872}, {"smiles": "O=Cc1ccc(OCC(=O)N2CCCCC2)cc1", "smiles_split": ["O=Cc1ccc(OCC(=O)N2CCCCC2)cc1"], "mapped_smiles": "[cH:3]1[cH:4][c:5]([CH:6]=[O:7])[cH:8][cH:9][c:10]1[O:11][CH2:12][C:13](=[O:14])[N:15]1[CH2:16][CH2:17][CH2:18][CH2:19][CH2:20]1", "reacting_atoms": [3], "template_id": "faff7dbbd37a446d0d4ce166bf3d727d", "template_set": ["bkms"], "num_examples": 2, "necessary_reagent": "[C]~[O]", "template_score": 7.79320762376301e-05, "rms_molwt": -247.120843404, "num_rings": -2, "plausibility": 1, "tforms": ["faff7dbbd37a446d0d4ce166bf3d727d"], "rank": 5, "score": -51852.84667225089}, {"smiles": "COc1cc(C=O)ccc1OCC(N)=O.O=CCCCC=O", "smiles_split": ["COc1cc(C=O)ccc1OCC(N)=O", "O=CCCCC=O"], "mapped_smiles": "[CH3:1][O:2][c:3]1[cH:4][c:5]([CH:6]=[O:7])[cH:8][cH:9][c:10]1[O:11][CH2:12][C:13](=[O:14])[NH2:15].[CH:16]([CH2:17][CH2:18][CH2:19][CH:20]=[O:900])=[O:901]", "reacting_atoms": [20, 16, 15], "template_id": "8e442694be83fe6f4c64dae998018bfe", "template_set": ["bkms"], "num_examples": 1, "necessary_reagent": "", "template_score": 5.858474878550624e-07, "rms_molwt": -163.8905962164178, "num_rings": -1, "plausibility": 1, "tforms": ["8e442694be83fe6f4c64dae998018bfe"], "rank": 6, "score": -64863.29768030196}, {"smiles": "COc1cc(C(=O)C(=O)O)ccc1OCC(=O)N1CCCCC1", "smiles_split": ["COc1cc(C(=O)C(=O)O)ccc1OCC(=O)N1CCCCC1"], "mapped_smiles": "[CH3:1][O:2][c:3]1[cH:4][c:5]([C:6](=[O:7])[C:901]([OH:900])=[O:902])[cH:8][cH:9][c:10]1[O:11][CH2:12][C:13](=[O:14])[N:15]1[CH2:16][CH2:17][CH2:18][CH2:19][CH2:20]1", "reacting_atoms": [6], "template_id": "e06228875e217dc5f5ca131ecef88bdc", "template_set": ["bkms"], "num_examples": 3, "necessary_reagent": "", "template_score": 0.002403783844783902, "rms_molwt": -321.12123732800006, "num_rings": -2, "plausibility": 1, "tforms": ["e06228875e217dc5f5ca131ecef88bdc"], "rank": 7, "score": -97889.49577961651}, {"smiles": "COc1cc(C=O)cc(O)c1OCC(=O)N1CCCCC1", "smiles_split": ["COc1cc(C=O)cc(O)c1OCC(=O)N1CCCCC1"], "mapped_smiles": "[CH3:1][O:2][c:3]1[cH:4][c:5]([CH:6]=[O:7])[cH:8][c:9]([OH:900])[c:10]1[O:11][CH2:12][C:13](=[O:14])[N:15]1[CH2:16][CH2:17][CH2:18][CH2:19][CH2:20]1", "reacting_atoms": [9], "template_id": "f53e9cbdf728108a37f743b6e04eb4f2", "template_set": ["bkms"], "num_examples": 56, "necessary_reagent": "", "template_score": 0.0020642385352402925, "rms_molwt": -293.12632270800003, "num_rings": -2, "plausibility": 1, "tforms": ["f53e9cbdf728108a37f743b6e04eb4f2"], "rank": 8, "score": -100359.09809266728}, {"smiles": "COc1c(OCC(=O)N2CCCCC2)ccc(C=O)c1O", "smiles_split": ["COc1c(OCC(=O)N2CCCCC2)ccc(C=O)c1O"], "mapped_smiles": "[CH3:1][O:2][c:3]1[c:4]([OH:900])[c:5]([CH:6]=[O:7])[cH:8][cH:9][c:10]1[O:11][CH2:12][C:13](=[O:14])[N:15]1[CH2:16][CH2:17][CH2:18][CH2:19][CH2:20]1", "reacting_atoms": [4], "template_id": "f53e9cbdf728108a37f743b6e04eb4f2", "template_set": ["bkms", "bkms"], "num_examples": 60, "necessary_reagent": "", "template_score": 0.0020642385352402925, "rms_molwt": -293.126322708, "num_rings": -2, "plausibility": 1, "tforms": ["f53e9cbdf728108a37f743b6e04eb4f2", "83d85e7a585f92eaccf25b635972a3d6"], "rank": 9, "score": -100359.09809266728}, {"smiles": "COc1cc(C=O)c(O)cc1OCC(=O)N1CCCCC1", "smiles_split": ["COc1cc(C=O)c(O)cc1OCC(=O)N1CCCCC1"], "mapped_smiles": "[CH3:1][O:2][c:3]1[cH:4][c:5]([CH:6]=[O:7])[c:8]([OH:900])[cH:9][c:10]1[O:11][CH2:12][C:13](=[O:14])[N:15]1[CH2:16][CH2:17][CH2:18][CH2:19][CH2:20]1", "reacting_atoms": [8], "template_id": "f53e9cbdf728108a37f743b6e04eb4f2", "template_set": ["bkms", "bkms"], "num_examples": 60, "necessary_reagent": "", "template_score": 0.0020642385352402925, "rms_molwt": -293.12632270800003, "num_rings": -2, "plausibility": 1, "tforms": ["f53e9cbdf728108a37f743b6e04eb4f2", "83d85e7a585f92eaccf25b635972a3d6"], "rank": 10, "score": -100359.09809266728}, {"smiles": "COc1cc(C)ccc1OCC(=O)N1CCCCC1", "smiles_split": ["COc1cc(C)ccc1OCC(=O)N1CCCCC1"], "mapped_smiles": "[CH3:1][O:2][c:3]1[cH:4][c:5]([CH3:6])[cH:8][cH:9][c:10]1[O:11][CH2:12][C:13](=[O:14])[N:15]1[CH2:16][CH2:17][CH2:18][CH2:19][CH2:20]1", "reacting_atoms": [6], "template_id": "82693d82ec23aa50ef435169108d9406", "template_set": ["bkms"], "num_examples": 3, "necessary_reagent": "[O]", "template_score": 0.0015941343735903502, "rms_molwt": -263.152143532, "num_rings": -2, "plausibility": 1, "tforms": ["82693d82ec23aa50ef435169108d9406"], "rank": 11, "score": -113751.45114199947}, {"smiles": "C/C=C/c1ccc(OCC(=O)N2CCCCC2)c(OC)c1", "smiles_split": ["C/C=C/c1ccc(OCC(=O)N2CCCCC2)c(OC)c1"], "mapped_smiles": "[CH3:1][O:2][c:3]1[cH:4][c:5](/[CH:6]=[CH:901]/[CH3:900])[cH:8][cH:9][c:10]1[O:11][CH2:12][C:13](=[O:14])[N:15]1[CH2:16][CH2:17][CH2:18][CH2:19][CH2:20]1", "reacting_atoms": [6], "template_id": "382bcc0dc9427f13ff729aaae09e50cb", "template_set": ["bkms"], "num_examples": 1, "necessary_reagent": "[O]", "template_score": 0.0008878899388946593, "rms_molwt": -289.167793596, "num_rings": -2, "plausibility": 1, "tforms": ["382bcc0dc9427f13ff729aaae09e50cb"], "rank": 12, "score": -234449.23579603867}, {"smiles": "COc1cc(/C=C\\C(=O)C(=O)O)ccc1OCC(=O)N1CCCCC1", "smiles_split": ["COc1cc(/C=C\\C(=O)C(=O)O)ccc1OCC(=O)N1CCCCC1"], "mapped_smiles": "[CH3:1][O:2][c:3]1[cH:4][c:5](/[CH:6]=[CH:905]\\[C:903]([C:901]([OH:900])=[O:902])=[O:904])[cH:8][cH:9][c:10]1[O:11][CH2:12][C:13](=[O:14])[N:15]1[CH2:16][CH2:17][CH2:18][CH2:19][CH2:20]1", "reacting_atoms": [6], "template_id": "719f32b482b6c35320e170f103a0ba01", "template_set": ["bkms"], "num_examples": 2, "necessary_reagent": "[O]", "template_score": 0.00043321968405507505, "rms_molwt": -347.13688739200006, "num_rings": -2, "plausibility": 1, "tforms": ["719f32b482b6c35320e170f103a0ba01"], "rank": 13, "score": -613307.6317532264}, {"smiles": "COc1cc(C(O)CC(=O)SCCNC(=O)CCNC(=O)[C@H](O)C(C)(C)COP(=O)(O)OP(=O)(O)OC[C@H]2O[C@@H](n3cnc4c(N)ncnc43)[C@H](O)[C@@H]2OP(=O)(O)O)ccc1OCC(=O)N1CCCCC1", "smiles_split": ["COc1cc(C(O)CC(=O)SCCNC(=O)CCNC(=O)[C@H](O)C(C)(C)COP(=O)(O)OP(=O)(O)OC[C@H]2O[C@@H](n3cnc4c(N)ncnc43)[C@H](O)[C@@H]2OP(=O)(O)O)ccc1OCC(=O)N1CCCCC1"], "mapped_smiles": "[CH3:1][O:2][c:3]1[cH:4][c:5]([CH:6]([OH:7])[CH2:950][C:948]([S:947][CH2:946][CH2:945][NH:944][C:942]([CH2:941][CH2:940][NH:939][C:937]([C@@H:935]([C:901]([CH3:900])([CH3:902])[CH2:903][O:904][P:905]([OH:906])(=[O:907])[O:908][P:909]([OH:910])(=[O:911])[O:912][CH2:913][C@H:914]2[O:915][C@@H:916]([n:917]3[cH:918][n:919][c:920]4[c:921]([NH2:922])[n:923][cH:924][n:925][c:926]34)[C@H:927]([OH:928])[C@@H:929]2[O:930][P:931]([OH:932])([OH:933])=[O:934])[OH:936])=[O:938])=[O:943])=[O:949])[cH:8][cH:9][c:10]1[O:11][CH2:12][C:13](=[O:14])[N:15]1[CH2:16][CH2:17][CH2:18][CH2:19][CH2:20]1", "reacting_atoms": [6, 7], "template_id": "4beffdb9c56581a67f6f46344cd721b2", "template_set": ["bkms"], "num_examples": 3, "necessary_reagent": "", "template_score": 0.001895149820484221, "rms_molwt": -1086.257181734, "num_rings": -5, "plausibility": 1, "tforms": ["4beffdb9c56581a67f6f46344cd721b2"], "rank": 14, "score": -676989.2947868047}, {"smiles": "COc1cc(/C=C/C(=O)C(=O)O)ccc1OCC(=O)N1CCCCC1", "smiles_split": ["COc1cc(/C=C/C(=O)C(=O)O)ccc1OCC(=O)N1CCCCC1"], "mapped_smiles": "[CH3:1][O:2][c:3]1[cH:4][c:5](/[CH:6]=[CH:905]/[C:903]([C:901]([OH:900])=[O:902])=[O:904])[cH:8][cH:9][c:10]1[O:11][CH2:12][C:13](=[O:14])[N:15]1[CH2:16][CH2:17][CH2:18][CH2:19][CH2:20]1", "reacting_atoms": [6], "template_id": "b3438e5e22de54ea7f51419394f07777", "template_set": ["bkms"], "num_examples": 3, "necessary_reagent": "[O]", "template_score": 0.0003209106798749417, "rms_molwt": -347.13688739200006, "num_rings": -2, "plausibility": 1, "tforms": ["b3438e5e22de54ea7f51419394f07777"], "rank": 15, "score": -827946.700185362}]}