{"smiles": "O=Cc1c(Br)[nH]c2ccccc12", "sfscore": [0.5413197875022888, 0.46675392985343933], "chem_result": [{"smiles": "O=Cc1c(Br)[nH]c2ccccc12", "bw_confidence": 0.19970324018771077, "confidence": 0.9891103022901391, "rclass": "8 8.1 8.1.4", "children": [{"smiles": "ClCCl"}, {"smiles": "O=[Mn]=O"}, {"smiles": "OCc1c(Br)[nH]c2ccccc12"}]}, {"smiles": "O=Cc1c(Br)[nH]c2ccccc12", "bw_confidence": 0.1607772672857368, "confidence": 0.8881486456221981, "rclass": "10 10.1 10.1.1", "children": [{"smiles": "CN(C)C=O"}, {"smiles": "O=C1CCC(=O)N1Br"}, {"smiles": "O=Cc1c[nH]c2ccccc12"}]}, {"smiles": "O=Cc1c(Br)[nH]c2ccccc12", "bw_confidence": 0.06270267028498913, "confidence": 0.9729794325153209, "rclass": "6 6.1 6.1.1", "children": [{"smiles": "CC(C)(C)OC(=O)n1c(Br)c(C=O)c2ccccc21"}, {"smiles": "ClCCl"}, {"smiles": "O=C(O)C(F)(F)F"}]}, {"smiles": "O=Cc1c(Br)[nH]c2ccccc12", "bw_confidence": 0.056820699309167236, "confidence": 0.9395373588456063, "rclass": "3 3.11 3.11.14", "children": [{"smiles": "Brc1c[nH]c2ccccc12"}, {"smiles": "CN(C)C=O"}, {"smiles": "O=P(Cl)(Cl)Cl"}]}, {"smiles": "O=Cc1c(Br)[nH]c2ccccc12", "bw_confidence": 0.02995416437684178, "confidence": 0.9367102942427425, "rclass": "9 9.7 9.7.182", "children": [{"smiles": "CC(C)C[AlH]CC(C)C"}, {"smiles": "ClCCl"}, {"smiles": "N#Cc1c(Br)[nH]c2ccccc12"}]}, {"smiles": "O=Cc1c(Br)[nH]c2ccccc12", "bw_confidence": 0.015210126183641435, "confidence": 0.6698925886687106, "rclass": "0 0 0", "children": [{"smiles": "CN(C)C=O"}, {"smiles": "O"}, {"smiles": "O=C1Cc2ccccc2N1"}, {"smiles": "O=P(Br)(Br)Br"}]}, {"smiles": "O=Cc1c(Br)[nH]c2ccccc12", "bw_confidence": 0.006853155643939848, "confidence": 0.9785253519783997, "rclass": "0 0 0", "children": [{"smiles": "C1CCOC1"}, {"smiles": "CC(C)C[AlH]CC(C)C"}, {"smiles": "COC(=O)c1c(Br)[nH]c2ccccc12"}]}, {"smiles": "O=Cc1c(Br)[nH]c2ccccc12", "bw_confidence": 0.006272083453061244, "confidence": 0.47131317447186294, "rclass": "0 0 0", "children": [{"smiles": "CN(C)C=O"}, {"smiles": "O"}, {"smiles": "O=C([O-])[O-]~[K+]~[K+]"}, {"smiles": "O=Cc1c(Br)[nH]c2ccccc12"}]}, {"smiles": "O=Cc1c(Br)[nH]c2ccccc12", "bw_confidence": 0.004529557772638989, "confidence": 0.5900148926902085, "rclass": "11 11.9 11.9", "children": [{"smiles": "Brc1[nH]c2ccccc2c1C=O~Br"}, {"smiles": "ClCCl"}, {"smiles": "O=[Mn]=O"}]}, {"smiles": "O=Cc1c(Br)[nH]c2ccccc12", "bw_confidence": 0.0039521787351224575, "confidence": 0.9295949577378047, "rclass": "6 6.5 6.5.2", "children": [{"smiles": "Brc1[nH]c2ccccc2c1C1OCCO1"}, {"smiles": "O=CO"}]}, {"smiles": "O=Cc1c(Br)[nH]c2ccccc12", "bw_confidence": 0.0014150846186819083, "confidence": 0.5710183646385278, "rclass": "6 6.5 6.5.9", "children": [{"smiles": "CCOC(OCC)c1c(Br)[nH]c2ccccc12"}, {"smiles": "ClCCl"}]}], "chem_bw_confidence_list": [0.19970324018771077, 0.1607772672857368, 0.06270267028498913, 0.056820699309167236, 0.02995416437684178, 0.015210126183641435, 0.006853155643939848, 0.006272083453061244, 0.004529557772638989, 0.0039521787351224575, 0.0014150846186819083], "enzy_template_score_list": [0.3228810727596283, 0.10823643207550049, 0.06193004921078682, 0.027508091181516647, 0.012141079641878605, 0.013130568899214268, 0.012090010568499565, 0.012090010568499565, 0.00843478087335825, 0.00843478087335825, 0.00843478087335825, 0.00843478087335825, 0.008759048767387867, 0.008759048767387867, 0.0061911302618682384], "enzy_result": [{"smiles": "OCc1c(Br)[nH]c2ccccc12", "smiles_split": ["OCc1c(Br)[nH]c2ccccc12"], "mapped_smiles": "[OH:1][CH2:2][c:3]1[c:4]([Br:5])[nH:6][c:7]2[cH:8][cH:9][cH:10][cH:11][c:12]12", "reacting_atoms": [1, 2], "template_id": "754a309c7f0af04f5923718481c8c9fb", "template_set": ["bkms", "bkms"], "num_examples": 28, "necessary_reagent": "", "template_score": 0.3228810727596283, "rms_molwt": -224.978925976, "num_rings": -2, "plausibility": 1, "tforms": ["9995ab4ecbd776f426aabba1f49657dc", "754a309c7f0af04f5923718481c8c9fb"], "rank": 1, "score": -257.48935375099944}, {"smiles": "O=C(O)c1c(Br)[nH]c2ccccc12", "smiles_split": ["O=C(O)c1c(Br)[nH]c2ccccc12"], "mapped_smiles": "[O:1]=[C:2]([c:3]1[c:4]([Br:5])[nH:6][c:7]2[cH:8][cH:9][cH:10][cH:11][c:12]12)[OH:900]", "reacting_atoms": [2], "template_id": "bb50ce99497714684a631b776af5bc3d", "template_set": ["bkms", "bkms"], "num_examples": 15, "necessary_reagent": "", "template_score": 0.10823643207550049, "rms_molwt": -238.958190532, "num_rings": -2, "plausibility": 1, "tforms": ["3af658fcfefab203787f0b6885c0f11e", "bb50ce99497714684a631b776af5bc3d"], "rank": 2, "score": -866.1070155811512}, {"smiles": "O=Cc1c(Br)[nH]c(C(=O)O)c1O", "smiles_split": ["O=Cc1c(Br)[nH]c(C(=O)O)c1O"], "mapped_smiles": "[O:1]=[CH:2][c:3]1[c:4]([Br:5])[nH:6][c:7]([C:8]([OH:900])=[O:901])[c:12]1[OH:902]", "reacting_atoms": [8, 12], "template_id": "ec108eb152fe727a8bac849d66934483", "template_set": ["bkms"], "num_examples": 1, "necessary_reagent": "[C]~[C]~[C]", "template_score": 0.06193004921078682, "rms_molwt": -232.932369708, "num_rings": -1, "plausibility": 1, "tforms": ["ec108eb152fe727a8bac849d66934483"], "rank": 3, "score": -1487.7824244851024}, {"smiles": "NCc1c(Br)[nH]c2ccccc12", "smiles_split": ["NCc1c(Br)[nH]c2ccccc12"], "mapped_smiles": "[CH2:2]([c:3]1[c:4]([Br:5])[nH:6][c:7]2[cH:8][cH:9][cH:10][cH:11][c:12]12)[NH2:900]", "reacting_atoms": [2], "template_id": "755471420b0be4e2979307f887898107", "template_set": ["bkms"], "num_examples": 5, "necessary_reagent": "[O]", "template_score": 0.027508091181516647, "rms_molwt": -223.994910388, "num_rings": -2, "plausibility": 1, "tforms": ["755471420b0be4e2979307f887898107"], "rank": 4, "score": -3058.6796520378252}, {"smiles": "Cc1c(Br)[nH]c2ccccc12", "smiles_split": ["Cc1c(Br)[nH]c2ccccc12"], "mapped_smiles": "[CH3:2][c:3]1[c:4]([Br:5])[nH:6][c:7]2[cH:8][cH:9][cH:10][cH:11][c:12]12", "reacting_atoms": [2], "template_id": "82693d82ec23aa50ef435169108d9406", "template_set": ["bkms"], "num_examples": 3, "necessary_reagent": "[O]", "template_score": 0.012141079641878605, "rms_molwt": -208.984011356, "num_rings": -2, "plausibility": 1, "tforms": ["82693d82ec23aa50ef435169108d9406"], "rank": 5, "score": -6092.188468370346}, {"smiles": "O=C(O)C(=O)c1c(Br)[nH]c2ccccc12", "smiles_split": ["O=C(O)C(=O)c1c(Br)[nH]c2ccccc12"], "mapped_smiles": "[O:1]=[C:2]([c:3]1[c:4]([Br:5])[nH:6][c:7]2[cH:8][cH:9][cH:10][cH:11][c:12]12)[C:901]([OH:900])=[O:902]", "reacting_atoms": [2], "template_id": "e06228875e217dc5f5ca131ecef88bdc", "template_set": ["bkms"], "num_examples": 3, "necessary_reagent": "", "template_score": 0.013130568899214268, "rms_molwt": -266.953105152, "num_rings": -2, "plausibility": 1, "tforms": ["e06228875e217dc5f5ca131ecef88bdc"], "rank": 6, "score": -8848.778851704992}, {"smiles": "O=Cc1c(Br)[nH]c2c1[C@@H](O)[C@@H](O)C=C2", "smiles_split": ["O=Cc1c(Br)[nH]c2c1[C@@H](O)[C@@H](O)C=C2"], "mapped_smiles": "[O:1]=[CH:2][c:3]1[c:4]([Br:5])[nH:6][c:7]2[c:12]1[C@@H:11]([OH:901])[C@@H:10]([OH:900])[CH:9]=[CH:8]2", "reacting_atoms": [10, 9, 8, 11], "template_id": "9fee4f5d8dbc12c76f25a9681795ae00", "template_set": ["bkms", "bkms", "bkms"], "num_examples": 8, "necessary_reagent": "", "template_score": 0.012090010568499565, "rms_molwt": -256.96875521600003, "num_rings": -2, "plausibility": 1, "tforms": ["53c597bbf15632509a5de3d967aa59bc", "9fee4f5d8dbc12c76f25a9681795ae00", "38e81c8eda78fc92f6e9797bcf5cfcaa"], "rank": 7, "score": -10251.996556571394}, {"smiles": "O=Cc1c(Br)[nH]c2c1C=C[C@H](O)[C@@H]2O", "smiles_split": ["O=Cc1c(Br)[nH]c2c1C=C[C@H](O)[C@@H]2O"], "mapped_smiles": "[O:1]=[CH:2][c:3]1[c:4]([Br:5])[nH:6][c:7]2[c:12]1[CH:11]=[CH:10][C@H:9]([OH:900])[C@@H:8]2[OH:901]", "reacting_atoms": [9, 10, 11, 8], "template_id": "9fee4f5d8dbc12c76f25a9681795ae00", "template_set": ["bkms", "bkms", "bkms"], "num_examples": 8, "necessary_reagent": "", "template_score": 0.012090010568499565, "rms_molwt": -256.96875521600003, "num_rings": -2, "plausibility": 1, "tforms": ["53c597bbf15632509a5de3d967aa59bc", "9fee4f5d8dbc12c76f25a9681795ae00", "38e81c8eda78fc92f6e9797bcf5cfcaa"], "rank": 8, "score": -10251.996556571394}, {"smiles": "O=Cc1c(Br)[nH]c2ccc(O)cc12", "smiles_split": ["O=Cc1c(Br)[nH]c2ccc(O)cc12"], "mapped_smiles": "[O:1]=[CH:2][c:3]1[c:4]([Br:5])[nH:6][c:7]2[cH:8][cH:9][c:10]([OH:900])[cH:11][c:12]12", "reacting_atoms": [10], "template_id": "f53e9cbdf728108a37f743b6e04eb4f2", "template_set": ["bkms"], "num_examples": 56, "necessary_reagent": "", "template_score": 0.00843478087335825, "rms_molwt": -238.958190532, "num_rings": -2, "plausibility": 1, "tforms": ["f53e9cbdf728108a37f743b6e04eb4f2"], "rank": 9, "score": -11114.021166591381}, {"smiles": "O=Cc1c(Br)[nH]c2cc(O)ccc12", "smiles_split": ["O=Cc1c(Br)[nH]c2cc(O)ccc12"], "mapped_smiles": "[O:1]=[CH:2][c:3]1[c:4]([Br:5])[nH:6][c:7]2[cH:8][c:9]([OH:900])[cH:10][cH:11][c:12]12", "reacting_atoms": [9], "template_id": "f53e9cbdf728108a37f743b6e04eb4f2", "template_set": ["bkms"], "num_examples": 56, "necessary_reagent": "", "template_score": 0.00843478087335825, "rms_molwt": -238.958190532, "num_rings": -2, "plausibility": 1, "tforms": ["f53e9cbdf728108a37f743b6e04eb4f2"], "rank": 10, "score": -11114.021166591381}, {"smiles": "O=Cc1c(Br)[nH]c2c(O)cccc12", "smiles_split": ["O=Cc1c(Br)[nH]c2c(O)cccc12"], "mapped_smiles": "[O:1]=[CH:2][c:3]1[c:4]([Br:5])[nH:6][c:7]2[c:8]([OH:900])[cH:9][cH:10][cH:11][c:12]12", "reacting_atoms": [8], "template_id": "f53e9cbdf728108a37f743b6e04eb4f2", "template_set": ["bkms"], "num_examples": 56, "necessary_reagent": "", "template_score": 0.00843478087335825, "rms_molwt": -238.958190532, "num_rings": -2, "plausibility": 1, "tforms": ["f53e9cbdf728108a37f743b6e04eb4f2"], "rank": 11, "score": -11114.021166591381}, {"smiles": "O=Cc1c(Br)[nH]c2cccc(O)c12", "smiles_split": ["O=Cc1c(Br)[nH]c2cccc(O)c12"], "mapped_smiles": "[O:1]=[CH:2][c:3]1[c:4]([Br:5])[nH:6][c:7]2[cH:8][cH:9][cH:10][c:11]([OH:900])[c:12]12", "reacting_atoms": [11], "template_id": "f53e9cbdf728108a37f743b6e04eb4f2", "template_set": ["bkms"], "num_examples": 56, "necessary_reagent": "", "template_score": 0.00843478087335825, "rms_molwt": -238.958190532, "num_rings": -2, "plausibility": 1, "tforms": ["f53e9cbdf728108a37f743b6e04eb4f2"], "rank": 12, "score": -11114.021166591381}, {"smiles": "O=Cc1c(Br)[nH]c2c1C=CC1OC21", "smiles_split": ["O=Cc1c(Br)[nH]c2c1C=CC1OC21"], "mapped_smiles": "[O:1]=[CH:2][c:3]1[c:4]([Br:5])[nH:6][c:7]2[c:12]1[CH:11]=[CH:10][CH:9]1[CH:8]2[O:900]1", "reacting_atoms": [9, 10, 11, 8], "template_id": "b5ad5bbcd5d72839d09bc1095d7b4335", "template_set": ["bkms", "bkms"], "num_examples": 7, "necessary_reagent": "", "template_score": 0.008759048767387867, "rms_molwt": -238.958190532, "num_rings": -3, "plausibility": 1, "tforms": ["b5ad5bbcd5d72839d09bc1095d7b4335", "94f471c44a794de8ec06151db47e6edb"], "rank": 13, "score": -12816.984506069319}, {"smiles": "O=Cc1c(Br)[nH]c2c1C1OC1C=C2", "smiles_split": ["O=Cc1c(Br)[nH]c2c1C1OC1C=C2"], "mapped_smiles": "[O:1]=[CH:2][c:3]1[c:4]([Br:5])[nH:6][c:7]2[c:12]1[CH:11]1[CH:10]([CH:9]=[CH:8]2)[O:900]1", "reacting_atoms": [10, 9, 8, 11], "template_id": "b5ad5bbcd5d72839d09bc1095d7b4335", "template_set": ["bkms", "bkms"], "num_examples": 7, "necessary_reagent": "", "template_score": 0.008759048767387867, "rms_molwt": -238.958190532, "num_rings": -3, "plausibility": 1, "tforms": ["b5ad5bbcd5d72839d09bc1095d7b4335", "94f471c44a794de8ec06151db47e6edb"], "rank": 14, "score": -12816.984506069319}, {"smiles": "NCCc1c(Br)[nH]c2ccccc12", "smiles_split": ["NCCc1c(Br)[nH]c2ccccc12"], "mapped_smiles": "[CH2:2]([c:3]1[c:4]([Br:5])[nH:6][c:7]2[cH:8][cH:9][cH:10][cH:11][c:12]12)[CH2:901][NH2:900]", "reacting_atoms": [2], "template_id": "eeff1fed5c9179098ffa5aa37929a7aa", "template_set": ["bkms"], "num_examples": 1, "necessary_reagent": "[O]", "template_score": 0.0061911302618682384, "rms_molwt": -238.010560452, "num_rings": -2, "plausibility": 1, "tforms": ["eeff1fed5c9179098ffa5aa37929a7aa"], "rank": 15, "score": -15303.236913880346}]}