{"smiles": "CC(C)=C[C@@H]1[C@H](CO[P@@](=O)(O)OP(=O)(O)O)C1(C)C", "sfscore": [0.42559078335762024, 0.6247125864028931], "chem_result": [{"smiles": "CC(C)=C[C@@H]1[C@H](CO[P@@](=O)(O)OP(=O)(O)O)C1(C)C", "bw_confidence": 0.11283779412612902, "confidence": 0.1250250655516743, "rclass": "1 1.9 1.9.20", "children": [{"smiles": "CC(C)=C[C@@H]1[C@H](CO)C1(C)C"}, {"smiles": "O=P(O)(O)OP(=O)(O)O"}]}, {"smiles": "CC(C)=C[C@@H]1[C@H](CO[P@@](=O)(O)OP(=O)(O)O)C1(C)C", "bw_confidence": 0.020401014119072445, "confidence": 0.26324498300963367, "rclass": "11 11.5 11.5", "children": [{"smiles": "CC(C)=C[C@@H]1[C@H](COP(=O)(O)OP(=O)(O)O)C1(C)C"}, {"smiles": "O"}]}, {"smiles": "CC(C)=C[C@@H]1[C@H](CO[P@@](=O)(O)OP(=O)(O)O)C1(C)C", "bw_confidence": 0.009516225186279016, "confidence": 0.2888359523644685, "rclass": "0 0 0", "children": [{"smiles": "CC(C)=C[C@@H]1[C@H](CO)C1(C)C"}, {"smiles": "O=P(Cl)(Cl)OP(=O)(Cl)Cl"}]}, {"smiles": "CC(C)=C[C@@H]1[C@H](CO[P@@](=O)(O)OP(=O)(O)O)C1(C)C", "bw_confidence": 0.0036326838675351256, "confidence": 0.5045727895497384, "rclass": "0 0 0", "children": [{"smiles": "CC(C)=C[C@@H]1[C@H](COP(=O)(O)OP(=O)(OCc2ccccc2)OCc2ccccc2)C1(C)C"}, {"smiles": "CCO"}, {"smiles": "[Pd]"}]}, {"smiles": "CC(C)=C[C@@H]1[C@H](CO[P@@](=O)(O)OP(=O)(O)O)C1(C)C", "bw_confidence": 0.0021896325597833464, "confidence": 0.25134482696391286, "rclass": "3 3.8 3.8.1", "children": [{"smiles": "CC(C)[P+](c1ccccc1)(c1ccccc1)c1ccccc1~[I-]"}, {"smiles": "CC1(C)[C@@H](CO[P@@](=O)(O)OP(=O)(O)OP(=O)(O)O)[C@H]1C=O"}]}, {"smiles": "CC(C)=C[C@@H]1[C@H](CO[P@@](=O)(O)OP(=O)(O)O)C1(C)C", "bw_confidence": 0.00013023663988595102, "confidence": 0.09887248270448096, "rclass": "0 0 0", "children": [{"smiles": "CC(C)=C[C@@H]1[C@H](COP(=O)(O)OP(=O)(O)OP(=O)(O)OC[C@H]2O[C@@H](n3cnc4c(N)ncnc43)[C@H](O)[C@@H]2O)C1(C)C"}, {"smiles": "O=C[C@H](O)[C@@H](O)[C@H](O)[C@H](O)CO"}]}], "chem_bw_confidence_list": [0.11283779412612902, 0.020401014119072445, 0.009516225186279016, 0.0036326838675351256, 0.0021896325597833464, 0.00013023663988595102], "enzy_template_score_list": [0.1045084148645401, 0.025251751765608788, 0.025251751765608788, 0.007188462186604738, 0.008866541087627411, 0.008866541087627411, 0.004350445233285427, 0.0049092029221355915, 0.004553873557597399, 0.004553873557597399, 0.00569289643317461, 0.00569289643317461, 0.0031262130942195654, 0.0037758629769086838, 0.0037758629769086838], "enzy_result": [{"smiles": "CC(C)=C[C@@H]1[C@H](CO[P@@](=O)(O)OP(=O)(O)OP(=O)(O)O)C1(C)C", "smiles_split": ["CC(C)=C[C@@H]1[C@H](CO[P@@](=O)(O)OP(=O)(O)OP(=O)(O)O)C1(C)C"], "mapped_smiles": "[CH3:1][C:2]([CH3:3])=[CH:4][C@@H:5]1[C@H:6]([CH2:7][O:8][P@@:9](=[O:10])([OH:11])[O:12][P:13](=[O:14])([OH:15])[O:16][P:901]([OH:900])([OH:902])=[O:903])[C:17]1([CH3:18])[CH3:19]", "reacting_atoms": [16], "template_id": "61290ef5701f0cad42add8a9f4805d22", "template_set": ["bkms"], "num_examples": 60, "necessary_reagent": "", "template_score": 0.1045084148645401, "rms_molwt": -394.0347567619999, "num_rings": -1, "plausibility": 1, "tforms": ["61290ef5701f0cad42add8a9f4805d22"], "rank": 1, "score": -2332.8686289147327}, {"smiles": "CC(C)=C[C@@H]1[C@H](CO[P@@](=O)(O)OP(=O)(O)OP(=O)(O)OC[C@H]2O[C@@H](n3cnc4c(N)ncnc43)[C@H](O)[C@@H]2O)C1(C)C", "smiles_split": ["CC(C)=C[C@@H]1[C@H](CO[P@@](=O)(O)OP(=O)(O)OP(=O)(O)OC[C@H]2O[C@@H](n3cnc4c(N)ncnc43)[C@H](O)[C@@H]2O)C1(C)C"], "mapped_smiles": "[CH3:1][C:2]([CH3:3])=[CH:4][C@@H:5]1[C@H:6]([CH2:7][O:8][P@@:9](=[O:10])([OH:11])[O:12][P:13](=[O:14])([OH:15])[O:16][P:915]([O:914][CH2:913][C@H:912]2[O:911][C@@H:910]([n:909]3[c:905]4[n:904][cH:903][n:902][c:901]([NH2:900])[c:906]4[n:907][cH:908]3)[C@H:920]([OH:921])[C@@H:918]2[OH:919])([OH:916])=[O:917])[C:17]1([CH3:18])[CH3:19]", "reacting_atoms": [16], "template_id": "38942eae11c71a9216d094a92839a132", "template_set": ["bkms"], "num_examples": 12, "necessary_reagent": "", "template_score": 0.025251751765608788, "rms_molwt": -643.120945974, "num_rings": -4, "plausibility": 1, "tforms": ["38942eae11c71a9216d094a92839a132"], "rank": 2, "score": -25569.8539436318}, {"smiles": "CC(C)=C[C@@H]1[C@H](CO[P@](=O)(OP(=O)(O)O)OP(=O)(O)OC[C@H]2O[C@@H](n3cnc4c(N)ncnc43)[C@H](O)[C@@H]2O)C1(C)C", "smiles_split": ["CC(C)=C[C@@H]1[C@H](CO[P@](=O)(OP(=O)(O)O)OP(=O)(O)OC[C@H]2O[C@@H](n3cnc4c(N)ncnc43)[C@H](O)[C@@H]2O)C1(C)C"], "mapped_smiles": "[CH3:1][C:2]([CH3:3])=[CH:4][C@@H:5]1[C@H:6]([CH2:7][O:8][P@@:9](=[O:10])([O:11][P:915]([O:914][CH2:913][C@H:912]2[O:911][C@@H:910]([n:909]3[c:905]4[n:904][cH:903][n:902][c:901]([NH2:900])[c:906]4[n:907][cH:908]3)[C@H:920]([OH:921])[C@@H:918]2[OH:919])([OH:916])=[O:917])[O:12][P:13](=[O:14])([OH:15])[OH:16])[C:17]1([CH3:18])[CH3:19]", "reacting_atoms": [11], "template_id": "38942eae11c71a9216d094a92839a132", "template_set": ["bkms"], "num_examples": 12, "necessary_reagent": "", "template_score": 0.025251751765608788, "rms_molwt": -643.120945974, "num_rings": -4, "plausibility": 1, "tforms": ["38942eae11c71a9216d094a92839a132"], "rank": 3, "score": -25569.8539436318}, {"smiles": "CC(C)=C[C@@H]1[C@H](CO[P@@](=O)(O)OP(O)(O)=S)C1(C)C", "smiles_split": ["CC(C)=C[C@@H]1[C@H](CO[P@@](=O)(O)OP(O)(O)=S)C1(C)C"], "mapped_smiles": "[CH3:1][C:2]([CH3:3])=[CH:4][C@@H:5]1[C@H:6]([CH2:7][O:8][P@@:9](=[O:10])([OH:11])[O:12][P:13]([OH:15])([OH:16])=[S:900])[C:17]1([CH3:18])[CH3:19]", "reacting_atoms": [13], "template_id": "d0f1b204a38a2325aa951d01d1ef3b75", "template_set": ["bkms", "bkms"], "num_examples": 3, "necessary_reagent": "[O]", "template_score": 0.007188462186604738, "rms_molwt": -330.04558262, "num_rings": -1, "plausibility": 1, "tforms": ["7e0a42e668d8cc1588d066357c15507f", "d0f1b204a38a2325aa951d01d1ef3b75"], "rank": 4, "score": -26408.195153477598}, {"smiles": "CC(C)=C[C@@H]1[C@H](CO[P@@](=O)(OC[C@H](O)CO)OP(=O)(O)O)C1(C)C", "smiles_split": ["CC(C)=C[C@@H]1[C@H](CO[P@@](=O)(OC[C@H](O)CO)OP(=O)(O)O)C1(C)C"], "mapped_smiles": "[CH3:1][C:2]([CH3:3])=[CH:4][C@@H:5]1[C@H:6]([CH2:7][O:8][P@@:9](=[O:10])([O:11][CH2:904][C@@H:902]([CH2:901][OH:900])[OH:903])[O:12][P:13](=[O:14])([OH:15])[OH:16])[C:17]1([CH3:18])[CH3:19]", "reacting_atoms": [11], "template_id": "6a26e78d776713115fe334e3c570f4ba", "template_set": ["bkms"], "num_examples": 2, "necessary_reagent": "", "template_score": 0.008866541087627411, "rms_molwt": -388.1052056719999, "num_rings": -1, "plausibility": 1, "tforms": ["6a26e78d776713115fe334e3c570f4ba"], "rank": 5, "score": -30716.28102078404}, {"smiles": "CC(C)=C[C@@H]1[C@H](CO[P@@](=O)(O)OP(=O)(O)OC[C@H](O)CO)C1(C)C", "smiles_split": ["CC(C)=C[C@@H]1[C@H](CO[P@@](=O)(O)OP(=O)(O)OC[C@H](O)CO)C1(C)C"], "mapped_smiles": "[CH3:1][C:2]([CH3:3])=[CH:4][C@@H:5]1[C@H:6]([CH2:7][O:8][P@@:9](=[O:10])([OH:11])[O:12][P:13](=[O:14])([OH:15])[O:16][CH2:904][C@@H:902]([CH2:901][OH:900])[OH:903])[C:17]1([CH3:18])[CH3:19]", "reacting_atoms": [16], "template_id": "6a26e78d776713115fe334e3c570f4ba", "template_set": ["bkms"], "num_examples": 2, "necessary_reagent": "", "template_score": 0.008866541087627411, "rms_molwt": -388.1052056719999, "num_rings": -1, "plausibility": 1, "tforms": ["6a26e78d776713115fe334e3c570f4ba"], "rank": 6, "score": -30716.28102078404}, {"smiles": "CC(C)=C[C@@H]1[C@H](CO)C1(C)C", "smiles_split": ["CC(C)=C[C@@H]1[C@H](CO)C1(C)C"], "mapped_smiles": "[CH3:1][C:2]([CH3:3])=[CH:4][C@@H:5]1[C@H:6]([CH2:7][OH:8])[C:17]1([CH3:18])[CH3:19]", "reacting_atoms": [8], "template_id": "d0d41def7da5a0fb66a65efd89cd43c1", "template_set": ["bkms"], "num_examples": 6, "necessary_reagent": "[O]~[P](~[O])~[O]~[P](~[O])(~[O])~[O]", "template_score": 0.004350445233285427, "rms_molwt": -154.135765196, "num_rings": -1, "plausibility": 1, "tforms": ["d0d41def7da5a0fb66a65efd89cd43c1"], "rank": 7, "score": -34516.44366457733}, {"smiles": "CC(C)=C[C@@H]1[C@H](CO[P@@](=O)(O)OP(=O)(O)F)C1(C)C", "smiles_split": ["CC(C)=C[C@@H]1[C@H](CO[P@@](=O)(O)OP(=O)(O)F)C1(C)C"], "mapped_smiles": "[CH3:1][C:2]([CH3:3])=[CH:4][C@@H:5]1[C@H:6]([CH2:7][O:8][P@@:9](=[O:10])([OH:11])[O:12][P:13](=[O:14])([OH:16])[F:900])[C:17]1([CH3:18])[CH3:19]", "reacting_atoms": [13], "template_id": "b7411fd44c19efc5ba03b36d262ca45b", "template_set": ["bkms"], "num_examples": 1, "necessary_reagent": "[O]", "template_score": 0.0049092029221355915, "rms_molwt": -316.064089808, "num_rings": -1, "plausibility": 1, "tforms": ["b7411fd44c19efc5ba03b36d262ca45b"], "rank": 8, "score": -38669.07017049336}, {"smiles": "CCO[P@](=O)(OC[C@H]1[C@@H](C=C(C)C)C1(C)C)OP(=O)(O)O", "smiles_split": ["CCO[P@](=O)(OC[C@H]1[C@@H](C=C(C)C)C1(C)C)OP(=O)(O)O"], "mapped_smiles": "[CH3:1][C:2]([CH3:3])=[CH:4][C@@H:5]1[C@H:6]([CH2:7][O:8][P@@:9](=[O:10])([O:11][CH2:901][CH3:900])[O:12][P:13](=[O:14])([OH:15])[OH:16])[C:17]1([CH3:18])[CH3:19]", "reacting_atoms": [11], "template_id": "2f6df5426b94981445cb6bf0670a2ff5", "template_set": ["bkms"], "num_examples": 1, "necessary_reagent": "", "template_score": 0.004553873557597399, "rms_molwt": -342.0997263679999, "num_rings": -1, "plausibility": 1, "tforms": ["2f6df5426b94981445cb6bf0670a2ff5"], "rank": 9, "score": -47358.436478995114}, {"smiles": "CCOP(=O)(O)O[P@](=O)(O)OC[C@H]1[C@@H](C=C(C)C)C1(C)C", "smiles_split": ["CCOP(=O)(O)O[P@](=O)(O)OC[C@H]1[C@@H](C=C(C)C)C1(C)C"], "mapped_smiles": "[CH3:1][C:2]([CH3:3])=[CH:4][C@@H:5]1[C@H:6]([CH2:7][O:8][P@@:9](=[O:10])([OH:11])[O:12][P:13](=[O:14])([OH:15])[O:16][CH2:901][CH3:900])[C:17]1([CH3:18])[CH3:19]", "reacting_atoms": [16], "template_id": "2f6df5426b94981445cb6bf0670a2ff5", "template_set": ["bkms"], "num_examples": 1, "necessary_reagent": "", "template_score": 0.004553873557597399, "rms_molwt": -342.099726368, "num_rings": -1, "plausibility": 1, "tforms": ["2f6df5426b94981445cb6bf0670a2ff5"], "rank": 10, "score": -47358.436478995114}, {"smiles": "CC(C)=C[C@@H]1[C@H](CO[P@@](=O)(O)OP(=O)(O)OP(=O)(O)OP(=O)(O)O)C1(C)C", "smiles_split": ["CC(C)=C[C@@H]1[C@H](CO[P@@](=O)(O)OP(=O)(O)OP(=O)(O)OP(=O)(O)O)C1(C)C"], "mapped_smiles": "[CH3:1][C:2]([CH3:3])=[CH:4][C@@H:5]1[C@H:6]([CH2:7][O:8][P@@:9](=[O:10])([OH:11])[O:12][P:13](=[O:14])([OH:15])[O:16][P:905]([O:904][P:901]([OH:900])([OH:902])=[O:903])([OH:906])=[O:907])[C:17]1([CH3:18])[CH3:19]", "reacting_atoms": [16], "template_id": "4afc9d27a469ed9eef24e627d99795e9", "template_set": ["bkms"], "num_examples": 26, "necessary_reagent": "", "template_score": 0.00569289643317461, "rms_molwt": -474.0010872839998, "num_rings": -1, "plausibility": 1, "tforms": ["4afc9d27a469ed9eef24e627d99795e9"], "rank": 11, "score": -53362.71032063356}, {"smiles": "CC(C)=C[C@@H]1[C@H](CO[P@](=O)(OP(=O)(O)O)OP(=O)(O)OP(=O)(O)O)C1(C)C", "smiles_split": ["CC(C)=C[C@@H]1[C@H](CO[P@](=O)(OP(=O)(O)O)OP(=O)(O)OP(=O)(O)O)C1(C)C"], "mapped_smiles": "[CH3:1][C:2]([CH3:3])=[CH:4][C@@H:5]1[C@H:6]([CH2:7][O:8][P@@:9](=[O:10])([O:11][P:905]([O:904][P:901]([OH:900])([OH:902])=[O:903])([OH:906])=[O:907])[O:12][P:13](=[O:14])([OH:15])[OH:16])[C:17]1([CH3:18])[CH3:19]", "reacting_atoms": [11], "template_id": "4afc9d27a469ed9eef24e627d99795e9", "template_set": ["bkms"], "num_examples": 26, "necessary_reagent": "", "template_score": 0.00569289643317461, "rms_molwt": -474.0010872839999, "num_rings": -1, "plausibility": 1, "tforms": ["4afc9d27a469ed9eef24e627d99795e9"], "rank": 12, "score": -53362.71032063356}, {"smiles": "C/C(=C\\[C@@H]1[C@H](CO[P@@](=O)(O)OP(=O)(O)O)C1(C)C)CO", "smiles_split": ["C/C(=C\\[C@@H]1[C@H](CO[P@@](=O)(O)OP(=O)(O)O)C1(C)C)CO"], "mapped_smiles": "[CH2:1](/[C:2]([CH3:3])=[CH:4]/[C@@H:5]1[C@H:6]([CH2:7][O:8][P@@:9](=[O:10])([OH:11])[O:12][P:13](=[O:14])([OH:15])[OH:16])[C:17]1([CH3:18])[CH3:19])[OH:900]", "reacting_atoms": [1], "template_id": "655b1328882efd2ef81f82c079ed2e3c", "template_set": ["bkms"], "num_examples": 7, "necessary_reagent": "", "template_score": 0.0031262130942195654, "rms_molwt": -330.06334086, "num_rings": -1, "plausibility": 1, "tforms": ["655b1328882efd2ef81f82c079ed2e3c"], "rank": 13, "score": -64641.01599354918}, {"smiles": "CC(C)=C[C@@H]1[C@H](CO[P@@](=O)(O)OP(=O)(O)Oc2ccc([N+](=O)[O-])cc2)C1(C)C", "smiles_split": ["CC(C)=C[C@@H]1[C@H](CO[P@@](=O)(O)OP(=O)(O)Oc2ccc([N+](=O)[O-])cc2)C1(C)C"], "mapped_smiles": "[CH3:1][C:2]([CH3:3])=[CH:4][C@@H:5]1[C@H:6]([CH2:7][O:8][P@@:9](=[O:10])([OH:11])[O:12][P:13](=[O:14])([OH:15])[O:16][c:906]2[cH:905][cH:904][c:903]([N+:901](=[O:900])[O-:902])[cH:908][cH:907]2)[C:17]1([CH3:18])[CH3:19]", "reacting_atoms": [16], "template_id": "8c9754754c72f3cd8cbce14ecd3b3da4", "template_set": ["bkms"], "num_examples": 1, "necessary_reagent": "", "template_score": 0.0037758629769086838, "rms_molwt": -435.08480457599995, "num_rings": -2, "plausibility": 1, "tforms": ["8c9754754c72f3cd8cbce14ecd3b3da4"], "rank": 14, "score": -84621.79406826185}, {"smiles": "CC(C)=C[C@@H]1[C@H](CO[P@@](=O)(Oc2ccc([N+](=O)[O-])cc2)OP(=O)(O)O)C1(C)C", "smiles_split": ["CC(C)=C[C@@H]1[C@H](CO[P@@](=O)(Oc2ccc([N+](=O)[O-])cc2)OP(=O)(O)O)C1(C)C"], "mapped_smiles": "[CH3:1][C:2]([CH3:3])=[CH:4][C@@H:5]1[C@H:6]([CH2:7][O:8][P@@:9](=[O:10])([O:11][c:906]2[cH:905][cH:904][c:903]([N+:901](=[O:900])[O-:902])[cH:908][cH:907]2)[O:12][P:13](=[O:14])([OH:15])[OH:16])[C:17]1([CH3:18])[CH3:19]", "reacting_atoms": [11], "template_id": "8c9754754c72f3cd8cbce14ecd3b3da4", "template_set": ["bkms"], "num_examples": 1, "necessary_reagent": "", "template_score": 0.0037758629769086838, "rms_molwt": -435.0848045759999, "num_rings": -2, "plausibility": 1, "tforms": ["8c9754754c72f3cd8cbce14ecd3b3da4"], "rank": 15, "score": -84621.79406826185}]}