{"smiles": "OC[C@@H]1O[C@H](Oc2ccc(/C=C\\c3cc(O)cc(O[C@@H]4O[C@@H](CO)[C@@H](O)[C@@H](O)[C@@H]4O)c3)cc2)[C@@H](O)[C@@H](O)[C@@H]1O", "sfscore": [0.41986924409866333, 0.634519636631012], "chem_result": [{"smiles": "OC[C@@H]1O[C@H](Oc2ccc(/C=C\\c3cc(O)cc(O[C@@H]4O[C@@H](CO)[C@@H](O)[C@@H](O)[C@@H]4O)c3)cc2)[C@@H](O)[C@@H](O)[C@@H]1O", "bw_confidence": 0.22009062993099143, "confidence": 0.7297889847560339, "rclass": "6 6.3 6.3.6", "children": [{"smiles": "CC(=O)OC[C@@H]1O[C@H](Oc2ccc(/C=C\\c3cc(O)cc(O[C@@H]4O[C@@H](COC(C)=O)[C@@H](OC(C)=O)[C@@H](OC(C)=O)[C@@H]4OC(C)=O)c3)cc2)[C@@H](OC(C)=O)[C@@H](OC(C)=O)[C@@H]1OC(C)=O"}, {"smiles": "CO"}, {"smiles": "C[O-]~[Na+]"}]}, {"smiles": "OC[C@@H]1O[C@H](Oc2ccc(/C=C\\c3cc(O)cc(O[C@@H]4O[C@@H](CO)[C@@H](O)[C@@H](O)[C@@H]4O)c3)cc2)[C@@H](O)[C@@H](O)[C@@H]1O", "bw_confidence": 0.053574095277834216, "confidence": 0.6907208851513945, "rclass": "7 7.9 7.9.8", "children": [{"smiles": "CC(=O)OC[C@@H]1O[C@H](Oc2ccc(C#Cc3cc(O)cc(O[C@@H]4O[C@@H](COC(C)=O)[C@@H](OC(C)=O)[C@@H](OC(C)=O)[C@@H]4OC(C)=O)c3)cc2)[C@@H](OC(C)=O)[C@@H](OC(C)=O)[C@@H]1OC(C)=O"}, {"smiles": "CO"}, {"smiles": "C[O-]~[Na+]"}]}, {"smiles": "OC[C@@H]1O[C@H](Oc2ccc(/C=C\\c3cc(O)cc(O[C@@H]4O[C@@H](CO)[C@@H](O)[C@@H](O)[C@@H]4O)c3)cc2)[C@@H](O)[C@@H](O)[C@@H]1O", "bw_confidence": 0.011433129476967669, "confidence": 0.2733223190921812, "rclass": "3 3.2 3.2.7", "children": [{"smiles": "C=Cc1ccc(O[C@H]2O[C@@H](CO)[C@@H](O)[C@@H](O)[C@@H]2O)cc1"}, {"smiles": "CC(=O)OC[C@@H]1O[C@H](Oc2cc(O)cc(I)c2)[C@@H](OC(C)=O)[C@@H](OC(C)=O)[C@@H]1OC(C)=O"}]}, {"smiles": "OC[C@@H]1O[C@H](Oc2ccc(/C=C\\c3cc(O)cc(O[C@@H]4O[C@@H](CO)[C@@H](O)[C@@H](O)[C@@H]4O)c3)cc2)[C@@H](O)[C@@H](O)[C@@H]1O", "bw_confidence": 0.010073049302071037, "confidence": 0.702349639865084, "rclass": "6 6.3 6.3.6", "children": [{"smiles": "CC(=O)OC[C@@H]1O[C@H](Oc2ccc(/C=C\\c3cccc(O[C@@H]4O[C@@H](COC(C)=O)[C@@H](OC(C)=O)[C@@H](OC(C)=O)[C@@H]4OC(C)=O)c3)cc2)[C@@H](OC(C)=O)[C@@H](OC(C)=O)[C@@H]1OC(C)=O"}, {"smiles": "CO"}, {"smiles": "C[O-]~[Na+]"}]}, {"smiles": "OC[C@@H]1O[C@H](Oc2ccc(/C=C\\c3cc(O)cc(O[C@@H]4O[C@@H](CO)[C@@H](O)[C@@H](O)[C@@H]4O)c3)cc2)[C@@H](O)[C@@H](O)[C@@H]1O", "bw_confidence": 0.00902590177261425, "confidence": 0.8475139243357557, "rclass": "0 0 0", "children": [{"smiles": "CC(=O)OC[C@@H]1O[C@H](Oc2ccc(/C=C\\c3cc(O)cc(O)c3)cc2)[C@@H](OC(C)=O)[C@@H](OC(C)=O)[C@@H]1OC(C)=O"}, {"smiles": "CO"}, {"smiles": "C[O-]~[Na+]"}]}, {"smiles": "OC[C@@H]1O[C@H](Oc2ccc(/C=C\\c3cc(O)cc(O[C@@H]4O[C@@H](CO)[C@@H](O)[C@@H](O)[C@@H]4O)c3)cc2)[C@@H](O)[C@@H](O)[C@@H]1O", "bw_confidence": 0.008977946612835366, "confidence": 0.6500755739068201, "rclass": "0 0 0", "children": [{"smiles": "CC(=O)OC[C@H]1O[C@@H](Oc2cc(O)cc(/C=C\\c3ccc(O)cc3)c2)[C@@H](OC(C)=O)[C@@H](OC(C)=O)[C@@H]1OC(C)=O"}, {"smiles": "CO"}, {"smiles": "C[O-]~[Na+]"}]}, {"smiles": "OC[C@@H]1O[C@H](Oc2ccc(/C=C\\c3cc(O)cc(O[C@@H]4O[C@@H](CO)[C@@H](O)[C@@H](O)[C@@H]4O)c3)cc2)[C@@H](O)[C@@H](O)[C@@H]1O", "bw_confidence": 0.0061941449800891986, "confidence": 0.07509148211617739, "rclass": "11 11.5 11.5", "children": [{"smiles": "O"}, {"smiles": "OC[C@@H]1O[C@H](Oc2ccc(/C=C\\c3cc(O)cc(O[C@@H]4O[C@@H](CO)[C@@H](O)[C@@H](O)[C@@H]4O)c3)cc2)[C@@H](O)[C@@H](O)[C@@H]1O"}]}, {"smiles": "OC[C@@H]1O[C@H](Oc2ccc(/C=C\\c3cc(O)cc(O[C@@H]4O[C@@H](CO)[C@@H](O)[C@@H](O)[C@@H]4O)c3)cc2)[C@@H](O)[C@@H](O)[C@@H]1O", "bw_confidence": 0.004261060648485699, "confidence": 0.46862436310060396, "rclass": "6 6.3 6.3.6", "children": [{"smiles": "CC(=O)OC[C@@H]1O[C@@H](Oc2cc(/C=C\\c3ccc(O)cc3)cc(O[C@@H]3O[C@H](COC(C)=O)[C@@H](OC(C)=O)[C@H](OC(C)=O)[C@@H]3OC(C)=O)c2)[C@@H](OC(C)=O)[C@H](OC(C)=O)[C@@H]1OC(C)=O"}, {"smiles": "CO"}, {"smiles": "C[O-]~[Na+]"}]}], "chem_bw_confidence_list": [0.22009062993099143, 0.053574095277834216, 0.011433129476967669, 0.010073049302071037, 0.00902590177261425, 0.008977946612835366, 0.0061941449800891986, 0.004261060648485699], "enzy_template_score_list": [0.20969082415103912, 0.20969082415103912, 0.19764752686023712, 0.19764752686023712, 0.2173313945531845, 0.2173313945531845, 0.07372292876243591, 0.07372292876243591, 0.04071948304772377, 0.04071948304772377, 0.05702155455946922, 0.05702155455946922, 0.027904393151402473, 0.027904393151402473, 0.010346668772399426], "enzy_result": [{"smiles": "OC[C@@H]1OC(O)[C@@H](O)[C@@H](O)[C@@H]1O.OC[C@@H]1O[C@@H](Oc2cc(O)cc(/C=C\\c3ccc(O)cc3)c2)[C@@H](O)[C@H](O)[C@@H]1O", "smiles_split": ["OC[C@@H]1OC(O)[C@@H](O)[C@@H](O)[C@@H]1O", "OC[C@@H]1O[C@@H](Oc2cc(O)cc(/C=C\\c3ccc(O)cc3)c2)[C@@H](O)[C@H](O)[C@@H]1O"], "mapped_smiles": "[OH:1][CH2:2][C@@H:3]1[O:4][CH:5]([OH:6])[C@@H:34]([OH:35])[C@@H:36]([OH:37])[C@@H:38]1[OH:39].[c:7]1([OH:900])[cH:8][cH:9][c:10](/[CH:11]=[CH:12]\\[c:13]2[cH:14][c:15]([OH:16])[cH:17][c:18]([O:19][C@@H:20]3[O:21][C@@H:22]([CH2:23][OH:24])[C@@H:25]([OH:26])[C@@H:27]([OH:28])[C@@H:29]3[OH:30])[cH:31]2)[cH:32][cH:33]1", "reacting_atoms": [7, 5, 34, 6], "template_id": "cc4cb191396caa2d9689f115944d93d7", "template_set": ["bkms", "bkms"], "num_examples": 6, "necessary_reagent": "", "template_score": 0.20969082415103912, "rms_molwt": -303.8300394934299, "num_rings": -4, "plausibility": 1, "tforms": ["eee4f3ffeb59c84405247986d3d9b1cb", "cc4cb191396caa2d9689f115944d93d7"], "rank": 1, "score": -1722.0547763970615}, {"smiles": "OC[C@@H]1OC(O)[C@@H](O)[C@H](O)[C@@H]1O.OC[C@@H]1O[C@H](Oc2ccc(/C=C\\c3cc(O)cc(O)c3)cc2)[C@@H](O)[C@@H](O)[C@@H]1O", "smiles_split": ["OC[C@@H]1OC(O)[C@@H](O)[C@H](O)[C@@H]1O", "OC[C@@H]1O[C@H](Oc2ccc(/C=C\\c3cc(O)cc(O)c3)cc2)[C@@H](O)[C@@H](O)[C@@H]1O"], "mapped_smiles": "[OH:19][CH:20]1[O:21][C@@H:22]([CH2:23][OH:24])[C@@H:25]([OH:26])[C@@H:27]([OH:28])[C@@H:29]1[OH:30].[OH:1][CH2:2][C@@H:3]1[O:4][C@H:5]([O:6][c:7]2[cH:8][cH:9][c:10](/[CH:11]=[CH:12]\\[c:13]3[cH:14][c:15]([OH:16])[cH:17][c:18]([OH:900])[cH:31]3)[cH:32][cH:33]2)[C@@H:34]([OH:35])[C@@H:36]([OH:37])[C@@H:38]1[OH:39]", "reacting_atoms": [18, 20, 19], "template_id": "cc4cb191396caa2d9689f115944d93d7", "template_set": ["bkms", "bkms"], "num_examples": 6, "necessary_reagent": "", "template_score": 0.20969082415103912, "rms_molwt": -303.8300394934299, "num_rings": -4, "plausibility": 1, "tforms": ["eee4f3ffeb59c84405247986d3d9b1cb", "cc4cb191396caa2d9689f115944d93d7"], "rank": 2, "score": -2340.858091922884}, {"smiles": "O=P(O)(O)O[C@@H]1[C@H](CO)O[C@@H](Oc2cc(O)cc(/C=C\\c3ccc(O[C@H]4O[C@@H](CO)[C@@H](O)[C@H](O)[C@@H]4O)cc3)c2)[C@@H](O)[C@@H]1O", "smiles_split": ["O=P(O)(O)O[C@@H]1[C@H](CO)O[C@@H](Oc2cc(O)cc(/C=C\\c3ccc(O[C@H]4O[C@@H](CO)[C@@H](O)[C@H](O)[C@@H]4O)cc3)c2)[C@@H](O)[C@@H]1O"], "mapped_smiles": "[OH:1][CH2:2][C@@H:3]1[O:4][C@H:5]([O:6][c:7]2[cH:8][cH:9][c:10](/[CH:11]=[CH:12]\\[c:13]3[cH:14][c:15]([OH:16])[cH:17][c:18]([O:21][C@@H:20]4[O:19][C@@H:22]([CH2:23][OH:24])[C@@H:25]([O:26][P:901]([OH:900])([OH:902])=[O:903])[C@@H:27]([OH:28])[C@@H:29]4[OH:30])[cH:31]3)[cH:32][cH:33]2)[C@@H:34]([OH:35])[C@@H:36]([OH:37])[C@@H:38]1[OH:39]", "reacting_atoms": [26, 25, 22, 19, 21, 18], "template_id": "819c74c76e507baf44c4d3e6ed77777f", "template_set": ["bkms", "bkms"], "num_examples": 169, "necessary_reagent": "", "template_score": 0.19764752686023712, "rms_molwt": -632.150621606, "num_rings": -4, "plausibility": 1, "tforms": ["819c74c76e507baf44c4d3e6ed77777f", "65bf7618263ef0544bfb3455ab5e0cbc"], "rank": 3, "score": -4075.4819717082837}, {"smiles": "O=P(O)(O)OC[C@@H]1O[C@H](Oc2ccc(/C=C\\c3cc(O)cc(O[C@@H]4O[C@@H](CO)[C@@H](O)[C@@H](O)[C@@H]4O)c3)cc2)[C@@H](O)[C@@H](O)[C@@H]1O", "smiles_split": ["O=P(O)(O)OC[C@@H]1O[C@H](Oc2ccc(/C=C\\c3cc(O)cc(O[C@@H]4O[C@@H](CO)[C@@H](O)[C@@H](O)[C@@H]4O)c3)cc2)[C@@H](O)[C@@H](O)[C@@H]1O"], "mapped_smiles": "[O:1]([CH2:2][C@@H:3]1[O:6][C@H:5]([O:4][c:7]2[cH:8][cH:9][c:10](/[CH:11]=[CH:12]\\[c:13]3[cH:14][c:15]([OH:16])[cH:17][c:18]([O:19][C@@H:20]4[O:21][C@@H:22]([CH2:23][OH:24])[C@@H:25]([OH:26])[C@@H:27]([OH:28])[C@@H:29]4[OH:30])[cH:31]3)[cH:32][cH:33]2)[C@@H:34]([OH:35])[C@@H:36]([OH:37])[C@@H:38]1[OH:39])[P:901]([OH:900])([OH:902])=[O:903]", "reacting_atoms": [1, 3, 6, 5, 34, 4, 7], "template_id": "819c74c76e507baf44c4d3e6ed77777f", "template_set": ["bkms", "bkms"], "num_examples": 169, "necessary_reagent": "", "template_score": 0.19764752686023712, "rms_molwt": -632.1506216059998, "num_rings": -4, "plausibility": 1, "tforms": ["819c74c76e507baf44c4d3e6ed77777f", "65bf7618263ef0544bfb3455ab5e0cbc"], "rank": 4, "score": -4075.4819717082837}, {"smiles": "O=c1ccn([C@@H]2O[C@H](COP(=O)(O)OP(=O)(O)OC3O[C@@H](CO)[C@@H](O)[C@H](O)[C@@H]3O)[C@@H](O)[C@H]2O)c(=O)[nH]1.OC[C@@H]1O[C@@H](Oc2cc(O)cc(/C=C\\c3ccc(O)cc3)c2)[C@@H](O)[C@H](O)[C@@H]1O", "smiles_split": ["O=c1ccn([C@@H]2O[C@H](COP(=O)(O)OP(=O)(O)OC3O[C@@H](CO)[C@@H](O)[C@H](O)[C@@H]3O)[C@@H](O)[C@H]2O)c(=O)[nH]1", "OC[C@@H]1O[C@@H](Oc2cc(O)cc(/C=C\\c3ccc(O)cc3)c2)[C@@H](O)[C@H](O)[C@@H]1O"], "mapped_smiles": "[OH:1][CH2:2][C@@H:3]1[O:4][CH:5]([O:924][P:921]([O:920][P:917]([O:916][CH2:915][C@@H:914]2[C@@H:901]([OH:900])[C@@H:902]([OH:903])[C@H:904]([n:905]3[cH:906][cH:907][c:908](=[O:909])[nH:910][c:911]3=[O:912])[O:913]2)([OH:918])=[O:919])([OH:922])=[O:923])[C@@H:34]([OH:35])[C@@H:36]([OH:37])[C@@H:38]1[OH:39].[OH:6][c:7]1[cH:8][cH:9][c:10](/[CH:11]=[CH:12]\\[c:13]2[cH:14][c:15]([OH:16])[cH:17][c:18]([O:19][C@@H:20]3[O:21][C@@H:22]([CH2:23][OH:24])[C@@H:25]([OH:26])[C@@H:27]([OH:28])[C@@H:29]3[OH:30])[cH:31]2)[cH:32][cH:33]1", "reacting_atoms": [5, 34, 6], "template_id": "86876aa219f979820998315681005c69", "template_set": ["bkms", "bkms"], "num_examples": 6, "necessary_reagent": "", "template_score": 0.2173313945531845, "rms_molwt": -486.11770610208447, "num_rings": -6, "plausibility": 1, "tforms": ["b3c14e9dd551f89283de8ef412aad2f0", "86876aa219f979820998315681005c69"], "rank": 5, "score": -4405.732360749776}, {"smiles": "O=c1ccn([C@@H]2O[C@H](COP(=O)(O)OP(=O)(O)OC3O[C@@H](CO)[C@@H](O)[C@@H](O)[C@@H]3O)[C@@H](O)[C@H]2O)c(=O)[nH]1.OC[C@@H]1O[C@H](Oc2ccc(/C=C\\c3cc(O)cc(O)c3)cc2)[C@@H](O)[C@@H](O)[C@@H]1O", "smiles_split": ["O=c1ccn([C@@H]2O[C@H](COP(=O)(O)OP(=O)(O)OC3O[C@@H](CO)[C@@H](O)[C@@H](O)[C@@H]3O)[C@@H](O)[C@H]2O)c(=O)[nH]1", "OC[C@@H]1O[C@H](Oc2ccc(/C=C\\c3cc(O)cc(O)c3)cc2)[C@@H](O)[C@@H](O)[C@@H]1O"], "mapped_smiles": "[CH:20]1([O:924][P:921]([O:920][P:917]([O:916][CH2:915][C@@H:914]2[C@@H:901]([OH:900])[C@@H:902]([OH:903])[C@H:904]([n:905]3[cH:906][cH:907][c:908](=[O:909])[nH:910][c:911]3=[O:912])[O:913]2)([OH:918])=[O:919])([OH:922])=[O:923])[O:21][C@@H:22]([CH2:23][OH:24])[C@@H:25]([OH:26])[C@@H:27]([OH:28])[C@@H:29]1[OH:30].[OH:1][CH2:2][C@@H:3]1[O:4][C@H:5]([O:6][c:7]2[cH:8][cH:9][c:10](/[CH:11]=[CH:12]\\[c:13]3[cH:14][c:15]([OH:16])[cH:17][c:18]([OH:19])[cH:31]3)[cH:32][cH:33]2)[C@@H:34]([OH:35])[C@@H:36]([OH:37])[C@@H:38]1[OH:39]", "reacting_atoms": [20, 19], "template_id": "86876aa219f979820998315681005c69", "template_set": ["bkms", "bkms"], "num_examples": 6, "necessary_reagent": "", "template_score": 0.2173313945531845, "rms_molwt": -486.11770610208447, "num_rings": -6, "plausibility": 1, "tforms": ["b3c14e9dd551f89283de8ef412aad2f0", "86876aa219f979820998315681005c69"], "rank": 6, "score": -4405.732360749776}, {"smiles": "O=C(O[C@@H]1O[C@@H](CO)[C@@H](O)[C@@H](O)[C@@H]1O)c1ccc(O)cc1.OC[C@@H]1O[C@H](Oc2ccc(/C=C\\c3cc(O)cc(O)c3)cc2)[C@@H](O)[C@@H](O)[C@@H]1O", "smiles_split": ["O=C(O[C@@H]1O[C@@H](CO)[C@@H](O)[C@@H](O)[C@@H]1O)c1ccc(O)cc1", "OC[C@@H]1O[C@H](Oc2ccc(/C=C\\c3cc(O)cc(O)c3)cc2)[C@@H](O)[C@@H](O)[C@@H]1O"], "mapped_smiles": "[C@@H:20]1([O:907][C:905]([c:904]2[cH:903][cH:902][c:901]([OH:900])[cH:909][cH:908]2)=[O:906])[O:21][C@@H:22]([CH2:23][OH:24])[C@@H:25]([OH:26])[C@@H:27]([OH:28])[C@@H:29]1[OH:30].[OH:1][CH2:2][C@@H:3]1[O:4][C@H:5]([O:6][c:7]2[cH:8][cH:9][c:10](/[CH:11]=[CH:12]\\[c:13]3[cH:14][c:15]([OH:16])[cH:17][c:18]([OH:19])[cH:31]3)[cH:32][cH:33]2)[C@@H:34]([OH:35])[C@@H:36]([OH:37])[C@@H:38]1[OH:39]", "reacting_atoms": [20, 19], "template_id": "09b40ce9b5ffc12c7ff9616710beda6f", "template_set": ["bkms"], "num_examples": 4, "necessary_reagent": "", "template_score": 0.07372292876243591, "rms_molwt": -348.03252699142195, "num_rings": -5, "plausibility": 1, "tforms": ["09b40ce9b5ffc12c7ff9616710beda6f"], "rank": 7, "score": -8385.263761465785}, {"smiles": "O=C(O[C@H]1O[C@@H](CO)[C@@H](O)[C@H](O)[C@@H]1O)c1ccc(O)cc1.OC[C@@H]1O[C@@H](Oc2cc(O)cc(/C=C\\c3ccc(O)cc3)c2)[C@@H](O)[C@H](O)[C@@H]1O", "smiles_split": ["O=C(O[C@H]1O[C@@H](CO)[C@@H](O)[C@H](O)[C@@H]1O)c1ccc(O)cc1", "OC[C@@H]1O[C@@H](Oc2cc(O)cc(/C=C\\c3ccc(O)cc3)c2)[C@@H](O)[C@H](O)[C@@H]1O"], "mapped_smiles": "[OH:1][CH2:2][C@@H:3]1[O:4][C@H:5]([O:907][C:905]([c:904]2[cH:903][cH:902][c:901]([OH:900])[cH:909][cH:908]2)=[O:906])[C@@H:34]([OH:35])[C@@H:36]([OH:37])[C@@H:38]1[OH:39].[OH:6][c:7]1[cH:8][cH:9][c:10](/[CH:11]=[CH:12]\\[c:13]2[cH:14][c:15]([OH:16])[cH:17][c:18]([O:19][C@@H:20]3[O:21][C@@H:22]([CH2:23][OH:24])[C@@H:25]([OH:26])[C@@H:27]([OH:28])[C@@H:29]3[OH:30])[cH:31]2)[cH:32][cH:33]1", "reacting_atoms": [5, 34, 6], "template_id": "09b40ce9b5ffc12c7ff9616710beda6f", "template_set": ["bkms"], "num_examples": 4, "necessary_reagent": "", "template_score": 0.07372292876243591, "rms_molwt": -348.03252699142195, "num_rings": -5, "plausibility": 1, "tforms": ["09b40ce9b5ffc12c7ff9616710beda6f"], "rank": 8, "score": -8385.263761465785}, {"smiles": "COc1cc(C(=O)O[C@H]2O[C@@H](CO)[C@@H](O)[C@H](O)[C@@H]2O)ccc1O.OC[C@@H]1O[C@@H](Oc2cc(O)cc(/C=C\\c3ccc(O)cc3)c2)[C@@H](O)[C@H](O)[C@@H]1O", "smiles_split": ["COc1cc(C(=O)O[C@H]2O[C@@H](CO)[C@@H](O)[C@H](O)[C@@H]2O)ccc1O", "OC[C@@H]1O[C@@H](Oc2cc(O)cc(/C=C\\c3ccc(O)cc3)c2)[C@@H](O)[C@H](O)[C@@H]1O"], "mapped_smiles": "[OH:1][CH2:2][C@@H:3]1[O:4][C@H:5]([O:907][C:905]([c:904]2[cH:903][c:902]([O:901][CH3:900])[c:910]([OH:911])[cH:909][cH:908]2)=[O:906])[C@@H:34]([OH:35])[C@@H:36]([OH:37])[C@@H:38]1[OH:39].[OH:6][c:7]1[cH:8][cH:9][c:10](/[CH:11]=[CH:12]\\[c:13]2[cH:14][c:15]([OH:16])[cH:17][c:18]([O:19][C@@H:20]3[O:21][C@@H:22]([CH2:23][OH:24])[C@@H:25]([OH:26])[C@@H:27]([OH:28])[C@@H:29]3[OH:30])[cH:31]2)[cH:32][cH:33]1", "reacting_atoms": [5, 34, 6], "template_id": "d8f6474a7d0a0e89f5c09828d7fe612a", "template_set": ["bkms"], "num_examples": 6, "necessary_reagent": "", "template_score": 0.04071948304772377, "rms_molwt": -361.3622319261125, "num_rings": -5, "plausibility": 1, "tforms": ["d8f6474a7d0a0e89f5c09828d7fe612a"], "rank": 9, "score": -15872.654205052515}, {"smiles": "COc1cc(C(=O)O[C@@H]2O[C@@H](CO)[C@@H](O)[C@@H](O)[C@@H]2O)ccc1O.OC[C@@H]1O[C@H](Oc2ccc(/C=C\\c3cc(O)cc(O)c3)cc2)[C@@H](O)[C@@H](O)[C@@H]1O", "smiles_split": ["COc1cc(C(=O)O[C@@H]2O[C@@H](CO)[C@@H](O)[C@@H](O)[C@@H]2O)ccc1O", "OC[C@@H]1O[C@H](Oc2ccc(/C=C\\c3cc(O)cc(O)c3)cc2)[C@@H](O)[C@@H](O)[C@@H]1O"], "mapped_smiles": "[C@@H:20]1([O:907][C:905]([c:904]2[cH:903][c:902]([O:901][CH3:900])[c:910]([OH:911])[cH:909][cH:908]2)=[O:906])[O:21][C@@H:22]([CH2:23][OH:24])[C@@H:25]([OH:26])[C@@H:27]([OH:28])[C@@H:29]1[OH:30].[OH:1][CH2:2][C@@H:3]1[O:4][C@H:5]([O:6][c:7]2[cH:8][cH:9][c:10](/[CH:11]=[CH:12]\\[c:13]3[cH:14][c:15]([OH:16])[cH:17][c:18]([OH:19])[cH:31]3)[cH:32][cH:33]2)[C@@H:34]([OH:35])[C@@H:36]([OH:37])[C@@H:38]1[OH:39]", "reacting_atoms": [20, 19], "template_id": "d8f6474a7d0a0e89f5c09828d7fe612a", "template_set": ["bkms"], "num_examples": 6, "necessary_reagent": "", "template_score": 0.04071948304772377, "rms_molwt": -361.3622319261125, "num_rings": -5, "plausibility": 1, "tforms": ["d8f6474a7d0a0e89f5c09828d7fe612a"], "rank": 10, "score": -15872.654205052515}, {"smiles": "Cc1cn([C@H]2C[C@H](O)[C@@H](COP(=O)(O)OP(=O)(O)O[C@@H]3O[C@@H](CO)[C@@H](O)[C@H](O)[C@@H]3O)O2)c(=O)[nH]c1=O.OC[C@@H]1O[C@@H](Oc2cc(O)cc(/C=C\\c3ccc(O)cc3)c2)[C@@H](O)[C@H](O)[C@@H]1O", "smiles_split": ["Cc1cn([C@H]2C[C@H](O)[C@@H](COP(=O)(O)OP(=O)(O)O[C@@H]3O[C@@H](CO)[C@@H](O)[C@H](O)[C@@H]3O)O2)c(=O)[nH]c1=O", "OC[C@@H]1O[C@@H](Oc2cc(O)cc(/C=C\\c3ccc(O)cc3)c2)[C@@H](O)[C@H](O)[C@@H]1O"], "mapped_smiles": "[OH:1][CH2:2][C@@H:3]1[O:4][C@@H:5]([O:918][P:915]([O:914][P:911]([O:910][CH2:909][C@@H:908]2[C@@H:906]([OH:907])[CH2:905][C@H:904]([n:903]3[cH:902][c:901]([CH3:900])[c:923](=[O:924])[nH:922][c:920]3=[O:921])[O:919]2)([OH:912])=[O:913])([OH:916])=[O:917])[C@@H:34]([OH:35])[C@@H:36]([OH:37])[C@@H:38]1[OH:39].[OH:6][c:7]1[cH:8][cH:9][c:10](/[CH:11]=[CH:12]\\[c:13]2[cH:14][c:15]([OH:16])[cH:17][c:18]([O:19][C@@H:20]3[O:21][C@@H:22]([CH2:23][OH:24])[C@@H:25]([OH:26])[C@@H:27]([OH:28])[C@@H:29]3[OH:30])[cH:31]2)[cH:32][cH:33]1", "reacting_atoms": [5, 34, 6], "template_id": "eb9c2df4e8a4605443f0b374572d1fad", "template_set": ["bkms"], "num_examples": 6, "necessary_reagent": "", "template_score": 0.05702155455946922, "rms_molwt": -484.9659887982743, "num_rings": -6, "plausibility": 1, "tforms": ["eb9c2df4e8a4605443f0b374572d1fad"], "rank": 11, "score": -16791.96516803549}, {"smiles": "Cc1cn([C@H]2C[C@H](O)[C@@H](COP(=O)(O)OP(=O)(O)O[C@H]3O[C@@H](CO)[C@@H](O)[C@@H](O)[C@@H]3O)O2)c(=O)[nH]c1=O.OC[C@@H]1O[C@H](Oc2ccc(/C=C\\c3cc(O)cc(O)c3)cc2)[C@@H](O)[C@@H](O)[C@@H]1O", "smiles_split": ["Cc1cn([C@H]2C[C@H](O)[C@@H](COP(=O)(O)OP(=O)(O)O[C@H]3O[C@@H](CO)[C@@H](O)[C@@H](O)[C@@H]3O)O2)c(=O)[nH]c1=O", "OC[C@@H]1O[C@H](Oc2ccc(/C=C\\c3cc(O)cc(O)c3)cc2)[C@@H](O)[C@@H](O)[C@@H]1O"], "mapped_smiles": "[C@H:20]1([O:918][P:915]([O:914][P:911]([O:910][CH2:909][C@@H:908]2[C@@H:906]([OH:907])[CH2:905][C@H:904]([n:903]3[cH:902][c:901]([CH3:900])[c:923](=[O:924])[nH:922][c:920]3=[O:921])[O:919]2)([OH:912])=[O:913])([OH:916])=[O:917])[O:21][C@@H:22]([CH2:23][OH:24])[C@@H:25]([OH:26])[C@@H:27]([OH:28])[C@@H:29]1[OH:30].[OH:1][CH2:2][C@@H:3]1[O:4][C@H:5]([O:6][c:7]2[cH:8][cH:9][c:10](/[CH:11]=[CH:12]\\[c:13]3[cH:14][c:15]([OH:16])[cH:17][c:18]([OH:19])[cH:31]3)[cH:32][cH:33]2)[C@@H:34]([OH:35])[C@@H:36]([OH:37])[C@@H:38]1[OH:39]", "reacting_atoms": [20, 19], "template_id": "eb9c2df4e8a4605443f0b374572d1fad", "template_set": ["bkms"], "num_examples": 6, "necessary_reagent": "", "template_score": 0.05702155455946922, "rms_molwt": -484.9659887982743, "num_rings": -6, "plausibility": 1, "tforms": ["eb9c2df4e8a4605443f0b374572d1fad"], "rank": 12, "score": -16791.96516803549}, {"smiles": "COc1cc(/C=C/C(=O)O[C@H]2O[C@@H](CO)[C@@H](O)[C@H](O)[C@@H]2O)ccc1O.OC[C@@H]1O[C@@H](Oc2cc(O)cc(/C=C\\c3ccc(O)cc3)c2)[C@@H](O)[C@H](O)[C@@H]1O", "smiles_split": ["COc1cc(/C=C/C(=O)O[C@H]2O[C@@H](CO)[C@@H](O)[C@H](O)[C@@H]2O)ccc1O", "OC[C@@H]1O[C@@H](Oc2cc(O)cc(/C=C\\c3ccc(O)cc3)c2)[C@@H](O)[C@H](O)[C@@H]1O"], "mapped_smiles": "[OH:1][CH2:2][C@@H:3]1[O:4][C@H:5]([O:909][C:907](/[CH:906]=[CH:905]/[c:904]2[cH:903][c:902]([O:901][CH3:900])[c:912]([OH:913])[cH:911][cH:910]2)=[O:908])[C@@H:34]([OH:35])[C@@H:36]([OH:37])[C@@H:38]1[OH:39].[OH:6][c:7]1[cH:8][cH:9][c:10](/[CH:11]=[CH:12]\\[c:13]2[cH:14][c:15]([OH:16])[cH:17][c:18]([O:19][C@@H:20]3[O:21][C@@H:22]([CH2:23][OH:24])[C@@H:25]([OH:26])[C@@H:27]([OH:28])[C@@H:29]3[OH:30])[cH:31]2)[cH:32][cH:33]1", "reacting_atoms": [5, 34, 6], "template_id": "1ed126c594fbd95916965d2b4a2bc3a0", "template_set": ["bkms"], "num_examples": 4, "necessary_reagent": "", "template_score": 0.027904393151402473, "rms_molwt": -373.5086449226652, "num_rings": -5, "plausibility": 1, "tforms": ["1ed126c594fbd95916965d2b4a2bc3a0"], "rank": 13, "score": -24215.47102229925}, {"smiles": "COc1cc(/C=C/C(=O)O[C@@H]2O[C@@H](CO)[C@@H](O)[C@@H](O)[C@@H]2O)ccc1O.OC[C@@H]1O[C@H](Oc2ccc(/C=C\\c3cc(O)cc(O)c3)cc2)[C@@H](O)[C@@H](O)[C@@H]1O", "smiles_split": ["COc1cc(/C=C/C(=O)O[C@@H]2O[C@@H](CO)[C@@H](O)[C@@H](O)[C@@H]2O)ccc1O", "OC[C@@H]1O[C@H](Oc2ccc(/C=C\\c3cc(O)cc(O)c3)cc2)[C@@H](O)[C@@H](O)[C@@H]1O"], "mapped_smiles": "[C@@H:20]1([O:909][C:907](/[CH:906]=[CH:905]/[c:904]2[cH:903][c:902]([O:901][CH3:900])[c:912]([OH:913])[cH:911][cH:910]2)=[O:908])[O:21][C@@H:22]([CH2:23][OH:24])[C@@H:25]([OH:26])[C@@H:27]([OH:28])[C@@H:29]1[OH:30].[OH:1][CH2:2][C@@H:3]1[O:4][C@H:5]([O:6][c:7]2[cH:8][cH:9][c:10](/[CH:11]=[CH:12]\\[c:13]3[cH:14][c:15]([OH:16])[cH:17][c:18]([OH:19])[cH:31]3)[cH:32][cH:33]2)[C@@H:34]([OH:35])[C@@H:36]([OH:37])[C@@H:38]1[OH:39]", "reacting_atoms": [20, 19], "template_id": "1ed126c594fbd95916965d2b4a2bc3a0", "template_set": ["bkms"], "num_examples": 4, "necessary_reagent": "", "template_score": 0.027904393151402473, "rms_molwt": -373.5086449226652, "num_rings": -5, "plausibility": 1, "tforms": ["1ed126c594fbd95916965d2b4a2bc3a0"], "rank": 14, "score": -24215.47102229925}, {"smiles": "OC[C@@H]1O[C@@H](Oc2cc(O)cc(/C=C\\c3ccc(O)cc3)c2)[C@@H](O)[C@H](O)[C@@H]1O.OC[C@@H]1O[C@H](O)[C@@H](O)[C@@H](O)[C@@H]1O", "smiles_split": ["OC[C@@H]1O[C@@H](Oc2cc(O)cc(/C=C\\c3ccc(O)cc3)c2)[C@@H](O)[C@H](O)[C@@H]1O", "OC[C@@H]1O[C@H](O)[C@@H](O)[C@@H](O)[C@@H]1O"], "mapped_smiles": "[OH:1][CH2:2][C@@H:3]1[O:4][C@H:5]([OH:6])[C@@H:34]([OH:35])[C@@H:36]([OH:37])[C@@H:38]1[OH:39].[c:7]1([OH:900])[cH:8][cH:9][c:10](/[CH:11]=[CH:12]\\[c:13]2[cH:14][c:15]([OH:16])[cH:17][c:18]([O:19][C@@H:20]3[O:21][C@@H:22]([CH2:23][OH:24])[C@@H:25]([OH:26])[C@@H:27]([OH:28])[C@@H:29]3[OH:30])[cH:31]2)[cH:32][cH:33]1", "reacting_atoms": [7, 6], "template_id": "1c6c1084e5a3e89058e45fc2016ceb2d", "template_set": ["bkms"], "num_examples": 2, "necessary_reagent": "", "template_score": 0.010346668772399426, "rms_molwt": -303.8300394934299, "num_rings": -4, "plausibility": 1, "tforms": ["1c6c1084e5a3e89058e45fc2016ceb2d"], "rank": 15, "score": -49180.70479586184}]}