{"smiles": "CN[C@H](C)c1cc2ccccc2[nH]1", "sfscore": [0.5418537855148315, 0.4679358899593353], "chem_result": [{"smiles": "CN[C@H](C)c1cc2ccccc2[nH]1", "bw_confidence": 0.1615372128132548, "confidence": 0.7252409728861755, "rclass": "6 6.1 6.1.1", "children": [{"smiles": "C[C@@H](c1cc2ccccc2[nH]1)N(C)C(=O)OC(C)(C)C"}, {"smiles": "ClCCl"}, {"smiles": "O=C(O)C(F)(F)F"}]}, {"smiles": "CN[C@H](C)c1cc2ccccc2[nH]1", "bw_confidence": 0.04771257261546435, "confidence": 0.9359979219838717, "rclass": "1 1.1 1.1.4", "children": [{"smiles": "C1CCOC1"}, {"smiles": "C[C@@H](NC(=O)OC(C)(C)C)c1cc2ccccc2[nH]1"}, {"smiles": "[Li+]~[AlH4-]"}]}, {"smiles": "CN[C@H](C)c1cc2ccccc2[nH]1", "bw_confidence": 0.0403517145507959, "confidence": 0.8518371159659076, "rclass": "8 8.8 8.8.18", "children": [{"smiles": "CN[C@H](C)C1Cc2ccccc2N1"}, {"smiles": "ClCCl"}, {"smiles": "O=[Mn]=O"}]}, {"smiles": "CN[C@H](C)c1cc2ccccc2[nH]1", "bw_confidence": 0.01736193864116547, "confidence": 0.9709680573160335, "rclass": "0 0 0", "children": [{"smiles": "C1CCOC1"}, {"smiles": "COC(=O)N[C@H](C)c1cc2ccccc2[nH]1"}, {"smiles": "[Li+]~[AlH4-]"}]}, {"smiles": "CN[C@H](C)c1cc2ccccc2[nH]1", "bw_confidence": 0.013041649451944054, "confidence": 0.3516571642598778, "rclass": "4 4.1 4.1.42", "children": [{"smiles": "CN[C@H](C)C#Cc1ccccc1N"}, {"smiles": "Cl[Pd]Cl"}]}, {"smiles": "CN[C@H](C)c1cc2ccccc2[nH]1", "bw_confidence": 0.012312655682173622, "confidence": 0.9245776434666061, "rclass": "7 7.3 7.3.5", "children": [{"smiles": "C/N=C(\\C)c1cc2ccccc2[nH]1"}, {"smiles": "CO"}, {"smiles": "[BH4-]~[Na+]"}]}, {"smiles": "CN[C@H](C)c1cc2ccccc2[nH]1", "bw_confidence": 0.01007235766441148, "confidence": 0.7828807037393394, "rclass": "1 1.1 1.1.4", "children": [{"smiles": "C[C@@H](NC(=O)OC(C)(C)C)c1cc2ccccc2[nH]1"}, {"smiles": "ClCCl"}, {"smiles": "O=C(O)C(F)(F)F"}]}, {"smiles": "CN[C@H](C)c1cc2ccccc2[nH]1", "bw_confidence": 0.008520028783130044, "confidence": 0.9188732711970454, "rclass": "11 11.9 11.9", "children": [{"smiles": "CN[C@H](C)c1cc2ccccc2[nH]1~Cl"}, {"smiles": "O"}, {"smiles": "[OH-]~[Na+]"}]}, {"smiles": "CN[C@H](C)c1cc2ccccc2[nH]1", "bw_confidence": 0.006149263043507208, "confidence": 0.3248441354865624, "rclass": "0 0 0", "children": [{"smiles": "CCc1cc2ccccc2[nH]1"}, {"smiles": "CN[C@H](C)c1cc2ccccc2[nH]1"}]}, {"smiles": "CN[C@H](C)c1cc2ccccc2[nH]1", "bw_confidence": 0.004286728573761575, "confidence": 0.4599147164349959, "rclass": "1 1.1 1.1.4", "children": [{"smiles": "C1COCCO1"}, {"smiles": "C[C@@H](NC(=O)OC(C)(C)C)c1cc2ccccc2[nH]1"}, {"smiles": "Cl"}]}], "chem_bw_confidence_list": [0.1615372128132548, 0.04771257261546435, 0.0403517145507959, 0.01736193864116547, 0.013041649451944054, 0.012312655682173622, 0.01007235766441148, 0.008520028783130044, 0.006149263043507208, 0.004286728573761575], "enzy_template_score_list": [0.138251394033432, 0.03934592008590698, 0.014808605425059795, 0.014808605425059795, 0.014808605425059795, 0.014808605425059795, 0.014808605425059795, 0.01627889834344387, 0.011124706827104092, 0.011124706827104092, 0.011124706827104092, 0.011124706827104092, 0.011124706827104092, 0.012099082581698895, 0.012099082581698895], "enzy_result": [{"smiles": "C[C@@H](N)c1cc2ccccc2[nH]1", "smiles_split": ["C[C@@H](N)c1cc2ccccc2[nH]1"], "mapped_smiles": "[NH2:2][C@H:3]([CH3:4])[c:5]1[cH:6][c:7]2[cH:8][cH:9][cH:10][cH:11][c:12]2[nH:13]1", "reacting_atoms": [2], "template_id": "a73fb9122463de7a4b76017a9ecdd187", "template_set": ["bkms"], "num_examples": 25, "necessary_reagent": "[C]", "template_score": 0.138251394033432, "rms_molwt": -160.100048384, "num_rings": -2, "plausibility": 1, "tforms": ["a73fb9122463de7a4b76017a9ecdd187"], "rank": 1, "score": -623.0565656536967}, {"smiles": "C[C@H](c1cc2ccccc2[nH]1)N(C)C", "smiles_split": ["C[C@H](c1cc2ccccc2[nH]1)N(C)C"], "mapped_smiles": "[CH3:1][N:2]([C@H:3]([CH3:4])[c:5]1[cH:6][c:7]2[cH:8][cH:9][cH:10][cH:11][c:12]2[nH:13]1)[CH3:900]", "reacting_atoms": [2], "template_id": "0c9574d5f5479105abeb55750e130d6b", "template_set": ["bkms", "bkms"], "num_examples": 17, "necessary_reagent": "", "template_score": 0.03934592008590698, "rms_molwt": -188.131348512, "num_rings": -2, "plausibility": 1, "tforms": ["4a20299c41131815cbb019cbbcea4409", "0c9574d5f5479105abeb55750e130d6b"], "rank": 2, "score": -2713.531837521121}, {"smiles": "CN[C@H](C)c1cc2ccc(O)cc2[nH]1", "smiles_split": ["CN[C@H](C)c1cc2ccc(O)cc2[nH]1"], "mapped_smiles": "[CH3:1][NH:2][C@H:3]([CH3:4])[c:5]1[cH:6][c:7]2[cH:8][cH:9][c:10]([OH:900])[cH:11][c:12]2[nH:13]1", "reacting_atoms": [10], "template_id": "f53e9cbdf728108a37f743b6e04eb4f2", "template_set": ["bkms", "bkms"], "num_examples": 57, "necessary_reagent": "", "template_score": 0.014808605425059795, "rms_molwt": -190.110613068, "num_rings": -2, "plausibility": 1, "tforms": ["f53e9cbdf728108a37f743b6e04eb4f2", "a4b05d3426bcbccf017b2e46a8dfdb20"], "rank": 3, "score": -7209.754312785955}, {"smiles": "CN[C@H](C)c1cc2cccc(O)c2[nH]1", "smiles_split": ["CN[C@H](C)c1cc2cccc(O)c2[nH]1"], "mapped_smiles": "[CH3:1][NH:2][C@H:3]([CH3:4])[c:5]1[cH:6][c:7]2[cH:8][cH:9][cH:10][c:11]([OH:900])[c:12]2[nH:13]1", "reacting_atoms": [11], "template_id": "f53e9cbdf728108a37f743b6e04eb4f2", "template_set": ["bkms"], "num_examples": 56, "necessary_reagent": "", "template_score": 0.014808605425059795, "rms_molwt": -190.110613068, "num_rings": -2, "plausibility": 1, "tforms": ["f53e9cbdf728108a37f743b6e04eb4f2"], "rank": 4, "score": -7209.754312785955}, {"smiles": "CN[C@H](C)c1cc2cc(O)ccc2[nH]1", "smiles_split": ["CN[C@H](C)c1cc2cc(O)ccc2[nH]1"], "mapped_smiles": "[CH3:1][NH:2][C@H:3]([CH3:4])[c:5]1[cH:6][c:7]2[cH:8][c:9]([OH:900])[cH:10][cH:11][c:12]2[nH:13]1", "reacting_atoms": [9], "template_id": "f53e9cbdf728108a37f743b6e04eb4f2", "template_set": ["bkms"], "num_examples": 56, "necessary_reagent": "", "template_score": 0.014808605425059795, "rms_molwt": -190.110613068, "num_rings": -2, "plausibility": 1, "tforms": ["f53e9cbdf728108a37f743b6e04eb4f2"], "rank": 5, "score": -7209.754312785955}, {"smiles": "CN[C@H](C)c1cc2c(O)cccc2[nH]1", "smiles_split": ["CN[C@H](C)c1cc2c(O)cccc2[nH]1"], "mapped_smiles": "[CH3:1][NH:2][C@H:3]([CH3:4])[c:5]1[cH:6][c:7]2[c:8]([OH:900])[cH:9][cH:10][cH:11][c:12]2[nH:13]1", "reacting_atoms": [8], "template_id": "f53e9cbdf728108a37f743b6e04eb4f2", "template_set": ["bkms", "bkms"], "num_examples": 57, "necessary_reagent": "", "template_score": 0.014808605425059795, "rms_molwt": -190.110613068, "num_rings": -2, "plausibility": 1, "tforms": ["f53e9cbdf728108a37f743b6e04eb4f2", "a4b05d3426bcbccf017b2e46a8dfdb20"], "rank": 6, "score": -7209.754312785955}, {"smiles": "CN[C@H](C)c1[nH]c2ccccc2c1O", "smiles_split": ["CN[C@H](C)c1[nH]c2ccccc2c1O"], "mapped_smiles": "[CH3:1][NH:2][C@H:3]([CH3:4])[c:5]1[c:6]([OH:900])[c:7]2[cH:8][cH:9][cH:10][cH:11][c:12]2[nH:13]1", "reacting_atoms": [6], "template_id": "f53e9cbdf728108a37f743b6e04eb4f2", "template_set": ["bkms", "bkms"], "num_examples": 57, "necessary_reagent": "", "template_score": 0.014808605425059795, "rms_molwt": -190.110613068, "num_rings": -2, "plausibility": 1, "tforms": ["f53e9cbdf728108a37f743b6e04eb4f2", "a4b05d3426bcbccf017b2e46a8dfdb20"], "rank": 7, "score": -7209.754312785955}, {"smiles": "CN[C@H](C)c1cc2ccccc2n1C(C)=O", "smiles_split": ["CN[C@H](C)c1cc2ccccc2n1C(C)=O"], "mapped_smiles": "[CH3:1][NH:2][C@H:3]([CH3:4])[c:5]1[cH:6][c:7]2[cH:8][cH:9][cH:10][cH:11][c:12]2[n:13]1[C:901]([CH3:900])=[O:902]", "reacting_atoms": [13], "template_id": "b8de9a5f73fc3b0934d593b935ac26c8", "template_set": ["bkms"], "num_examples": 1, "necessary_reagent": "", "template_score": 0.01627889834344387, "rms_molwt": -216.126263132, "num_rings": -2, "plausibility": 1, "tforms": ["b8de9a5f73fc3b0934d593b935ac26c8"], "rank": 8, "score": -7985.79837881695}, {"smiles": "CN[C@H](C)c1[nH]c2ccccc2c1Cl", "smiles_split": ["CN[C@H](C)c1[nH]c2ccccc2c1Cl"], "mapped_smiles": "[CH3:1][NH:2][C@H:3]([CH3:4])[c:5]1[c:6]([Cl:900])[c:7]2[cH:8][cH:9][cH:10][cH:11][c:12]2[nH:13]1", "reacting_atoms": [6], "template_id": "13444016d1e7c68bbdf8f2aa3af2798d", "template_set": ["bkms", "bkms"], "num_examples": 10, "necessary_reagent": "", "template_score": 0.011124706827104092, "rms_molwt": -208.076726096, "num_rings": -2, "plausibility": 1, "tforms": ["192cf640c3e32ee3278f55abe6bc61f0", "13444016d1e7c68bbdf8f2aa3af2798d"], "rank": 9, "score": -9597.233301424723}, {"smiles": "CN[C@H](C)c1cc2ccc(Cl)cc2[nH]1", "smiles_split": ["CN[C@H](C)c1cc2ccc(Cl)cc2[nH]1"], "mapped_smiles": "[CH3:1][NH:2][C@H:3]([CH3:4])[c:5]1[cH:6][c:7]2[cH:8][cH:9][c:10]([Cl:900])[cH:11][c:12]2[nH:13]1", "reacting_atoms": [10], "template_id": "13444016d1e7c68bbdf8f2aa3af2798d", "template_set": ["bkms"], "num_examples": 9, "necessary_reagent": "", "template_score": 0.011124706827104092, "rms_molwt": -208.076726096, "num_rings": -2, "plausibility": 1, "tforms": ["13444016d1e7c68bbdf8f2aa3af2798d"], "rank": 10, "score": -9597.233301424723}, {"smiles": "CN[C@H](C)c1cc2c(Cl)cccc2[nH]1", "smiles_split": ["CN[C@H](C)c1cc2c(Cl)cccc2[nH]1"], "mapped_smiles": "[CH3:1][NH:2][C@H:3]([CH3:4])[c:5]1[cH:6][c:7]2[c:8]([Cl:900])[cH:9][cH:10][cH:11][c:12]2[nH:13]1", "reacting_atoms": [8], "template_id": "13444016d1e7c68bbdf8f2aa3af2798d", "template_set": ["bkms"], "num_examples": 9, "necessary_reagent": "", "template_score": 0.011124706827104092, "rms_molwt": -208.076726096, "num_rings": -2, "plausibility": 1, "tforms": ["13444016d1e7c68bbdf8f2aa3af2798d"], "rank": 11, "score": -9597.233301424723}, {"smiles": "CN[C@H](C)c1cc2cc(Cl)ccc2[nH]1", "smiles_split": ["CN[C@H](C)c1cc2cc(Cl)ccc2[nH]1"], "mapped_smiles": "[CH3:1][NH:2][C@H:3]([CH3:4])[c:5]1[cH:6][c:7]2[cH:8][c:9]([Cl:900])[cH:10][cH:11][c:12]2[nH:13]1", "reacting_atoms": [9], "template_id": "13444016d1e7c68bbdf8f2aa3af2798d", "template_set": ["bkms"], "num_examples": 9, "necessary_reagent": "", "template_score": 0.011124706827104092, "rms_molwt": -208.076726096, "num_rings": -2, "plausibility": 1, "tforms": ["13444016d1e7c68bbdf8f2aa3af2798d"], "rank": 12, "score": -9597.233301424723}, {"smiles": "CN[C@H](C)c1cc2cccc(Cl)c2[nH]1", "smiles_split": ["CN[C@H](C)c1cc2cccc(Cl)c2[nH]1"], "mapped_smiles": "[CH3:1][NH:2][C@H:3]([CH3:4])[c:5]1[cH:6][c:7]2[cH:8][cH:9][cH:10][c:11]([Cl:900])[c:12]2[nH:13]1", "reacting_atoms": [11], "template_id": "13444016d1e7c68bbdf8f2aa3af2798d", "template_set": ["bkms"], "num_examples": 9, "necessary_reagent": "", "template_score": 0.011124706827104092, "rms_molwt": -208.076726096, "num_rings": -2, "plausibility": 1, "tforms": ["13444016d1e7c68bbdf8f2aa3af2798d"], "rank": 13, "score": -9597.233301424723}, {"smiles": "CN[C@H](C)c1cc2c(C(=O)O)cccc2[nH]1", "smiles_split": ["CN[C@H](C)c1cc2c(C(=O)O)cccc2[nH]1"], "mapped_smiles": "[CH3:1][NH:2][C@H:3]([CH3:4])[c:5]1[cH:6][c:7]2[c:8]([C:901]([OH:900])=[O:902])[cH:9][cH:10][cH:11][c:12]2[nH:13]1", "reacting_atoms": [8], "template_id": "7b224edf0386a32c82063499cfe171fd", "template_set": ["bkms"], "num_examples": 23, "necessary_reagent": "", "template_score": 0.012099082581698895, "rms_molwt": -218.105527688, "num_rings": -2, "plausibility": 1, "tforms": ["7b224edf0386a32c82063499cfe171fd"], "rank": 14, "score": -10744.616306416352}, {"smiles": "CN[C@H](C)c1cc2cccc(C(=O)O)c2[nH]1", "smiles_split": ["CN[C@H](C)c1cc2cccc(C(=O)O)c2[nH]1"], "mapped_smiles": "[CH3:1][NH:2][C@H:3]([CH3:4])[c:5]1[cH:6][c:7]2[cH:8][cH:9][cH:10][c:11]([C:901]([OH:900])=[O:902])[c:12]2[nH:13]1", "reacting_atoms": [11], "template_id": "7b224edf0386a32c82063499cfe171fd", "template_set": ["bkms", "bkms"], "num_examples": 24, "necessary_reagent": "", "template_score": 0.012099082581698895, "rms_molwt": -218.105527688, "num_rings": -2, "plausibility": 1, "tforms": ["c0ef570e65b141a96d742c9f162df85e", "7b224edf0386a32c82063499cfe171fd"], "rank": 15, "score": -10744.616306416352}]}