{"smiles": "CN(CCOc1ccc(C[C@@H]2SC(=O)NC2=O)cc1)c1ncccc1O[C@H]1O[C@@H](C(=O)O)[C@@H](O)[C@@H](O)[C@H]1O", "sfscore": [0.5527749061584473, 0.4512671232223511], "chem_result": [{"smiles": "CN(CCOc1ccc(C[C@@H]2SC(=O)NC2=O)cc1)c1ncccc1O[C@H]1O[C@@H](C(=O)O)[C@@H](O)[C@@H](O)[C@H]1O", "bw_confidence": 0.056868744116237845, "confidence": 0.9277705107672416, "rclass": "7 7.6 7.6.1", "children": [{"smiles": "CN(CCOc1ccc(C=C2SC(=O)NC2=O)cc1)c1ncccc1O[C@H]1O[C@@H](C(=O)O)[C@@H](O)[C@@H](O)[C@H]1O"}, {"smiles": "CO"}, {"smiles": "[Pd]"}]}, {"smiles": "CN(CCOc1ccc(C[C@@H]2SC(=O)NC2=O)cc1)c1ncccc1O[C@H]1O[C@@H](C(=O)O)[C@@H](O)[C@@H](O)[C@H]1O", "bw_confidence": 0.032755020658274146, "confidence": 0.038018218560144174, "rclass": "4 4.3 4.3.11", "children": [{"smiles": "CN(CCOc1ccc(C[C@H](O)C(=O)O)cc1)c1ncccc1O[C@H]1O[C@@H](C(=O)O)[C@@H](O)[C@@H](O)[C@H]1O"}, {"smiles": "NC(N)=S"}]}, {"smiles": "CN(CCOc1ccc(C[C@@H]2SC(=O)NC2=O)cc1)c1ncccc1O[C@H]1O[C@@H](C(=O)O)[C@@H](O)[C@@H](O)[C@H]1O", "bw_confidence": 0.024961339653758276, "confidence": 0.7086327708918783, "rclass": "6 6.3 6.3.1", "children": [{"smiles": "CN(CCOc1ccc(C[C@@H]2SC(=O)NC2=O)cc1)c1ncccc1O[C@H]1O[C@@H](C(=O)OCc2ccccc2)[C@@H](OCc2ccccc2)[C@@H](OCc2ccccc2)[C@H]1OCc1ccccc1"}, {"smiles": "CO"}, {"smiles": "[Pd]"}]}, {"smiles": "CN(CCOc1ccc(C[C@@H]2SC(=O)NC2=O)cc1)c1ncccc1O[C@H]1O[C@@H](C(=O)O)[C@@H](O)[C@@H](O)[C@H]1O", "bw_confidence": 0.023280077042806675, "confidence": 0.6544958370046373, "rclass": "1 1.3 1.3.7", "children": [{"smiles": "CNCCOc1ccc(C[C@@H]2SC(=O)NC2=O)cc1"}, {"smiles": "O=C(O)[C@@H]1O[C@H](Oc2cccnc2Cl)[C@H](O)[C@H](O)[C@@H]1O"}]}, {"smiles": "CN(CCOc1ccc(C[C@@H]2SC(=O)NC2=O)cc1)c1ncccc1O[C@H]1O[C@@H](C(=O)O)[C@@H](O)[C@@H](O)[C@H]1O", "bw_confidence": 0.020205756137340037, "confidence": 0.6045909210450514, "rclass": "9 9.4 9.4.1", "children": [{"smiles": "CN(CCOc1ccc(C[C@@H]2SC(=O)NC2=O)cc1)c1ncccc1O[C@H]1O[C@@H](C#N)[C@@H](O)[C@@H](O)[C@H]1O"}, {"smiles": "Cl"}]}, {"smiles": "CN(CCOc1ccc(C[C@@H]2SC(=O)NC2=O)cc1)c1ncccc1O[C@H]1O[C@@H](C(=O)O)[C@@H](O)[C@@H](O)[C@H]1O", "bw_confidence": 0.010411869292006297, "confidence": 0.22208768053264794, "rclass": "8 8.3 8.3.1", "children": [{"smiles": "CN(CCOc1ccc(C[C@@H]2SC(=O)NC2=O)cc1)c1ncccc1O[C@H]1O[C@@H](CO)[C@@H](O)[C@@H](O)[C@H]1O"}, {"smiles": "CN(CCOc1ccc(C[C@@H]2SC(=O)NC2=O)cc1)c1ncccc1O[C@H]1O[C@@H](CO)[C@@H](O)[C@@H](O)[C@H]1O"}]}, {"smiles": "CN(CCOc1ccc(C[C@@H]2SC(=O)NC2=O)cc1)c1ncccc1O[C@H]1O[C@@H](C(=O)O)[C@@H](O)[C@@H](O)[C@H]1O", "bw_confidence": 0.00965908977233346, "confidence": 0.750800027270225, "rclass": "11 11.9 11.9", "children": [{"smiles": "CN(CCOc1ccc(C[C@@H]2SC(=O)NC2=O)cc1)c1ncccc1O[C@H]1O[C@@H](C(=O)O)[C@@H](O)[C@@H](O)[C@H]1O~Cl"}, {"smiles": "O"}]}, {"smiles": "CN(CCOc1ccc(C[C@@H]2SC(=O)NC2=O)cc1)c1ncccc1O[C@H]1O[C@@H](C(=O)O)[C@@H](O)[C@@H](O)[C@H]1O", "bw_confidence": 0.0051371519580908674, "confidence": 0.7936746482959202, "rclass": "3 3.11 3.11.91", "children": [{"smiles": "C1CCOC1"}, {"smiles": "CN(CCOc1ccc(CBr)cc1)c1ncccc1O[C@H]1O[C@@H](C(=O)O)[C@@H](O)[C@@H](O)[C@H]1O"}, {"smiles": "O=C1CSC(=O)N1"}, {"smiles": "[Li+]~CC(C)[N-]C(C)C"}]}, {"smiles": "CN(CCOc1ccc(C[C@@H]2SC(=O)NC2=O)cc1)c1ncccc1O[C@H]1O[C@@H](C(=O)O)[C@@H](O)[C@@H](O)[C@H]1O", "bw_confidence": 0.0035388893071521908, "confidence": 0.35368773710803897, "rclass": "6 6.2 6.2.1", "children": [{"smiles": "CCOC(=O)[C@H]1O[C@H](Oc2cccnc2N(C)CCOc2ccc(C[C@@H]3SC(=O)NC3=O)cc2)[C@H](OC(C)=O)[C@@H](OC(C)=O)[C@@H]1OC(C)=O"}, {"smiles": "CO"}, {"smiles": "C[O-]~[Na+]"}]}, {"smiles": "CN(CCOc1ccc(C[C@@H]2SC(=O)NC2=O)cc1)c1ncccc1O[C@H]1O[C@@H](C(=O)O)[C@@H](O)[C@@H](O)[C@H]1O", "bw_confidence": 0.002787682934794636, "confidence": 0.7116537251580846, "rclass": "0 0 0", "children": [{"smiles": "CN(CCOc1ccc(C[C@@H]2SC(=O)NC2=O)cc1)c1ncccc1O[C@H]1O[C@@H](C(=O)[O-])[C@@H](O)[C@@H](O)[C@H]1O~[Na+]"}, {"smiles": "Cl"}]}, {"smiles": "CN(CCOc1ccc(C[C@@H]2SC(=O)NC2=O)cc1)c1ncccc1O[C@H]1O[C@@H](C(=O)O)[C@@H](O)[C@@H](O)[C@H]1O", "bw_confidence": 0.0024348759728403144, "confidence": 0.0777447581035655, "rclass": "10 10.4 10.4.9", "children": [{"smiles": "CC(=O)O"}, {"smiles": "CN(CCOc1ccc(C[C@@H]2SC(=O)NC2=O)cc1)c1ncccc1O[C@H]1O[C@@H](C(=O)O)C=C[C@H]1O"}]}, {"smiles": "CN(CCOc1ccc(C[C@@H]2SC(=O)NC2=O)cc1)c1ncccc1O[C@H]1O[C@@H](C(=O)O)[C@@H](O)[C@@H](O)[C@H]1O", "bw_confidence": 0.0016203629770798814, "confidence": 0.7848226343953131, "rclass": "2 2.8 2.8.4", "children": [{"smiles": "CN(CCOc1ccc(C[C@H](O)C(=O)NC(=O)OC(C)(C)C)cc1)c1ncccc1O[C@H]1O[C@@H](C(=O)O)[C@@H](O)[C@@H](O)[C@H]1O"}, {"smiles": "O=C(O)C(F)(F)F"}]}], "chem_bw_confidence_list": [0.056868744116237845, 0.032755020658274146, 0.024961339653758276, 0.023280077042806675, 0.020205756137340037, 0.010411869292006297, 0.00965908977233346, 0.0051371519580908674, 0.0035388893071521908, 0.002787682934794636, 0.0024348759728403144, 0.0016203629770798814], "enzy_template_score_list": [0.41965118050575256, 0.08432890474796295, 0.02840268425643444, 0.02507718652486801, 0.012377708218991756, 0.011837199330329895, 0.017976686358451843, 0.013048914261162281, 0.013048914261162281, 0.013048914261162281, 0.013048914261162281, 0.01377376914024353, 0.01377376914024353, 0.01377376914024353, 0.01377376914024353], "enzy_result": [{"smiles": "CN(CCOc1ccc(C[C@@H]2SC(=O)NC2=O)cc1)c1ncccc1O.O=C(O)[C@@H]1OC(O)[C@H](O)[C@H](O)[C@@H]1O", "smiles_split": ["CN(CCOc1ccc(C[C@@H]2SC(=O)NC2=O)cc1)c1ncccc1O", "O=C(O)[C@@H]1OC(O)[C@H](O)[C@H](O)[C@@H]1O"], "mapped_smiles": "[CH3:1][N:2]([CH2:3][CH2:4][O:5][c:6]1[cH:7][cH:8][c:9]([CH2:10][C@@H:11]2[S:12][C:13](=[O:14])[NH:15][C:16]2=[O:17])[cH:18][cH:19]1)[c:20]1[n:21][cH:22][cH:23][cH:24][c:25]1[OH:26].[CH:27]1([OH:900])[O:28][C@@H:29]([C:30](=[O:31])[OH:32])[C@@H:33]([OH:34])[C@@H:35]([OH:36])[C@H:37]1[OH:38]", "reacting_atoms": [27, 26], "template_id": "eee4f3ffeb59c84405247986d3d9b1cb", "template_set": ["bkms", "bkms"], "num_examples": 6, "necessary_reagent": "", "template_score": 0.41965118050575256, "rms_molwt": -297.3746331456971, "num_rings": -4, "plausibility": 1, "tforms": ["eee4f3ffeb59c84405247986d3d9b1cb", "cc4cb191396caa2d9689f115944d93d7"], "rank": 1, "score": -997.9016994742997}, {"smiles": "CN(CCOc1ccc(C[C@@H]2SC(=O)NC2=O)cc1)c1ncccc1O.O=C(O)[C@@H]1O[C@H](O)[C@H](O)[C@H](O)[C@@H]1O", "smiles_split": ["CN(CCOc1ccc(C[C@@H]2SC(=O)NC2=O)cc1)c1ncccc1O", "O=C(O)[C@@H]1O[C@H](O)[C@H](O)[C@H](O)[C@@H]1O"], "mapped_smiles": "[CH3:1][N:2]([CH2:3][CH2:4][O:5][c:6]1[cH:7][cH:8][c:9]([CH2:10][C@@H:11]2[S:12][C:13](=[O:14])[NH:15][C:16]2=[O:17])[cH:18][cH:19]1)[c:20]1[n:21][cH:22][cH:23][cH:24][c:25]1[OH:900].[OH:26][C@H:27]1[O:28][C@@H:29]([C:30](=[O:31])[OH:32])[C@@H:33]([OH:34])[C@@H:35]([OH:36])[C@H:37]1[OH:38]", "reacting_atoms": [25, 27, 26], "template_id": "1c6c1084e5a3e89058e45fc2016ceb2d", "template_set": ["bkms"], "num_examples": 2, "necessary_reagent": "", "template_score": 0.08432890474796295, "rms_molwt": -297.3746331456971, "num_rings": -4, "plausibility": 1, "tforms": ["1c6c1084e5a3e89058e45fc2016ceb2d"], "rank": 2, "score": -5179.370318142751}, {"smiles": "COC(=O)[C@@H]1O[C@H](Oc2cccnc2N(C)CCOc2ccc(C[C@@H]3SC(=O)NC3=O)cc2)[C@H](O)[C@H](O)[C@@H]1O", "smiles_split": ["COC(=O)[C@@H]1O[C@H](Oc2cccnc2N(C)CCOc2ccc(C[C@@H]3SC(=O)NC3=O)cc2)[C@H](O)[C@H](O)[C@@H]1O"], "mapped_smiles": "[CH3:1][N:2]([CH2:3][CH2:4][O:5][c:6]1[cH:7][cH:8][c:9]([CH2:10][C@@H:11]2[S:12][C:13](=[O:14])[NH:15][C:16]2=[O:17])[cH:18][cH:19]1)[c:20]1[n:21][cH:22][cH:23][cH:24][c:25]1[O:26][C@H:27]1[O:28][C@@H:29]([C:30](=[O:31])[O:32][CH3:900])[C@@H:33]([OH:34])[C@@H:35]([OH:36])[C@H:37]1[OH:38]", "reacting_atoms": [32], "template_id": "65bb356581e29066c131db28a1b55b46", "template_set": ["bkms", "bkms"], "num_examples": 26, "necessary_reagent": "", "template_score": 0.02840268425643444, "rms_molwt": -563.157365128, "num_rings": -4, "plausibility": 1, "tforms": ["65bb356581e29066c131db28a1b55b46", "a090a3516f516a1ef9b165a0c4bf67c4"], "rank": 3, "score": -20969.592563564016}, {"smiles": "CN(CCOc1ccc(C[C@@H]2SC(=O)NC2=O)cc1)c1ncccc1O[C@H]1O[C@@H](CO)[C@@H](O)[C@@H](O)[C@H]1O", "smiles_split": ["CN(CCOc1ccc(C[C@@H]2SC(=O)NC2=O)cc1)c1ncccc1O[C@H]1O[C@@H](CO)[C@@H](O)[C@@H](O)[C@H]1O"], "mapped_smiles": "[CH3:1][N:2]([CH2:3][CH2:4][O:5][c:6]1[cH:7][cH:8][c:9]([CH2:10][C@@H:11]2[S:12][C:13](=[O:14])[NH:15][C:16]2=[O:17])[cH:18][cH:19]1)[c:20]1[n:21][cH:22][cH:23][cH:24][c:25]1[O:26][C@H:27]1[O:28][C@@H:29]([CH2:30][OH:31])[C@@H:33]([OH:34])[C@@H:35]([OH:36])[C@H:37]1[OH:38]", "reacting_atoms": [30, 31], "template_id": "be981a87c026287f900328b5a1285834", "template_set": ["bkms", "bkms", "bkms"], "num_examples": 35, "necessary_reagent": "[O]", "template_score": 0.02507718652486801, "rms_molwt": -535.1624505079999, "num_rings": -4, "plausibility": 1, "tforms": ["57d5ceca0661c2bb946aa826fd543e23", "4c59603d7f0119a8d94c5c6c1844ed6f", "be981a87c026287f900328b5a1285834"], "rank": 4, "score": -22315.39408860871}, {"smiles": "CN(CCOc1ccc(C[C@@H]2SC(=O)NC2=O)cc1)c1ncccc1O[C@H]1O[C@@H](C(=O)O)C[C@@H](O)[C@H]1O", "smiles_split": ["CN(CCOc1ccc(C[C@@H]2SC(=O)NC2=O)cc1)c1ncccc1O[C@H]1O[C@@H](C(=O)O)C[C@@H](O)[C@H]1O"], "mapped_smiles": "[CH3:1][N:2]([CH2:3][CH2:4][O:5][c:6]1[cH:7][cH:8][c:9]([CH2:10][C@@H:11]2[S:12][C:13](=[O:14])[NH:15][C:16]2=[O:17])[cH:18][cH:19]1)[c:20]1[n:21][cH:22][cH:23][cH:24][c:25]1[O:26][C@H:27]1[O:28][C@@H:29]([C:30](=[O:31])[OH:32])[CH2:33][C@@H:35]([OH:36])[C@H:37]1[OH:38]", "reacting_atoms": [33, 29], "template_id": "a2bcd053d35d1b201f0bfe3aca6c3f0c", "template_set": ["bkms", "bkms", "bkms", "bkms"], "num_examples": 124, "necessary_reagent": "[O]", "template_score": 0.012377708218991756, "rms_molwt": -533.1468004439998, "num_rings": -4, "plausibility": 1, "tforms": ["9f387abf2274fc73429ecccd1b168e7b", "27113b6cfcc010a83060ef4ec8e03231", "a034de99c75fe18016182f108d443d26", "a2bcd053d35d1b201f0bfe3aca6c3f0c"], "rank": 5, "score": -43433.50888746101}, {"smiles": "CN(CCOc1ccc(C[C@@H]2SC(=O)NC2=O)cc1)c1ncccc1O.O=C(O)c1ccc[n+]([C@@H]2O[C@@H](C(=O)O)[C@@H](O)[C@@H](O)[C@H]2O)c1", "smiles_split": ["CN(CCOc1ccc(C[C@@H]2SC(=O)NC2=O)cc1)c1ncccc1O", "O=C(O)c1ccc[n+]([C@@H]2O[C@@H](C(=O)O)[C@@H](O)[C@@H](O)[C@H]2O)c1"], "mapped_smiles": "[C@@H:27]1([n+:907]2[cH:906][cH:905][cH:904][c:903]([C:901]([OH:900])=[O:902])[cH:908]2)[O:28][C@@H:29]([C:30](=[O:31])[OH:32])[C@@H:33]([OH:34])[C@@H:35]([OH:36])[C@H:37]1[OH:38].[CH3:1][N:2]([CH2:3][CH2:4][O:5][c:6]1[cH:7][cH:8][c:9]([CH2:10][C@@H:11]2[S:12][C:13](=[O:14])[NH:15][C:16]2=[O:17])[cH:18][cH:19]1)[c:20]1[n:21][cH:22][cH:23][cH:24][c:25]1[OH:26]", "reacting_atoms": [27, 26], "template_id": "8d1d84b53983e315e53f8f3495586b45", "template_set": ["bkms"], "num_examples": 2, "necessary_reagent": "", "template_score": 0.011837199330329895, "rms_molwt": -338.565824190464, "num_rings": -5, "plausibility": 1, "tforms": ["8d1d84b53983e315e53f8f3495586b45"], "rank": 6, "score": -45238.27446810801}, {"smiles": "CN(CCOc1ccc(C[C@@H]2SC(=O)NC2=O)cc1)c1ncccc1O.Cc1cn([C@H]2C[C@H](O)[C@@H](COP(=O)(O)OP(=O)(O)O[C@@H]3O[C@@H](C(=O)O)[C@@H](O)[C@@H](O)[C@H]3O)O2)c(=O)[nH]c1=O", "smiles_split": ["CN(CCOc1ccc(C[C@@H]2SC(=O)NC2=O)cc1)c1ncccc1O", "Cc1cn([C@H]2C[C@H](O)[C@@H](COP(=O)(O)OP(=O)(O)O[C@@H]3O[C@@H](C(=O)O)[C@@H](O)[C@@H](O)[C@H]3O)O2)c(=O)[nH]c1=O"], "mapped_smiles": "[C@@H:27]1([O:918][P:915]([O:914][P:911]([O:910][CH2:909][C@@H:908]2[C@@H:906]([OH:907])[CH2:905][C@H:904]([n:903]3[cH:902][c:901]([CH3:900])[c:923](=[O:924])[nH:922][c:920]3=[O:921])[O:919]2)([OH:912])=[O:913])([OH:916])=[O:917])[O:28][C@@H:29]([C:30](=[O:31])[OH:32])[C@@H:33]([OH:34])[C@@H:35]([OH:36])[C@H:37]1[OH:38].[CH3:1][N:2]([CH2:3][CH2:4][O:5][c:6]1[cH:7][cH:8][c:9]([CH2:10][C@@H:11]2[S:12][C:13](=[O:14])[NH:15][C:16]2=[O:17])[cH:18][cH:19]1)[c:20]1[n:21][cH:22][cH:23][cH:24][c:25]1[OH:26]", "reacting_atoms": [27, 26], "template_id": "eb9c2df4e8a4605443f0b374572d1fad", "template_set": ["bkms"], "num_examples": 6, "necessary_reagent": "", "template_score": 0.017976686358451843, "rms_molwt": -486.4968656782986, "num_rings": -6, "plausibility": 1, "tforms": ["eb9c2df4e8a4605443f0b374572d1fad"], "rank": 7, "score": -49671.92711300112}, {"smiles": "CN(CCOc1ccc(C[C@@H]2SC(=O)NC2=O)cc1)c1ncccc1O[C@H]1O[C@@H](C(=O)O)[C@@H](OP(=O)(O)O)[C@@H](O)[C@H]1O", "smiles_split": ["CN(CCOc1ccc(C[C@@H]2SC(=O)NC2=O)cc1)c1ncccc1O[C@H]1O[C@@H](C(=O)O)[C@@H](OP(=O)(O)O)[C@@H](O)[C@H]1O"], "mapped_smiles": "[CH3:1][N:2]([CH2:3][CH2:4][O:5][c:6]1[cH:7][cH:8][c:9]([CH2:10][C@@H:11]2[S:12][C:13](=[O:14])[NH:15][C:16]2=[O:17])[cH:18][cH:19]1)[c:20]1[n:21][cH:22][cH:23][cH:24][c:25]1[O:26][C@H:27]1[O:28][C@@H:29]([C:30](=[O:31])[OH:32])[C@@H:33]([O:34][P:901]([OH:900])([OH:902])=[O:903])[C@@H:35]([OH:36])[C@H:37]1[OH:38]", "reacting_atoms": [34, 33], "template_id": "65bf7618263ef0544bfb3455ab5e0cbc", "template_set": ["bkms"], "num_examples": 167, "necessary_reagent": "", "template_score": 0.013048914261162281, "rms_molwt": -629.108045586, "num_rings": -4, "plausibility": 1, "tforms": ["65bf7618263ef0544bfb3455ab5e0cbc"], "rank": 8, "score": -50032.13894226463}, {"smiles": "CN(CCOc1ccc(C[C@@H]2SC(=O)NC2=O)cc1)c1ncccc1O[C@H]1O[C@@H](C(=O)O)[C@@H](O)[C@@H](OP(=O)(O)O)[C@H]1O", "smiles_split": ["CN(CCOc1ccc(C[C@@H]2SC(=O)NC2=O)cc1)c1ncccc1O[C@H]1O[C@@H](C(=O)O)[C@@H](O)[C@@H](OP(=O)(O)O)[C@H]1O"], "mapped_smiles": "[CH3:1][N:2]([CH2:3][CH2:4][O:5][c:6]1[cH:7][cH:8][c:9]([CH2:10][C@@H:11]2[S:12][C:13](=[O:14])[NH:15][C:16]2=[O:17])[cH:18][cH:19]1)[c:20]1[n:21][cH:22][cH:23][cH:24][c:25]1[O:26][C@H:27]1[O:28][C@@H:29]([C:30](=[O:31])[OH:32])[C@@H:33]([OH:34])[C@@H:35]([O:36][P:901]([OH:900])([OH:902])=[O:903])[C@H:37]1[OH:38]", "reacting_atoms": [36, 35], "template_id": "65bf7618263ef0544bfb3455ab5e0cbc", "template_set": ["bkms"], "num_examples": 167, "necessary_reagent": "", "template_score": 0.013048914261162281, "rms_molwt": -629.108045586, "num_rings": -4, "plausibility": 1, "tforms": ["65bf7618263ef0544bfb3455ab5e0cbc"], "rank": 9, "score": -50032.13894226463}, {"smiles": "CN(CCOc1ccc(C[C@@H]2SC(=O)NC2=O)cc1)c1ncccc1O[C@H]1O[C@@H](C(=O)OP(=O)(O)O)[C@@H](O)[C@@H](O)[C@H]1O", "smiles_split": ["CN(CCOc1ccc(C[C@@H]2SC(=O)NC2=O)cc1)c1ncccc1O[C@H]1O[C@@H](C(=O)OP(=O)(O)O)[C@@H](O)[C@@H](O)[C@H]1O"], "mapped_smiles": "[CH3:1][N:2]([CH2:3][CH2:4][O:5][c:6]1[cH:7][cH:8][c:9]([CH2:10][C@@H:11]2[S:12][C:13](=[O:14])[NH:15][C:16]2=[O:17])[cH:18][cH:19]1)[c:20]1[n:21][cH:22][cH:23][cH:24][c:25]1[O:26][C@H:27]1[O:28][C@@H:29]([C:30](=[O:31])[O:32][P:901]([OH:900])([OH:902])=[O:903])[C@@H:33]([OH:34])[C@@H:35]([OH:36])[C@H:37]1[OH:38]", "reacting_atoms": [32], "template_id": "65bf7618263ef0544bfb3455ab5e0cbc", "template_set": ["bkms", "bkms"], "num_examples": 169, "necessary_reagent": "", "template_score": 0.013048914261162281, "rms_molwt": -629.108045586, "num_rings": -4, "plausibility": 1, "tforms": ["819c74c76e507baf44c4d3e6ed77777f", "65bf7618263ef0544bfb3455ab5e0cbc"], "rank": 10, "score": -50032.13894226463}, {"smiles": "CN(CCOc1ccc(C[C@@H]2SC(=O)NC2=O)cc1)c1ncccc1O[C@H]1O[C@@H](C(=O)O)[C@@H](O)[C@@H](O)[C@H]1OP(=O)(O)O", "smiles_split": ["CN(CCOc1ccc(C[C@@H]2SC(=O)NC2=O)cc1)c1ncccc1O[C@H]1O[C@@H](C(=O)O)[C@@H](O)[C@@H](O)[C@H]1OP(=O)(O)O"], "mapped_smiles": "[CH3:1][N:2]([CH2:3][CH2:4][O:5][c:6]1[cH:7][cH:8][c:9]([CH2:10][C@@H:11]2[S:12][C:13](=[O:14])[NH:15][C:16]2=[O:17])[cH:18][cH:19]1)[c:20]1[n:21][cH:22][cH:23][cH:24][c:25]1[O:26][C@H:27]1[O:28][C@@H:29]([C:30](=[O:31])[OH:32])[C@@H:33]([OH:34])[C@@H:35]([OH:36])[C@H:37]1[O:38][P:901]([OH:900])([OH:902])=[O:903]", "reacting_atoms": [38, 37], "template_id": "65bf7618263ef0544bfb3455ab5e0cbc", "template_set": ["bkms"], "num_examples": 167, "necessary_reagent": "", "template_score": 0.013048914261162281, "rms_molwt": -629.108045586, "num_rings": -4, "plausibility": 1, "tforms": ["65bf7618263ef0544bfb3455ab5e0cbc"], "rank": 11, "score": -50032.13894226463}, {"smiles": "CN(CCOc1ccc(C[C@@H]2SC(=O)NC2=O)cc1)c1ncccc1O[C@H]1O[C@@H](C(=O)O[C@@H]2O[C@H](C(=O)O)[C@@H](O)[C@H](O)[C@H]2O)[C@@H](O)[C@@H](O)[C@H]1O", "smiles_split": ["CN(CCOc1ccc(C[C@@H]2SC(=O)NC2=O)cc1)c1ncccc1O[C@H]1O[C@@H](C(=O)O[C@@H]2O[C@H](C(=O)O)[C@@H](O)[C@H](O)[C@H]2O)[C@@H](O)[C@@H](O)[C@H]1O"], "mapped_smiles": "[CH3:1][N:2]([CH2:3][CH2:4][O:5][c:6]1[cH:7][cH:8][c:9]([CH2:10][C@@H:11]2[S:12][C:13](=[O:14])[NH:15][C:16]2=[O:17])[cH:18][cH:19]1)[c:20]1[n:21][cH:22][cH:23][cH:24][c:25]1[O:26][C@H:27]1[O:28][C@@H:29]([C:30](=[O:31])[O:32][C@@H:905]2[O:904][C@H:903]([C:901]([OH:900])=[O:902])[C@@H:910]([OH:911])[C@H:908]([OH:909])[C@H:906]2[OH:907])[C@@H:33]([OH:34])[C@@H:35]([OH:36])[C@H:37]1[OH:38]", "reacting_atoms": [32], "template_id": "f9121a0025ae32f0c7f229709dabfde1", "template_set": ["bkms"], "num_examples": 8, "necessary_reagent": "", "template_score": 0.01377376914024353, "rms_molwt": -725.17380304, "num_rings": -5, "plausibility": 1, "tforms": ["f9121a0025ae32f0c7f229709dabfde1"], "rank": 12, "score": -73995.69184328783}, {"smiles": "CN(CCOc1ccc(C[C@@H]2SC(=O)NC2=O)cc1)c1ncccc1O[C@H]1O[C@@H](C(=O)O)[C@@H](O)[C@@H](O)[C@H]1O[C@@H]1O[C@H](C(=O)O)[C@@H](O)[C@H](O)[C@H]1O", "smiles_split": ["CN(CCOc1ccc(C[C@@H]2SC(=O)NC2=O)cc1)c1ncccc1O[C@H]1O[C@@H](C(=O)O)[C@@H](O)[C@@H](O)[C@H]1O[C@@H]1O[C@H](C(=O)O)[C@@H](O)[C@H](O)[C@H]1O"], "mapped_smiles": "[CH3:1][N:2]([CH2:3][CH2:4][O:5][c:6]1[cH:7][cH:8][c:9]([CH2:10][C@@H:11]2[S:12][C:13](=[O:14])[NH:15][C:16]2=[O:17])[cH:18][cH:19]1)[c:20]1[n:21][cH:22][cH:23][cH:24][c:25]1[O:26][C@H:27]1[O:28][C@@H:29]([C:30](=[O:31])[OH:32])[C@@H:33]([OH:34])[C@@H:35]([OH:36])[C@H:37]1[O:38][C@@H:905]1[O:904][C@H:903]([C:901]([OH:900])=[O:902])[C@@H:910]([OH:911])[C@H:908]([OH:909])[C@H:906]1[OH:907]", "reacting_atoms": [38, 37], "template_id": "f9121a0025ae32f0c7f229709dabfde1", "template_set": ["bkms"], "num_examples": 8, "necessary_reagent": "", "template_score": 0.01377376914024353, "rms_molwt": -725.17380304, "num_rings": -5, "plausibility": 1, "tforms": ["f9121a0025ae32f0c7f229709dabfde1"], "rank": 13, "score": -73995.69184328783}, {"smiles": "CN(CCOc1ccc(C[C@@H]2SC(=O)NC2=O)cc1)c1ncccc1O[C@H]1O[C@@H](C(=O)O)[C@@H](O[C@@H]2O[C@H](C(=O)O)[C@@H](O)[C@H](O)[C@H]2O)[C@@H](O)[C@H]1O", "smiles_split": ["CN(CCOc1ccc(C[C@@H]2SC(=O)NC2=O)cc1)c1ncccc1O[C@H]1O[C@@H](C(=O)O)[C@@H](O[C@@H]2O[C@H](C(=O)O)[C@@H](O)[C@H](O)[C@H]2O)[C@@H](O)[C@H]1O"], "mapped_smiles": "[CH3:1][N:2]([CH2:3][CH2:4][O:5][c:6]1[cH:7][cH:8][c:9]([CH2:10][C@@H:11]2[S:12][C:13](=[O:14])[NH:15][C:16]2=[O:17])[cH:18][cH:19]1)[c:20]1[n:21][cH:22][cH:23][cH:24][c:25]1[O:26][C@H:27]1[O:28][C@@H:29]([C:30](=[O:31])[OH:32])[C@@H:33]([O:34][C@@H:905]2[O:904][C@H:903]([C:901]([OH:900])=[O:902])[C@@H:910]([OH:911])[C@H:908]([OH:909])[C@H:906]2[OH:907])[C@@H:35]([OH:36])[C@H:37]1[OH:38]", "reacting_atoms": [34, 33], "template_id": "f9121a0025ae32f0c7f229709dabfde1", "template_set": ["bkms"], "num_examples": 8, "necessary_reagent": "", "template_score": 0.01377376914024353, "rms_molwt": -725.17380304, "num_rings": -5, "plausibility": 1, "tforms": ["f9121a0025ae32f0c7f229709dabfde1"], "rank": 14, "score": -73995.69184328783}, {"smiles": "CN(CCOc1ccc(C[C@@H]2SC(=O)NC2=O)cc1)c1ncccc1O[C@H]1O[C@@H](C(=O)O)[C@@H](O)[C@@H](O[C@@H]2O[C@H](C(=O)O)[C@@H](O)[C@H](O)[C@H]2O)[C@H]1O", "smiles_split": ["CN(CCOc1ccc(C[C@@H]2SC(=O)NC2=O)cc1)c1ncccc1O[C@H]1O[C@@H](C(=O)O)[C@@H](O)[C@@H](O[C@@H]2O[C@H](C(=O)O)[C@@H](O)[C@H](O)[C@H]2O)[C@H]1O"], "mapped_smiles": "[CH3:1][N:2]([CH2:3][CH2:4][O:5][c:6]1[cH:7][cH:8][c:9]([CH2:10][C@@H:11]2[S:12][C:13](=[O:14])[NH:15][C:16]2=[O:17])[cH:18][cH:19]1)[c:20]1[n:21][cH:22][cH:23][cH:24][c:25]1[O:26][C@H:27]1[O:28][C@@H:29]([C:30](=[O:31])[OH:32])[C@@H:33]([OH:34])[C@@H:35]([O:36][C@@H:905]2[O:904][C@H:903]([C:901]([OH:900])=[O:902])[C@@H:910]([OH:911])[C@H:908]([OH:909])[C@H:906]2[OH:907])[C@H:37]1[OH:38]", "reacting_atoms": [36, 35], "template_id": "f9121a0025ae32f0c7f229709dabfde1", "template_set": ["bkms"], "num_examples": 8, "necessary_reagent": "", "template_score": 0.01377376914024353, "rms_molwt": -725.17380304, "num_rings": -5, "plausibility": 1, "tforms": ["f9121a0025ae32f0c7f229709dabfde1"], "rank": 15, "score": -73995.69184328783}]}