{"smiles": "C=C1C(=O)O[C@H]2/C=C(\\C)C(=O)C/C=C(\\C)C[C@H](OC(=O)/C(C)=C\\C)[C@H]12", "sfscore": [0.47307801246643066, 0.5576773285865784], "chem_result": [{"smiles": "C=C1C(=O)O[C@H]2/C=C(\\C)C(=O)C/C=C(\\C)C[C@H](OC(=O)/C(C)=C\\C)[C@H]12", "bw_confidence": 0.039145327039508876, "confidence": 0.2045674442175431, "rclass": "6 6.5 6.5.3", "children": [{"smiles": "C=C1C(=O)O[C@H]2/C=C(\\C)C3(C/C=C(\\C)C[C@H](OC(=O)/C(C)=C\\C)[C@H]12)OCCO3"}, {"smiles": "CC#N"}, {"smiles": "Cl"}]}, {"smiles": "C=C1C(=O)O[C@H]2/C=C(\\C)C(=O)C/C=C(\\C)C[C@H](OC(=O)/C(C)=C\\C)[C@H]12", "bw_confidence": 0.02930310018424731, "confidence": 0.19572622109983917, "rclass": "8 8.1 8.1.3", "children": [{"smiles": "C=C1C(=O)O[C@H]2/C=C(\\C)[C@@H](O)C/C=C(\\C)C[C@H](OC(=O)/C(C)=C\\C)[C@H]12"}, {"smiles": "CC(=O)OI1(OC(C)=O)(OC(C)=O)OC(=O)c2ccccc21"}, {"smiles": "ClCCl"}]}, {"smiles": "C=C1C(=O)O[C@H]2/C=C(\\C)C(=O)C/C=C(\\C)C[C@H](OC(=O)/C(C)=C\\C)[C@H]12", "bw_confidence": 0.0282110828059742, "confidence": 0.023722216619941984, "rclass": "2 2.6 2.6.2", "children": [{"smiles": "C/C=C(/C)C(=O)OC(=O)/C(C)=C/C"}, {"smiles": "C=C1C(=O)O[C@H]2/C=C(\\C)C(=O)C/C=C(\\C)C[C@H](O)[C@H]12"}]}, {"smiles": "C=C1C(=O)O[C@H]2/C=C(\\C)C(=O)C/C=C(\\C)C[C@H](OC(=O)/C(C)=C\\C)[C@H]12", "bw_confidence": 0.00832570696713005, "confidence": 0.04733721855621928, "rclass": "2 2.6 2.6.2", "children": [{"smiles": "C/C=C(\\C)C(=O)O"}, {"smiles": "C=C1C(=O)O[C@H]2/C=C(\\C)C(=O)C/C=C(\\C)C[C@H](O)[C@H]12"}]}, {"smiles": "C=C1C(=O)O[C@H]2/C=C(\\C)C(=O)C/C=C(\\C)C[C@H](OC(=O)/C(C)=C\\C)[C@H]12", "bw_confidence": 0.004938617234612167, "confidence": 0.0035581551375624115, "rclass": "11 11.5 11.5", "children": [{"smiles": "C=C1C(=O)O[C@H]2/C=C(\\C)C(=O)C/C=C(\\C)C[C@H](OC(=O)/C(C)=C\\C)[C@H]12"}, {"smiles": "ClCCl"}]}, {"smiles": "C=C1C(=O)O[C@H]2/C=C(\\C)C(=O)C/C=C(\\C)C[C@H](OC(=O)/C(C)=C\\C)[C@H]12", "bw_confidence": 0.004727193830930455, "confidence": 0.0007284408500501998, "rclass": "11 11.5 11.5", "children": [{"smiles": "C1CCOC1"}, {"smiles": "C=C1C(=O)O[C@H]2/C=C(\\C)C(=O)C/C=C(\\C)C[C@H](OC(=O)/C(C)=C\\C)[C@H]12"}]}, {"smiles": "C=C1C(=O)O[C@H]2/C=C(\\C)C(=O)C/C=C(\\C)C[C@H](OC(=O)/C(C)=C\\C)[C@H]12", "bw_confidence": 0.001843983850173903, "confidence": 0.002007790251379315, "rclass": "11 11.5 11.5", "children": [{"smiles": "C=C1C(=O)O[C@H]2/C=C(\\C)C(=O)C/C=C(\\C)C[C@H](OC(=O)/C(C)=C\\C)[C@@H]12"}, {"smiles": "Cc1ccccc1"}]}, {"smiles": "C=C1C(=O)O[C@H]2/C=C(\\C)C(=O)C/C=C(\\C)C[C@H](OC(=O)/C(C)=C\\C)[C@H]12", "bw_confidence": 0.0011980839486283685, "confidence": 0.04342852134917019, "rclass": "7 7.9 7.9.8", "children": [{"smiles": "C=C1C(=O)O[C@H]2/C=C(\\C)C(=O)CC#C[C@H](OC(=O)/C(C)=C\\C)[C@H]12"}, {"smiles": "CCOC(C)=O"}, {"smiles": "[H][H]"}, {"smiles": "[Pd]"}]}, {"smiles": "C=C1C(=O)O[C@H]2/C=C(\\C)C(=O)C/C=C(\\C)C[C@H](OC(=O)/C(C)=C\\C)[C@H]12", "bw_confidence": 0.00048454817403095757, "confidence": 0.013301771273167637, "rclass": "0 0 0", "children": [{"smiles": "C=C1C(=O)O[C@H]2/C=C(\\C)C(=O)C=C[C@H](OC(=O)/C(C)=C\\C)[C@H]12"}, {"smiles": "Cc1ccccc1"}]}, {"smiles": "C=C1C(=O)O[C@H]2/C=C(\\C)C(=O)C/C=C(\\C)C[C@H](OC(=O)/C(C)=C\\C)[C@H]12", "bw_confidence": 4.820488829592951e-05, "confidence": 0.013896957096388857, "rclass": "0 0 0", "children": [{"smiles": "C/C=C(/C)C(=O)O[C@@H](C/C(C)=C/CBr)[C@H]1C(=O)O[C@H]2/C=C(\\C)C(=O)C/C=C(\\C)C[C@H](OC(=O)/C(C)=C\\C)[C@H]21"}, {"smiles": "C1CCOC1"}]}], "chem_bw_confidence_list": [0.039145327039508876, 0.02930310018424731, 0.0282110828059742, 0.00832570696713005, 0.004938617234612167, 0.004727193830930455, 0.001843983850173903, 0.0011980839486283685, 0.00048454817403095757, 4.820488829592951e-05], "enzy_template_score_list": [0.24598544836044312, 0.09757744520902634, 0.09757744520902634, 0.14952318370342255, 0.04425356537103653, 0.04425356537103653, 0.04052700847387314, 0.054823778569698334, 0.054823778569698334, 0.14952318370342255, 0.03194452077150345, 0.03194452077150345, 0.01255649421364069, 0.01396896131336689, 0.01396896131336689], "enzy_result": [{"smiles": "C=C(C(=O)O)[C@@H]1C/C=C(\\C)C(=O)CC=C(C)C[C@@H]1OC(=O)/C(C)=C\\C", "smiles_split": ["C=C(C(=O)O)[C@@H]1C/C=C(\\C)C(=O)CC=C(C)C[C@@H]1OC(=O)/C(C)=C\\C"], "mapped_smiles": "[CH2:1]=[C:2]([C:3](=[O:4])[OH:5])[C@@H:25]1[CH2:6]/[CH:7]=[C:8](\\[CH3:9])[C:10](=[O:11])[CH2:12][CH:13]=[C:14]([CH3:15])[CH2:16][C@@H:17]1[O:18][C:19](=[O:20])/[C:21]([CH3:22])=[CH:23]\\[CH3:24]", "reacting_atoms": [6, 25, 5], "template_id": "3d1bc5a42c2c8902841cf22281bdc55d", "template_set": ["bkms"], "num_examples": 2, "necessary_reagent": "", "template_score": 0.24598544836044312, "rms_molwt": -346.178023932, "num_rings": -1, "plausibility": 1, "tforms": ["3d1bc5a42c2c8902841cf22281bdc55d"], "rank": 1, "score": -1177.398006801194}, {"smiles": "C=C1C(O)O[C@H]2C=C(C)C(=O)CC=C(C)C[C@H](OC(=O)/C(C)=C\\C)[C@H]12", "smiles_split": ["C=C1C(O)O[C@H]2C=C(C)C(=O)CC=C(C)C[C@H](OC(=O)/C(C)=C\\C)[C@H]12"], "mapped_smiles": "[CH2:1]=[C:2]1[CH:3]([OH:4])[O:5][C@H:6]2[CH:7]=[C:8]([CH3:9])[C:10](=[O:11])[CH2:12][CH:13]=[C:14]([CH3:15])[CH2:16][C@H:17]([O:18][C:19](=[O:20])/[C:21]([CH3:22])=[CH:23]\\[CH3:24])[C@H:25]12", "reacting_atoms": [3, 4], "template_id": "5c19ad9117c39b8de47b69bf60cd49ce", "template_set": ["bkms"], "num_examples": 20, "necessary_reagent": "", "template_score": 0.09757744520902634, "rms_molwt": -346.178023932, "num_rings": -2, "plausibility": 1, "tforms": ["5c19ad9117c39b8de47b69bf60cd49ce"], "rank": 2, "score": -3283.3735575728965}, {"smiles": "C=C1C(=O)O[C@H]2C=C(C)C(=O)CC=C(C)C[C@H](OC(O)/C(C)=C\\C)[C@H]12", "smiles_split": ["C=C1C(=O)O[C@H]2C=C(C)C(=O)CC=C(C)C[C@H](OC(O)/C(C)=C\\C)[C@H]12"], "mapped_smiles": "[CH2:1]=[C:2]1[C:3](=[O:4])[O:5][C@H:6]2[CH:7]=[C:8]([CH3:9])[C:10](=[O:11])[CH2:12][CH:13]=[C:14]([CH3:15])[CH2:16][C@H:17]([O:18][CH:19]([OH:20])/[C:21]([CH3:22])=[CH:23]\\[CH3:24])[C@H:25]12", "reacting_atoms": [19, 20], "template_id": "5c19ad9117c39b8de47b69bf60cd49ce", "template_set": ["bkms"], "num_examples": 20, "necessary_reagent": "", "template_score": 0.09757744520902634, "rms_molwt": -346.178023932, "num_rings": -2, "plausibility": 1, "tforms": ["5c19ad9117c39b8de47b69bf60cd49ce"], "rank": 3, "score": -3283.3735575728965}, {"smiles": "C/C=C(/C)C(=O)SCCNC(=O)CCNC(=O)[C@H](O)C(C)(C)COP(=O)(O)OP(=O)(O)OC[C@H]1O[C@@H](n2cnc3c(N)ncnc32)[C@H](O)[C@@H]1OP(=O)(O)O.C=C1C(=O)O[C@H]2C=C(C)C(=O)CC=C(C)C[C@H](O)[C@H]12", "smiles_split": ["C/C=C(/C)C(=O)SCCNC(=O)CCNC(=O)[C@H](O)C(C)(C)COP(=O)(O)OP(=O)(O)OC[C@H]1O[C@@H](n2cnc3c(N)ncnc32)[C@H](O)[C@@H]1OP(=O)(O)O", "C=C1C(=O)O[C@H]2C=C(C)C(=O)CC=C(C)C[C@H](O)[C@H]12"], "mapped_smiles": "[C:19](=[O:20])(/[C:21]([CH3:22])=[CH:23]\\[CH3:24])[S:947][CH2:946][CH2:945][NH:944][C:942]([CH2:941][CH2:940][NH:939][C:937]([C@@H:935]([C:901]([CH3:900])([CH3:902])[CH2:903][O:904][P:905]([OH:906])(=[O:907])[O:908][P:909]([OH:910])(=[O:911])[O:912][CH2:913][C@H:914]1[O:915][C@@H:916]([n:917]2[cH:918][n:919][c:920]3[c:921]([NH2:922])[n:923][cH:924][n:925][c:926]23)[C@H:927]([OH:928])[C@@H:929]1[O:930][P:931]([OH:932])([OH:933])=[O:934])[OH:936])=[O:938])=[O:943].[CH2:1]=[C:2]1[C:3](=[O:4])[O:5][C@H:6]2[CH:7]=[C:8]([CH3:9])[C:10](=[O:11])[CH2:12][CH:13]=[C:14]([CH3:15])[CH2:16][C@H:17]([OH:18])[C@H:25]12", "reacting_atoms": [19, 17, 18], "template_id": "4f507fe3c79f4d542f14417d7122ff5c", "template_set": ["bkms"], "num_examples": 31, "necessary_reagent": "", "template_score": 0.14952318370342255, "rms_molwt": -628.4007070366006, "num_rings": -5, "plausibility": 1, "tforms": ["4f507fe3c79f4d542f14417d7122ff5c"], "rank": 4, "score": -7295.433074661454}, {"smiles": "C=C1[C@@H]2[C@H](C=C(C)C(=O)CC=C(C)C[C@@H]2OC(=O)/C(C)=C\\C)O[C@H]1O", "smiles_split": ["C=C1[C@@H]2[C@H](C=C(C)C(=O)CC=C(C)C[C@@H]2OC(=O)/C(C)=C\\C)O[C@H]1O"], "mapped_smiles": "[CH2:1]=[C:2]1[C@H:3]([OH:4])[O:5][C@H:6]2[CH:7]=[C:8]([CH3:9])[C:10](=[O:11])[CH2:12][CH:13]=[C:14]([CH3:15])[CH2:16][C@H:17]([O:18][C:19](=[O:20])/[C:21]([CH3:22])=[CH:23]\\[CH3:24])[C@H:25]12", "reacting_atoms": [3, 4], "template_id": "2bae8bbeed265b14104c13619249e91e", "template_set": ["bkms"], "num_examples": 7, "necessary_reagent": "", "template_score": 0.04425356537103653, "rms_molwt": -346.1780239319999, "num_rings": -2, "plausibility": 1, "tforms": ["2bae8bbeed265b14104c13619249e91e"], "rank": 5, "score": -7556.073744821593}, {"smiles": "C=C1C(=O)O[C@H]2C=C(C)C(=O)CC=C(C)C[C@H](O[C@@H](O)/C(C)=C\\C)[C@H]12", "smiles_split": ["C=C1C(=O)O[C@H]2C=C(C)C(=O)CC=C(C)C[C@H](O[C@@H](O)/C(C)=C\\C)[C@H]12"], "mapped_smiles": "[CH2:1]=[C:2]1[C:3](=[O:4])[O:5][C@H:6]2[CH:7]=[C:8]([CH3:9])[C:10](=[O:11])[CH2:12][CH:13]=[C:14]([CH3:15])[CH2:16][C@H:17]([O:18][C@@H:19]([OH:20])/[C:21]([CH3:22])=[CH:23]\\[CH3:24])[C@H:25]12", "reacting_atoms": [19, 20], "template_id": "2bae8bbeed265b14104c13619249e91e", "template_set": ["bkms"], "num_examples": 7, "necessary_reagent": "", "template_score": 0.04425356537103653, "rms_molwt": -346.178023932, "num_rings": -2, "plausibility": 1, "tforms": ["2bae8bbeed265b14104c13619249e91e"], "rank": 6, "score": -7556.073744821593}, {"smiles": "C=C(C(=O)O)[C@@H]1[C@@H](O)C=C(C)C(=O)CC=C(C)C[C@@H]1OC(=O)/C(C)=C\\C", "smiles_split": ["C=C(C(=O)O)[C@@H]1[C@@H](O)C=C(C)C(=O)CC=C(C)C[C@@H]1OC(=O)/C(C)=C\\C"], "mapped_smiles": "[CH2:1]=[C:2]([C:3](=[O:4])[OH:900])[C@@H:25]1[C@@H:6]([OH:5])[CH:7]=[C:8]([CH3:9])[C:10](=[O:11])[CH2:12][CH:13]=[C:14]([CH3:15])[CH2:16][C@@H:17]1[O:18][C:19](=[O:20])/[C:21]([CH3:22])=[CH:23]\\[CH3:24]", "reacting_atoms": [3, 5], "template_id": "7910a54d7603187350ed6638391c6225", "template_set": ["bkms", "bkms", "bkms", "bkms", "bkms"], "num_examples": 12, "necessary_reagent": "", "template_score": 0.04052700847387314, "rms_molwt": -362.17293855199995, "num_rings": -1, "plausibility": 1, "tforms": ["7910a54d7603187350ed6638391c6225", "32a66720769b642b5e0ad1e93148dc69", "69f1f6278bda478299466e05fca77767", "898a17abe4f2107c3dd56f1067602e75", "1d00154e9ccd13be40f33b35ec95ede6"], "rank": 7, "score": -7766.963394582527}, {"smiles": "C=C1[C@@H]2[C@H](C=C(C)C(=O)CC=C(C)C[C@@H]2OC(=O)/C(C)=C\\C)O[C@H]1n1ccc(=O)[nH]c1=O", "smiles_split": ["C=C1[C@@H]2[C@H](C=C(C)C(=O)CC=C(C)C[C@@H]2OC(=O)/C(C)=C\\C)O[C@H]1n1ccc(=O)[nH]c1=O"], "mapped_smiles": "[CH2:1]=[C:2]1[C@H:3]([n:905]2[c:903](=[O:904])[nH:902][c:901](=[O:900])[cH:907][cH:906]2)[O:5][C@H:6]2[CH:7]=[C:8]([CH3:9])[C:10](=[O:11])[CH2:12][CH:13]=[C:14]([CH3:15])[CH2:16][C@H:17]([O:18][C:19](=[O:20])/[C:21]([CH3:22])=[CH:23]\\[CH3:24])[C@H:25]12", "reacting_atoms": [3], "template_id": "88ea8e5bf1da9163bb379ce022a6080f", "template_set": ["bkms"], "num_examples": 1, "necessary_reagent": "[O]", "template_score": 0.054823778569698334, "rms_molwt": -440.19473661599994, "num_rings": -3, "plausibility": 1, "tforms": ["88ea8e5bf1da9163bb379ce022a6080f"], "rank": 8, "score": -8161.091538291785}, {"smiles": "C=C1C(=O)O[C@H]2C=C(C)C(=O)CC=C(C)C[C@H](O[C@H](/C(C)=C\\C)n3ccc(=O)[nH]c3=O)[C@H]12", "smiles_split": ["C=C1C(=O)O[C@H]2C=C(C)C(=O)CC=C(C)C[C@H](O[C@H](/C(C)=C\\C)n3ccc(=O)[nH]c3=O)[C@H]12"], "mapped_smiles": "[CH2:1]=[C:2]1[C:3](=[O:4])[O:5][C@H:6]2[CH:7]=[C:8]([CH3:9])[C:10](=[O:11])[CH2:12][CH:13]=[C:14]([CH3:15])[CH2:16][C@H:17]([O:18][C@H:19](/[C:21]([CH3:22])=[CH:23]\\[CH3:24])[n:905]3[c:903](=[O:904])[nH:902][c:901](=[O:900])[cH:907][cH:906]3)[C@H:25]12", "reacting_atoms": [19], "template_id": "88ea8e5bf1da9163bb379ce022a6080f", "template_set": ["bkms"], "num_examples": 1, "necessary_reagent": "[O]", "template_score": 0.054823778569698334, "rms_molwt": -440.194736616, "num_rings": -3, "plausibility": 1, "tforms": ["88ea8e5bf1da9163bb379ce022a6080f"], "rank": 9, "score": -8161.091538291785}, {"smiles": "C=C(C(=O)SCCNC(=O)CCNC(=O)[C@H](O)C(C)(C)COP(=O)(O)OP(=O)(O)OC[C@H]1O[C@@H](n2cnc3c(N)ncnc32)[C@H](O)[C@@H]1OP(=O)(O)O)[C@@H]1[C@@H](O)C=C(C)C(=O)CC=C(C)C[C@@H]1OC(=O)/C(C)=C\\C", "smiles_split": ["C=C(C(=O)SCCNC(=O)CCNC(=O)[C@H](O)C(C)(C)COP(=O)(O)OP(=O)(O)OC[C@H]1O[C@@H](n2cnc3c(N)ncnc32)[C@H](O)[C@@H]1OP(=O)(O)O)[C@@H]1[C@@H](O)C=C(C)C(=O)CC=C(C)C[C@@H]1OC(=O)/C(C)=C\\C"], "mapped_smiles": "[CH2:1]=[C:2]([C:3](=[O:4])[S:947][CH2:946][CH2:945][NH:944][C:942]([CH2:941][CH2:940][NH:939][C:937]([C@@H:935]([C:901]([CH3:900])([CH3:902])[CH2:903][O:904][P:905]([OH:906])(=[O:907])[O:908][P:909]([OH:910])(=[O:911])[O:912][CH2:913][C@H:914]1[O:915][C@@H:916]([n:917]2[cH:918][n:919][c:920]3[c:921]([NH2:922])[n:923][cH:924][n:925][c:926]23)[C@H:927]([OH:928])[C@@H:929]1[O:930][P:931]([OH:932])([OH:933])=[O:934])[OH:936])=[O:938])=[O:943])[C@@H:25]1[C@@H:6]([OH:5])[CH:7]=[C:8]([CH3:9])[C:10](=[O:11])[CH2:12][CH:13]=[C:14]([CH3:15])[CH2:16][C@@H:17]1[O:18][C:19](=[O:20])/[C:21]([CH3:22])=[CH:23]\\[CH3:24]", "reacting_atoms": [3, 6, 5], "template_id": "4f507fe3c79f4d542f14417d7122ff5c", "template_set": ["bkms", "bkms"], "num_examples": 34, "necessary_reagent": "", "template_score": 0.14952318370342255, "rms_molwt": -1111.27758283, "num_rings": -4, "plausibility": 1, "tforms": ["64c39aad00ef877eaffc0586ef90acde", "4f507fe3c79f4d542f14417d7122ff5c"], "rank": 10, "score": -9587.271094045449}, {"smiles": "C=C1C(=O)O[C@H]2C=C(C)C(=O)CC=C(C)C[C@H](O[C@H](O)/C(C)=C\\C)[C@H]12", "smiles_split": ["C=C1C(=O)O[C@H]2C=C(C)C(=O)CC=C(C)C[C@H](O[C@H](O)/C(C)=C\\C)[C@H]12"], "mapped_smiles": "[CH2:1]=[C:2]1[C:3](=[O:4])[O:5][C@H:6]2[CH:7]=[C:8]([CH3:9])[C:10](=[O:11])[CH2:12][CH:13]=[C:14]([CH3:15])[CH2:16][C@H:17]([O:18][C@H:19]([OH:20])/[C:21]([CH3:22])=[CH:23]\\[CH3:24])[C@H:25]12", "reacting_atoms": [19, 20], "template_id": "17c8b47189523d337014008abb157345", "template_set": ["bkms"], "num_examples": 1, "necessary_reagent": "", "template_score": 0.03194452077150345, "rms_molwt": -346.178023932, "num_rings": -2, "plausibility": 1, "tforms": ["17c8b47189523d337014008abb157345"], "rank": 11, "score": -10467.623095887115}, {"smiles": "C=C1[C@@H](O)O[C@H]2C=C(C)C(=O)CC=C(C)C[C@H](OC(=O)/C(C)=C\\C)[C@H]12", "smiles_split": ["C=C1[C@@H](O)O[C@H]2C=C(C)C(=O)CC=C(C)C[C@H](OC(=O)/C(C)=C\\C)[C@H]12"], "mapped_smiles": "[CH2:1]=[C:2]1[C@@H:3]([OH:4])[O:5][C@H:6]2[CH:7]=[C:8]([CH3:9])[C:10](=[O:11])[CH2:12][CH:13]=[C:14]([CH3:15])[CH2:16][C@H:17]([O:18][C:19](=[O:20])/[C:21]([CH3:22])=[CH:23]\\[CH3:24])[C@H:25]12", "reacting_atoms": [3, 4], "template_id": "17c8b47189523d337014008abb157345", "template_set": ["bkms"], "num_examples": 1, "necessary_reagent": "", "template_score": 0.03194452077150345, "rms_molwt": -346.178023932, "num_rings": -2, "plausibility": 1, "tforms": ["17c8b47189523d337014008abb157345"], "rank": 12, "score": -10467.623095887115}, {"smiles": "C=C(C=O)[C@@H]1[C@@H](O)C=C(C)C(=O)CC=C(C)C[C@@H]1OC(=O)/C(C)=C\\C", "smiles_split": ["C=C(C=O)[C@@H]1[C@@H](O)C=C(C)C(=O)CC=C(C)C[C@@H]1OC(=O)/C(C)=C\\C"], "mapped_smiles": "[CH2:1]=[C:2]([CH:3]=[O:4])[C@@H:25]1[C@@H:6]([OH:5])[CH:7]=[C:8]([CH3:9])[C:10](=[O:11])[CH2:12][CH:13]=[C:14]([CH3:15])[CH2:16][C@@H:17]1[O:18][C:19](=[O:20])/[C:21]([CH3:22])=[CH:23]\\[CH3:24]", "reacting_atoms": [3, 6, 5], "template_id": "160ec3743cc29c56d490bc96f0dc1569", "template_set": ["bkms"], "num_examples": 4, "necessary_reagent": "", "template_score": 0.01255649421364069, "rms_molwt": -346.178023932, "num_rings": -1, "plausibility": 1, "tforms": ["160ec3743cc29c56d490bc96f0dc1569"], "rank": 13, "score": -23861.977037841498}, {"smiles": "C=C1C(=O)O[C@H]2C=C(C)C(=O)CC=C(C)C[C@H](OC(=O)/C(C)=C\\CO)[C@H]12", "smiles_split": ["C=C1C(=O)O[C@H]2C=C(C)C(=O)CC=C(C)C[C@H](OC(=O)/C(C)=C\\CO)[C@H]12"], "mapped_smiles": "[CH2:1]=[C:2]1[C:3](=[O:4])[O:5][C@H:6]2[CH:7]=[C:8]([CH3:9])[C:10](=[O:11])[CH2:12][CH:13]=[C:14]([CH3:15])[CH2:16][C@H:17]([O:18][C:19](=[O:20])/[C:21]([CH3:22])=[CH:23]\\[CH2:24][OH:900])[C@H:25]12", "reacting_atoms": [24], "template_id": "57af8d31f96eeaf3fbff5506606bc825", "template_set": ["bkms"], "num_examples": 4, "necessary_reagent": "", "template_score": 0.01396896131336689, "rms_molwt": -360.15728848799995, "num_rings": -2, "plausibility": 1, "tforms": ["57af8d31f96eeaf3fbff5506606bc825"], "rank": 14, "score": -24019.84017241063}, {"smiles": "C=C1C(=O)O[C@H]2C=C(C)C(=O)CC=C(CO)C[C@H](OC(=O)/C(C)=C\\C)[C@H]12", "smiles_split": ["C=C1C(=O)O[C@H]2C=C(C)C(=O)CC=C(CO)C[C@H](OC(=O)/C(C)=C\\C)[C@H]12"], "mapped_smiles": "[CH2:1]=[C:2]1[C:3](=[O:4])[O:5][C@H:6]2[CH:7]=[C:8]([CH3:9])[C:10](=[O:11])[CH2:12][CH:13]=[C:14]([CH2:15][OH:900])[CH2:16][C@H:17]([O:18][C:19](=[O:20])/[C:21]([CH3:22])=[CH:23]\\[CH3:24])[C@H:25]12", "reacting_atoms": [15], "template_id": "57af8d31f96eeaf3fbff5506606bc825", "template_set": ["bkms"], "num_examples": 4, "necessary_reagent": "", "template_score": 0.01396896131336689, "rms_molwt": -360.157288488, "num_rings": -2, "plausibility": 1, "tforms": ["57af8d31f96eeaf3fbff5506606bc825"], "rank": 15, "score": -24019.84017241063}]}