{"smiles": "CC/C=C\\C/C=C\\C/C=C\\C/C=C\\C/C=C\\CCCCCC(=O)OC[C@@H](COC(=O)CCCCCCCCCCCCCCCCCCCCCCC)OC(=O)CCCCCC/C=C\\C/C=C\\C/C=C\\CCCCC", "sfscore": [0.4193168580532074, 0.6330499649047852], "chem_result": [{"smiles": "CC/C=C\\C/C=C\\C/C=C\\C/C=C\\C/C=C\\CCCCCC(=O)OC[C@@H](COC(=O)CCCCCCCCCCCCCCCCCCCCCCC)OC(=O)CCCCCC/C=C\\C/C=C\\C/C=C\\CCCCC", "bw_confidence": 0.014344911914167277, "confidence": 0.18879857723719373, "rclass": "8 8.1 8.1.10", "children": [{"smiles": "CC/C=C\\C/C=C\\C/C=C\\C/C=C\\CCCCCC(=O)OC[C@@H](COC(=O)CCCCCCCCCCCCCCCCCCCCCC)OC(O)CCCCCC/C=C\\C/C=C\\CCCCC"}, {"smiles": "ClCCl"}, {"smiles": "O=[Cr](=O)([O-])Cl~c1cc[nH+]cc1"}]}, {"smiles": "CC/C=C\\C/C=C\\C/C=C\\C/C=C\\C/C=C\\CCCCCC(=O)OC[C@@H](COC(=O)CCCCCCCCCCCCCCCCCCCCCCC)OC(=O)CCCCCC/C=C\\C/C=C\\C/C=C\\CCCCC", "bw_confidence": 0.006517029275913006, "confidence": 0.07717784189712171, "rclass": "0 0 0", "children": [{"smiles": "C(=NC1CCCCC1)=NC1CCCCC1"}, {"smiles": "CC/C=C\\C/C=C\\C/C=C\\C/C=C\\CCCCCC(=O)O"}, {"smiles": "CN(C)c1ccncc1"}, {"smiles": "ClCCl"}, {"smiles": "O=C(O)CCCCCC/C=C\\C/C=C\\CCCCCCC(=O)O"}]}, {"smiles": "CC/C=C\\C/C=C\\C/C=C\\C/C=C\\C/C=C\\CCCCCC(=O)OC[C@@H](COC(=O)CCCCCCCCCCCCCCCCCCCCCCC)OC(=O)CCCCCC/C=C\\C/C=C\\C/C=C\\CCCCC", "bw_confidence": 0.0059885435264025785, "confidence": 0.06482419569378985, "rclass": "11 11.5 11.5", "children": [{"smiles": "CC/C=C\\C/C=C\\C/C=C\\C/C=C\\C/C=C\\CCCCCC(=O)OC[C@H](COC(=O)CCCCCCCCCCCCCCCCCCCCC)OC(=O)CCCCCC/C=C\\C/C=C\\C/C=C\\CCCCC"}]}, {"smiles": "CC/C=C\\C/C=C\\C/C=C\\C/C=C\\C/C=C\\CCCCCC(=O)OC[C@@H](COC(=O)CCCCCCCCCCCCCCCCCCCCCCC)OC(=O)CCCCCC/C=C\\C/C=C\\C/C=C\\CCCCC", "bw_confidence": 0.005070924455755283, "confidence": 0.05649267179646905, "rclass": "2 2.6 2.6.2", "children": [{"smiles": "CC/C=C\\C/C=C\\C/C=C\\C/C=C\\C/C=C\\CCCCCC(=O)OC[C@H](O)COC(=O)CCCCCCCCCCCCCCCCCCCCCCC"}, {"smiles": "O=C(O)CCCCCC/C=C\\C/C=C\\CCCCCCC(=O)O"}]}, {"smiles": "CC/C=C\\C/C=C\\C/C=C\\C/C=C\\C/C=C\\CCCCCC(=O)OC[C@@H](COC(=O)CCCCCCCCCCCCCCCCCCCCCCC)OC(=O)CCCCCC/C=C\\C/C=C\\C/C=C\\CCCCC", "bw_confidence": 0.003945097310588777, "confidence": 0.04202598293076553, "rclass": "2 2.6 2.6.2", "children": [{"smiles": "CC/C=C\\C/C=C\\C/C=C\\C/C=C\\CCCCCC(=O)OC[C@@H](CO)OC(=O)CCCCCC/C=C\\C/C=C\\CCCCC"}, {"smiles": "CCCCC/C=C\\C/C=C\\CCCCCCC(=O)O[C@@H](CO)COC(=O)CCCCCCCCCCCCCCCCCCCCCCC"}]}, {"smiles": "CC/C=C\\C/C=C\\C/C=C\\C/C=C\\C/C=C\\CCCCCC(=O)OC[C@@H](COC(=O)CCCCCCCCCCCCCCCCCCCCCCC)OC(=O)CCCCCC/C=C\\C/C=C\\C/C=C\\CCCCC", "bw_confidence": 0.0031353718613213073, "confidence": 0.14328834978779695, "rclass": "2 2.6 2.6.2", "children": [{"smiles": "CC/C=C\\C/C=C\\C/C=C\\C/C=C\\CCCCCC(=O)OC[C@H](O)COC(=O)CCCCCCCCCCCCCCCCCCCCCCC"}, {"smiles": "CC/C=C\\C/C=C\\C/C=C\\C/C=C\\CCCCCCC(=O)O"}]}, {"smiles": "CC/C=C\\C/C=C\\C/C=C\\C/C=C\\C/C=C\\CCCCCC(=O)OC[C@@H](COC(=O)CCCCCCCCCCCCCCCCCCCCCCC)OC(=O)CCCCCC/C=C\\C/C=C\\C/C=C\\CCCCC", "bw_confidence": 0.0028055000183112447, "confidence": 0.049113617224943625, "rclass": "11 11.5 11.5", "children": [{"smiles": "CC/C=C\\C/C=C\\C/C=C\\C/C=C\\CCCCCC(=O)OC[C@@H](COC(=O)CCCCCCCCCCCCCCCCCCCCCC)OC(=O)CCCCCC/C=C\\C/C=C\\C/C=C\\CCCCC"}, {"smiles": "CCCC[N+](CCCC)(CCCC)CCCC~[F-]"}]}, {"smiles": "CC/C=C\\C/C=C\\C/C=C\\C/C=C\\C/C=C\\CCCCCC(=O)OC[C@@H](COC(=O)CCCCCCCCCCCCCCCCCCCCCCC)OC(=O)CCCCCC/C=C\\C/C=C\\C/C=C\\CCCCC", "bw_confidence": 0.002104833514152228, "confidence": 0.08587841357658108, "rclass": "2 2.6 2.6.14", "children": [{"smiles": "CC/C=C\\C/C=C\\C/C=C\\C/C=C\\C/C=C\\CCCCC"}, {"smiles": "CC/C=C\\C/C=C\\C/C=C\\C/C=C\\C/C=C\\CCCCCC(=O)OC[C@@H](COC(=O)CCCCCCCCCCCCCCCCCCCCC)OC(=O)CCCCCC/C=C\\C/C=C\\CCCCC"}]}, {"smiles": "CC/C=C\\C/C=C\\C/C=C\\C/C=C\\C/C=C\\CCCCCC(=O)OC[C@@H](COC(=O)CCCCCCCCCCCCCCCCCCCCCCC)OC(=O)CCCCCC/C=C\\C/C=C\\C/C=C\\CCCCC", "bw_confidence": 0.0014288583953740715, "confidence": 0.02626997886626223, "rclass": "0 0 0", "children": [{"smiles": "CC/C=C\\C/C=C\\C/C=C\\C/C=C\\C/C=C\\CCCCCC(=O)OC[C@@H](COC(=O)CCCCCCCCCCCCCCCCCCCCC)OC(=O)CCCCCC/C=C\\C/C=C\\CCCCC"}, {"smiles": "CC/C=C\\C/C=C\\C/C=C\\C/C=C\\C/C=C\\CCCCCCC(=O)O"}]}, {"smiles": "CC/C=C\\C/C=C\\C/C=C\\C/C=C\\C/C=C\\CCCCCC(=O)OC[C@@H](COC(=O)CCCCCCCCCCCCCCCCCCCCCCC)OC(=O)CCCCCC/C=C\\C/C=C\\C/C=C\\CCCCC", "bw_confidence": 0.001184182877368514, "confidence": 0.03925011767915783, "rclass": "0 0 0", "children": [{"smiles": "CC/C=C\\C/C=C\\C/C=C\\C/C=C\\CCCCCC(=O)OC[C@@H](COC(=O)CCCCCCCCCCCCCCCCCCCCCC)OC(=O)CCCCCC/C=C\\C/C=C\\CCCCC"}, {"smiles": "CCN(CC)CC"}, {"smiles": "CN(C)c1ccncc1"}, {"smiles": "ClCCl"}]}, {"smiles": "CC/C=C\\C/C=C\\C/C=C\\C/C=C\\C/C=C\\CCCCCC(=O)OC[C@@H](COC(=O)CCCCCCCCCCCCCCCCCCCCCCC)OC(=O)CCCCCC/C=C\\C/C=C\\C/C=C\\CCCCC", "bw_confidence": 0.0007696440929318509, "confidence": 0.03104795518936975, "rclass": "2 2.6 2.6.9", "children": [{"smiles": "C(=NC1CCCCC1)=NC1CCCCC1"}, {"smiles": "CC/C=C\\C/C=C\\C/C=C\\C/C=C\\CCCCCC(=O)OC[C@H](O)COC(=O)CCCCCCCCCCCCCCCCCCCCCCCCC"}, {"smiles": "CN(C)c1ccncc1"}, {"smiles": "ClCCl"}, {"smiles": "O=C(O)CCCCCC/C=C\\C/C=C\\C/C=C\\CCCCCCC(=O)O"}]}, {"smiles": "CC/C=C\\C/C=C\\C/C=C\\C/C=C\\C/C=C\\CCCCCC(=O)OC[C@@H](COC(=O)CCCCCCCCCCCCCCCCCCCCCCC)OC(=O)CCCCCC/C=C\\C/C=C\\C/C=C\\CCCCC", "bw_confidence": 0.0005823418278767144, "confidence": 0.03277711310403618, "rclass": "6 6.3 6.3.1", "children": [{"smiles": "CC(=O)[O-]~CC(=O)[O-]~[Pb+2]~[Pd]"}, {"smiles": "CC/C=C\\C/C=C\\C/C=C\\C/C=C\\C/C=C\\CCCCCC(=O)OC[C@@H](COC(=O)CCCCCCCCCCCCCCCCCCCCCCC)OC(=O)CCCCCC/C=C\\C/C=C\\C/C=C\\CCCCC"}]}], "chem_bw_confidence_list": [0.014344911914167277, 0.006517029275913006, 0.0059885435264025785, 0.005070924455755283, 0.003945097310588777, 0.0031353718613213073, 0.0028055000183112447, 0.002104833514152228, 0.0014288583953740715, 0.001184182877368514, 0.0007696440929318509, 0.0005823418278767144], "enzy_template_score_list": [0.857880175113678, 0.857880175113678, 0.857880175113678, 0.857880175113678, 0.857880175113678, 0.857880175113678, 0.857880175113678, 0.857880175113678, 0.00823209248483181, 0.00823209248483181, 0.00823209248483181, 0.00823209248483181, 0.00823209248483181, 0.00823209248483181, 0.00823209248483181], "enzy_result": [{"smiles": "CC/C=C\\C/C=C\\C/C=C\\C/C=C\\C/C=C\\CCCCCC(=O)OC[C@@H](COC(=O)CCCCCCCCCCCCCCCCCCCCCCC)OC(=O)CCCCCCCCC/C=C\\C/C=C\\CCCCC", "smiles_split": ["CC/C=C\\C/C=C\\C/C=C\\C/C=C\\C/C=C\\CCCCCC(=O)OC[C@@H](COC(=O)CCCCCCCCCCCCCCCCCCCCCCC)OC(=O)CCCCCCCCC/C=C\\C/C=C\\CCCCC"], "mapped_smiles": "[CH3:1][CH2:2]/[CH:3]=[CH:4]\\[CH2:5]/[CH:6]=[CH:7]\\[CH2:8]/[CH:9]=[CH:10]\\[CH2:11]/[CH:12]=[CH:13]\\[CH2:14]/[CH:15]=[CH:16]\\[CH2:17][CH2:18][CH2:19][CH2:20][CH2:21][C:22](=[O:23])[O:24][CH2:25][C@@H:26]([CH2:27][O:28][C:29](=[O:30])[CH2:31][CH2:32][CH2:33][CH2:34][CH2:35][CH2:36][CH2:37][CH2:38][CH2:39][CH2:40][CH2:41][CH2:42][CH2:43][CH2:44][CH2:45][CH2:46][CH2:47][CH2:48][CH2:49][CH2:50][CH2:51][CH2:52][CH3:53])[O:54][C:55](=[O:56])[CH2:57][CH2:58][CH2:59][CH2:60][CH2:61][CH2:62][CH2:63][CH2:64][CH2:65]/[CH:66]=[CH:67]\\[CH2:68]/[CH:69]=[CH:70]\\[CH2:71][CH2:72][CH2:73][CH2:74][CH3:75]", "reacting_atoms": [64, 63], "template_id": "b8752864a144b4d488d51a312d4ebfdc", "template_set": ["bkms", "bkms", "bkms"], "num_examples": 64, "necessary_reagent": "", "template_score": 0.857880175113678, "rms_molwt": -1044.90849156, "num_rings": 0, "plausibility": 1, "tforms": ["71d96988ab3623c8d39bf0ee6519c85b", "4b5c01ce1dd3e508649493e134ba9f1c", "b8752864a144b4d488d51a312d4ebfdc"], "rank": 1, "score": -1516.5732271459206}, {"smiles": "CC/C=C\\C/C=C\\C/C=C\\CCCC/C=C\\CCCCCC(=O)OC[C@@H](COC(=O)CCCCCCCCCCCCCCCCCCCCCCC)OC(=O)CCCCCC/C=C\\C/C=C\\C/C=C\\CCCCC", "smiles_split": ["CC/C=C\\C/C=C\\C/C=C\\CCCC/C=C\\CCCCCC(=O)OC[C@@H](COC(=O)CCCCCCCCCCCCCCCCCCCCCCC)OC(=O)CCCCCC/C=C\\C/C=C\\C/C=C\\CCCCC"], "mapped_smiles": "[CH3:1][CH2:2]/[CH:3]=[CH:4]\\[CH2:5]/[CH:6]=[CH:7]\\[CH2:8]/[CH:9]=[CH:10]\\[CH2:11][CH2:12][CH2:13][CH2:14]/[CH:15]=[CH:16]\\[CH2:17][CH2:18][CH2:19][CH2:20][CH2:21][C:22](=[O:23])[O:24][CH2:25][C@@H:26]([CH2:27][O:28][C:29](=[O:30])[CH2:31][CH2:32][CH2:33][CH2:34][CH2:35][CH2:36][CH2:37][CH2:38][CH2:39][CH2:40][CH2:41][CH2:42][CH2:43][CH2:44][CH2:45][CH2:46][CH2:47][CH2:48][CH2:49][CH2:50][CH2:51][CH2:52][CH3:53])[O:54][C:55](=[O:56])[CH2:57][CH2:58][CH2:59][CH2:60][CH2:61][CH2:62]/[CH:63]=[CH:64]\\[CH2:65]/[CH:66]=[CH:67]\\[CH2:68]/[CH:69]=[CH:70]\\[CH2:71][CH2:72][CH2:73][CH2:74][CH3:75]", "reacting_atoms": [13, 12], "template_id": "b8752864a144b4d488d51a312d4ebfdc", "template_set": ["bkms", "bkms", "bkms"], "num_examples": 64, "necessary_reagent": "", "template_score": 0.857880175113678, "rms_molwt": -1044.90849156, "num_rings": 0, "plausibility": 1, "tforms": ["71d96988ab3623c8d39bf0ee6519c85b", "4b5c01ce1dd3e508649493e134ba9f1c", "b8752864a144b4d488d51a312d4ebfdc"], "rank": 2, "score": -1516.5732271459206}, {"smiles": "CCCCC/C=C\\C/C=C\\C/C=C\\C/C=C\\CCCCCC(=O)OC[C@@H](COC(=O)CCCCCCCCCCCCCCCCCCCCCCC)OC(=O)CCCCCC/C=C\\C/C=C\\C/C=C\\CCCCC", "smiles_split": ["CCCCC/C=C\\C/C=C\\C/C=C\\C/C=C\\CCCCCC(=O)OC[C@@H](COC(=O)CCCCCCCCCCCCCCCCCCCCCCC)OC(=O)CCCCCC/C=C\\C/C=C\\C/C=C\\CCCCC"], "mapped_smiles": "[CH3:1][CH2:2][CH2:3][CH2:4][CH2:5]/[CH:6]=[CH:7]\\[CH2:8]/[CH:9]=[CH:10]\\[CH2:11]/[CH:12]=[CH:13]\\[CH2:14]/[CH:15]=[CH:16]\\[CH2:17][CH2:18][CH2:19][CH2:20][CH2:21][C:22](=[O:23])[O:24][CH2:25][C@@H:26]([CH2:27][O:28][C:29](=[O:30])[CH2:31][CH2:32][CH2:33][CH2:34][CH2:35][CH2:36][CH2:37][CH2:38][CH2:39][CH2:40][CH2:41][CH2:42][CH2:43][CH2:44][CH2:45][CH2:46][CH2:47][CH2:48][CH2:49][CH2:50][CH2:51][CH2:52][CH3:53])[O:54][C:55](=[O:56])[CH2:57][CH2:58][CH2:59][CH2:60][CH2:61][CH2:62]/[CH:63]=[CH:64]\\[CH2:65]/[CH:66]=[CH:67]\\[CH2:68]/[CH:69]=[CH:70]\\[CH2:71][CH2:72][CH2:73][CH2:74][CH3:75]", "reacting_atoms": [4, 3], "template_id": "b8752864a144b4d488d51a312d4ebfdc", "template_set": ["bkms", "bkms", "bkms"], "num_examples": 64, "necessary_reagent": "", "template_score": 0.857880175113678, "rms_molwt": -1044.90849156, "num_rings": 0, "plausibility": 1, "tforms": ["71d96988ab3623c8d39bf0ee6519c85b", "4b5c01ce1dd3e508649493e134ba9f1c", "b8752864a144b4d488d51a312d4ebfdc"], "rank": 3, "score": -1516.5732271459206}, {"smiles": "CC/C=C\\C/C=C\\C/C=C\\C/C=C\\C/C=C\\CCCCCC(=O)OC[C@@H](COC(=O)CCCCCCCCCCCCCCCCCCCCCCC)OC(=O)CCCCCC/C=C\\C/C=C\\CCCCCCCC", "smiles_split": ["CC/C=C\\C/C=C\\C/C=C\\C/C=C\\C/C=C\\CCCCCC(=O)OC[C@@H](COC(=O)CCCCCCCCCCCCCCCCCCCCCCC)OC(=O)CCCCCC/C=C\\C/C=C\\CCCCCCCC"], "mapped_smiles": "[CH3:1][CH2:2]/[CH:3]=[CH:4]\\[CH2:5]/[CH:6]=[CH:7]\\[CH2:8]/[CH:9]=[CH:10]\\[CH2:11]/[CH:12]=[CH:13]\\[CH2:14]/[CH:15]=[CH:16]\\[CH2:17][CH2:18][CH2:19][CH2:20][CH2:21][C:22](=[O:23])[O:24][CH2:25][C@@H:26]([CH2:27][O:28][C:29](=[O:30])[CH2:31][CH2:32][CH2:33][CH2:34][CH2:35][CH2:36][CH2:37][CH2:38][CH2:39][CH2:40][CH2:41][CH2:42][CH2:43][CH2:44][CH2:45][CH2:46][CH2:47][CH2:48][CH2:49][CH2:50][CH2:51][CH2:52][CH3:53])[O:54][C:55](=[O:56])[CH2:57][CH2:58][CH2:59][CH2:60][CH2:61][CH2:62]/[CH:63]=[CH:64]\\[CH2:65]/[CH:66]=[CH:67]\\[CH2:68][CH2:69][CH2:70][CH2:71][CH2:72][CH2:73][CH2:74][CH3:75]", "reacting_atoms": [69, 70], "template_id": "b8752864a144b4d488d51a312d4ebfdc", "template_set": ["bkms", "bkms", "bkms"], "num_examples": 64, "necessary_reagent": "", "template_score": 0.857880175113678, "rms_molwt": -1044.90849156, "num_rings": 0, "plausibility": 1, "tforms": ["71d96988ab3623c8d39bf0ee6519c85b", "4b5c01ce1dd3e508649493e134ba9f1c", "b8752864a144b4d488d51a312d4ebfdc"], "rank": 4, "score": -1516.5732271459206}, {"smiles": "CC/C=C\\C/C=C\\C/C=C\\C/C=C\\CCCCCCCCC(=O)OC[C@@H](COC(=O)CCCCCCCCCCCCCCCCCCCCCCC)OC(=O)CCCCCC/C=C\\C/C=C\\C/C=C\\CCCCC", "smiles_split": ["CC/C=C\\C/C=C\\C/C=C\\C/C=C\\CCCCCCCCC(=O)OC[C@@H](COC(=O)CCCCCCCCCCCCCCCCCCCCCCC)OC(=O)CCCCCC/C=C\\C/C=C\\C/C=C\\CCCCC"], "mapped_smiles": "[CH3:1][CH2:2]/[CH:3]=[CH:4]\\[CH2:5]/[CH:6]=[CH:7]\\[CH2:8]/[CH:9]=[CH:10]\\[CH2:11]/[CH:12]=[CH:13]\\[CH2:14][CH2:15][CH2:16][CH2:17][CH2:18][CH2:19][CH2:20][CH2:21][C:22](=[O:23])[O:24][CH2:25][C@@H:26]([CH2:27][O:28][C:29](=[O:30])[CH2:31][CH2:32][CH2:33][CH2:34][CH2:35][CH2:36][CH2:37][CH2:38][CH2:39][CH2:40][CH2:41][CH2:42][CH2:43][CH2:44][CH2:45][CH2:46][CH2:47][CH2:48][CH2:49][CH2:50][CH2:51][CH2:52][CH3:53])[O:54][C:55](=[O:56])[CH2:57][CH2:58][CH2:59][CH2:60][CH2:61][CH2:62]/[CH:63]=[CH:64]\\[CH2:65]/[CH:66]=[CH:67]\\[CH2:68]/[CH:69]=[CH:70]\\[CH2:71][CH2:72][CH2:73][CH2:74][CH3:75]", "reacting_atoms": [15, 16], "template_id": "b8752864a144b4d488d51a312d4ebfdc", "template_set": ["bkms", "bkms", "bkms"], "num_examples": 64, "necessary_reagent": "", "template_score": 0.857880175113678, "rms_molwt": -1044.90849156, "num_rings": 0, "plausibility": 1, "tforms": ["71d96988ab3623c8d39bf0ee6519c85b", "4b5c01ce1dd3e508649493e134ba9f1c", "b8752864a144b4d488d51a312d4ebfdc"], "rank": 5, "score": -1516.5732271459206}, {"smiles": "CC/C=C\\C/C=C\\CCCC/C=C\\C/C=C\\CCCCCC(=O)OC[C@@H](COC(=O)CCCCCCCCCCCCCCCCCCCCCCC)OC(=O)CCCCCC/C=C\\C/C=C\\C/C=C\\CCCCC", "smiles_split": ["CC/C=C\\C/C=C\\CCCC/C=C\\C/C=C\\CCCCCC(=O)OC[C@@H](COC(=O)CCCCCCCCCCCCCCCCCCCCCCC)OC(=O)CCCCCC/C=C\\C/C=C\\C/C=C\\CCCCC"], "mapped_smiles": "[CH3:1][CH2:2]/[CH:3]=[CH:4]\\[CH2:5]/[CH:6]=[CH:7]\\[CH2:8][CH2:9][CH2:10][CH2:11]/[CH:12]=[CH:13]\\[CH2:14]/[CH:15]=[CH:16]\\[CH2:17][CH2:18][CH2:19][CH2:20][CH2:21][C:22](=[O:23])[O:24][CH2:25][C@@H:26]([CH2:27][O:28][C:29](=[O:30])[CH2:31][CH2:32][CH2:33][CH2:34][CH2:35][CH2:36][CH2:37][CH2:38][CH2:39][CH2:40][CH2:41][CH2:42][CH2:43][CH2:44][CH2:45][CH2:46][CH2:47][CH2:48][CH2:49][CH2:50][CH2:51][CH2:52][CH3:53])[O:54][C:55](=[O:56])[CH2:57][CH2:58][CH2:59][CH2:60][CH2:61][CH2:62]/[CH:63]=[CH:64]\\[CH2:65]/[CH:66]=[CH:67]\\[CH2:68]/[CH:69]=[CH:70]\\[CH2:71][CH2:72][CH2:73][CH2:74][CH3:75]", "reacting_atoms": [10, 9], "template_id": "b8752864a144b4d488d51a312d4ebfdc", "template_set": ["bkms", "bkms", "bkms"], "num_examples": 64, "necessary_reagent": "", "template_score": 0.857880175113678, "rms_molwt": -1044.90849156, "num_rings": 0, "plausibility": 1, "tforms": ["71d96988ab3623c8d39bf0ee6519c85b", "4b5c01ce1dd3e508649493e134ba9f1c", "b8752864a144b4d488d51a312d4ebfdc"], "rank": 6, "score": -1516.5732271459206}, {"smiles": "CC/C=C\\C/C=C\\C/C=C\\C/C=C\\C/C=C\\CCCCCC(=O)OC[C@@H](COC(=O)CCCCCCCCCCCCCCCCCCCCCCC)OC(=O)CCCCCC/C=C\\CCCC/C=C\\CCCCC", "smiles_split": ["CC/C=C\\C/C=C\\C/C=C\\C/C=C\\C/C=C\\CCCCCC(=O)OC[C@@H](COC(=O)CCCCCCCCCCCCCCCCCCCCCCC)OC(=O)CCCCCC/C=C\\CCCC/C=C\\CCCCC"], "mapped_smiles": "[CH3:1][CH2:2]/[CH:3]=[CH:4]\\[CH2:5]/[CH:6]=[CH:7]\\[CH2:8]/[CH:9]=[CH:10]\\[CH2:11]/[CH:12]=[CH:13]\\[CH2:14]/[CH:15]=[CH:16]\\[CH2:17][CH2:18][CH2:19][CH2:20][CH2:21][C:22](=[O:23])[O:24][CH2:25][C@@H:26]([CH2:27][O:28][C:29](=[O:30])[CH2:31][CH2:32][CH2:33][CH2:34][CH2:35][CH2:36][CH2:37][CH2:38][CH2:39][CH2:40][CH2:41][CH2:42][CH2:43][CH2:44][CH2:45][CH2:46][CH2:47][CH2:48][CH2:49][CH2:50][CH2:51][CH2:52][CH3:53])[O:54][C:55](=[O:56])[CH2:57][CH2:58][CH2:59][CH2:60][CH2:61][CH2:62]/[CH:63]=[CH:64]\\[CH2:65][CH2:66][CH2:67][CH2:68]/[CH:69]=[CH:70]\\[CH2:71][CH2:72][CH2:73][CH2:74][CH3:75]", "reacting_atoms": [67, 66], "template_id": "b8752864a144b4d488d51a312d4ebfdc", "template_set": ["bkms", "bkms", "bkms"], "num_examples": 64, "necessary_reagent": "", "template_score": 0.857880175113678, "rms_molwt": -1044.90849156, "num_rings": 0, "plausibility": 1, "tforms": ["71d96988ab3623c8d39bf0ee6519c85b", "4b5c01ce1dd3e508649493e134ba9f1c", "b8752864a144b4d488d51a312d4ebfdc"], "rank": 7, "score": -1516.5732271459206}, {"smiles": "CC/C=C\\CCCC/C=C\\C/C=C\\C/C=C\\CCCCCC(=O)OC[C@@H](COC(=O)CCCCCCCCCCCCCCCCCCCCCCC)OC(=O)CCCCCC/C=C\\C/C=C\\C/C=C\\CCCCC", "smiles_split": ["CC/C=C\\CCCC/C=C\\C/C=C\\C/C=C\\CCCCCC(=O)OC[C@@H](COC(=O)CCCCCCCCCCCCCCCCCCCCCCC)OC(=O)CCCCCC/C=C\\C/C=C\\C/C=C\\CCCCC"], "mapped_smiles": "[CH3:1][CH2:2]/[CH:3]=[CH:4]\\[CH2:5][CH2:6][CH2:7][CH2:8]/[CH:9]=[CH:10]\\[CH2:11]/[CH:12]=[CH:13]\\[CH2:14]/[CH:15]=[CH:16]\\[CH2:17][CH2:18][CH2:19][CH2:20][CH2:21][C:22](=[O:23])[O:24][CH2:25][C@@H:26]([CH2:27][O:28][C:29](=[O:30])[CH2:31][CH2:32][CH2:33][CH2:34][CH2:35][CH2:36][CH2:37][CH2:38][CH2:39][CH2:40][CH2:41][CH2:42][CH2:43][CH2:44][CH2:45][CH2:46][CH2:47][CH2:48][CH2:49][CH2:50][CH2:51][CH2:52][CH3:53])[O:54][C:55](=[O:56])[CH2:57][CH2:58][CH2:59][CH2:60][CH2:61][CH2:62]/[CH:63]=[CH:64]\\[CH2:65]/[CH:66]=[CH:67]\\[CH2:68]/[CH:69]=[CH:70]\\[CH2:71][CH2:72][CH2:73][CH2:74][CH3:75]", "reacting_atoms": [7, 6], "template_id": "b8752864a144b4d488d51a312d4ebfdc", "template_set": ["bkms", "bkms", "bkms"], "num_examples": 64, "necessary_reagent": "", "template_score": 0.857880175113678, "rms_molwt": -1044.90849156, "num_rings": 0, "plausibility": 1, "tforms": ["71d96988ab3623c8d39bf0ee6519c85b", "4b5c01ce1dd3e508649493e134ba9f1c", "b8752864a144b4d488d51a312d4ebfdc"], "rank": 8, "score": -1516.5732271459206}, {"smiles": "CCCCC/C=C\\C/C=C\\C/C=C\\CCCCCCC(=O)O[C@@H](COC(=O)CCCCC/C=C\\C/C=C\\C/C=C\\C/C=C\\CC1OC(=O)C1CC)COC(=O)CCCCCCCCCCCCCCCCCCCCCCC", "smiles_split": ["CCCCC/C=C\\C/C=C\\C/C=C\\CCCCCCC(=O)O[C@@H](COC(=O)CCCCC/C=C\\C/C=C\\C/C=C\\C/C=C\\CC1OC(=O)C1CC)COC(=O)CCCCCCCCCCCCCCCCCCCCCCC"], "mapped_smiles": "[CH3:1][CH2:2][CH:3]1[CH:4]([CH2:5]/[CH:6]=[CH:7]\\[CH2:8]/[CH:9]=[CH:10]\\[CH2:11]/[CH:12]=[CH:13]\\[CH2:14]/[CH:15]=[CH:16]\\[CH2:17][CH2:18][CH2:19][CH2:20][CH2:21][C:22](=[O:23])[O:24][CH2:25][C@@H:26]([CH2:27][O:28][C:29](=[O:30])[CH2:31][CH2:32][CH2:33][CH2:34][CH2:35][CH2:36][CH2:37][CH2:38][CH2:39][CH2:40][CH2:41][CH2:42][CH2:43][CH2:44][CH2:45][CH2:46][CH2:47][CH2:48][CH2:49][CH2:50][CH2:51][CH2:52][CH3:53])[O:54][C:55](=[O:56])[CH2:57][CH2:58][CH2:59][CH2:60][CH2:61][CH2:62]/[CH:63]=[CH:64]\\[CH2:65]/[CH:66]=[CH:67]\\[CH2:68]/[CH:69]=[CH:70]\\[CH2:71][CH2:72][CH2:73][CH2:74][CH3:75])[O:902][C:901]1=[O:900]", "reacting_atoms": [4, 3], "template_id": "95b167a4e5e2cf14a7f1b2c6fb174cb0", "template_set": ["bkms"], "num_examples": 4, "necessary_reagent": "", "template_score": 0.00823209248483181, "rms_molwt": -1086.882670736, "num_rings": -1, "plausibility": 1, "tforms": ["95b167a4e5e2cf14a7f1b2c6fb174cb0"], "rank": 9, "score": -168578.60837984708}, {"smiles": "CCCCC/C=C\\C/C=C\\C/C=C\\CCCCCCC(=O)O[C@@H](COC(=O)CCCCC/C=C\\C/C=C\\C/C=C\\C/C=C\\CC1C(=O)OC1CC)COC(=O)CCCCCCCCCCCCCCCCCCCCCCC", "smiles_split": ["CCCCC/C=C\\C/C=C\\C/C=C\\CCCCCCC(=O)O[C@@H](COC(=O)CCCCC/C=C\\C/C=C\\C/C=C\\C/C=C\\CC1C(=O)OC1CC)COC(=O)CCCCCCCCCCCCCCCCCCCCCCC"], "mapped_smiles": "[CH3:1][CH2:2][CH:3]1[CH:4]([CH2:5]/[CH:6]=[CH:7]\\[CH2:8]/[CH:9]=[CH:10]\\[CH2:11]/[CH:12]=[CH:13]\\[CH2:14]/[CH:15]=[CH:16]\\[CH2:17][CH2:18][CH2:19][CH2:20][CH2:21][C:22](=[O:23])[O:24][CH2:25][C@@H:26]([CH2:27][O:28][C:29](=[O:30])[CH2:31][CH2:32][CH2:33][CH2:34][CH2:35][CH2:36][CH2:37][CH2:38][CH2:39][CH2:40][CH2:41][CH2:42][CH2:43][CH2:44][CH2:45][CH2:46][CH2:47][CH2:48][CH2:49][CH2:50][CH2:51][CH2:52][CH3:53])[O:54][C:55](=[O:56])[CH2:57][CH2:58][CH2:59][CH2:60][CH2:61][CH2:62]/[CH:63]=[CH:64]\\[CH2:65]/[CH:66]=[CH:67]\\[CH2:68]/[CH:69]=[CH:70]\\[CH2:71][CH2:72][CH2:73][CH2:74][CH3:75])[C:901](=[O:900])[O:902]1", "reacting_atoms": [3, 4], "template_id": "95b167a4e5e2cf14a7f1b2c6fb174cb0", "template_set": ["bkms"], "num_examples": 4, "necessary_reagent": "", "template_score": 0.00823209248483181, "rms_molwt": -1086.882670736, "num_rings": -1, "plausibility": 1, "tforms": ["95b167a4e5e2cf14a7f1b2c6fb174cb0"], "rank": 10, "score": -168578.60837984708}, {"smiles": "CC/C=C\\C/C=C\\C/C=C\\C/C=C\\CC1OC(=O)C1CCCCCC(=O)OC[C@@H](COC(=O)CCCCCCCCCCCCCCCCCCCCCCC)OC(=O)CCCCCC/C=C\\C/C=C\\C/C=C\\CCCCC", "smiles_split": ["CC/C=C\\C/C=C\\C/C=C\\C/C=C\\CC1OC(=O)C1CCCCCC(=O)OC[C@@H](COC(=O)CCCCCCCCCCCCCCCCCCCCCCC)OC(=O)CCCCCC/C=C\\C/C=C\\C/C=C\\CCCCC"], "mapped_smiles": "[CH3:1][CH2:2]/[CH:3]=[CH:4]\\[CH2:5]/[CH:6]=[CH:7]\\[CH2:8]/[CH:9]=[CH:10]\\[CH2:11]/[CH:12]=[CH:13]\\[CH2:14][CH:15]1[CH:16]([CH2:17][CH2:18][CH2:19][CH2:20][CH2:21][C:22](=[O:23])[O:24][CH2:25][C@@H:26]([CH2:27][O:28][C:29](=[O:30])[CH2:31][CH2:32][CH2:33][CH2:34][CH2:35][CH2:36][CH2:37][CH2:38][CH2:39][CH2:40][CH2:41][CH2:42][CH2:43][CH2:44][CH2:45][CH2:46][CH2:47][CH2:48][CH2:49][CH2:50][CH2:51][CH2:52][CH3:53])[O:54][C:55](=[O:56])[CH2:57][CH2:58][CH2:59][CH2:60][CH2:61][CH2:62]/[CH:63]=[CH:64]\\[CH2:65]/[CH:66]=[CH:67]\\[CH2:68]/[CH:69]=[CH:70]\\[CH2:71][CH2:72][CH2:73][CH2:74][CH3:75])[C:901](=[O:900])[O:902]1", "reacting_atoms": [15, 16], "template_id": "95b167a4e5e2cf14a7f1b2c6fb174cb0", "template_set": ["bkms"], "num_examples": 4, "necessary_reagent": "", "template_score": 0.00823209248483181, "rms_molwt": -1086.882670736, "num_rings": -1, "plausibility": 1, "tforms": ["95b167a4e5e2cf14a7f1b2c6fb174cb0"], "rank": 11, "score": -168578.60837984708}, {"smiles": "CC/C=C\\C/C=C\\CC1OC(=O)C1C/C=C\\C/C=C\\CCCCCC(=O)OC[C@@H](COC(=O)CCCCCCCCCCCCCCCCCCCCCCC)OC(=O)CCCCCC/C=C\\C/C=C\\C/C=C\\CCCCC", "smiles_split": ["CC/C=C\\C/C=C\\CC1OC(=O)C1C/C=C\\C/C=C\\CCCCCC(=O)OC[C@@H](COC(=O)CCCCCCCCCCCCCCCCCCCCCCC)OC(=O)CCCCCC/C=C\\C/C=C\\C/C=C\\CCCCC"], "mapped_smiles": "[CH3:1][CH2:2]/[CH:3]=[CH:4]\\[CH2:5]/[CH:6]=[CH:7]\\[CH2:8][CH:9]1[CH:10]([CH2:11]/[CH:12]=[CH:13]\\[CH2:14]/[CH:15]=[CH:16]\\[CH2:17][CH2:18][CH2:19][CH2:20][CH2:21][C:22](=[O:23])[O:24][CH2:25][C@@H:26]([CH2:27][O:28][C:29](=[O:30])[CH2:31][CH2:32][CH2:33][CH2:34][CH2:35][CH2:36][CH2:37][CH2:38][CH2:39][CH2:40][CH2:41][CH2:42][CH2:43][CH2:44][CH2:45][CH2:46][CH2:47][CH2:48][CH2:49][CH2:50][CH2:51][CH2:52][CH3:53])[O:54][C:55](=[O:56])[CH2:57][CH2:58][CH2:59][CH2:60][CH2:61][CH2:62]/[CH:63]=[CH:64]\\[CH2:65]/[CH:66]=[CH:67]\\[CH2:68]/[CH:69]=[CH:70]\\[CH2:71][CH2:72][CH2:73][CH2:74][CH3:75])[C:901](=[O:900])[O:902]1", "reacting_atoms": [9, 10], "template_id": "95b167a4e5e2cf14a7f1b2c6fb174cb0", "template_set": ["bkms"], "num_examples": 4, "necessary_reagent": "", "template_score": 0.00823209248483181, "rms_molwt": -1086.882670736, "num_rings": -1, "plausibility": 1, "tforms": ["95b167a4e5e2cf14a7f1b2c6fb174cb0"], "rank": 12, "score": -168578.60837984708}, {"smiles": "CC/C=C\\C/C=C\\C/C=C\\C/C=C\\C/C=C\\CCCCCC(=O)OC[C@@H](COC(=O)CCCCCCCCCCCCCCCCCCCCCCC)OC(=O)CCCCCC/C=C\\CC1C(=O)OC1C/C=C\\CCCCC", "smiles_split": ["CC/C=C\\C/C=C\\C/C=C\\C/C=C\\C/C=C\\CCCCCC(=O)OC[C@@H](COC(=O)CCCCCCCCCCCCCCCCCCCCCCC)OC(=O)CCCCCC/C=C\\CC1C(=O)OC1C/C=C\\CCCCC"], "mapped_smiles": "[CH3:1][CH2:2]/[CH:3]=[CH:4]\\[CH2:5]/[CH:6]=[CH:7]\\[CH2:8]/[CH:9]=[CH:10]\\[CH2:11]/[CH:12]=[CH:13]\\[CH2:14]/[CH:15]=[CH:16]\\[CH2:17][CH2:18][CH2:19][CH2:20][CH2:21][C:22](=[O:23])[O:24][CH2:25][C@@H:26]([CH2:27][O:28][C:29](=[O:30])[CH2:31][CH2:32][CH2:33][CH2:34][CH2:35][CH2:36][CH2:37][CH2:38][CH2:39][CH2:40][CH2:41][CH2:42][CH2:43][CH2:44][CH2:45][CH2:46][CH2:47][CH2:48][CH2:49][CH2:50][CH2:51][CH2:52][CH3:53])[O:54][C:55](=[O:56])[CH2:57][CH2:58][CH2:59][CH2:60][CH2:61][CH2:62]/[CH:63]=[CH:64]\\[CH2:65][CH:66]1[CH:67]([CH2:68]/[CH:69]=[CH:70]\\[CH2:71][CH2:72][CH2:73][CH2:74][CH3:75])[O:902][C:901]1=[O:900]", "reacting_atoms": [67, 66], "template_id": "95b167a4e5e2cf14a7f1b2c6fb174cb0", "template_set": ["bkms"], "num_examples": 4, "necessary_reagent": "", "template_score": 0.00823209248483181, "rms_molwt": -1086.882670736, "num_rings": -1, "plausibility": 1, "tforms": ["95b167a4e5e2cf14a7f1b2c6fb174cb0"], "rank": 13, "score": -168578.60837984708}, {"smiles": "CC/C=C\\C/C=C\\C/C=C\\C/C=C\\C/C=C\\CCCCCC(=O)OC[C@@H](COC(=O)CCCCCCCCCCCCCCCCCCCCCCC)OC(=O)CCCCCC/C=C\\C/C=C\\CC1OC(=O)C1CCCCC", "smiles_split": ["CC/C=C\\C/C=C\\C/C=C\\C/C=C\\C/C=C\\CCCCCC(=O)OC[C@@H](COC(=O)CCCCCCCCCCCCCCCCCCCCCCC)OC(=O)CCCCCC/C=C\\C/C=C\\CC1OC(=O)C1CCCCC"], "mapped_smiles": "[CH3:1][CH2:2]/[CH:3]=[CH:4]\\[CH2:5]/[CH:6]=[CH:7]\\[CH2:8]/[CH:9]=[CH:10]\\[CH2:11]/[CH:12]=[CH:13]\\[CH2:14]/[CH:15]=[CH:16]\\[CH2:17][CH2:18][CH2:19][CH2:20][CH2:21][C:22](=[O:23])[O:24][CH2:25][C@@H:26]([CH2:27][O:28][C:29](=[O:30])[CH2:31][CH2:32][CH2:33][CH2:34][CH2:35][CH2:36][CH2:37][CH2:38][CH2:39][CH2:40][CH2:41][CH2:42][CH2:43][CH2:44][CH2:45][CH2:46][CH2:47][CH2:48][CH2:49][CH2:50][CH2:51][CH2:52][CH3:53])[O:54][C:55](=[O:56])[CH2:57][CH2:58][CH2:59][CH2:60][CH2:61][CH2:62]/[CH:63]=[CH:64]\\[CH2:65]/[CH:66]=[CH:67]\\[CH2:68][CH:69]1[CH:70]([CH2:71][CH2:72][CH2:73][CH2:74][CH3:75])[C:901](=[O:900])[O:902]1", "reacting_atoms": [69, 70], "template_id": "95b167a4e5e2cf14a7f1b2c6fb174cb0", "template_set": ["bkms"], "num_examples": 4, "necessary_reagent": "", "template_score": 0.00823209248483181, "rms_molwt": -1086.882670736, "num_rings": -1, "plausibility": 1, "tforms": ["95b167a4e5e2cf14a7f1b2c6fb174cb0"], "rank": 14, "score": -168578.60837984708}, {"smiles": "CC/C=C\\C/C=C\\C/C=C\\C/C=C\\C/C=C\\CCCCCC(=O)OC[C@@H](COC(=O)CCCCCCCCCCCCCCCCCCCCCCC)OC(=O)CCCCCCC1OC(=O)C1C/C=C\\C/C=C\\CCCCC", "smiles_split": ["CC/C=C\\C/C=C\\C/C=C\\C/C=C\\C/C=C\\CCCCCC(=O)OC[C@@H](COC(=O)CCCCCCCCCCCCCCCCCCCCCCC)OC(=O)CCCCCCC1OC(=O)C1C/C=C\\C/C=C\\CCCCC"], "mapped_smiles": "[CH3:1][CH2:2]/[CH:3]=[CH:4]\\[CH2:5]/[CH:6]=[CH:7]\\[CH2:8]/[CH:9]=[CH:10]\\[CH2:11]/[CH:12]=[CH:13]\\[CH2:14]/[CH:15]=[CH:16]\\[CH2:17][CH2:18][CH2:19][CH2:20][CH2:21][C:22](=[O:23])[O:24][CH2:25][C@@H:26]([CH2:27][O:28][C:29](=[O:30])[CH2:31][CH2:32][CH2:33][CH2:34][CH2:35][CH2:36][CH2:37][CH2:38][CH2:39][CH2:40][CH2:41][CH2:42][CH2:43][CH2:44][CH2:45][CH2:46][CH2:47][CH2:48][CH2:49][CH2:50][CH2:51][CH2:52][CH3:53])[O:54][C:55](=[O:56])[CH2:57][CH2:58][CH2:59][CH2:60][CH2:61][CH2:62][CH:63]1[CH:64]([CH2:65]/[CH:66]=[CH:67]\\[CH2:68]/[CH:69]=[CH:70]\\[CH2:71][CH2:72][CH2:73][CH2:74][CH3:75])[C:901](=[O:900])[O:902]1", "reacting_atoms": [63, 64], "template_id": "95b167a4e5e2cf14a7f1b2c6fb174cb0", "template_set": ["bkms"], "num_examples": 4, "necessary_reagent": "", "template_score": 0.00823209248483181, "rms_molwt": -1086.882670736, "num_rings": -1, "plausibility": 1, "tforms": ["95b167a4e5e2cf14a7f1b2c6fb174cb0"], "rank": 15, "score": -168578.60837984708}]}