{"smiles": "CC[C@@H](C(C)C)[C@H](O)[C@@H](O)[C@@H](C)[C@@H]1CC[C@@H]2[C@@H]3COC(=O)[C@@H]4C[C@@H](O)[C@@H](O)C[C@@]4(C)[C@@H]3CC[C@@]12C", "sfscore": [0.4267212450504303, 0.6217756867408752], "chem_result": [{"smiles": "CC[C@@H](C(C)C)[C@H](O)[C@@H](O)[C@@H](C)[C@@H]1CC[C@@H]2[C@@H]3COC(=O)[C@@H]4C[C@@H](O)[C@@H](O)C[C@@]4(C)[C@@H]3CC[C@@]12C", "bw_confidence": 0.08986618006922231, "confidence": 0.47302358947961953, "rclass": "7 7.5 7.5.1", "children": [{"smiles": "CC[C@@H](C(C)C)[C@H](O)[C@@H](O)[C@@H](C)[C@@H]1CC[C@@H]2[C@@H]3COC(=O)[C@@H]4CC(=O)[C@@H](O)C[C@@]4(C)[C@@H]3CC[C@@]12C"}, {"smiles": "[BH4-]~[Na+]"}]}, {"smiles": "CC[C@@H](C(C)C)[C@H](O)[C@@H](O)[C@@H](C)[C@@H]1CC[C@@H]2[C@@H]3COC(=O)[C@@H]4C[C@@H](O)[C@@H](O)C[C@@]4(C)[C@@H]3CC[C@@]12C", "bw_confidence": 0.03603693282291723, "confidence": 0.5956894710269914, "rclass": "6 6.3 6.3.2", "children": [{"smiles": "C1CCOC1"}, {"smiles": "CCCC[N+](CCCC)(CCCC)CCCC~[F-]"}, {"smiles": "CC[C@@H](C(C)C)[C@H](O[Si](C)(C)C(C)(C)C)[C@@H](O[Si](C)(C)C(C)(C)C)[C@@H](C)[C@@H]1CC[C@@H]2[C@@H]3COC(=O)[C@@H]4C[C@@H](O[Si](C)(C)C(C)(C)C)[C@@H](O[Si](C)(C)C(C)(C)C)C[C@@]4(C)[C@@H]3CC[C@@]12C"}]}, {"smiles": "CC[C@@H](C(C)C)[C@H](O)[C@@H](O)[C@@H](C)[C@@H]1CC[C@@H]2[C@@H]3COC(=O)[C@@H]4C[C@@H](O)[C@@H](O)C[C@@]4(C)[C@@H]3CC[C@@]12C", "bw_confidence": 0.0313939775536497, "confidence": 0.1760084301054723, "rclass": "0 0 0", "children": [{"smiles": "CC[C@@H](C=O)C(C)C"}, {"smiles": "C[C@H](C=O)[C@@H]1CC[C@@H]2[C@@H]3COC(=O)[C@@H]4C[C@@H](O)[C@@H](O)C[C@@]4(C)[C@@H]3CC[C@@]12C"}]}, {"smiles": "CC[C@@H](C(C)C)[C@H](O)[C@@H](O)[C@@H](C)[C@@H]1CC[C@@H]2[C@@H]3COC(=O)[C@@H]4C[C@@H](O)[C@@H](O)C[C@@]4(C)[C@@H]3CC[C@@]12C", "bw_confidence": 0.018562323333489228, "confidence": 0.11029948869570877, "rclass": "10 10.4 10.4.11", "children": [{"smiles": "CC[C@@H](/C=C/[C@@H](C)[C@@H]1CC[C@@H]2[C@@H]3COC(=O)[C@@H]4C[C@@H](O)[C@@H](O)C[C@@]4(C)[C@@H]3CC[C@@]12C)C(C)C"}, {"smiles": "C[N+]1([O-])CCOCC1"}, {"smiles": "O=[Os](=O)(=O)=O"}]}, {"smiles": "CC[C@@H](C(C)C)[C@H](O)[C@@H](O)[C@@H](C)[C@@H]1CC[C@@H]2[C@@H]3COC(=O)[C@@H]4C[C@@H](O)[C@@H](O)C[C@@]4(C)[C@@H]3CC[C@@]12C", "bw_confidence": 0.008509188366305868, "confidence": 0.010924091842844746, "rclass": "2 2.6 2.6.14", "children": [{"smiles": "CC[C@@H](C(C)C)[C@H](O)[C@@H](O)[C@@H](C)[C@@H]1CC[C@@H]2[C@H](CO)[C@H]3CC[C@]2(C)[C@@]3(C)C[C@H](O)[C@H](O)C[C@H]1C(=O)OC"}]}, {"smiles": "CC[C@@H](C(C)C)[C@H](O)[C@@H](O)[C@@H](C)[C@@H]1CC[C@@H]2[C@@H]3COC(=O)[C@@H]4C[C@@H](O)[C@@H](O)C[C@@]4(C)[C@@H]3CC[C@@]12C", "bw_confidence": 0.00172034066884193, "confidence": 0.23946971467806527, "rclass": "11 11.9 11.9", "children": [{"smiles": "CC[C@@H](C(C)C)[C@H](O)[C@@H](O)[C@@H](C)[C@@H]1CC[C@@H]2[C@@H]3COC(=O)[C@@H]4C[C@@H](O)[C@@H](O)C[C@@]4(C)[C@@H]3CC[C@@]12C~CS(=O)(=O)O"}, {"smiles": "O"}]}, {"smiles": "CC[C@@H](C(C)C)[C@H](O)[C@@H](O)[C@@H](C)[C@@H]1CC[C@@H]2[C@@H]3COC(=O)[C@@H]4C[C@@H](O)[C@@H](O)C[C@@]4(C)[C@@H]3CC[C@@]12C", "bw_confidence": 0.0015752609600442468, "confidence": 0.37040305586887523, "rclass": "0 0 0", "children": [{"smiles": "CC[C@@H](C(C)C)[C@H](O)[C@@H](O)[C@@H](C)[C@@H]1CC[C@@H]2[C@@H]3COC(=O)[C@@H]4C[C@@H]5OC(C)(C)O[C@H]5C[C@@]4(C)[C@@H]3CC[C@@]12C"}, {"smiles": "CO"}, {"smiles": "Cl"}]}, {"smiles": "CC[C@@H](C(C)C)[C@H](O)[C@@H](O)[C@@H](C)[C@@H]1CC[C@@H]2[C@@H]3COC(=O)[C@@H]4C[C@@H](O)[C@@H](O)C[C@@]4(C)[C@@H]3CC[C@@]12C", "bw_confidence": 0.001563135595946423, "confidence": 0.01614285206982182, "rclass": "1 1.7 1.7.17", "children": [{"smiles": "CC[C@@H](C(C)C)[C@H](O)[C@@H](O)[C@@H](C)[C@@H]1CC[C@@H]2[C@@H]3COC(=O)[C@@H]4C[C@@H]5O[C@@H]5C[C@@]4(C)[C@@H]3CC[C@@]12C"}, {"smiles": "CO"}, {"smiles": "C[O-]~[Na+]"}]}, {"smiles": "CC[C@@H](C(C)C)[C@H](O)[C@@H](O)[C@@H](C)[C@@H]1CC[C@@H]2[C@@H]3COC(=O)[C@@H]4C[C@@H](O)[C@@H](O)C[C@@]4(C)[C@@H]3CC[C@@]12C", "bw_confidence": 0.0014205641701943903, "confidence": 0.23933138726566539, "rclass": "7 7.5 7.5.1", "children": [{"smiles": "CC[C@@H](C(C)C)[C@H](O)[C@@H](O)[C@@H](C)[C@@H]1CC[C@@H]2[C@@H]3COC(=O)[C@@H]4CCC(=O)C[C@@]4(C)[C@@H]3CC[C@@]12C"}, {"smiles": "CO"}, {"smiles": "[BH4-]~[Na+]"}]}, {"smiles": "CC[C@@H](C(C)C)[C@H](O)[C@@H](O)[C@@H](C)[C@@H]1CC[C@@H]2[C@@H]3COC(=O)[C@@H]4C[C@@H](O)[C@@H](O)C[C@@]4(C)[C@@H]3CC[C@@]12C", "bw_confidence": 0.0009657505193825764, "confidence": 0.34690530846400625, "rclass": "9 9.7 9.7.326", "children": [{"smiles": "CC[C@@H](C(C)C)[C@H](OC(C)(C)C)[C@@H](OC(C)(C)C)[C@@H](C)[C@@H]1CC[C@@H]2[C@@H]3COC(=O)[C@@H]4C[C@@H](OC(C)(C)C)[C@@H](OC(C)(C)C)C[C@@]4(C)[C@@H]3CC[C@@]12C"}, {"smiles": "ClCCl"}, {"smiles": "O=C(O)C(F)(F)F"}]}, {"smiles": "CC[C@@H](C(C)C)[C@H](O)[C@@H](O)[C@@H](C)[C@@H]1CC[C@@H]2[C@@H]3COC(=O)[C@@H]4C[C@@H](O)[C@@H](O)C[C@@]4(C)[C@@H]3CC[C@@]12C", "bw_confidence": 0.0009203307031891978, "confidence": 0.42710830178130776, "rclass": "0 0 0", "children": [{"smiles": "C1CCOC1"}, {"smiles": "CCCC[N+](CCCC)(CCCC)CCCC~[F-]"}, {"smiles": "CC[C@@H](C(C)C)[C@H](O[Si](c1ccccc1)(c1ccccc1)C(C)(C)C)[C@@H](O[Si](C)(C)C(C)(C)C)[C@@H](C)[C@@H]1CC[C@@H]2[C@@H]3COC(=O)[C@@H]4C[C@@H](O[Si](C)(C)C(C)(C)C)[C@@H](O[Si](C)(C)C(C)(C)C)C[C@@]4(C)[C@@H]3CC[C@@]12C"}]}], "chem_bw_confidence_list": [0.08986618006922231, 0.03603693282291723, 0.0313939775536497, 0.018562323333489228, 0.008509188366305868, 0.00172034066884193, 0.0015752609600442468, 0.001563135595946423, 0.0014205641701943903, 0.0009657505193825764, 0.0009203307031891978], "enzy_template_score_list": [0.3563738167285919, 0.3563738167285919, 0.3563738167285919, 0.3563738167285919, 0.27981868386268616, 0.27981868386268616, 0.27981868386268616, 0.27981868386268616, 0.0561111643910408, 0.0561111643910408, 0.0561111643910408, 0.0561111643910408, 0.0561111643910408, 0.0010278820991516113, 0.0010278820991516113], "enzy_result": [{"smiles": "CC[C@@H](C(C)C)[C@H](O)[C@@H](O)[C@@H](C)[C@@H]1CC[C@@H]2[C@@H]3COC(=O)[C@@H]4C[C@@H](O)CC[C@@]4(C)[C@@H]3CC[C@@]12C", "smiles_split": ["CC[C@@H](C(C)C)[C@H](O)[C@@H](O)[C@@H](C)[C@@H]1CC[C@@H]2[C@@H]3COC(=O)[C@@H]4C[C@@H](O)CC[C@@]4(C)[C@@H]3CC[C@@]12C"], "mapped_smiles": "[CH3:1][CH2:2][C@@H:3]([CH:4]([CH3:5])[CH3:6])[C@H:7]([OH:8])[C@@H:9]([OH:10])[C@@H:11]([CH3:12])[C@@H:13]1[CH2:14][CH2:15][C@@H:16]2[C@@H:17]3[CH2:18][O:19][C:20](=[O:21])[C@@H:22]4[CH2:23][C@@H:24]([OH:25])[CH2:26][CH2:28][C@@:29]4([CH3:30])[C@@H:31]3[CH2:32][CH2:33][C@@:34]12[CH3:35]", "reacting_atoms": [26], "template_id": "9f387abf2274fc73429ecccd1b168e7b", "template_set": ["bkms", "bkms", "bkms"], "num_examples": 112, "necessary_reagent": "[O]", "template_score": 0.3563738167285919, "rms_molwt": -478.36582469999996, "num_rings": -4, "plausibility": 1, "tforms": ["9f387abf2274fc73429ecccd1b168e7b", "a034de99c75fe18016182f108d443d26", "1e88af05e222f852e6c6826cd2d6b4d5"], "rank": 1, "score": -2193.592182556194}, {"smiles": "CC[C@H](C[C@@H](O)[C@@H](C)[C@@H]1CC[C@@H]2[C@@H]3COC(=O)[C@@H]4C[C@@H](O)[C@@H](O)C[C@@]4(C)[C@@H]3CC[C@@]12C)C(C)C", "smiles_split": ["CC[C@H](C[C@@H](O)[C@@H](C)[C@@H]1CC[C@@H]2[C@@H]3COC(=O)[C@@H]4C[C@@H](O)[C@@H](O)C[C@@]4(C)[C@@H]3CC[C@@]12C)C(C)C"], "mapped_smiles": "[CH3:1][CH2:2][C@@H:3]([CH:4]([CH3:5])[CH3:6])[CH2:7][C@@H:9]([OH:10])[C@@H:11]([CH3:12])[C@@H:13]1[CH2:14][CH2:15][C@@H:16]2[C@@H:17]3[CH2:18][O:19][C:20](=[O:21])[C@@H:22]4[CH2:23][C@@H:24]([OH:25])[C@@H:26]([OH:27])[CH2:28][C@@:29]4([CH3:30])[C@@H:31]3[CH2:32][CH2:33][C@@:34]12[CH3:35]", "reacting_atoms": [7], "template_id": "9f387abf2274fc73429ecccd1b168e7b", "template_set": ["bkms", "bkms", "bkms"], "num_examples": 112, "necessary_reagent": "[O]", "template_score": 0.3563738167285919, "rms_molwt": -478.36582469999996, "num_rings": -4, "plausibility": 1, "tforms": ["9f387abf2274fc73429ecccd1b168e7b", "a034de99c75fe18016182f108d443d26", "1e88af05e222f852e6c6826cd2d6b4d5"], "rank": 2, "score": -2193.592182556194}, {"smiles": "CC[C@@H](C(C)C)[C@H](O)C[C@@H](C)[C@@H]1CC[C@@H]2[C@@H]3COC(=O)[C@@H]4C[C@@H](O)[C@@H](O)C[C@@]4(C)[C@@H]3CC[C@@]12C", "smiles_split": ["CC[C@@H](C(C)C)[C@H](O)C[C@@H](C)[C@@H]1CC[C@@H]2[C@@H]3COC(=O)[C@@H]4C[C@@H](O)[C@@H](O)C[C@@]4(C)[C@@H]3CC[C@@]12C"], "mapped_smiles": "[CH3:1][CH2:2][C@@H:3]([CH:4]([CH3:5])[CH3:6])[C@H:7]([OH:8])[CH2:9][C@@H:11]([CH3:12])[C@@H:13]1[CH2:14][CH2:15][C@@H:16]2[C@@H:17]3[CH2:18][O:19][C:20](=[O:21])[C@@H:22]4[CH2:23][C@@H:24]([OH:25])[C@@H:26]([OH:27])[CH2:28][C@@:29]4([CH3:30])[C@@H:31]3[CH2:32][CH2:33][C@@:34]12[CH3:35]", "reacting_atoms": [9], "template_id": "9f387abf2274fc73429ecccd1b168e7b", "template_set": ["bkms", "bkms", "bkms"], "num_examples": 112, "necessary_reagent": "[O]", "template_score": 0.3563738167285919, "rms_molwt": -478.3658246999999, "num_rings": -4, "plausibility": 1, "tforms": ["9f387abf2274fc73429ecccd1b168e7b", "a034de99c75fe18016182f108d443d26", "1e88af05e222f852e6c6826cd2d6b4d5"], "rank": 3, "score": -2193.592182556194}, {"smiles": "CC[C@@H](C(C)C)[C@H](O)[C@@H](O)[C@@H](C)[C@@H]1CC[C@@H]2[C@@H]3COC(=O)[C@@H]4CC[C@@H](O)C[C@@]4(C)[C@@H]3CC[C@@]12C", "smiles_split": ["CC[C@@H](C(C)C)[C@H](O)[C@@H](O)[C@@H](C)[C@@H]1CC[C@@H]2[C@@H]3COC(=O)[C@@H]4CC[C@@H](O)C[C@@]4(C)[C@@H]3CC[C@@]12C"], "mapped_smiles": "[CH3:1][CH2:2][C@@H:3]([CH:4]([CH3:5])[CH3:6])[C@H:7]([OH:8])[C@@H:9]([OH:10])[C@@H:11]([CH3:12])[C@@H:13]1[CH2:14][CH2:15][C@@H:16]2[C@@H:17]3[CH2:18][O:19][C:20](=[O:21])[C@@H:22]4[CH2:23][CH2:24][C@@H:26]([OH:27])[CH2:28][C@@:29]4([CH3:30])[C@@H:31]3[CH2:32][CH2:33][C@@:34]12[CH3:35]", "reacting_atoms": [24], "template_id": "9f387abf2274fc73429ecccd1b168e7b", "template_set": ["bkms", "bkms", "bkms"], "num_examples": 112, "necessary_reagent": "[O]", "template_score": 0.3563738167285919, "rms_molwt": -478.36582469999996, "num_rings": -4, "plausibility": 1, "tforms": ["9f387abf2274fc73429ecccd1b168e7b", "a034de99c75fe18016182f108d443d26", "1e88af05e222f852e6c6826cd2d6b4d5"], "rank": 4, "score": -2193.592182556194}, {"smiles": "CC[C@@H](C(C)C)[C@H](O)[C@@H](O)[C@@H](C)[C@@H]1CC[C@@H]2[C@@H]3COC(=O)[C@@H]4CC(=O)[C@@H](O)C[C@@]4(C)[C@@H]3CC[C@@]12C", "smiles_split": ["CC[C@@H](C(C)C)[C@H](O)[C@@H](O)[C@@H](C)[C@@H]1CC[C@@H]2[C@@H]3COC(=O)[C@@H]4CC(=O)[C@@H](O)C[C@@]4(C)[C@@H]3CC[C@@]12C"], "mapped_smiles": "[CH3:1][CH2:2][C@@H:3]([CH:4]([CH3:5])[CH3:6])[C@H:7]([OH:8])[C@@H:9]([OH:10])[C@@H:11]([CH3:12])[C@@H:13]1[CH2:14][CH2:15][C@@H:16]2[C@@H:17]3[CH2:18][O:19][C:20](=[O:21])[C@@H:22]4[CH2:23][C:24](=[O:25])[C@@H:26]([OH:27])[CH2:28][C@@:29]4([CH3:30])[C@@H:31]3[CH2:32][CH2:33][C@@:34]12[CH3:35]", "reacting_atoms": [24, 25], "template_id": "9d1cf9bfb3c450506eb1b20829d1d1cc", "template_set": ["bkms", "bkms", "bkms", "bkms"], "num_examples": 90, "necessary_reagent": "", "template_score": 0.27981868386268616, "rms_molwt": -492.34508925599994, "num_rings": -4, "plausibility": 1, "tforms": ["b590ea2ff6ab89045dfb94642c36bddd", "60c9970b3a1fdbabacebd3bd8eba0f23", "d207e8971f46bf66249602d3b3e93b2c", "9d1cf9bfb3c450506eb1b20829d1d1cc"], "rank": 5, "score": -2853.1321189503565}, {"smiles": "CC[C@H](C(=O)[C@@H](O)[C@@H](C)[C@@H]1CC[C@@H]2[C@@H]3COC(=O)[C@@H]4C[C@@H](O)[C@@H](O)C[C@@]4(C)[C@@H]3CC[C@@]12C)C(C)C", "smiles_split": ["CC[C@H](C(=O)[C@@H](O)[C@@H](C)[C@@H]1CC[C@@H]2[C@@H]3COC(=O)[C@@H]4C[C@@H](O)[C@@H](O)C[C@@]4(C)[C@@H]3CC[C@@]12C)C(C)C"], "mapped_smiles": "[CH3:1][CH2:2][C@@H:3]([CH:4]([CH3:5])[CH3:6])[C:7](=[O:8])[C@@H:9]([OH:10])[C@@H:11]([CH3:12])[C@@H:13]1[CH2:14][CH2:15][C@@H:16]2[C@@H:17]3[CH2:18][O:19][C:20](=[O:21])[C@@H:22]4[CH2:23][C@@H:24]([OH:25])[C@@H:26]([OH:27])[CH2:28][C@@:29]4([CH3:30])[C@@H:31]3[CH2:32][CH2:33][C@@:34]12[CH3:35]", "reacting_atoms": [7, 8], "template_id": "9d1cf9bfb3c450506eb1b20829d1d1cc", "template_set": ["bkms", "bkms", "bkms", "bkms"], "num_examples": 90, "necessary_reagent": "", "template_score": 0.27981868386268616, "rms_molwt": -492.34508925599994, "num_rings": -4, "plausibility": 1, "tforms": ["b590ea2ff6ab89045dfb94642c36bddd", "60c9970b3a1fdbabacebd3bd8eba0f23", "d207e8971f46bf66249602d3b3e93b2c", "9d1cf9bfb3c450506eb1b20829d1d1cc"], "rank": 6, "score": -2853.1321189503565}, {"smiles": "CC[C@@H](C(C)C)[C@H](O)C(=O)[C@@H](C)[C@@H]1CC[C@@H]2[C@@H]3COC(=O)[C@@H]4C[C@@H](O)[C@@H](O)C[C@@]4(C)[C@@H]3CC[C@@]12C", "smiles_split": ["CC[C@@H](C(C)C)[C@H](O)C(=O)[C@@H](C)[C@@H]1CC[C@@H]2[C@@H]3COC(=O)[C@@H]4C[C@@H](O)[C@@H](O)C[C@@]4(C)[C@@H]3CC[C@@]12C"], "mapped_smiles": "[CH3:1][CH2:2][C@@H:3]([CH:4]([CH3:5])[CH3:6])[C@H:7]([OH:8])[C:9](=[O:10])[C@@H:11]([CH3:12])[C@@H:13]1[CH2:14][CH2:15][C@@H:16]2[C@@H:17]3[CH2:18][O:19][C:20](=[O:21])[C@@H:22]4[CH2:23][C@@H:24]([OH:25])[C@@H:26]([OH:27])[CH2:28][C@@:29]4([CH3:30])[C@@H:31]3[CH2:32][CH2:33][C@@:34]12[CH3:35]", "reacting_atoms": [9, 10], "template_id": "9d1cf9bfb3c450506eb1b20829d1d1cc", "template_set": ["bkms", "bkms", "bkms", "bkms"], "num_examples": 90, "necessary_reagent": "", "template_score": 0.27981868386268616, "rms_molwt": -492.34508925599994, "num_rings": -4, "plausibility": 1, "tforms": ["b590ea2ff6ab89045dfb94642c36bddd", "60c9970b3a1fdbabacebd3bd8eba0f23", "d207e8971f46bf66249602d3b3e93b2c", "9d1cf9bfb3c450506eb1b20829d1d1cc"], "rank": 7, "score": -2853.1321189503565}, {"smiles": "CC[C@@H](C(C)C)[C@H](O)[C@@H](O)[C@@H](C)[C@@H]1CC[C@@H]2[C@@H]3COC(=O)[C@@H]4C[C@@H](O)C(=O)C[C@@]4(C)[C@@H]3CC[C@@]12C", "smiles_split": ["CC[C@@H](C(C)C)[C@H](O)[C@@H](O)[C@@H](C)[C@@H]1CC[C@@H]2[C@@H]3COC(=O)[C@@H]4C[C@@H](O)C(=O)C[C@@]4(C)[C@@H]3CC[C@@]12C"], "mapped_smiles": "[CH3:1][CH2:2][C@@H:3]([CH:4]([CH3:5])[CH3:6])[C@H:7]([OH:8])[C@@H:9]([OH:10])[C@@H:11]([CH3:12])[C@@H:13]1[CH2:14][CH2:15][C@@H:16]2[C@@H:17]3[CH2:18][O:19][C:20](=[O:21])[C@@H:22]4[CH2:23][C@@H:24]([OH:25])[C:26](=[O:27])[CH2:28][C@@:29]4([CH3:30])[C@@H:31]3[CH2:32][CH2:33][C@@:34]12[CH3:35]", "reacting_atoms": [26, 27], "template_id": "9d1cf9bfb3c450506eb1b20829d1d1cc", "template_set": ["bkms", "bkms", "bkms", "bkms"], "num_examples": 90, "necessary_reagent": "", "template_score": 0.27981868386268616, "rms_molwt": -492.34508925599994, "num_rings": -4, "plausibility": 1, "tforms": ["b590ea2ff6ab89045dfb94642c36bddd", "60c9970b3a1fdbabacebd3bd8eba0f23", "d207e8971f46bf66249602d3b3e93b2c", "9d1cf9bfb3c450506eb1b20829d1d1cc"], "rank": 8, "score": -2853.1321189503565}, {"smiles": "CC[C@@H](C(C)C)[C@H](O)[C@@H](O)[C@@H](C)[C@@H]1CC[C@@H]2[C@@H]3COC(=O)[C@@H]4C[C@@H](O)[C@@H](O)C[C@@]4(CO)[C@@H]3CC[C@@]12C", "smiles_split": ["CC[C@@H](C(C)C)[C@H](O)[C@@H](O)[C@@H](C)[C@@H]1CC[C@@H]2[C@@H]3COC(=O)[C@@H]4C[C@@H](O)[C@@H](O)C[C@@]4(CO)[C@@H]3CC[C@@]12C"], "mapped_smiles": "[CH3:1][CH2:2][C@@H:3]([CH:4]([CH3:5])[CH3:6])[C@H:7]([OH:8])[C@@H:9]([OH:10])[C@@H:11]([CH3:12])[C@@H:13]1[CH2:14][CH2:15][C@@H:16]2[C@@H:17]3[CH2:18][O:19][C:20](=[O:21])[C@@H:22]4[CH2:23][C@@H:24]([OH:25])[C@@H:26]([OH:27])[CH2:28][C@@:29]4([CH2:30][OH:900])[C@@H:31]3[CH2:32][CH2:33][C@@:34]12[CH3:35]", "reacting_atoms": [30, 29], "template_id": "c4db9adeb4ad4c2bdb38e6a73be29f53", "template_set": ["bkms"], "num_examples": 14, "necessary_reagent": "", "template_score": 0.0561111643910408, "rms_molwt": -510.3556539399999, "num_rings": -4, "plausibility": 1, "tforms": ["c4db9adeb4ad4c2bdb38e6a73be29f53"], "rank": 9, "score": -15437.820601213243}, {"smiles": "CC[C@@H](C(C)C)[C@H](O)[C@@H](O)[C@@H](C)[C@@H]1CC[C@@H]2[C@@H]3COC(=O)[C@@H]4C[C@@H](O)[C@@H](O)C[C@@]4(C)[C@@H]3CC[C@@]12CO", "smiles_split": ["CC[C@@H](C(C)C)[C@H](O)[C@@H](O)[C@@H](C)[C@@H]1CC[C@@H]2[C@@H]3COC(=O)[C@@H]4C[C@@H](O)[C@@H](O)C[C@@]4(C)[C@@H]3CC[C@@]12CO"], "mapped_smiles": "[CH3:1][CH2:2][C@@H:3]([CH:4]([CH3:5])[CH3:6])[C@H:7]([OH:8])[C@@H:9]([OH:10])[C@@H:11]([CH3:12])[C@@H:13]1[CH2:14][CH2:15][C@@H:16]2[C@@H:17]3[CH2:18][O:19][C:20](=[O:21])[C@@H:22]4[CH2:23][C@@H:24]([OH:25])[C@@H:26]([OH:27])[CH2:28][C@@:29]4([CH3:30])[C@@H:31]3[CH2:32][CH2:33][C@@:34]12[CH2:35][OH:900]", "reacting_atoms": [35, 34], "template_id": "c4db9adeb4ad4c2bdb38e6a73be29f53", "template_set": ["bkms"], "num_examples": 14, "necessary_reagent": "", "template_score": 0.0561111643910408, "rms_molwt": -510.3556539399999, "num_rings": -4, "plausibility": 1, "tforms": ["c4db9adeb4ad4c2bdb38e6a73be29f53"], "rank": 10, "score": -15437.820601213243}, {"smiles": "CC[C@@H](C(C)CO)[C@H](O)[C@@H](O)[C@@H](C)[C@@H]1CC[C@@H]2[C@@H]3COC(=O)[C@@H]4C[C@@H](O)[C@@H](O)C[C@@]4(C)[C@@H]3CC[C@@]12C", "smiles_split": ["CC[C@@H](C(C)CO)[C@H](O)[C@@H](O)[C@@H](C)[C@@H]1CC[C@@H]2[C@@H]3COC(=O)[C@@H]4C[C@@H](O)[C@@H](O)C[C@@]4(C)[C@@H]3CC[C@@]12C"], "mapped_smiles": "[CH3:1][CH2:2][C@@H:3]([CH:4]([CH3:5])[CH2:6][OH:900])[C@H:7]([OH:8])[C@@H:9]([OH:10])[C@@H:11]([CH3:12])[C@@H:13]1[CH2:14][CH2:15][C@@H:16]2[C@@H:17]3[CH2:18][O:19][C:20](=[O:21])[C@@H:22]4[CH2:23][C@@H:24]([OH:25])[C@@H:26]([OH:27])[CH2:28][C@@:29]4([CH3:30])[C@@H:31]3[CH2:32][CH2:33][C@@:34]12[CH3:35]", "reacting_atoms": [6], "template_id": "c4db9adeb4ad4c2bdb38e6a73be29f53", "template_set": ["bkms"], "num_examples": 14, "necessary_reagent": "", "template_score": 0.0561111643910408, "rms_molwt": -510.3556539399999, "num_rings": -4, "plausibility": 1, "tforms": ["c4db9adeb4ad4c2bdb38e6a73be29f53"], "rank": 11, "score": -15437.820601213243}, {"smiles": "CC(C)[C@H](CCO)[C@H](O)[C@@H](O)[C@@H](C)[C@@H]1CC[C@@H]2[C@@H]3COC(=O)[C@@H]4C[C@@H](O)[C@@H](O)C[C@@]4(C)[C@@H]3CC[C@@]12C", "smiles_split": ["CC(C)[C@H](CCO)[C@H](O)[C@@H](O)[C@@H](C)[C@@H]1CC[C@@H]2[C@@H]3COC(=O)[C@@H]4C[C@@H](O)[C@@H](O)C[C@@]4(C)[C@@H]3CC[C@@]12C"], "mapped_smiles": "[CH2:1]([CH2:2][C@@H:3]([CH:4]([CH3:5])[CH3:6])[C@H:7]([OH:8])[C@@H:9]([OH:10])[C@@H:11]([CH3:12])[C@@H:13]1[CH2:14][CH2:15][C@@H:16]2[C@@H:17]3[CH2:18][O:19][C:20](=[O:21])[C@@H:22]4[CH2:23][C@@H:24]([OH:25])[C@@H:26]([OH:27])[CH2:28][C@@:29]4([CH3:30])[C@@H:31]3[CH2:32][CH2:33][C@@:34]12[CH3:35])[OH:900]", "reacting_atoms": [1], "template_id": "c4db9adeb4ad4c2bdb38e6a73be29f53", "template_set": ["bkms"], "num_examples": 14, "necessary_reagent": "", "template_score": 0.0561111643910408, "rms_molwt": -510.3556539399999, "num_rings": -4, "plausibility": 1, "tforms": ["c4db9adeb4ad4c2bdb38e6a73be29f53"], "rank": 12, "score": -15437.820601213243}, {"smiles": "CC[C@@H](C(C)C)[C@H](O)[C@@H](O)[C@@H](CO)[C@@H]1CC[C@@H]2[C@@H]3COC(=O)[C@@H]4C[C@@H](O)[C@@H](O)C[C@@]4(C)[C@@H]3CC[C@@]12C", "smiles_split": ["CC[C@@H](C(C)C)[C@H](O)[C@@H](O)[C@@H](CO)[C@@H]1CC[C@@H]2[C@@H]3COC(=O)[C@@H]4C[C@@H](O)[C@@H](O)C[C@@]4(C)[C@@H]3CC[C@@]12C"], "mapped_smiles": "[CH3:1][CH2:2][C@@H:3]([CH:4]([CH3:5])[CH3:6])[C@H:7]([OH:8])[C@@H:9]([OH:10])[C@@H:11]([CH2:12][OH:900])[C@@H:13]1[CH2:14][CH2:15][C@@H:16]2[C@@H:17]3[CH2:18][O:19][C:20](=[O:21])[C@@H:22]4[CH2:23][C@@H:24]([OH:25])[C@@H:26]([OH:27])[CH2:28][C@@:29]4([CH3:30])[C@@H:31]3[CH2:32][CH2:33][C@@:34]12[CH3:35]", "reacting_atoms": [12, 11], "template_id": "c4db9adeb4ad4c2bdb38e6a73be29f53", "template_set": ["bkms"], "num_examples": 14, "necessary_reagent": "", "template_score": 0.0561111643910408, "rms_molwt": -510.3556539399999, "num_rings": -4, "plausibility": 1, "tforms": ["c4db9adeb4ad4c2bdb38e6a73be29f53"], "rank": 13, "score": -15437.820601213243}, {"smiles": "CC[C@@H](C(C)C)[C@H](OP(=O)(O)O)[C@@H](O)[C@@H](C)[C@@H]1CC[C@@H]2[C@@H]3COC(=O)[C@@H]4C[C@@H](O)[C@@H](O)C[C@@]4(C)[C@@H]3CC[C@@]12C", "smiles_split": ["CC[C@@H](C(C)C)[C@H](OP(=O)(O)O)[C@@H](O)[C@@H](C)[C@@H]1CC[C@@H]2[C@@H]3COC(=O)[C@@H]4C[C@@H](O)[C@@H](O)C[C@@]4(C)[C@@H]3CC[C@@]12C"], "mapped_smiles": "[CH3:1][CH2:2][C@@H:3]([CH:4]([CH3:5])[CH3:6])[C@H:7]([O:8][P:901]([OH:900])([OH:902])=[O:903])[C@@H:9]([OH:10])[C@@H:11]([CH3:12])[C@@H:13]1[CH2:14][CH2:15][C@@H:16]2[C@@H:17]3[CH2:18][O:19][C:20](=[O:21])[C@@H:22]4[CH2:23][C@@H:24]([OH:25])[C@@H:26]([OH:27])[CH2:28][C@@:29]4([CH3:30])[C@@H:31]3[CH2:32][CH2:33][C@@:34]12[CH3:35]", "reacting_atoms": [8, 7], "template_id": "65bf7618263ef0544bfb3455ab5e0cbc", "template_set": ["bkms"], "num_examples": 167, "necessary_reagent": "", "template_score": 0.0010278820991516113, "rms_molwt": -574.3270698419998, "num_rings": -4, "plausibility": 1, "tforms": ["65bf7618263ef0544bfb3455ab5e0cbc"], "rank": 14, "score": -896351.764691303}, {"smiles": "CC[C@@H](C(C)C)[C@H](O)[C@@H](OP(=O)(O)O)[C@@H](C)[C@@H]1CC[C@@H]2[C@@H]3COC(=O)[C@@H]4C[C@@H](O)[C@@H](O)C[C@@]4(C)[C@@H]3CC[C@@]12C", "smiles_split": ["CC[C@@H](C(C)C)[C@H](O)[C@@H](OP(=O)(O)O)[C@@H](C)[C@@H]1CC[C@@H]2[C@@H]3COC(=O)[C@@H]4C[C@@H](O)[C@@H](O)C[C@@]4(C)[C@@H]3CC[C@@]12C"], "mapped_smiles": "[CH3:1][CH2:2][C@@H:3]([CH:4]([CH3:5])[CH3:6])[C@H:7]([OH:8])[C@@H:9]([O:10][P:901]([OH:900])([OH:902])=[O:903])[C@@H:11]([CH3:12])[C@@H:13]1[CH2:14][CH2:15][C@@H:16]2[C@@H:17]3[CH2:18][O:19][C:20](=[O:21])[C@@H:22]4[CH2:23][C@@H:24]([OH:25])[C@@H:26]([OH:27])[CH2:28][C@@:29]4([CH3:30])[C@@H:31]3[CH2:32][CH2:33][C@@:34]12[CH3:35]", "reacting_atoms": [10, 9], "template_id": "65bf7618263ef0544bfb3455ab5e0cbc", "template_set": ["bkms"], "num_examples": 167, "necessary_reagent": "", "template_score": 0.0010278820991516113, "rms_molwt": -574.3270698419999, "num_rings": -4, "plausibility": 1, "tforms": ["65bf7618263ef0544bfb3455ab5e0cbc"], "rank": 15, "score": -896351.764691303}]}