{"smiles": "C[C@H]1C(=O)O[C@@H]2C[C@@]1(C)[C@@H]1C(=O)[C@@]3(O)O[C@@]14[C@@]2(C)OC(=O)[C@@]4(O)CC[C@@H]1[C@@H]3[C@@H](O)C=C2C=CCC(=O)[C@]21C", "sfscore": [0.41942134499549866, 0.6312478184700012], "chem_result": [{"smiles": "C[C@H]1C(=O)O[C@@H]2C[C@@]1(C)[C@@H]1C(=O)[C@@]3(O)O[C@@]14[C@@]2(C)OC(=O)[C@@]4(O)CC[C@@H]1[C@@H]3[C@@H](O)C=C2C=CCC(=O)[C@]21C", "bw_confidence": 0.05636557426136178, "confidence": 0.005801589228708913, "rclass": "6 6.3 6.3.2", "children": [{"smiles": "C1CCOC1"}, {"smiles": "CCCC[N+](CCCC)(CCCC)CCCC~[F-]"}, {"smiles": "C[C@H]1C(=O)O[C@@H]2C[C@@]1(C)[C@@H]1C(=O)[C@@]3(O)O[C@@]14[C@@]2(C)OC(=O)[C@@]4(O)CC[C@@H]1[C@@H]3[C@@H](O[Si](C)(C)C(C)(C)C)C=C2C=CCC(=O)[C@]21C"}]}, {"smiles": "C[C@H]1C(=O)O[C@@H]2C[C@@]1(C)[C@@H]1C(=O)[C@@]3(O)O[C@@]14[C@@]2(C)OC(=O)[C@@]4(O)CC[C@@H]1[C@@H]3[C@@H](O)C=C2C=CCC(=O)[C@]21C", "bw_confidence": 0.009622097812254952, "confidence": 0.0034954725099268016, "rclass": "11 11.5 11.5", "children": [{"smiles": "C[C@H]1C(=O)O[C@@H]2C[C@@]1(C)[C@@H]1C(=O)[C@@]3(O)O[C@@]14[C@@]2(C)OC(=O)[C@@]4(O)CC[C@@H]1[C@@H]3[C@@H](O)C=C2C=CCC(=O)[C@]21C"}, {"smiles": "ClCCl"}]}, {"smiles": "C[C@H]1C(=O)O[C@@H]2C[C@@]1(C)[C@@H]1C(=O)[C@@]3(O)O[C@@]14[C@@]2(C)OC(=O)[C@@]4(O)CC[C@@H]1[C@@H]3[C@@H](O)C=C2C=CCC(=O)[C@]21C", "bw_confidence": 0.007273423470986891, "confidence": 0.010787003778926703, "rclass": "7 7.5 7.5.1", "children": [{"smiles": "C1CCOC1"}, {"smiles": "CO"}, {"smiles": "C[C@H]1C(=O)O[C@@H]2C[C@@]1(C)[C@@H]1C(=O)[C@@]3(O)O[C@@]14[C@@]2(C)OC(=O)[C@@]4(O)CC[C@@H]1[C@@H]3C(=O)C=C2C=CCC(=O)[C@]21C"}, {"smiles": "[BH4-]~[Na+]"}]}, {"smiles": "C[C@H]1C(=O)O[C@@H]2C[C@@]1(C)[C@@H]1C(=O)[C@@]3(O)O[C@@]14[C@@]2(C)OC(=O)[C@@]4(O)CC[C@@H]1[C@@H]3[C@@H](O)C=C2C=CCC(=O)[C@]21C", "bw_confidence": 0.005585493476838007, "confidence": 0.005918043952607222, "rclass": "11 11.9 11.9", "children": [{"smiles": "C[C@H]1C(=O)O[C@@H]2C[C@@]1(C)[C@@H]1C(=O)[C@@]3(O)O[C@@]14[C@@]2(C)OC(=O)[C@@]4(O)CC[C@@H]1[C@@H]3[C@@H](O)C=C2C=CCC(=O)[C@]21C~Cl"}, {"smiles": "O"}]}, {"smiles": "C[C@H]1C(=O)O[C@@H]2C[C@@]1(C)[C@@H]1C(=O)[C@@]3(O)O[C@@]14[C@@]2(C)OC(=O)[C@@]4(O)CC[C@@H]1[C@@H]3[C@@H](O)C=C2C=CCC(=O)[C@]21C", "bw_confidence": 0.005261504350212613, "confidence": 0.002404371941417287, "rclass": "8 8.1 8.1.10", "children": [{"smiles": "C[C@H]1C(=O)O[C@@H]2C[C@@]1(C)[C@@H]1C(=O)[C@@]3(O)O[C@@]14[C@@]2(C)OC(=O)[C@@]4(O)CC[C@@H]1[C@@H]3[C@@H](O)C=C2CCC[C@@H](O)[C@]21C"}, {"smiles": "ClCCl"}, {"smiles": "O=[Cr](=O)([O-])Cl~c1cc[nH+]cc1"}]}, {"smiles": "C[C@H]1C(=O)O[C@@H]2C[C@@]1(C)[C@@H]1C(=O)[C@@]3(O)O[C@@]14[C@@]2(C)OC(=O)[C@@]4(O)CC[C@@H]1[C@@H]3[C@@H](O)C=C2C=CCC(=O)[C@]21C", "bw_confidence": 0.00233246497965997, "confidence": 0.0002618991729460228, "rclass": "0 0 0", "children": [{"smiles": "CN(C)C=O"}, {"smiles": "C[C@H]1C(=O)O[C@@H]2C[C@@]1(C)[C@@H]1C(=O)[C@@]3(O)O[C@@]14[C@@]2(C)OC(=O)[C@@]4(O)CC[C@@H]1[C@@H]3[C@@H](O)C=C2C=CCC(=O)[C@]21C"}]}, {"smiles": "C[C@H]1C(=O)O[C@@H]2C[C@@]1(C)[C@@H]1C(=O)[C@@]3(O)O[C@@]14[C@@]2(C)OC(=O)[C@@]4(O)CC[C@@H]1[C@@H]3[C@@H](O)C=C2C=CCC(=O)[C@]21C", "bw_confidence": 0.0011850245232955835, "confidence": 0.003971853202931623, "rclass": "11 11.5 11.5", "children": [{"smiles": "C[C@H]1C(=O)O[C@@H]2C[C@@]1(C)[C@@H]1C(=O)[C@@]3(O)O[C@@]14[C@@]2(C)OC(=O)[C@@]4(O)CC[C@@H]1[C@@H]3[C@@H](O)C=C2C=CCC(=O)[C@]21C"}, {"smiles": "Cc1ccccc1"}]}, {"smiles": "C[C@H]1C(=O)O[C@@H]2C[C@@]1(C)[C@@H]1C(=O)[C@@]3(O)O[C@@]14[C@@]2(C)OC(=O)[C@@]4(O)CC[C@@H]1[C@@H]3[C@@H](O)C=C2C=CCC(=O)[C@]21C", "bw_confidence": 0.0003439305008657599, "confidence": 0.008114422975717591, "rclass": "11 11.5 11.5", "children": [{"smiles": "C[C@H]1C(=O)O[C@@H]2C[C@@]1(C)[C@@H]1C(=O)[C@@]3(O)O[C@@]14[C@@]2(C)OC(=O)[C@@]4(O)CC[C@@H]1[C@@H]3[C@@H](O)C=C2C=CCC(=O)[C@]21C"}, {"smiles": "O=S(=O)(O)O"}]}], "chem_bw_confidence_list": [0.05636557426136178, 0.009622097812254952, 0.007273423470986891, 0.005585493476838007, 0.005261504350212613, 0.00233246497965997, 0.0011850245232955835, 0.0003439305008657599], "enzy_template_score_list": [0.14996179938316345, 0.056253377348184586, 0.028935473412275314, 0.01967885158956051, 0.01967885158956051, 0.01710958033800125, 0.01710958033800125, 0.013478310778737068, 0.013478310778737068, 0.013445418328046799, 0.013445418328046799, 0.0049922470934689045, 0.004530627280473709, 0.003912045154720545, 0.003912045154720545], "enzy_result": [{"smiles": "C[C@H]1C(=O)O[C@@H]2C[C@@]1(C)[C@@H]1C(=O)[C@@]3(O)O[C@@]14[C@@]2(C)OC(=O)[C@@]4(O)CC[C@@H]1[C@@H]3[C@@H](O)C=C2CCCC(=O)[C@]21C", "smiles_split": ["C[C@H]1C(=O)O[C@@H]2C[C@@]1(C)[C@@H]1C(=O)[C@@]3(O)O[C@@]14[C@@]2(C)OC(=O)[C@@]4(O)CC[C@@H]1[C@@H]3[C@@H](O)C=C2CCCC(=O)[C@]21C"], "mapped_smiles": "[CH3:1][C@H:2]1[C:3](=[O:4])[O:5][C@@H:6]2[CH2:7][C@@:8]1([CH3:9])[C@@H:10]1[C:11](=[O:12])[C@@:13]3([OH:14])[O:15][C@@:16]14[C@@:17]2([CH3:18])[O:19][C:20](=[O:21])[C@@:22]4([OH:23])[CH2:24][CH2:25][C@@H:26]1[C@@H:27]3[C@@H:28]([OH:29])[CH:30]=[C:31]2[CH2:32][CH2:33][CH2:34][C:35](=[O:36])[C@@:37]12[CH3:38]", "reacting_atoms": [33, 32], "template_id": "4bcf0d090d4c7c72451cf0e417c6d543", "template_set": ["bkms", "bkms", "bkms", "bkms"], "num_examples": 26, "necessary_reagent": "", "template_score": 0.14996179938316345, "rms_molwt": -530.2151972879999, "num_rings": -7, "plausibility": 1, "tforms": ["0c6c4cbdcd4acde327da06e9809dc75b", "4b5c01ce1dd3e508649493e134ba9f1c", "4bcf0d090d4c7c72451cf0e417c6d543", "4cfc18e37ca776eacca30a8d8157486d"], "rank": 1, "score": -6308.713522062567}, {"smiles": "C[C@H]1C(=O)O[C@@H]2C[C@@]1(C)[C@@H]1C(=O)[C@@]3(O)O[C@@]14[C@@]2(C)OC(=O)[C@@]4(O)CC[C@@H]1[C@@H]3[C@@H](O)C=C2C(Cl)C(Cl)CC(=O)[C@]21C", "smiles_split": ["C[C@H]1C(=O)O[C@@H]2C[C@@]1(C)[C@@H]1C(=O)[C@@]3(O)O[C@@]14[C@@]2(C)OC(=O)[C@@]4(O)CC[C@@H]1[C@@H]3[C@@H](O)C=C2C(Cl)C(Cl)CC(=O)[C@]21C"], "mapped_smiles": "[CH3:1][C@H:2]1[C:3](=[O:4])[O:5][C@@H:6]2[CH2:7][C@@:8]1([CH3:9])[C@@H:10]1[C:11](=[O:12])[C@@:13]3([OH:14])[O:15][C@@:16]14[C@@:17]2([CH3:18])[O:19][C:20](=[O:21])[C@@:22]4([OH:23])[CH2:24][CH2:25][C@@H:26]1[C@@H:27]3[C@@H:28]([OH:29])[CH:30]=[C:31]2[CH:32]([Cl:901])[CH:33]([Cl:900])[CH2:34][C:35](=[O:36])[C@@:37]12[CH3:38]", "reacting_atoms": [33, 32], "template_id": "7a6b445cd2e7952e60e744a85950a330", "template_set": ["bkms", "bkms"], "num_examples": 2, "necessary_reagent": "", "template_score": 0.056253377348184586, "rms_molwt": -598.137252584, "num_rings": -7, "plausibility": 1, "tforms": ["c484b0074beab4632609d3bbc01dab6e", "7a6b445cd2e7952e60e744a85950a330"], "rank": 2, "score": -17484.01677067371}, {"smiles": "C[C@H]1C(=O)O[C@@H]2C[C@@]1(C)[C@@H]1C(=O)[C@@]3(O)O[C@@]14[C@@]2(C)OC(=O)[C@@]4(O)CC[C@@H]1[C@@H]3[C@@H](OP(=O)(O)OP(=O)(O)O)C=C2C=CCC(=O)[C@]21C", "smiles_split": ["C[C@H]1C(=O)O[C@@H]2C[C@@]1(C)[C@@H]1C(=O)[C@@]3(O)O[C@@]14[C@@]2(C)OC(=O)[C@@]4(O)CC[C@@H]1[C@@H]3[C@@H](OP(=O)(O)OP(=O)(O)O)C=C2C=CCC(=O)[C@]21C"], "mapped_smiles": "[CH3:1][C@H:2]1[C:3](=[O:4])[O:5][C@@H:6]2[CH2:7][C@@:8]1([CH3:9])[C@@H:10]1[C:11](=[O:12])[C@@:13]3([OH:14])[O:15][C@@:16]14[C@@:17]2([CH3:18])[O:19][C:20](=[O:21])[C@@:22]4([OH:23])[CH2:24][CH2:25][C@@H:26]1[C@@H:27]3[C@@H:28]([O:29][P:905]([O:904][P:901]([OH:900])([OH:902])=[O:903])([OH:906])=[O:907])[CH:30]=[C:31]2[CH:32]=[CH:33][CH2:34][C:35](=[O:36])[C@@:37]12[CH3:38]", "reacting_atoms": [29], "template_id": "e97ada9288957b613c265e053be11682", "template_set": ["bkms", "bkms", "bkms"], "num_examples": 9, "necessary_reagent": "", "template_score": 0.028935473412275314, "rms_molwt": -688.132208268, "num_rings": -7, "plausibility": 1, "tforms": ["e97ada9288957b613c265e053be11682", "46148b58e8bd23279b98ca02d5b8a746", "9455fb36aa7730f097e4ca53cdb4b95e"], "rank": 3, "score": -38069.01342474565}, {"smiles": "C[C@H]1C(=O)O[C@@H]2C[C@@]1(C)[C@@H]1C(=O)[C@@]3(O)O[C@@]14[C@@]2(C)OC(=O)[C@@]4(O)CC[C@@H]1[C@@H]3[C@@H](O)C=C2C[C@@H](O)CC(=O)[C@]21C", "smiles_split": ["C[C@H]1C(=O)O[C@@H]2C[C@@]1(C)[C@@H]1C(=O)[C@@]3(O)O[C@@]14[C@@]2(C)OC(=O)[C@@]4(O)CC[C@@H]1[C@@H]3[C@@H](O)C=C2C[C@@H](O)CC(=O)[C@]21C"], "mapped_smiles": "[CH3:1][C@H:2]1[C:3](=[O:4])[O:5][C@@H:6]2[CH2:7][C@@:8]1([CH3:9])[C@@H:10]1[C:11](=[O:12])[C@@:13]3([OH:14])[O:15][C@@:16]14[C@@:17]2([CH3:18])[O:19][C:20](=[O:21])[C@@:22]4([OH:23])[CH2:24][CH2:25][C@@H:26]1[C@@H:27]3[C@@H:28]([OH:29])[CH:30]=[C:31]2[CH2:32][C@@H:33]([OH:900])[CH2:34][C:35](=[O:36])[C@@:37]12[CH3:38]", "reacting_atoms": [33, 32], "template_id": "149ffec74672392a29d91bd972832562", "template_set": ["bkms"], "num_examples": 1, "necessary_reagent": "", "template_score": 0.01967885158956051, "rms_molwt": -546.2101119079999, "num_rings": -7, "plausibility": 1, "tforms": ["149ffec74672392a29d91bd972832562"], "rank": 4, "score": -51561.97284139847}, {"smiles": "C[C@H]1C(=O)O[C@@H]2C[C@@]1(C)[C@@H]1C(=O)[C@@]3(O)O[C@@]14[C@@]2(C)OC(=O)[C@@]4(O)CC[C@@H]1[C@@H]3[C@@H](O)C=C2[C@H](O)CCC(=O)[C@]21C", "smiles_split": ["C[C@H]1C(=O)O[C@@H]2C[C@@]1(C)[C@@H]1C(=O)[C@@]3(O)O[C@@]14[C@@]2(C)OC(=O)[C@@]4(O)CC[C@@H]1[C@@H]3[C@@H](O)C=C2[C@H](O)CCC(=O)[C@]21C"], "mapped_smiles": "[CH3:1][C@H:2]1[C:3](=[O:4])[O:5][C@@H:6]2[CH2:7][C@@:8]1([CH3:9])[C@@H:10]1[C:11](=[O:12])[C@@:13]3([OH:14])[O:15][C@@:16]14[C@@:17]2([CH3:18])[O:19][C:20](=[O:21])[C@@:22]4([OH:23])[CH2:24][CH2:25][C@@H:26]1[C@@H:27]3[C@@H:28]([OH:29])[CH:30]=[C:31]2[C@H:32]([OH:900])[CH2:33][CH2:34][C:35](=[O:36])[C@@:37]12[CH3:38]", "reacting_atoms": [32, 33], "template_id": "149ffec74672392a29d91bd972832562", "template_set": ["bkms", "bkms"], "num_examples": 2, "necessary_reagent": "", "template_score": 0.01967885158956051, "rms_molwt": -546.2101119079999, "num_rings": -7, "plausibility": 1, "tforms": ["c4a425351fdf3b39580fde90ccc8d72c", "149ffec74672392a29d91bd972832562"], "rank": 5, "score": -51561.97284139847}, {"smiles": "C[C@H]1C(=O)O[C@@H]2C[C@@]1(C)[C@@H]1C(O)[C@@]3(O)O[C@@]14[C@@]2(C)OC(=O)[C@@]4(O)CC[C@@H]1[C@@H]3[C@@H](O)C=C2C=CCC(=O)[C@]21C", "smiles_split": ["C[C@H]1C(=O)O[C@@H]2C[C@@]1(C)[C@@H]1C(O)[C@@]3(O)O[C@@]14[C@@]2(C)OC(=O)[C@@]4(O)CC[C@@H]1[C@@H]3[C@@H](O)C=C2C=CCC(=O)[C@]21C"], "mapped_smiles": "C[C@H]1C(=O)O[C@@H]2C[C@@]1(C)[C@@H]1C(O)[C@@]3(O)O[C@@]14[C@@]2(C)OC(=O)[C@@]4(O)CC[C@@H]1[C@@H]3[C@@H](O)C=C2C=CCC(=O)[C@]21C", "reacting_atoms": [-1], "template_id": "0c7dcd7f9823e2af4e741ccca881c752", "template_set": ["bkms", "bkms", "bkms"], "num_examples": 192, "necessary_reagent": "", "template_score": 0.01710958033800125, "rms_molwt": -530.2151972879999, "num_rings": -7, "plausibility": 1, "tforms": ["35e47acfcf35668ae7c84053bd47bef0", "c3df4b32a4526a4773e382bf5570b10d", "0c7dcd7f9823e2af4e741ccca881c752"], "rank": 6, "score": -55294.51996318906}, {"smiles": "C[C@H]1C(=O)O[C@@H]2C[C@@]1(C)[C@@H]1C(=O)[C@@]3(O)O[C@@]14[C@@]2(C)OC(=O)[C@@]4(O)CC[C@@H]1[C@@H]3[C@@H](O)C=C2C=CCC(O)[C@]21C", "smiles_split": ["C[C@H]1C(=O)O[C@@H]2C[C@@]1(C)[C@@H]1C(=O)[C@@]3(O)O[C@@]14[C@@]2(C)OC(=O)[C@@]4(O)CC[C@@H]1[C@@H]3[C@@H](O)C=C2C=CCC(O)[C@]21C"], "mapped_smiles": "C[C@H]1C(=O)O[C@@H]2C[C@@]1(C)[C@@H]1C(=O)[C@@]3(O)O[C@@]14[C@@]2(C)OC(=O)[C@@]4(O)CC[C@@H]1[C@@H]3[C@@H](O)C=C2C=CCC(O)[C@]21C", "reacting_atoms": [-1], "template_id": "0c7dcd7f9823e2af4e741ccca881c752", "template_set": ["bkms", "bkms", "bkms", "bkms"], "num_examples": 197, "necessary_reagent": "", "template_score": 0.01710958033800125, "rms_molwt": -530.2151972879999, "num_rings": -7, "plausibility": 1, "tforms": ["35e47acfcf35668ae7c84053bd47bef0", "98616ec45c76ffb2fe858c5e92b0c2cd", "c3df4b32a4526a4773e382bf5570b10d", "0c7dcd7f9823e2af4e741ccca881c752"], "rank": 7, "score": -55294.51996318906}, {"smiles": "C[C@H]1C(=O)O[C@@H]2C[C@@]1(C)[C@@H]1C(=O)[C@@]3(O)O[C@@]14[C@@]2(C)OC(=O)[C@@]4(O)CC[C@@H]1[C@@H]3[C@@H](O)C=C2C[C@H](O)CC(=O)[C@]21C", "smiles_split": ["C[C@H]1C(=O)O[C@@H]2C[C@@]1(C)[C@@H]1C(=O)[C@@]3(O)O[C@@]14[C@@]2(C)OC(=O)[C@@]4(O)CC[C@@H]1[C@@H]3[C@@H](O)C=C2C[C@H](O)CC(=O)[C@]21C"], "mapped_smiles": "[CH3:1][C@H:2]1[C:3](=[O:4])[O:5][C@@H:6]2[CH2:7][C@@:8]1([CH3:9])[C@@H:10]1[C:11](=[O:12])[C@@:13]3([OH:14])[O:15][C@@:16]14[C@@:17]2([CH3:18])[O:19][C:20](=[O:21])[C@@:22]4([OH:23])[CH2:24][CH2:25][C@@H:26]1[C@@H:27]3[C@@H:28]([OH:29])[CH:30]=[C:31]2[CH2:32][C@H:33]([OH:900])[CH2:34][C:35](=[O:36])[C@@:37]12[CH3:38]", "reacting_atoms": [33, 32], "template_id": "1ec8f596930c9a226f51fbd1da30461c", "template_set": ["bkms"], "num_examples": 1, "necessary_reagent": "", "template_score": 0.013478310778737068, "rms_molwt": -546.2101119079999, "num_rings": -7, "plausibility": 1, "tforms": ["1ec8f596930c9a226f51fbd1da30461c"], "rank": 8, "score": -75282.46142028093}, {"smiles": "C[C@H]1C(=O)O[C@@H]2C[C@@]1(C)[C@@H]1C(=O)[C@@]3(O)O[C@@]14[C@@]2(C)OC(=O)[C@@]4(O)CC[C@@H]1[C@@H]3[C@@H](O)C=C2[C@@H](O)CCC(=O)[C@]21C", "smiles_split": ["C[C@H]1C(=O)O[C@@H]2C[C@@]1(C)[C@@H]1C(=O)[C@@]3(O)O[C@@]14[C@@]2(C)OC(=O)[C@@]4(O)CC[C@@H]1[C@@H]3[C@@H](O)C=C2[C@@H](O)CCC(=O)[C@]21C"], "mapped_smiles": "[CH3:1][C@H:2]1[C:3](=[O:4])[O:5][C@@H:6]2[CH2:7][C@@:8]1([CH3:9])[C@@H:10]1[C:11](=[O:12])[C@@:13]3([OH:14])[O:15][C@@:16]14[C@@:17]2([CH3:18])[O:19][C:20](=[O:21])[C@@:22]4([OH:23])[CH2:24][CH2:25][C@@H:26]1[C@@H:27]3[C@@H:28]([OH:29])[CH:30]=[C:31]2[C@@H:32]([OH:900])[CH2:33][CH2:34][C:35](=[O:36])[C@@:37]12[CH3:38]", "reacting_atoms": [32, 33], "template_id": "1ec8f596930c9a226f51fbd1da30461c", "template_set": ["bkms"], "num_examples": 1, "necessary_reagent": "", "template_score": 0.013478310778737068, "rms_molwt": -546.2101119079999, "num_rings": -7, "plausibility": 1, "tforms": ["1ec8f596930c9a226f51fbd1da30461c"], "rank": 9, "score": -75282.46142028093}, {"smiles": "C[C@H]1C(=O)O[C@@H]2C[C@@]1(C)[C@@H]1C(=O)[C@@]3(O)O[C@@]14[C@@]2(C)OC(=O)[C@@]4(O)CC[C@@H]1[C@@H]3[C@@H](O)C=C2C3OC(=O)C3CC(=O)[C@]21C", "smiles_split": ["C[C@H]1C(=O)O[C@@H]2C[C@@]1(C)[C@@H]1C(=O)[C@@]3(O)O[C@@]14[C@@]2(C)OC(=O)[C@@]4(O)CC[C@@H]1[C@@H]3[C@@H](O)C=C2C3OC(=O)C3CC(=O)[C@]21C"], "mapped_smiles": "[CH3:1][C@H:2]1[C:3](=[O:4])[O:5][C@@H:6]2[CH2:7][C@@:8]1([CH3:9])[C@@H:10]1[C:11](=[O:12])[C@@:13]3([OH:14])[O:15][C@@:16]14[C@@:17]2([CH3:18])[O:19][C:20](=[O:21])[C@@:22]4([OH:23])[CH2:24][CH2:25][C@@H:26]1[C@@H:27]3[C@@H:28]([OH:29])[CH:30]=[C:31]2[CH:32]3[CH:33]([CH2:34][C:35](=[O:36])[C@@:37]12[CH3:38])[C:901](=[O:900])[O:902]3", "reacting_atoms": [32, 33], "template_id": "95b167a4e5e2cf14a7f1b2c6fb174cb0", "template_set": ["bkms"], "num_examples": 4, "necessary_reagent": "", "template_score": 0.013445418328046799, "rms_molwt": -572.1893764639999, "num_rings": -8, "plausibility": 1, "tforms": ["95b167a4e5e2cf14a7f1b2c6fb174cb0"], "rank": 10, "score": -76535.82524263367}, {"smiles": "C[C@H]1C(=O)O[C@@H]2C[C@@]1(C)[C@@H]1C(=O)[C@@]3(O)O[C@@]14[C@@]2(C)OC(=O)[C@@]4(O)CC[C@@H]1[C@@H]3[C@@H](O)C=C2C3C(=O)OC3CC(=O)[C@]21C", "smiles_split": ["C[C@H]1C(=O)O[C@@H]2C[C@@]1(C)[C@@H]1C(=O)[C@@]3(O)O[C@@]14[C@@]2(C)OC(=O)[C@@]4(O)CC[C@@H]1[C@@H]3[C@@H](O)C=C2C3C(=O)OC3CC(=O)[C@]21C"], "mapped_smiles": "[CH3:1][C@H:2]1[C:3](=[O:4])[O:5][C@@H:6]2[CH2:7][C@@:8]1([CH3:9])[C@@H:10]1[C:11](=[O:12])[C@@:13]3([OH:14])[O:15][C@@:16]14[C@@:17]2([CH3:18])[O:19][C:20](=[O:21])[C@@:22]4([OH:23])[CH2:24][CH2:25][C@@H:26]1[C@@H:27]3[C@@H:28]([OH:29])[CH:30]=[C:31]2[CH:32]3[CH:33]([CH2:34][C:35](=[O:36])[C@@:37]12[CH3:38])[O:902][C:901]3=[O:900]", "reacting_atoms": [33, 32], "template_id": "95b167a4e5e2cf14a7f1b2c6fb174cb0", "template_set": ["bkms"], "num_examples": 4, "necessary_reagent": "", "template_score": 0.013445418328046799, "rms_molwt": -572.1893764639999, "num_rings": -8, "plausibility": 1, "tforms": ["95b167a4e5e2cf14a7f1b2c6fb174cb0"], "rank": 11, "score": -76535.82524263367}, {"smiles": "C[C@H]1C(=O)O[C@@H]2C[C@@]1(C)[C@@H]1C(=O)[C@@]3(O)O[C@@]14[C@@]2(C)OC(=O)[C@@]4(O)CC[C@@H]1[C@@H]3[C@@H](OO)C=C2C=CCC(=O)[C@]21C", "smiles_split": ["C[C@H]1C(=O)O[C@@H]2C[C@@]1(C)[C@@H]1C(=O)[C@@]3(O)O[C@@]14[C@@]2(C)OC(=O)[C@@]4(O)CC[C@@H]1[C@@H]3[C@@H](OO)C=C2C=CCC(=O)[C@]21C"], "mapped_smiles": "[CH3:1][C@H:2]1[C:3](=[O:4])[O:5][C@@H:6]2[CH2:7][C@@:8]1([CH3:9])[C@@H:10]1[C:11](=[O:12])[C@@:13]3([OH:14])[O:15][C@@:16]14[C@@:17]2([CH3:18])[O:19][C:20](=[O:21])[C@@:22]4([OH:23])[CH2:24][CH2:25][C@@H:26]1[C@@H:27]3[C@@H:28]([O:29][OH:900])[CH:30]=[C:31]2[CH:32]=[CH:33][CH2:34][C:35](=[O:36])[C@@:37]12[CH3:38]", "reacting_atoms": [29], "template_id": "5678fb20cce6c8a25eab59a53bda52ed", "template_set": ["bkms"], "num_examples": 6, "necessary_reagent": "", "template_score": 0.0049922470934689045, "rms_molwt": -544.1944618439999, "num_rings": -7, "plausibility": 1, "tforms": ["5678fb20cce6c8a25eab59a53bda52ed"], "rank": 12, "score": -193235.7099216645}, {"smiles": "C[C@H]1C(=O)O[C@@H]2C[C@@]1(C)[C@@H]1C(=O)[C@@]3(O)O[C@@]14[C@@]2(C)OC(=O)[C@@]4(O)CC[C@@H]1[C@@H]3[C@@H](OP(=O)(O)O)C=C2C=CCC(=O)[C@]21C", "smiles_split": ["C[C@H]1C(=O)O[C@@H]2C[C@@]1(C)[C@@H]1C(=O)[C@@]3(O)O[C@@]14[C@@]2(C)OC(=O)[C@@]4(O)CC[C@@H]1[C@@H]3[C@@H](OP(=O)(O)O)C=C2C=CCC(=O)[C@]21C"], "mapped_smiles": "[CH3:1][C@H:2]1[C:3](=[O:4])[O:5][C@@H:6]2[CH2:7][C@@:8]1([CH3:9])[C@@H:10]1[C:11](=[O:12])[C@@:13]3([OH:14])[O:15][C@@:16]14[C@@:17]2([CH3:18])[O:19][C:20](=[O:21])[C@@:22]4([OH:23])[CH2:24][CH2:25][C@@H:26]1[C@@H:27]3[C@@H:28]([O:29][P:901]([OH:900])([OH:902])=[O:903])[CH:30]=[C:31]2[CH:32]=[CH:33][CH2:34][C:35](=[O:36])[C@@:37]12[CH3:38]", "reacting_atoms": [29], "template_id": "26954dcab0a6eac29963c197752559e2", "template_set": ["bkms", "bkms", "bkms"], "num_examples": 4, "necessary_reagent": "", "template_score": 0.004530627280473709, "rms_molwt": -608.1658777459999, "num_rings": -7, "plausibility": 1, "tforms": ["47fb608cbc2ab7dc281dda2ec11a9d2a", "698761d0bbc67e63eefed5418eeeacd8", "26954dcab0a6eac29963c197752559e2"], "rank": 13, "score": -225565.40689331718}, {"smiles": "C[C@H]1C(=O)O[C@@H]2C[C@@]1(C)[C@@H]1C(=O)[C@@]3(O)O[C@@]14[C@@]2(C)OC(=O)[C@@]4(O)CC[C@@H]1[C@@H]3[C@@H](O)C=C2C=CCC(=O)[C@]21CO", "smiles_split": ["C[C@H]1C(=O)O[C@@H]2C[C@@]1(C)[C@@H]1C(=O)[C@@]3(O)O[C@@]14[C@@]2(C)OC(=O)[C@@]4(O)CC[C@@H]1[C@@H]3[C@@H](O)C=C2C=CCC(=O)[C@]21CO"], "mapped_smiles": "[CH3:1][C@H:2]1[C:3](=[O:4])[O:5][C@@H:6]2[CH2:7][C@@:8]1([CH3:9])[C@@H:10]1[C:11](=[O:12])[C@@:13]3([OH:14])[O:15][C@@:16]14[C@@:17]2([CH3:18])[O:19][C:20](=[O:21])[C@@:22]4([OH:23])[CH2:24][CH2:25][C@@H:26]1[C@@H:27]3[C@@H:28]([OH:29])[CH:30]=[C:31]2[CH:32]=[CH:33][CH2:34][C:35](=[O:36])[C@@:37]12[CH2:38][OH:900]", "reacting_atoms": [38, 37], "template_id": "c4db9adeb4ad4c2bdb38e6a73be29f53", "template_set": ["bkms", "bkms"], "num_examples": 15, "necessary_reagent": "", "template_score": 0.003912045154720545, "rms_molwt": -544.1944618439999, "num_rings": -7, "plausibility": 1, "tforms": ["cbcfcd721238cd27abbb8b25727daca3", "c4db9adeb4ad4c2bdb38e6a73be29f53"], "rank": 14, "score": -246592.35081854303}, {"smiles": "C[C@H]1C(=O)O[C@@H]2C[C@@]1(C)[C@@H]1C(=O)[C@@]3(O)O[C@@]14[C@@]2(CO)OC(=O)[C@@]4(O)CC[C@@H]1[C@@H]3[C@@H](O)C=C2C=CCC(=O)[C@]21C", "smiles_split": ["C[C@H]1C(=O)O[C@@H]2C[C@@]1(C)[C@@H]1C(=O)[C@@]3(O)O[C@@]14[C@@]2(CO)OC(=O)[C@@]4(O)CC[C@@H]1[C@@H]3[C@@H](O)C=C2C=CCC(=O)[C@]21C"], "mapped_smiles": "[CH3:1][C@H:2]1[C:3](=[O:4])[O:5][C@@H:6]2[CH2:7][C@@:8]1([CH3:9])[C@@H:10]1[C:11](=[O:12])[C@@:13]3([OH:14])[O:15][C@@:16]14[C@@:17]2([CH2:18][OH:900])[O:19][C:20](=[O:21])[C@@:22]4([OH:23])[CH2:24][CH2:25][C@@H:26]1[C@@H:27]3[C@@H:28]([OH:29])[CH:30]=[C:31]2[CH:32]=[CH:33][CH2:34][C:35](=[O:36])[C@@:37]12[CH3:38]", "reacting_atoms": [18, 17], "template_id": "c4db9adeb4ad4c2bdb38e6a73be29f53", "template_set": ["bkms"], "num_examples": 14, "necessary_reagent": "", "template_score": 0.003912045154720545, "rms_molwt": -544.1944618439999, "num_rings": -7, "plausibility": 1, "tforms": ["c4db9adeb4ad4c2bdb38e6a73be29f53"], "rank": 15, "score": -246592.35081854303}]}